-- ============================================
-- 测试种子数据: gov_message (消息服务 (gov-message-service))
-- 负责: member-d
-- 从 98-test-seed-data.sql 拆分
-- ============================================
SET NAMES utf8mb4;
SET FOREIGN_KEY_CHECKS = 0;

USE `gov_message`;
DELETE FROM `t_message_template` WHERE id >= 100;
INSERT INTO `t_message_template`(`id`,`template_code`,`template_name`,`template_content`,`template_type`,`channel`,`variables`,`status`,`create_time`,`update_time`,`create_by`,`update_by`,`deleted`) VALUES(100,'TPL-001','待办通知','待办【${itemName}】','NOTIFY','SMS,EMAIL,SITE','["itemName"]',1,'2026-05-29 22:11:26','2026-05-29 22:11:26',1,1,0);
INSERT INTO `t_message_template`(`id`,`template_code`,`template_name`,`template_content`,`template_type`,`channel`,`variables`,`status`,`create_time`,`update_time`,`create_by`,`update_by`,`deleted`) VALUES(101,'TPL-002','办结通知','办件【${applyNo}】证照【${licenseNo}】','NOTIFY','SMS,SITE','["applyNo","licenseNo"]',1,'2026-05-29 22:11:26','2026-05-29 22:11:26',1,1,0);
INSERT INTO `t_message_template`(`id`,`template_code`,`template_name`,`template_content`,`template_type`,`channel`,`variables`,`status`,`create_time`,`update_time`,`create_by`,`update_by`,`deleted`) VALUES(102,'TPL-003','驳回通知','驳回【${reason}】','NOTIFY','SMS,SITE','["reason"]',1,'2026-05-29 22:11:26','2026-05-29 22:11:26',1,1,0);
INSERT INTO `t_message_template`(`id`,`template_code`,`template_name`,`template_content`,`template_type`,`channel`,`variables`,`status`,`create_time`,`update_time`,`create_by`,`update_by`,`deleted`) VALUES(103,'TPL-004','验证码','验证码【${code}】','VERIFY','SMS','["code"]',1,'2026-05-29 22:11:26','2026-05-29 22:11:26',1,1,0);
INSERT INTO `t_message_template`(`id`,`template_code`,`template_name`,`template_content`,`template_type`,`channel`,`variables`,`status`,`create_time`,`update_time`,`create_by`,`update_by`,`deleted`) VALUES(104,'TPL-005','系统公告','公告:${content}','BROADCAST','SITE','["content"]',1,'2026-05-29 22:11:26','2026-05-29 22:11:26',1,1,0);
INSERT INTO `t_message_template`(`id`,`template_code`,`template_name`,`template_content`,`template_type`,`channel`,`variables`,`status`,`create_time`,`update_time`,`create_by`,`update_by`,`deleted`) VALUES(105,'TPL-006','到期提醒','证照【${licenseNo}】即将到期','REMIND','SMS,EMAIL','["licenseNo"]',1,'2026-05-29 22:11:26','2026-05-29 22:11:26',1,1,0);
INSERT INTO `t_message_template`(`id`,`template_code`,`template_name`,`template_content`,`template_type`,`channel`,`variables`,`status`,`create_time`,`update_time`,`create_by`,`update_by`,`deleted`) VALUES(106,'TPL-007','审批提醒','审批【${itemName}】剩余${hours}时','REMIND','SMS,SITE','["itemName","hours"]',1,'2026-05-29 22:11:26','2026-05-29 22:11:26',1,1,0);

USE `gov_message`;
DELETE FROM `t_message_record` WHERE id >= 100;
INSERT INTO `t_message_record`(`id`,`template_id`,`template_code`,`receiver_id`,`receiver_name`,`receiver_phone`,`receiver_email`,`content`,`channel`,`business_type`,`business_id`,`send_time`,`send_status`,`send_msg`,`retry_count`,`create_time`,`update_time`,`create_by`,`update_by`,`deleted`) VALUES(100,100,'TPL-001',106,'用户124','13800000132','user146@test.com','消息内容0','SMS','TEST','BIZ-0','2026-06-23 22:11:26','2',NULL,0,'2026-06-28 22:11:26','2026-06-23 22:11:26',1,1,0);
INSERT INTO `t_message_record`(`id`,`template_id`,`template_code`,`receiver_id`,`receiver_name`,`receiver_phone`,`receiver_email`,`content`,`channel`,`business_type`,`business_id`,`send_time`,`send_status`,`send_msg`,`retry_count`,`create_time`,`update_time`,`create_by`,`update_by`,`deleted`) VALUES(101,101,'TPL-002',147,'用户116','13800000146','user141@test.com','消息内容1','SITE','TEST','BIZ-1','2026-06-27 22:11:26','1',NULL,0,'2026-06-10 22:11:26','2026-06-20 22:11:26',1,1,0);
INSERT INTO `t_message_record`(`id`,`template_id`,`template_code`,`receiver_id`,`receiver_name`,`receiver_phone`,`receiver_email`,`content`,`channel`,`business_type`,`business_id`,`send_time`,`send_status`,`send_msg`,`retry_count`,`create_time`,`update_time`,`create_by`,`update_by`,`deleted`) VALUES(102,102,'TPL-003',119,'用户139','13800000132','user134@test.com','消息内容2','SMS','TEST','BIZ-2','2026-06-28 22:11:26','1',NULL,0,'2026-05-30 22:11:26','2026-06-15 22:11:26',1,1,0);
INSERT INTO `t_message_record`(`id`,`template_id`,`template_code`,`receiver_id`,`receiver_name`,`receiver_phone`,`receiver_email`,`content`,`channel`,`business_type`,`business_id`,`send_time`,`send_status`,`send_msg`,`retry_count`,`create_time`,`update_time`,`create_by`,`update_by`,`deleted`) VALUES(103,103,'TPL-004',117,'用户147','13800000144','user149@test.com','消息内容3','SMS','TEST','BIZ-3','2026-06-24 22:11:26','0',NULL,0,'2026-05-30 22:11:26','2026-06-23 22:11:26',1,1,0);
INSERT INTO `t_message_record`(`id`,`template_id`,`template_code`,`receiver_id`,`receiver_name`,`receiver_phone`,`receiver_email`,`content`,`channel`,`business_type`,`business_id`,`send_time`,`send_status`,`send_msg`,`retry_count`,`create_time`,`update_time`,`create_by`,`update_by`,`deleted`) VALUES(104,104,'TPL-005',143,'用户118','13800000117','user100@test.com','消息内容4','EMAIL','TEST','BIZ-4','2026-06-25 22:11:26','1',NULL,0,'2026-06-20 22:11:26','2026-06-20 22:11:26',1,1,0);
INSERT INTO `t_message_record`(`id`,`template_id`,`template_code`,`receiver_id`,`receiver_name`,`receiver_phone`,`receiver_email`,`content`,`channel`,`business_type`,`business_id`,`send_time`,`send_status`,`send_msg`,`retry_count`,`create_time`,`update_time`,`create_by`,`update_by`,`deleted`) VALUES(105,105,'TPL-006',129,'用户138','13800000140','user120@test.com','消息内容5','SMS','TEST','BIZ-5','2026-06-25 22:11:26','1','发送失败',0,'2026-06-26 22:11:26','2026-06-09 22:11:26',1,1,0);
INSERT INTO `t_message_record`(`id`,`template_id`,`template_code`,`receiver_id`,`receiver_name`,`receiver_phone`,`receiver_email`,`content`,`channel`,`business_type`,`business_id`,`send_time`,`send_status`,`send_msg`,`retry_count`,`create_time`,`update_time`,`create_by`,`update_by`,`deleted`) VALUES(106,106,'TPL-007',118,'用户146','13800000145','user138@test.com','消息内容6','EMAIL','TEST','BIZ-6','2026-06-19 22:11:26','1',NULL,0,'2026-06-16 22:11:26','2026-06-13 22:11:26',1,1,0);
INSERT INTO `t_message_record`(`id`,`template_id`,`template_code`,`receiver_id`,`receiver_name`,`receiver_phone`,`receiver_email`,`content`,`channel`,`business_type`,`business_id`,`send_time`,`send_status`,`send_msg`,`retry_count`,`create_time`,`update_time`,`create_by`,`update_by`,`deleted`) VALUES(107,100,'TPL-001',135,'用户100','13800000121','user121@test.com','消息内容7','EMAIL','TEST','BIZ-7','2026-06-23 22:11:26','1',NULL,0,'2026-06-13 22:11:26','2026-06-22 22:11:26',1,1,0);
INSERT INTO `t_message_record`(`id`,`template_id`,`template_code`,`receiver_id`,`receiver_name`,`receiver_phone`,`receiver_email`,`content`,`channel`,`business_type`,`business_id`,`send_time`,`send_status`,`send_msg`,`retry_count`,`create_time`,`update_time`,`create_by`,`update_by`,`deleted`) VALUES(108,101,'TPL-002',134,'用户144','13800000110','user143@test.com','消息内容8','EMAIL','TEST','BIZ-8','2026-06-24 22:11:26','1','发送失败',0,'2026-05-29 22:11:26','2026-06-26 22:11:26',1,1,0);
INSERT INTO `t_message_record`(`id`,`template_id`,`template_code`,`receiver_id`,`receiver_name`,`receiver_phone`,`receiver_email`,`content`,`channel`,`business_type`,`business_id`,`send_time`,`send_status`,`send_msg`,`retry_count`,`create_time`,`update_time`,`create_by`,`update_by`,`deleted`) VALUES(109,102,'TPL-003',140,'用户131','13800000135','user122@test.com','消息内容9','SMS','TEST','BIZ-9','2026-06-25 22:11:26','2',NULL,0,'2026-06-19 22:11:26','2026-06-04 22:11:26',1,1,0);
INSERT INTO `t_message_record`(`id`,`template_id`,`template_code`,`receiver_id`,`receiver_name`,`receiver_phone`,`receiver_email`,`content`,`channel`,`business_type`,`business_id`,`send_time`,`send_status`,`send_msg`,`retry_count`,`create_time`,`update_time`,`create_by`,`update_by`,`deleted`) VALUES(110,103,'TPL-004',120,'用户128','13800000143','user129@test.com','消息内容10','SMS','TEST','BIZ-10','2026-06-26 22:11:26','0',NULL,0,'2026-06-10 22:11:26','2026-06-15 22:11:26',1,1,0);
INSERT INTO `t_message_record`(`id`,`template_id`,`template_code`,`receiver_id`,`receiver_name`,`receiver_phone`,`receiver_email`,`content`,`channel`,`business_type`,`business_id`,`send_time`,`send_status`,`send_msg`,`retry_count`,`create_time`,`update_time`,`create_by`,`update_by`,`deleted`) VALUES(111,104,'TPL-005',126,'用户148','13800000101','user148@test.com','消息内容11','EMAIL','TEST','BIZ-11','2026-06-20 22:11:26','2',NULL,0,'2026-05-30 22:11:26','2026-06-11 22:11:26',1,1,0);
INSERT INTO `t_message_record`(`id`,`template_id`,`template_code`,`receiver_id`,`receiver_name`,`receiver_phone`,`receiver_email`,`content`,`channel`,`business_type`,`business_id`,`send_time`,`send_status`,`send_msg`,`retry_count`,`create_time`,`update_time`,`create_by`,`update_by`,`deleted`) VALUES(112,105,'TPL-006',108,'用户124','13800000138','user107@test.com','消息内容12','SMS','TEST','BIZ-12','2026-06-22 22:11:26','1',NULL,0,'2026-06-19 22:11:26','2026-06-23 22:11:26',1,1,0);
INSERT INTO `t_message_record`(`id`,`template_id`,`template_code`,`receiver_id`,`receiver_name`,`receiver_phone`,`receiver_email`,`content`,`channel`,`business_type`,`business_id`,`send_time`,`send_status`,`send_msg`,`retry_count`,`create_time`,`update_time`,`create_by`,`update_by`,`deleted`) VALUES(113,106,'TPL-007',110,'用户149','13800000149','user147@test.com','消息内容13','EMAIL','TEST','BIZ-13','2026-06-20 22:11:26','1',NULL,0,'2026-05-31 22:11:26','2026-06-09 22:11:26',1,1,0);
INSERT INTO `t_message_record`(`id`,`template_id`,`template_code`,`receiver_id`,`receiver_name`,`receiver_phone`,`receiver_email`,`content`,`channel`,`business_type`,`business_id`,`send_time`,`send_status`,`send_msg`,`retry_count`,`create_time`,`update_time`,`create_by`,`update_by`,`deleted`) VALUES(114,100,'TPL-001',117,'用户120','13800000149','user123@test.com','消息内容14','SITE','TEST','BIZ-14','2026-06-27 22:11:26','2',NULL,0,'2026-06-04 22:11:26','2026-06-08 22:11:26',1,1,0);
INSERT INTO `t_message_record`(`id`,`template_id`,`template_code`,`receiver_id`,`receiver_name`,`receiver_phone`,`receiver_email`,`content`,`channel`,`business_type`,`business_id`,`send_time`,`send_status`,`send_msg`,`retry_count`,`create_time`,`update_time`,`create_by`,`update_by`,`deleted`) VALUES(115,101,'TPL-002',120,'用户132','13800000134','user134@test.com','消息内容15','EMAIL','TEST','BIZ-15','2026-06-25 22:11:26','1',NULL,0,'2026-06-02 22:11:26','2026-05-30 22:11:26',1,1,0);
INSERT INTO `t_message_record`(`id`,`template_id`,`template_code`,`receiver_id`,`receiver_name`,`receiver_phone`,`receiver_email`,`content`,`channel`,`business_type`,`business_id`,`send_time`,`send_status`,`send_msg`,`retry_count`,`create_time`,`update_time`,`create_by`,`update_by`,`deleted`) VALUES(116,102,'TPL-003',128,'用户110','13800000111','user125@test.com','消息内容16','EMAIL','TEST','BIZ-16','2026-06-28 22:11:26','0',NULL,0,'2026-06-08 22:11:26','2026-06-23 22:11:26',1,1,0);
INSERT INTO `t_message_record`(`id`,`template_id`,`template_code`,`receiver_id`,`receiver_name`,`receiver_phone`,`receiver_email`,`content`,`channel`,`business_type`,`business_id`,`send_time`,`send_status`,`send_msg`,`retry_count`,`create_time`,`update_time`,`create_by`,`update_by`,`deleted`) VALUES(117,103,'TPL-004',143,'用户106','13800000124','user137@test.com','消息内容17','SITE','TEST','BIZ-17','2026-06-22 22:11:26','1',NULL,0,'2026-06-09 22:11:26','2026-06-21 22:11:26',1,1,0);
INSERT INTO `t_message_record`(`id`,`template_id`,`template_code`,`receiver_id`,`receiver_name`,`receiver_phone`,`receiver_email`,`content`,`channel`,`business_type`,`business_id`,`send_time`,`send_status`,`send_msg`,`retry_count`,`create_time`,`update_time`,`create_by`,`update_by`,`deleted`) VALUES(118,104,'TPL-005',108,'用户139','13800000139','user132@test.com','消息内容18','SMS','TEST','BIZ-18','2026-06-19 22:11:26','0',NULL,0,'2026-06-18 22:11:26','2026-06-09 22:11:26',1,1,0);
INSERT INTO `t_message_record`(`id`,`template_id`,`template_code`,`receiver_id`,`receiver_name`,`receiver_phone`,`receiver_email`,`content`,`channel`,`business_type`,`business_id`,`send_time`,`send_status`,`send_msg`,`retry_count`,`create_time`,`update_time`,`create_by`,`update_by`,`deleted`) VALUES(119,105,'TPL-006',115,'用户110','13800000136','user140@test.com','消息内容19','EMAIL','TEST','BIZ-19','2026-06-18 22:11:26','1',NULL,3,'2026-05-31 22:11:26','2026-06-03 22:11:26',1,1,0);
INSERT INTO `t_message_record`(`id`,`template_id`,`template_code`,`receiver_id`,`receiver_name`,`receiver_phone`,`receiver_email`,`content`,`channel`,`business_type`,`business_id`,`send_time`,`send_status`,`send_msg`,`retry_count`,`create_time`,`update_time`,`create_by`,`update_by`,`deleted`) VALUES(120,106,'TPL-007',141,'用户124','13800000135','user132@test.com','消息内容20','SMS','TEST','BIZ-20','2026-06-26 22:11:26','1',NULL,0,'2026-06-23 22:11:26','2026-06-13 22:11:26',1,1,0);
INSERT INTO `t_message_record`(`id`,`template_id`,`template_code`,`receiver_id`,`receiver_name`,`receiver_phone`,`receiver_email`,`content`,`channel`,`business_type`,`business_id`,`send_time`,`send_status`,`send_msg`,`retry_count`,`create_time`,`update_time`,`create_by`,`update_by`,`deleted`) VALUES(121,100,'TPL-001',145,'用户112','13800000120','user108@test.com','消息内容21','EMAIL','TEST','BIZ-21','2026-06-27 22:11:26','1',NULL,0,'2026-06-21 22:11:26','2026-06-07 22:11:26',1,1,0);
INSERT INTO `t_message_record`(`id`,`template_id`,`template_code`,`receiver_id`,`receiver_name`,`receiver_phone`,`receiver_email`,`content`,`channel`,`business_type`,`business_id`,`send_time`,`send_status`,`send_msg`,`retry_count`,`create_time`,`update_time`,`create_by`,`update_by`,`deleted`) VALUES(122,101,'TPL-002',138,'用户128','13800000115','user111@test.com','消息内容22','EMAIL','TEST','BIZ-22','2026-06-20 22:11:26','2',NULL,0,'2026-06-18 22:11:26','2026-06-01 22:11:26',1,1,0);
INSERT INTO `t_message_record`(`id`,`template_id`,`template_code`,`receiver_id`,`receiver_name`,`receiver_phone`,`receiver_email`,`content`,`channel`,`business_type`,`business_id`,`send_time`,`send_status`,`send_msg`,`retry_count`,`create_time`,`update_time`,`create_by`,`update_by`,`deleted`) VALUES(123,102,'TPL-003',110,'用户115','13800000129','user146@test.com','消息内容23','SMS','TEST','BIZ-23','2026-06-28 22:11:26','2','发送失败',0,'2026-06-01 22:11:26','2026-06-12 22:11:26',1,1,0);
INSERT INTO `t_message_record`(`id`,`template_id`,`template_code`,`receiver_id`,`receiver_name`,`receiver_phone`,`receiver_email`,`content`,`channel`,`business_type`,`business_id`,`send_time`,`send_status`,`send_msg`,`retry_count`,`create_time`,`update_time`,`create_by`,`update_by`,`deleted`) VALUES(124,103,'TPL-004',130,'用户124','13800000104','user126@test.com','消息内容24','EMAIL','TEST','BIZ-24','2026-06-20 22:11:26','1',NULL,0,'2026-06-11 22:11:26','2026-06-06 22:11:26',1,1,0);
INSERT INTO `t_message_record`(`id`,`template_id`,`template_code`,`receiver_id`,`receiver_name`,`receiver_phone`,`receiver_email`,`content`,`channel`,`business_type`,`business_id`,`send_time`,`send_status`,`send_msg`,`retry_count`,`create_time`,`update_time`,`create_by`,`update_by`,`deleted`) VALUES(125,104,'TPL-005',101,'用户128','13800000130','user146@test.com','消息内容25','SMS','TEST','BIZ-25','2026-06-24 22:11:26','1',NULL,0,'2026-06-27 22:11:26','2026-06-17 22:11:26',1,1,0);
INSERT INTO `t_message_record`(`id`,`template_id`,`template_code`,`receiver_id`,`receiver_name`,`receiver_phone`,`receiver_email`,`content`,`channel`,`business_type`,`business_id`,`send_time`,`send_status`,`send_msg`,`retry_count`,`create_time`,`update_time`,`create_by`,`update_by`,`deleted`) VALUES(126,105,'TPL-006',125,'用户145','13800000132','user140@test.com','消息内容26','SITE','TEST','BIZ-26','2026-06-21 22:11:26','1',NULL,0,'2026-06-01 22:11:26','2026-06-20 22:11:26',1,1,0);
INSERT INTO `t_message_record`(`id`,`template_id`,`template_code`,`receiver_id`,`receiver_name`,`receiver_phone`,`receiver_email`,`content`,`channel`,`business_type`,`business_id`,`send_time`,`send_status`,`send_msg`,`retry_count`,`create_time`,`update_time`,`create_by`,`update_by`,`deleted`) VALUES(127,106,'TPL-007',148,'用户137','13800000148','user107@test.com','消息内容27','SITE','TEST','BIZ-27','2026-06-26 22:11:26','1',NULL,0,'2026-05-30 22:11:26','2026-06-21 22:11:26',1,1,0);
INSERT INTO `t_message_record`(`id`,`template_id`,`template_code`,`receiver_id`,`receiver_name`,`receiver_phone`,`receiver_email`,`content`,`channel`,`business_type`,`business_id`,`send_time`,`send_status`,`send_msg`,`retry_count`,`create_time`,`update_time`,`create_by`,`update_by`,`deleted`) VALUES(128,100,'TPL-001',130,'用户113','13800000116','user106@test.com','消息内容28','EMAIL','TEST','BIZ-28','2026-06-18 22:11:26','2','发送失败',0,'2026-06-13 22:11:26','2026-06-04 22:11:26',1,1,0);
INSERT INTO `t_message_record`(`id`,`template_id`,`template_code`,`receiver_id`,`receiver_name`,`receiver_phone`,`receiver_email`,`content`,`channel`,`business_type`,`business_id`,`send_time`,`send_status`,`send_msg`,`retry_count`,`create_time`,`update_time`,`create_by`,`update_by`,`deleted`) VALUES(129,101,'TPL-002',115,'用户148','13800000116','user121@test.com','消息内容29','EMAIL','TEST','BIZ-29','2026-06-21 22:11:26','1',NULL,0,'2026-06-10 22:11:26','2026-06-20 22:11:26',1,1,0);
INSERT INTO `t_message_record`(`id`,`template_id`,`template_code`,`receiver_id`,`receiver_name`,`receiver_phone`,`receiver_email`,`content`,`channel`,`business_type`,`business_id`,`send_time`,`send_status`,`send_msg`,`retry_count`,`create_time`,`update_time`,`create_by`,`update_by`,`deleted`) VALUES(130,102,'TPL-003',138,'用户102','13800000148','user108@test.com','消息内容30','SMS','TEST','BIZ-30','2026-06-20 22:11:26','1','发送失败',0,'2026-06-10 22:11:26','2026-06-17 22:11:26',1,1,0);
INSERT INTO `t_message_record`(`id`,`template_id`,`template_code`,`receiver_id`,`receiver_name`,`receiver_phone`,`receiver_email`,`content`,`channel`,`business_type`,`business_id`,`send_time`,`send_status`,`send_msg`,`retry_count`,`create_time`,`update_time`,`create_by`,`update_by`,`deleted`) VALUES(131,103,'TPL-004',145,'用户118','13800000119','user145@test.com','消息内容31','SMS','TEST','BIZ-31','2026-06-19 22:11:26','2',NULL,0,'2026-06-07 22:11:26','2026-06-19 22:11:26',1,1,0);
INSERT INTO `t_message_record`(`id`,`template_id`,`template_code`,`receiver_id`,`receiver_name`,`receiver_phone`,`receiver_email`,`content`,`channel`,`business_type`,`business_id`,`send_time`,`send_status`,`send_msg`,`retry_count`,`create_time`,`update_time`,`create_by`,`update_by`,`deleted`) VALUES(132,104,'TPL-005',109,'用户147','13800000144','user108@test.com','消息内容32','SMS','TEST','BIZ-32','2026-06-19 22:11:26','1',NULL,0,'2026-06-21 22:11:26','2026-06-28 22:11:26',1,1,0);
INSERT INTO `t_message_record`(`id`,`template_id`,`template_code`,`receiver_id`,`receiver_name`,`receiver_phone`,`receiver_email`,`content`,`channel`,`business_type`,`business_id`,`send_time`,`send_status`,`send_msg`,`retry_count`,`create_time`,`update_time`,`create_by`,`update_by`,`deleted`) VALUES(133,105,'TPL-006',113,'用户137','13800000119','user109@test.com','消息内容33','SITE','TEST','BIZ-33','2026-06-28 22:11:26','1',NULL,0,'2026-06-01 22:11:26','2026-06-12 22:11:26',1,1,0);
INSERT INTO `t_message_record`(`id`,`template_id`,`template_code`,`receiver_id`,`receiver_name`,`receiver_phone`,`receiver_email`,`content`,`channel`,`business_type`,`business_id`,`send_time`,`send_status`,`send_msg`,`retry_count`,`create_time`,`update_time`,`create_by`,`update_by`,`deleted`) VALUES(134,106,'TPL-007',125,'用户130','13800000139','user110@test.com','消息内容34','EMAIL','TEST','BIZ-34','2026-06-18 22:11:26','1',NULL,0,'2026-06-12 22:11:26','2026-06-17 22:11:26',1,1,0);
INSERT INTO `t_message_record`(`id`,`template_id`,`template_code`,`receiver_id`,`receiver_name`,`receiver_phone`,`receiver_email`,`content`,`channel`,`business_type`,`business_id`,`send_time`,`send_status`,`send_msg`,`retry_count`,`create_time`,`update_time`,`create_by`,`update_by`,`deleted`) VALUES(135,100,'TPL-001',124,'用户131','13800000141','user110@test.com','消息内容35','SITE','TEST','BIZ-35','2026-06-21 22:11:26','1',NULL,0,'2026-06-07 22:11:26','2026-05-29 22:11:26',1,1,0);
INSERT INTO `t_message_record`(`id`,`template_id`,`template_code`,`receiver_id`,`receiver_name`,`receiver_phone`,`receiver_email`,`content`,`channel`,`business_type`,`business_id`,`send_time`,`send_status`,`send_msg`,`retry_count`,`create_time`,`update_time`,`create_by`,`update_by`,`deleted`) VALUES(136,101,'TPL-002',104,'用户121','13800000114','user119@test.com','消息内容36','SMS','TEST','BIZ-36','2026-06-25 22:11:26','1',NULL,0,'2026-06-03 22:11:26','2026-06-25 22:11:26',1,1,0);
INSERT INTO `t_message_record`(`id`,`template_id`,`template_code`,`receiver_id`,`receiver_name`,`receiver_phone`,`receiver_email`,`content`,`channel`,`business_type`,`business_id`,`send_time`,`send_status`,`send_msg`,`retry_count`,`create_time`,`update_time`,`create_by`,`update_by`,`deleted`) VALUES(137,102,'TPL-003',141,'用户112','13800000122','user131@test.com','消息内容37','EMAIL','TEST','BIZ-37','2026-06-19 22:11:26','2',NULL,0,'2026-06-01 22:11:26','2026-06-02 22:11:26',1,1,0);
INSERT INTO `t_message_record`(`id`,`template_id`,`template_code`,`receiver_id`,`receiver_name`,`receiver_phone`,`receiver_email`,`content`,`channel`,`business_type`,`business_id`,`send_time`,`send_status`,`send_msg`,`retry_count`,`create_time`,`update_time`,`create_by`,`update_by`,`deleted`) VALUES(138,103,'TPL-004',133,'用户114','13800000147','user112@test.com','消息内容38','EMAIL','TEST','BIZ-38','2026-06-18 22:11:26','1',NULL,2,'2026-06-12 22:11:26','2026-06-26 22:11:26',1,1,0);
INSERT INTO `t_message_record`(`id`,`template_id`,`template_code`,`receiver_id`,`receiver_name`,`receiver_phone`,`receiver_email`,`content`,`channel`,`business_type`,`business_id`,`send_time`,`send_status`,`send_msg`,`retry_count`,`create_time`,`update_time`,`create_by`,`update_by`,`deleted`) VALUES(139,104,'TPL-005',117,'用户135','13800000134','user147@test.com','消息内容39','SITE','TEST','BIZ-39','2026-06-27 22:11:26','1',NULL,0,'2026-06-21 22:11:26','2026-06-20 22:11:26',1,1,0);
INSERT INTO `t_message_record`(`id`,`template_id`,`template_code`,`receiver_id`,`receiver_name`,`receiver_phone`,`receiver_email`,`content`,`channel`,`business_type`,`business_id`,`send_time`,`send_status`,`send_msg`,`retry_count`,`create_time`,`update_time`,`create_by`,`update_by`,`deleted`) VALUES(140,105,'TPL-006',147,'用户111','13800000144','user141@test.com','消息内容40','SMS','TEST','BIZ-40','2026-06-25 22:11:26','2',NULL,0,'2026-06-09 22:11:26','2026-06-20 22:11:26',1,1,0);
INSERT INTO `t_message_record`(`id`,`template_id`,`template_code`,`receiver_id`,`receiver_name`,`receiver_phone`,`receiver_email`,`content`,`channel`,`business_type`,`business_id`,`send_time`,`send_status`,`send_msg`,`retry_count`,`create_time`,`update_time`,`create_by`,`update_by`,`deleted`) VALUES(141,106,'TPL-007',135,'用户117','13800000105','user147@test.com','消息内容41','SMS','TEST','BIZ-41','2026-06-27 22:11:26','1',NULL,1,'2026-06-21 22:11:26','2026-06-10 22:11:26',1,1,0);
INSERT INTO `t_message_record`(`id`,`template_id`,`template_code`,`receiver_id`,`receiver_name`,`receiver_phone`,`receiver_email`,`content`,`channel`,`business_type`,`business_id`,`send_time`,`send_status`,`send_msg`,`retry_count`,`create_time`,`update_time`,`create_by`,`update_by`,`deleted`) VALUES(142,100,'TPL-001',148,'用户137','13800000130','user129@test.com','消息内容42','SMS','TEST','BIZ-42','2026-06-20 22:11:26','1',NULL,0,'2026-06-22 22:11:26','2026-06-13 22:11:26',1,1,0);
INSERT INTO `t_message_record`(`id`,`template_id`,`template_code`,`receiver_id`,`receiver_name`,`receiver_phone`,`receiver_email`,`content`,`channel`,`business_type`,`business_id`,`send_time`,`send_status`,`send_msg`,`retry_count`,`create_time`,`update_time`,`create_by`,`update_by`,`deleted`) VALUES(143,101,'TPL-002',107,'用户128','13800000105','user130@test.com','消息内容43','SMS','TEST','BIZ-43','2026-06-27 22:11:26','0',NULL,0,'2026-06-19 22:11:26','2026-06-10 22:11:26',1,1,0);
INSERT INTO `t_message_record`(`id`,`template_id`,`template_code`,`receiver_id`,`receiver_name`,`receiver_phone`,`receiver_email`,`content`,`channel`,`business_type`,`business_id`,`send_time`,`send_status`,`send_msg`,`retry_count`,`create_time`,`update_time`,`create_by`,`update_by`,`deleted`) VALUES(144,102,'TPL-003',100,'用户137','13800000127','user107@test.com','消息内容44','SITE','TEST','BIZ-44','2026-06-21 22:11:26','2',NULL,0,'2026-06-09 22:11:26','2026-06-04 22:11:26',1,1,0);
INSERT INTO `t_message_record`(`id`,`template_id`,`template_code`,`receiver_id`,`receiver_name`,`receiver_phone`,`receiver_email`,`content`,`channel`,`business_type`,`business_id`,`send_time`,`send_status`,`send_msg`,`retry_count`,`create_time`,`update_time`,`create_by`,`update_by`,`deleted`) VALUES(145,103,'TPL-004',129,'用户100','13800000116','user148@test.com','消息内容45','EMAIL','TEST','BIZ-45','2026-06-19 22:11:26','1',NULL,0,'2026-06-12 22:11:26','2026-06-13 22:11:26',1,1,0);
INSERT INTO `t_message_record`(`id`,`template_id`,`template_code`,`receiver_id`,`receiver_name`,`receiver_phone`,`receiver_email`,`content`,`channel`,`business_type`,`business_id`,`send_time`,`send_status`,`send_msg`,`retry_count`,`create_time`,`update_time`,`create_by`,`update_by`,`deleted`) VALUES(146,104,'TPL-005',132,'用户118','13800000141','user119@test.com','消息内容46','EMAIL','TEST','BIZ-46','2026-06-20 22:11:26','1',NULL,0,'2026-06-12 22:11:26','2026-06-19 22:11:26',1,1,0);
INSERT INTO `t_message_record`(`id`,`template_id`,`template_code`,`receiver_id`,`receiver_name`,`receiver_phone`,`receiver_email`,`content`,`channel`,`business_type`,`business_id`,`send_time`,`send_status`,`send_msg`,`retry_count`,`create_time`,`update_time`,`create_by`,`update_by`,`deleted`) VALUES(147,105,'TPL-006',140,'用户128','13800000107','user148@test.com','消息内容47','SMS','TEST','BIZ-47','2026-06-21 22:11:26','1',NULL,0,'2026-06-13 22:11:26','2026-06-13 22:11:26',1,1,0);
INSERT INTO `t_message_record`(`id`,`template_id`,`template_code`,`receiver_id`,`receiver_name`,`receiver_phone`,`receiver_email`,`content`,`channel`,`business_type`,`business_id`,`send_time`,`send_status`,`send_msg`,`retry_count`,`create_time`,`update_time`,`create_by`,`update_by`,`deleted`) VALUES(148,106,'TPL-007',110,'用户111','13800000104','user148@test.com','消息内容48','EMAIL','TEST','BIZ-48','2026-06-18 22:11:26','1','发送失败',0,'2026-06-18 22:11:26','2026-06-08 22:11:26',1,1,0);
INSERT INTO `t_message_record`(`id`,`template_id`,`template_code`,`receiver_id`,`receiver_name`,`receiver_phone`,`receiver_email`,`content`,`channel`,`business_type`,`business_id`,`send_time`,`send_status`,`send_msg`,`retry_count`,`create_time`,`update_time`,`create_by`,`update_by`,`deleted`) VALUES(149,100,'TPL-001',143,'用户134','13800000111','user112@test.com','消息内容49','SMS','TEST','BIZ-49','2026-06-25 22:11:26','1',NULL,0,'2026-06-04 22:11:26','2026-06-12 22:11:26',1,1,0);

USE `gov_message`;
DELETE FROM `t_message_inbox` WHERE id >= 100;
INSERT INTO `t_message_inbox`(`id`,`user_id`,`title`,`content`,`msg_type`,`business_type`,`business_id`,`is_read`,`read_time`,`send_time`,`expire_time`,`create_time`,`update_time`,`create_by`,`update_by`,`deleted`) VALUES(100,130,'站内信标题0','站内信内容0','NOTIFY','TEST','BIZ-0',0,'2026-06-08 22:11:26','2026-06-25 22:11:26','2027-04-23 00:00:00','2026-06-07 22:11:26','2026-05-29 22:11:26',1,1,0);
INSERT INTO `t_message_inbox`(`id`,`user_id`,`title`,`content`,`msg_type`,`business_type`,`business_id`,`is_read`,`read_time`,`send_time`,`expire_time`,`create_time`,`update_time`,`create_by`,`update_by`,`deleted`) VALUES(101,109,'站内信标题1','站内信内容1','NOTIFY','TEST','BIZ-1',1,NULL,'2026-06-22 22:11:26','2026-09-30 00:00:00','2026-06-01 22:11:26','2026-05-29 22:11:26',1,1,0);
INSERT INTO `t_message_inbox`(`id`,`user_id`,`title`,`content`,`msg_type`,`business_type`,`business_id`,`is_read`,`read_time`,`send_time`,`expire_time`,`create_time`,`update_time`,`create_by`,`update_by`,`deleted`) VALUES(102,110,'站内信标题2','站内信内容2','NOTIFY','TEST','BIZ-2',1,NULL,'2026-06-20 22:11:26','2027-03-04 00:00:00','2026-06-08 22:11:26','2026-05-29 22:11:26',1,1,0);
INSERT INTO `t_message_inbox`(`id`,`user_id`,`title`,`content`,`msg_type`,`business_type`,`business_id`,`is_read`,`read_time`,`send_time`,`expire_time`,`create_time`,`update_time`,`create_by`,`update_by`,`deleted`) VALUES(103,138,'站内信标题3','站内信内容3','NOTIFY','TEST','BIZ-3',1,'2026-06-19 22:11:26','2026-06-25 22:11:26','2026-11-16 00:00:00','2026-06-13 22:11:26','2026-05-29 22:11:26',1,1,0);
INSERT INTO `t_message_inbox`(`id`,`user_id`,`title`,`content`,`msg_type`,`business_type`,`business_id`,`is_read`,`read_time`,`send_time`,`expire_time`,`create_time`,`update_time`,`create_by`,`update_by`,`deleted`) VALUES(104,119,'站内信标题4','站内信内容4','NOTIFY','TEST','BIZ-4',1,'2026-06-04 22:11:26','2026-06-23 22:11:26','2026-12-13 00:00:00','2026-06-14 22:11:26','2026-05-29 22:11:26',1,1,0);
INSERT INTO `t_message_inbox`(`id`,`user_id`,`title`,`content`,`msg_type`,`business_type`,`business_id`,`is_read`,`read_time`,`send_time`,`expire_time`,`create_time`,`update_time`,`create_by`,`update_by`,`deleted`) VALUES(105,119,'站内信标题5','站内信内容5','NOTIFY','TEST','BIZ-5',1,'2026-06-14 22:11:26','2026-06-28 22:11:26','2027-01-27 00:00:00','2026-06-27 22:11:26','2026-05-29 22:11:26',1,1,0);
INSERT INTO `t_message_inbox`(`id`,`user_id`,`title`,`content`,`msg_type`,`business_type`,`business_id`,`is_read`,`read_time`,`send_time`,`expire_time`,`create_time`,`update_time`,`create_by`,`update_by`,`deleted`) VALUES(106,126,'站内信标题6','站内信内容6','NOTIFY','TEST','BIZ-6',1,'2026-06-13 22:11:26','2026-06-24 22:11:26','2026-07-14 00:00:00','2026-06-02 22:11:26','2026-05-29 22:11:26',1,1,0);
INSERT INTO `t_message_inbox`(`id`,`user_id`,`title`,`content`,`msg_type`,`business_type`,`business_id`,`is_read`,`read_time`,`send_time`,`expire_time`,`create_time`,`update_time`,`create_by`,`update_by`,`deleted`) VALUES(107,145,'站内信标题7','站内信内容7','NOTIFY','TEST','BIZ-7',0,'2026-06-19 22:11:26','2026-06-24 22:11:26','2027-01-12 00:00:00','2026-06-28 22:11:26','2026-05-29 22:11:26',1,1,0);
INSERT INTO `t_message_inbox`(`id`,`user_id`,`title`,`content`,`msg_type`,`business_type`,`business_id`,`is_read`,`read_time`,`send_time`,`expire_time`,`create_time`,`update_time`,`create_by`,`update_by`,`deleted`) VALUES(108,120,'站内信标题8','站内信内容8','NOTIFY','TEST','BIZ-8',1,'2026-06-10 22:11:26','2026-06-20 22:11:26','2026-10-15 00:00:00','2026-06-03 22:11:26','2026-05-29 22:11:26',1,1,0);
INSERT INTO `t_message_inbox`(`id`,`user_id`,`title`,`content`,`msg_type`,`business_type`,`business_id`,`is_read`,`read_time`,`send_time`,`expire_time`,`create_time`,`update_time`,`create_by`,`update_by`,`deleted`) VALUES(109,113,'站内信标题9','站内信内容9','NOTIFY','TEST','BIZ-9',1,'2026-06-19 22:11:26','2026-06-27 22:11:26','2026-08-12 00:00:00','2026-06-21 22:11:26','2026-05-29 22:11:26',1,1,0);
INSERT INTO `t_message_inbox`(`id`,`user_id`,`title`,`content`,`msg_type`,`business_type`,`business_id`,`is_read`,`read_time`,`send_time`,`expire_time`,`create_time`,`update_time`,`create_by`,`update_by`,`deleted`) VALUES(110,110,'站内信标题10','站内信内容10','NOTIFY','TEST','BIZ-10',1,'2026-06-04 22:11:26','2026-06-19 22:11:26','2027-03-02 00:00:00','2026-05-29 22:11:26','2026-05-29 22:11:26',1,1,0);
INSERT INTO `t_message_inbox`(`id`,`user_id`,`title`,`content`,`msg_type`,`business_type`,`business_id`,`is_read`,`read_time`,`send_time`,`expire_time`,`create_time`,`update_time`,`create_by`,`update_by`,`deleted`) VALUES(111,102,'站内信标题11','站内信内容11','NOTIFY','TEST','BIZ-11',1,'2026-05-29 22:11:26','2026-06-21 22:11:26','2026-11-09 00:00:00','2026-06-20 22:11:26','2026-05-29 22:11:26',1,1,0);
INSERT INTO `t_message_inbox`(`id`,`user_id`,`title`,`content`,`msg_type`,`business_type`,`business_id`,`is_read`,`read_time`,`send_time`,`expire_time`,`create_time`,`update_time`,`create_by`,`update_by`,`deleted`) VALUES(112,138,'站内信标题12','站内信内容12','NOTIFY','TEST','BIZ-12',1,NULL,'2026-06-28 22:11:26','2027-05-28 00:00:00','2026-06-18 22:11:26','2026-05-29 22:11:26',1,1,0);
INSERT INTO `t_message_inbox`(`id`,`user_id`,`title`,`content`,`msg_type`,`business_type`,`business_id`,`is_read`,`read_time`,`send_time`,`expire_time`,`create_time`,`update_time`,`create_by`,`update_by`,`deleted`) VALUES(113,117,'站内信标题13','站内信内容13','NOTIFY','TEST','BIZ-13',1,'2026-06-18 22:11:26','2026-06-27 22:11:26','2027-03-03 00:00:00','2026-06-24 22:11:26','2026-05-29 22:11:26',1,1,0);
INSERT INTO `t_message_inbox`(`id`,`user_id`,`title`,`content`,`msg_type`,`business_type`,`business_id`,`is_read`,`read_time`,`send_time`,`expire_time`,`create_time`,`update_time`,`create_by`,`update_by`,`deleted`) VALUES(114,147,'站内信标题14','站内信内容14','NOTIFY','TEST','BIZ-14',0,'2026-06-04 22:11:26','2026-06-22 22:11:26','2026-09-20 00:00:00','2026-06-01 22:11:26','2026-05-29 22:11:26',1,1,0);
INSERT INTO `t_message_inbox`(`id`,`user_id`,`title`,`content`,`msg_type`,`business_type`,`business_id`,`is_read`,`read_time`,`send_time`,`expire_time`,`create_time`,`update_time`,`create_by`,`update_by`,`deleted`) VALUES(115,109,'站内信标题15','站内信内容15','NOTIFY','TEST','BIZ-15',1,'2026-06-10 22:11:26','2026-06-27 22:11:26','2027-02-14 00:00:00','2026-06-21 22:11:26','2026-05-29 22:11:26',1,1,0);
INSERT INTO `t_message_inbox`(`id`,`user_id`,`title`,`content`,`msg_type`,`business_type`,`business_id`,`is_read`,`read_time`,`send_time`,`expire_time`,`create_time`,`update_time`,`create_by`,`update_by`,`deleted`) VALUES(116,120,'站内信标题16','站内信内容16','NOTIFY','TEST','BIZ-16',1,'2026-06-19 22:11:26','2026-06-20 22:11:26','2027-04-02 00:00:00','2026-06-02 22:11:26','2026-05-29 22:11:26',1,1,0);
INSERT INTO `t_message_inbox`(`id`,`user_id`,`title`,`content`,`msg_type`,`business_type`,`business_id`,`is_read`,`read_time`,`send_time`,`expire_time`,`create_time`,`update_time`,`create_by`,`update_by`,`deleted`) VALUES(117,118,'站内信标题17','站内信内容17','NOTIFY','TEST','BIZ-17',1,NULL,'2026-06-27 22:11:26','2027-06-28 00:00:00','2026-06-06 22:11:26','2026-05-29 22:11:26',1,1,0);
INSERT INTO `t_message_inbox`(`id`,`user_id`,`title`,`content`,`msg_type`,`business_type`,`business_id`,`is_read`,`read_time`,`send_time`,`expire_time`,`create_time`,`update_time`,`create_by`,`update_by`,`deleted`) VALUES(118,147,'站内信标题18','站内信内容18','NOTIFY','TEST','BIZ-18',1,'2026-05-30 22:11:26','2026-06-21 22:11:26','2026-10-22 00:00:00','2026-06-23 22:11:26','2026-05-29 22:11:26',1,1,0);
INSERT INTO `t_message_inbox`(`id`,`user_id`,`title`,`content`,`msg_type`,`business_type`,`business_id`,`is_read`,`read_time`,`send_time`,`expire_time`,`create_time`,`update_time`,`create_by`,`update_by`,`deleted`) VALUES(119,120,'站内信标题19','站内信内容19','NOTIFY','TEST','BIZ-19',1,'2026-06-17 22:11:26','2026-06-25 22:11:26','2027-06-16 00:00:00','2026-06-06 22:11:26','2026-05-29 22:11:26',1,1,0);
INSERT INTO `t_message_inbox`(`id`,`user_id`,`title`,`content`,`msg_type`,`business_type`,`business_id`,`is_read`,`read_time`,`send_time`,`expire_time`,`create_time`,`update_time`,`create_by`,`update_by`,`deleted`) VALUES(120,116,'站内信标题20','站内信内容20','NOTIFY','TEST','BIZ-20',0,'2026-06-27 22:11:26','2026-06-26 22:11:26','2026-09-04 00:00:00','2026-06-08 22:11:26','2026-05-29 22:11:26',1,1,0);
INSERT INTO `t_message_inbox`(`id`,`user_id`,`title`,`content`,`msg_type`,`business_type`,`business_id`,`is_read`,`read_time`,`send_time`,`expire_time`,`create_time`,`update_time`,`create_by`,`update_by`,`deleted`) VALUES(121,126,'站内信标题21','站内信内容21','NOTIFY','TEST','BIZ-21',1,'2026-06-02 22:11:26','2026-06-28 22:11:26','2027-04-01 00:00:00','2026-06-27 22:11:26','2026-05-29 22:11:26',1,1,0);
INSERT INTO `t_message_inbox`(`id`,`user_id`,`title`,`content`,`msg_type`,`business_type`,`business_id`,`is_read`,`read_time`,`send_time`,`expire_time`,`create_time`,`update_time`,`create_by`,`update_by`,`deleted`) VALUES(122,132,'站内信标题22','站内信内容22','NOTIFY','TEST','BIZ-22',1,'2026-06-26 22:11:26','2026-06-20 22:11:26','2026-12-19 00:00:00','2026-06-03 22:11:26','2026-05-29 22:11:26',1,1,0);
INSERT INTO `t_message_inbox`(`id`,`user_id`,`title`,`content`,`msg_type`,`business_type`,`business_id`,`is_read`,`read_time`,`send_time`,`expire_time`,`create_time`,`update_time`,`create_by`,`update_by`,`deleted`) VALUES(123,134,'站内信标题23','站内信内容23','NOTIFY','TEST','BIZ-23',1,'2026-06-07 22:11:26','2026-06-27 22:11:26','2026-08-12 00:00:00','2026-06-10 22:11:26','2026-05-29 22:11:26',1,1,0);
INSERT INTO `t_message_inbox`(`id`,`user_id`,`title`,`content`,`msg_type`,`business_type`,`business_id`,`is_read`,`read_time`,`send_time`,`expire_time`,`create_time`,`update_time`,`create_by`,`update_by`,`deleted`) VALUES(124,105,'站内信标题24','站内信内容24','NOTIFY','TEST','BIZ-24',1,'2026-06-10 22:11:26','2026-06-26 22:11:26','2027-03-24 00:00:00','2026-06-01 22:11:26','2026-05-29 22:11:26',1,1,0);
INSERT INTO `t_message_inbox`(`id`,`user_id`,`title`,`content`,`msg_type`,`business_type`,`business_id`,`is_read`,`read_time`,`send_time`,`expire_time`,`create_time`,`update_time`,`create_by`,`update_by`,`deleted`) VALUES(125,105,'站内信标题25','站内信内容25','NOTIFY','TEST','BIZ-25',1,'2026-06-07 22:11:26','2026-06-25 22:11:26','2026-08-11 00:00:00','2026-06-04 22:11:26','2026-05-29 22:11:26',1,1,0);
INSERT INTO `t_message_inbox`(`id`,`user_id`,`title`,`content`,`msg_type`,`business_type`,`business_id`,`is_read`,`read_time`,`send_time`,`expire_time`,`create_time`,`update_time`,`create_by`,`update_by`,`deleted`) VALUES(126,143,'站内信标题26','站内信内容26','NOTIFY','TEST','BIZ-26',1,NULL,'2026-06-21 22:11:26','2026-09-20 00:00:00','2026-06-08 22:11:26','2026-05-29 22:11:26',1,1,0);
INSERT INTO `t_message_inbox`(`id`,`user_id`,`title`,`content`,`msg_type`,`business_type`,`business_id`,`is_read`,`read_time`,`send_time`,`expire_time`,`create_time`,`update_time`,`create_by`,`update_by`,`deleted`) VALUES(127,121,'站内信标题27','站内信内容27','NOTIFY','TEST','BIZ-27',0,'2026-06-17 22:11:26','2026-06-21 22:11:26','2027-04-01 00:00:00','2026-06-04 22:11:26','2026-05-29 22:11:26',1,1,0);
INSERT INTO `t_message_inbox`(`id`,`user_id`,`title`,`content`,`msg_type`,`business_type`,`business_id`,`is_read`,`read_time`,`send_time`,`expire_time`,`create_time`,`update_time`,`create_by`,`update_by`,`deleted`) VALUES(128,144,'站内信标题28','站内信内容28','NOTIFY','TEST','BIZ-28',1,'2026-05-30 22:11:26','2026-06-28 22:11:26','2027-01-26 00:00:00','2026-06-10 22:11:26','2026-05-29 22:11:26',1,1,0);
INSERT INTO `t_message_inbox`(`id`,`user_id`,`title`,`content`,`msg_type`,`business_type`,`business_id`,`is_read`,`read_time`,`send_time`,`expire_time`,`create_time`,`update_time`,`create_by`,`update_by`,`deleted`) VALUES(129,118,'站内信标题29','站内信内容29','NOTIFY','TEST','BIZ-29',0,'2026-06-27 22:11:26','2026-06-28 22:11:26','2026-10-28 00:00:00','2026-06-18 22:11:26','2026-05-29 22:11:26',1,1,0);

USE `gov_message`;
DELETE FROM `t_message_config` WHERE id >= 100;
INSERT INTO `t_message_config`(`id`,`channel`,`channel_name`,`config_key`,`config_value`,`config_type`,`provider`,`status`,`create_time`,`update_time`,`create_by`,`update_by`,`deleted`) VALUES(100,'SMS','短信通道','accessKey','LTAI5tABCD1234','key','aliyun','1','2025-06-28 22:11:26','2025-06-28 22:11:26',1,1,0);
INSERT INTO `t_message_config`(`id`,`channel`,`channel_name`,`config_key`,`config_value`,`config_type`,`provider`,`status`,`create_time`,`update_time`,`create_by`,`update_by`,`deleted`) VALUES(101,'SMS','短信通道','signName','智慧政务','key','aliyun','1','2025-06-28 22:11:26','2025-06-28 22:11:26',1,1,0);
INSERT INTO `t_message_config`(`id`,`channel`,`channel_name`,`config_key`,`config_value`,`config_type`,`provider`,`status`,`create_time`,`update_time`,`create_by`,`update_by`,`deleted`) VALUES(102,'EMAIL','邮件通道','smtpHost','smtp.gov.cn','server','internal','1','2025-06-28 22:11:26','2025-06-28 22:11:26',1,1,0);
INSERT INTO `t_message_config`(`id`,`channel`,`channel_name`,`config_key`,`config_value`,`config_type`,`provider`,`status`,`create_time`,`update_time`,`create_by`,`update_by`,`deleted`) VALUES(103,'EMAIL','邮件通道','smtpPort','465','server','internal','1','2025-06-28 22:11:26','2025-06-28 22:11:26',1,1,0);
INSERT INTO `t_message_config`(`id`,`channel`,`channel_name`,`config_key`,`config_value`,`config_type`,`provider`,`status`,`create_time`,`update_time`,`create_by`,`update_by`,`deleted`) VALUES(104,'SITE','站内信通道','maxUnread','100','limit','internal','1','2025-06-28 22:11:26','2025-06-28 22:11:26',1,1,0);
INSERT INTO `t_message_config`(`id`,`channel`,`channel_name`,`config_key`,`config_value`,`config_type`,`provider`,`status`,`create_time`,`update_time`,`create_by`,`update_by`,`deleted`) VALUES(105,'SMS','短信通道','retryMax','3','policy','aliyun','1','2025-06-28 22:11:26','2025-06-28 22:11:26',1,1,0);
INSERT INTO `t_message_config`(`id`,`channel`,`channel_name`,`config_key`,`config_value`,`config_type`,`provider`,`status`,`create_time`,`update_time`,`create_by`,`update_by`,`deleted`) VALUES(106,'ALL','全局','defaultChannel','SITE','default','internal','1','2025-06-28 22:11:26','2025-06-28 22:11:26',1,1,0);

USE `gov_message`;
DELETE FROM `t_message_queue` WHERE id >= 100;
INSERT INTO `t_message_queue`(`id`,`record_id`,`queue_status`,`priority`,`scheduled_time`,`process_time`,`retry_count`,`max_retry`,`error_msg`,`create_time`,`update_time`,`create_by`,`update_by`,`deleted`) VALUES(100,127,'2',3,'2026-07-06 00:00:00','2026-06-17 22:11:26',0,3,NULL,'2026-06-21 22:11:26','2026-06-03 22:11:26',1,1,0);
INSERT INTO `t_message_queue`(`id`,`record_id`,`queue_status`,`priority`,`scheduled_time`,`process_time`,`retry_count`,`max_retry`,`error_msg`,`create_time`,`update_time`,`create_by`,`update_by`,`deleted`) VALUES(101,136,'1',5,NULL,'2026-06-21 22:11:26',0,3,NULL,'2026-06-10 22:11:26','2026-06-08 22:11:26',1,1,0);
INSERT INTO `t_message_queue`(`id`,`record_id`,`queue_status`,`priority`,`scheduled_time`,`process_time`,`retry_count`,`max_retry`,`error_msg`,`create_time`,`update_time`,`create_by`,`update_by`,`deleted`) VALUES(102,102,'5',2,'2026-06-28 00:00:00','2026-06-17 22:11:26',1,3,NULL,'2026-06-22 22:11:26','2026-06-14 22:11:26',1,1,0);
INSERT INTO `t_message_queue`(`id`,`record_id`,`queue_status`,`priority`,`scheduled_time`,`process_time`,`retry_count`,`max_retry`,`error_msg`,`create_time`,`update_time`,`create_by`,`update_by`,`deleted`) VALUES(103,117,'2',2,'2026-06-27 00:00:00',NULL,3,3,NULL,'2026-06-15 22:11:26','2026-06-27 22:11:26',1,1,0);
INSERT INTO `t_message_queue`(`id`,`record_id`,`queue_status`,`priority`,`scheduled_time`,`process_time`,`retry_count`,`max_retry`,`error_msg`,`create_time`,`update_time`,`create_by`,`update_by`,`deleted`) VALUES(104,128,'5',2,'2026-07-04 00:00:00','2026-06-21 22:11:26',0,3,NULL,'2026-06-01 22:11:26','2026-06-24 22:11:26',1,1,0);
INSERT INTO `t_message_queue`(`id`,`record_id`,`queue_status`,`priority`,`scheduled_time`,`process_time`,`retry_count`,`max_retry`,`error_msg`,`create_time`,`update_time`,`create_by`,`update_by`,`deleted`) VALUES(105,105,'2',5,'2026-07-08 00:00:00','2026-06-22 22:11:26',0,3,NULL,'2026-06-04 22:11:26','2026-06-08 22:11:26',1,1,0);
INSERT INTO `t_message_queue`(`id`,`record_id`,`queue_status`,`priority`,`scheduled_time`,`process_time`,`retry_count`,`max_retry`,`error_msg`,`create_time`,`update_time`,`create_by`,`update_by`,`deleted`) VALUES(106,122,'4',3,'2026-06-30 00:00:00','2026-06-02 22:11:26',0,3,NULL,'2026-06-11 22:11:26','2026-06-24 22:11:26',1,1,0);
INSERT INTO `t_message_queue`(`id`,`record_id`,`queue_status`,`priority`,`scheduled_time`,`process_time`,`retry_count`,`max_retry`,`error_msg`,`create_time`,`update_time`,`create_by`,`update_by`,`deleted`) VALUES(107,129,'1',1,'2026-07-03 00:00:00','2026-05-31 22:11:26',0,3,NULL,'2026-06-18 22:11:26','2026-06-01 22:11:26',1,1,0);
INSERT INTO `t_message_queue`(`id`,`record_id`,`queue_status`,`priority`,`scheduled_time`,`process_time`,`retry_count`,`max_retry`,`error_msg`,`create_time`,`update_time`,`create_by`,`update_by`,`deleted`) VALUES(108,104,'1',3,NULL,'2026-06-07 22:11:26',0,3,NULL,'2026-06-12 22:11:26','2026-06-27 22:11:26',1,1,0);
INSERT INTO `t_message_queue`(`id`,`record_id`,`queue_status`,`priority`,`scheduled_time`,`process_time`,`retry_count`,`max_retry`,`error_msg`,`create_time`,`update_time`,`create_by`,`update_by`,`deleted`) VALUES(109,117,'4',3,NULL,'2026-06-22 22:11:26',0,3,NULL,'2026-06-23 22:11:26','2026-06-23 22:11:26',1,1,0);
INSERT INTO `t_message_queue`(`id`,`record_id`,`queue_status`,`priority`,`scheduled_time`,`process_time`,`retry_count`,`max_retry`,`error_msg`,`create_time`,`update_time`,`create_by`,`update_by`,`deleted`) VALUES(110,144,'1',1,NULL,'2026-05-31 22:11:26',2,3,NULL,'2026-06-14 22:11:26','2026-06-01 22:11:26',1,1,0);
INSERT INTO `t_message_queue`(`id`,`record_id`,`queue_status`,`priority`,`scheduled_time`,`process_time`,`retry_count`,`max_retry`,`error_msg`,`create_time`,`update_time`,`create_by`,`update_by`,`deleted`) VALUES(111,110,'1',2,NULL,'2026-06-23 22:11:26',1,3,NULL,'2026-05-29 22:11:26','2026-06-24 22:11:26',1,1,0);
INSERT INTO `t_message_queue`(`id`,`record_id`,`queue_status`,`priority`,`scheduled_time`,`process_time`,`retry_count`,`max_retry`,`error_msg`,`create_time`,`update_time`,`create_by`,`update_by`,`deleted`) VALUES(112,110,'1',4,NULL,'2026-06-16 22:11:26',2,3,NULL,'2026-06-27 22:11:26','2026-06-02 22:11:26',1,1,0);
INSERT INTO `t_message_queue`(`id`,`record_id`,`queue_status`,`priority`,`scheduled_time`,`process_time`,`retry_count`,`max_retry`,`error_msg`,`create_time`,`update_time`,`create_by`,`update_by`,`deleted`) VALUES(113,101,'1',1,'2026-06-27 00:00:00','2026-06-23 22:11:26',0,3,NULL,'2026-06-03 22:11:26','2026-06-08 22:11:26',1,1,0);
INSERT INTO `t_message_queue`(`id`,`record_id`,`queue_status`,`priority`,`scheduled_time`,`process_time`,`retry_count`,`max_retry`,`error_msg`,`create_time`,`update_time`,`create_by`,`update_by`,`deleted`) VALUES(114,146,'3',2,NULL,NULL,0,3,NULL,'2026-06-25 22:11:26','2026-06-24 22:11:26',1,1,0);
INSERT INTO `t_message_queue`(`id`,`record_id`,`queue_status`,`priority`,`scheduled_time`,`process_time`,`retry_count`,`max_retry`,`error_msg`,`create_time`,`update_time`,`create_by`,`update_by`,`deleted`) VALUES(115,130,'1',4,'2026-07-05 00:00:00','2026-05-31 22:11:26',0,3,NULL,'2026-06-18 22:11:26','2026-06-12 22:11:26',1,1,0);
INSERT INTO `t_message_queue`(`id`,`record_id`,`queue_status`,`priority`,`scheduled_time`,`process_time`,`retry_count`,`max_retry`,`error_msg`,`create_time`,`update_time`,`create_by`,`update_by`,`deleted`) VALUES(116,130,'1',2,'2026-07-05 00:00:00','2026-06-08 22:11:26',0,3,'发送超时','2026-06-12 22:11:26','2026-06-04 22:11:26',1,1,0);
INSERT INTO `t_message_queue`(`id`,`record_id`,`queue_status`,`priority`,`scheduled_time`,`process_time`,`retry_count`,`max_retry`,`error_msg`,`create_time`,`update_time`,`create_by`,`update_by`,`deleted`) VALUES(117,136,'2',2,NULL,NULL,1,3,NULL,'2026-06-04 22:11:26','2026-06-24 22:11:26',1,1,0);
INSERT INTO `t_message_queue`(`id`,`record_id`,`queue_status`,`priority`,`scheduled_time`,`process_time`,`retry_count`,`max_retry`,`error_msg`,`create_time`,`update_time`,`create_by`,`update_by`,`deleted`) VALUES(118,145,'1',3,'2026-06-28 00:00:00',NULL,0,3,NULL,'2026-06-18 22:11:26','2026-06-17 22:11:26',1,1,0);
INSERT INTO `t_message_queue`(`id`,`record_id`,`queue_status`,`priority`,`scheduled_time`,`process_time`,`retry_count`,`max_retry`,`error_msg`,`create_time`,`update_time`,`create_by`,`update_by`,`deleted`) VALUES(119,145,'1',5,'2026-07-06 00:00:00','2026-06-19 22:11:26',1,3,NULL,'2026-06-16 22:11:26','2026-06-06 22:11:26',1,1,0);
INSERT INTO `t_message_queue`(`id`,`record_id`,`queue_status`,`priority`,`scheduled_time`,`process_time`,`retry_count`,`max_retry`,`error_msg`,`create_time`,`update_time`,`create_by`,`update_by`,`deleted`) VALUES(120,109,'3',1,'2026-07-03 00:00:00','2026-06-02 22:11:26',0,3,NULL,'2026-06-23 22:11:26','2026-06-07 22:11:26',1,1,0);
INSERT INTO `t_message_queue`(`id`,`record_id`,`queue_status`,`priority`,`scheduled_time`,`process_time`,`retry_count`,`max_retry`,`error_msg`,`create_time`,`update_time`,`create_by`,`update_by`,`deleted`) VALUES(121,102,'5',2,NULL,'2026-06-09 22:11:26',0,3,NULL,'2026-06-21 22:11:26','2026-06-07 22:11:26',1,1,0);
INSERT INTO `t_message_queue`(`id`,`record_id`,`queue_status`,`priority`,`scheduled_time`,`process_time`,`retry_count`,`max_retry`,`error_msg`,`create_time`,`update_time`,`create_by`,`update_by`,`deleted`) VALUES(122,136,'1',4,'2026-07-04 00:00:00','2026-06-10 22:11:26',0,3,NULL,'2026-06-07 22:11:26','2026-06-03 22:11:26',1,1,0);
INSERT INTO `t_message_queue`(`id`,`record_id`,`queue_status`,`priority`,`scheduled_time`,`process_time`,`retry_count`,`max_retry`,`error_msg`,`create_time`,`update_time`,`create_by`,`update_by`,`deleted`) VALUES(123,132,'1',3,'2026-06-29 00:00:00',NULL,3,3,NULL,'2026-06-13 22:11:26','2026-06-06 22:11:26',1,1,0);
INSERT INTO `t_message_queue`(`id`,`record_id`,`queue_status`,`priority`,`scheduled_time`,`process_time`,`retry_count`,`max_retry`,`error_msg`,`create_time`,`update_time`,`create_by`,`update_by`,`deleted`) VALUES(124,106,'4',3,'2026-07-01 00:00:00',NULL,0,3,NULL,'2026-06-10 22:11:26','2026-06-23 22:11:26',1,1,0);
INSERT INTO `t_message_queue`(`id`,`record_id`,`queue_status`,`priority`,`scheduled_time`,`process_time`,`retry_count`,`max_retry`,`error_msg`,`create_time`,`update_time`,`create_by`,`update_by`,`deleted`) VALUES(125,106,'2',4,'2026-06-28 00:00:00','2026-06-18 22:11:26',0,3,NULL,'2026-06-13 22:11:26','2026-06-14 22:11:26',1,1,0);
INSERT INTO `t_message_queue`(`id`,`record_id`,`queue_status`,`priority`,`scheduled_time`,`process_time`,`retry_count`,`max_retry`,`error_msg`,`create_time`,`update_time`,`create_by`,`update_by`,`deleted`) VALUES(126,135,'1',5,NULL,'2026-05-30 22:11:26',1,3,NULL,'2026-06-06 22:11:26','2026-06-20 22:11:26',1,1,0);
INSERT INTO `t_message_queue`(`id`,`record_id`,`queue_status`,`priority`,`scheduled_time`,`process_time`,`retry_count`,`max_retry`,`error_msg`,`create_time`,`update_time`,`create_by`,`update_by`,`deleted`) VALUES(127,149,'1',2,'2026-07-02 00:00:00','2026-06-03 22:11:26',0,3,NULL,'2026-06-11 22:11:26','2026-06-26 22:11:26',1,1,0);
INSERT INTO `t_message_queue`(`id`,`record_id`,`queue_status`,`priority`,`scheduled_time`,`process_time`,`retry_count`,`max_retry`,`error_msg`,`create_time`,`update_time`,`create_by`,`update_by`,`deleted`) VALUES(128,134,'1',5,NULL,'2026-06-11 22:11:26',0,3,NULL,'2026-06-06 22:11:26','2026-06-22 22:11:26',1,1,0);
INSERT INTO `t_message_queue`(`id`,`record_id`,`queue_status`,`priority`,`scheduled_time`,`process_time`,`retry_count`,`max_retry`,`error_msg`,`create_time`,`update_time`,`create_by`,`update_by`,`deleted`) VALUES(129,140,'4',5,NULL,'2026-06-05 22:11:26',0,3,NULL,'2026-06-08 22:11:26','2026-06-14 22:11:26',1,1,0);

SET FOREIGN_KEY_CHECKS = 1;
