-- ============================================
-- 测试种子数据: gov_user (用户服务 (gov-user-service))
-- 负责: member-a (组长)
-- 从 98-test-seed-data.sql 拆分
-- ============================================
SET NAMES utf8mb4;
SET FOREIGN_KEY_CHECKS = 0;

USE `gov_user`;
DELETE FROM `t_dept_info` WHERE id >= 100;
INSERT INTO `t_dept_info`(`id`,`dept_name`,`dept_code`,`parent_id`,`dept_type`,`leader_id`,`phone`,`address`,`sort`,`status`,`create_time`,`update_time`,`create_by`,`update_by`,`deleted`) VALUES(100,'行政审批局','DEPT100',0,1,NULL,NULL,NULL,1,1,'2026-05-29 22:11:26','2026-05-29 22:11:26',1,1,0);
INSERT INTO `t_dept_info`(`id`,`dept_name`,`dept_code`,`parent_id`,`dept_type`,`leader_id`,`phone`,`address`,`sort`,`status`,`create_time`,`update_time`,`create_by`,`update_by`,`deleted`) VALUES(101,'公安局','DEPT101',0,1,NULL,NULL,NULL,2,1,'2026-05-29 22:11:26','2026-05-29 22:11:26',1,1,0);
INSERT INTO `t_dept_info`(`id`,`dept_name`,`dept_code`,`parent_id`,`dept_type`,`leader_id`,`phone`,`address`,`sort`,`status`,`create_time`,`update_time`,`create_by`,`update_by`,`deleted`) VALUES(102,'税务局','DEPT102',0,1,NULL,NULL,NULL,3,1,'2026-05-29 22:11:26','2026-05-29 22:11:26',1,1,0);
INSERT INTO `t_dept_info`(`id`,`dept_name`,`dept_code`,`parent_id`,`dept_type`,`leader_id`,`phone`,`address`,`sort`,`status`,`create_time`,`update_time`,`create_by`,`update_by`,`deleted`) VALUES(103,'市场监管局','DEPT103',0,1,NULL,NULL,NULL,4,1,'2026-05-29 22:11:26','2026-05-29 22:11:26',1,1,0);
INSERT INTO `t_dept_info`(`id`,`dept_name`,`dept_code`,`parent_id`,`dept_type`,`leader_id`,`phone`,`address`,`sort`,`status`,`create_time`,`update_time`,`create_by`,`update_by`,`deleted`) VALUES(104,'自然资源局','DEPT104',0,1,NULL,NULL,NULL,5,1,'2026-05-29 22:11:26','2026-05-29 22:11:26',1,1,0);
INSERT INTO `t_dept_info`(`id`,`dept_name`,`dept_code`,`parent_id`,`dept_type`,`leader_id`,`phone`,`address`,`sort`,`status`,`create_time`,`update_time`,`create_by`,`update_by`,`deleted`) VALUES(105,'卫健局','DEPT105',0,1,NULL,NULL,NULL,6,1,'2026-05-29 22:11:26','2026-05-29 22:11:26',1,1,0);
INSERT INTO `t_dept_info`(`id`,`dept_name`,`dept_code`,`parent_id`,`dept_type`,`leader_id`,`phone`,`address`,`sort`,`status`,`create_time`,`update_time`,`create_by`,`update_by`,`deleted`) VALUES(106,'住建局','DEPT106',0,1,NULL,NULL,NULL,7,1,'2026-05-29 22:11:26','2026-05-29 22:11:26',1,1,0);
INSERT INTO `t_dept_info`(`id`,`dept_name`,`dept_code`,`parent_id`,`dept_type`,`leader_id`,`phone`,`address`,`sort`,`status`,`create_time`,`update_time`,`create_by`,`update_by`,`deleted`) VALUES(107,'人社局','DEPT107',0,1,NULL,NULL,NULL,8,1,'2026-05-29 22:11:26','2026-05-29 22:11:26',1,1,0);
INSERT INTO `t_dept_info`(`id`,`dept_name`,`dept_code`,`parent_id`,`dept_type`,`leader_id`,`phone`,`address`,`sort`,`status`,`create_time`,`update_time`,`create_by`,`update_by`,`deleted`) VALUES(108,'教育局','DEPT108',0,1,NULL,NULL,NULL,9,1,'2026-05-29 22:11:26','2026-05-29 22:11:26',1,1,0);
INSERT INTO `t_dept_info`(`id`,`dept_name`,`dept_code`,`parent_id`,`dept_type`,`leader_id`,`phone`,`address`,`sort`,`status`,`create_time`,`update_time`,`create_by`,`update_by`,`deleted`) VALUES(109,'交通局','DEPT109',0,1,NULL,NULL,NULL,10,1,'2026-05-29 22:11:26','2026-05-29 22:11:26',1,1,0);

USE `gov_user`;
DELETE FROM `t_role_info` WHERE id >= 100;
INSERT INTO `t_role_info`(`id`,`role_name`,`role_code`,`status`,`remark`,`create_time`,`update_time`,`create_by`,`update_by`,`deleted`) VALUES(100,'系统管理员','ROLE_ADMIN',1,NULL,'2026-05-29 22:11:26','2026-05-29 22:11:26',1,1,0);
INSERT INTO `t_role_info`(`id`,`role_name`,`role_code`,`status`,`remark`,`create_time`,`update_time`,`create_by`,`update_by`,`deleted`) VALUES(101,'窗口人员','ROLE_WINDOW',1,NULL,'2026-05-29 22:11:26','2026-05-29 22:11:26',1,1,0);
INSERT INTO `t_role_info`(`id`,`role_name`,`role_code`,`status`,`remark`,`create_time`,`update_time`,`create_by`,`update_by`,`deleted`) VALUES(102,'审批人员','ROLE_APPROVER',1,NULL,'2026-05-29 22:11:26','2026-05-29 22:11:26',1,1,0);
INSERT INTO `t_role_info`(`id`,`role_name`,`role_code`,`status`,`remark`,`create_time`,`update_time`,`create_by`,`update_by`,`deleted`) VALUES(103,'部门领导','ROLE_LEADER',1,NULL,'2026-05-29 22:11:26','2026-05-29 22:11:26',1,1,0);
INSERT INTO `t_role_info`(`id`,`role_name`,`role_code`,`status`,`remark`,`create_time`,`update_time`,`create_by`,`update_by`,`deleted`) VALUES(104,'普通用户','ROLE_USER',1,NULL,'2026-05-29 22:11:26','2026-05-29 22:11:26',1,1,0);
INSERT INTO `t_role_info`(`id`,`role_name`,`role_code`,`status`,`remark`,`create_time`,`update_time`,`create_by`,`update_by`,`deleted`) VALUES(105,'督查人员','ROLE_SUPERVISOR',1,NULL,'2026-05-29 22:11:26','2026-05-29 22:11:26',1,1,0);
INSERT INTO `t_role_info`(`id`,`role_name`,`role_code`,`status`,`remark`,`create_time`,`update_time`,`create_by`,`update_by`,`deleted`) VALUES(106,'数据管理员','ROLE_DATA_ADMIN',1,NULL,'2026-05-29 22:11:26','2026-05-29 22:11:26',1,1,0);
INSERT INTO `t_role_info`(`id`,`role_name`,`role_code`,`status`,`remark`,`create_time`,`update_time`,`create_by`,`update_by`,`deleted`) VALUES(107,'系统审计员','ROLE_AUDITOR',1,NULL,'2026-05-29 22:11:26','2026-05-29 22:11:26',1,1,0);

USE `gov_user`;
DELETE FROM `t_user_info` WHERE id >= 100;
INSERT INTO `t_user_info`(`id`,`username`,`password`,`phone`,`real_name`,`id_card`,`email`,`avatar`,`gender`,`status`,`last_login_time`,`last_login_ip`,`create_time`,`update_time`,`create_by`,`update_by`,`deleted`) VALUES(100,'张100','$2a$10$placeholder','13800000100','张明','110101199001010100','张100@test.com',NULL,0,0,'2026-06-27 22:11:26','192.168.0.1','2026-05-29 22:11:26','2026-05-29 22:11:26',1,1,0);
INSERT INTO `t_user_info`(`id`,`username`,`password`,`phone`,`real_name`,`id_card`,`email`,`avatar`,`gender`,`status`,`last_login_time`,`last_login_ip`,`create_time`,`update_time`,`create_by`,`update_by`,`deleted`) VALUES(101,'李101','$2a$10$placeholder','13800000101','李华','110101199002020101','李101@test.com',NULL,1,0,'2026-06-20 22:11:26','192.168.1.1','2026-05-29 22:11:26','2026-05-29 22:11:26',1,1,0);
INSERT INTO `t_user_info`(`id`,`username`,`password`,`phone`,`real_name`,`id_card`,`email`,`avatar`,`gender`,`status`,`last_login_time`,`last_login_ip`,`create_time`,`update_time`,`create_by`,`update_by`,`deleted`) VALUES(102,'王102','$2a$10$placeholder','13800000102','王强','110101199003030102','王102@test.com',NULL,2,0,'2026-06-23 22:11:26','192.168.2.1','2026-05-29 22:11:26','2026-05-29 22:11:26',1,1,0);
INSERT INTO `t_user_info`(`id`,`username`,`password`,`phone`,`real_name`,`id_card`,`email`,`avatar`,`gender`,`status`,`last_login_time`,`last_login_ip`,`create_time`,`update_time`,`create_by`,`update_by`,`deleted`) VALUES(103,'赵103','$2a$10$placeholder','13800000103','赵伟','110101199004040103','赵103@test.com',NULL,0,0,'2026-06-06 22:11:26','192.168.3.1','2026-05-29 22:11:26','2026-05-29 22:11:26',1,1,0);
INSERT INTO `t_user_info`(`id`,`username`,`password`,`phone`,`real_name`,`id_card`,`email`,`avatar`,`gender`,`status`,`last_login_time`,`last_login_ip`,`create_time`,`update_time`,`create_by`,`update_by`,`deleted`) VALUES(104,'孙104','$2a$10$placeholder','13800000104','孙芳','110101199005050104','孙104@test.com',NULL,1,0,'2026-06-25 22:11:26','192.168.4.1','2026-05-29 22:11:26','2026-05-29 22:11:26',1,1,0);
INSERT INTO `t_user_info`(`id`,`username`,`password`,`phone`,`real_name`,`id_card`,`email`,`avatar`,`gender`,`status`,`last_login_time`,`last_login_ip`,`create_time`,`update_time`,`create_by`,`update_by`,`deleted`) VALUES(105,'周105','$2a$10$placeholder','13800000105','周丽','110101199006060105','周105@test.com',NULL,2,0,'2026-06-14 22:11:26','192.168.5.1','2026-05-29 22:11:26','2026-05-29 22:11:26',1,1,0);
INSERT INTO `t_user_info`(`id`,`username`,`password`,`phone`,`real_name`,`id_card`,`email`,`avatar`,`gender`,`status`,`last_login_time`,`last_login_ip`,`create_time`,`update_time`,`create_by`,`update_by`,`deleted`) VALUES(106,'吴106','$2a$10$placeholder','13800000106','吴军','110101199007070106','吴106@test.com',NULL,0,0,'2026-06-27 22:11:26','192.168.6.1','2026-05-29 22:11:26','2026-05-29 22:11:26',1,1,0);
INSERT INTO `t_user_info`(`id`,`username`,`password`,`phone`,`real_name`,`id_card`,`email`,`avatar`,`gender`,`status`,`last_login_time`,`last_login_ip`,`create_time`,`update_time`,`create_by`,`update_by`,`deleted`) VALUES(107,'郑107','$2a$10$placeholder','13800000107','郑勇','110101199008080107','郑107@test.com',NULL,1,0,'2026-06-21 22:11:26','192.168.7.1','2026-05-29 22:11:26','2026-05-29 22:11:26',1,1,0);
INSERT INTO `t_user_info`(`id`,`username`,`password`,`phone`,`real_name`,`id_card`,`email`,`avatar`,`gender`,`status`,`last_login_time`,`last_login_ip`,`create_time`,`update_time`,`create_by`,`update_by`,`deleted`) VALUES(108,'钱108','$2a$10$placeholder','13800000108','钱敏','110101199009090108','钱108@test.com',NULL,2,0,'2026-06-11 22:11:26','192.168.8.1','2026-05-29 22:11:26','2026-05-29 22:11:26',1,1,0);
INSERT INTO `t_user_info`(`id`,`username`,`password`,`phone`,`real_name`,`id_card`,`email`,`avatar`,`gender`,`status`,`last_login_time`,`last_login_ip`,`create_time`,`update_time`,`create_by`,`update_by`,`deleted`) VALUES(109,'陈109','$2a$10$placeholder','13800000109','陈静','110101199010100109','陈109@test.com',NULL,0,1,'2026-06-27 22:11:26','192.168.9.1','2026-05-29 22:11:26','2026-05-29 22:11:26',1,1,0);
INSERT INTO `t_user_info`(`id`,`username`,`password`,`phone`,`real_name`,`id_card`,`email`,`avatar`,`gender`,`status`,`last_login_time`,`last_login_ip`,`create_time`,`update_time`,`create_by`,`update_by`,`deleted`) VALUES(110,'刘110','$2a$10$placeholder','13800000110','刘明','110101199011110110','刘110@test.com',NULL,1,1,'2026-06-21 22:11:26','192.168.10.1','2026-05-29 22:11:26','2026-05-29 22:11:26',1,1,0);
INSERT INTO `t_user_info`(`id`,`username`,`password`,`phone`,`real_name`,`id_card`,`email`,`avatar`,`gender`,`status`,`last_login_time`,`last_login_ip`,`create_time`,`update_time`,`create_by`,`update_by`,`deleted`) VALUES(111,'黄111','$2a$10$placeholder','13800000111','黄华','110101199012120111','黄111@test.com',NULL,2,2,'2026-06-14 22:11:26','192.168.11.1','2026-05-29 22:11:26','2026-05-29 22:11:26',1,1,0);
INSERT INTO `t_user_info`(`id`,`username`,`password`,`phone`,`real_name`,`id_card`,`email`,`avatar`,`gender`,`status`,`last_login_time`,`last_login_ip`,`create_time`,`update_time`,`create_by`,`update_by`,`deleted`) VALUES(112,'user112','$2a$10$placeholder','13800000112','杨强','110101199001130112','user112@test.com',NULL,0,0,'2026-06-13 22:11:26','192.168.12.1','2026-05-29 22:11:26','2026-05-29 22:11:26',1,1,0);
INSERT INTO `t_user_info`(`id`,`username`,`password`,`phone`,`real_name`,`id_card`,`email`,`avatar`,`gender`,`status`,`last_login_time`,`last_login_ip`,`create_time`,`update_time`,`create_by`,`update_by`,`deleted`) VALUES(113,'user113','$2a$10$placeholder','13800000113','朱伟','110101199002140113','user113@test.com',NULL,1,0,'2026-06-19 22:11:26','192.168.13.1','2026-05-29 22:11:26','2026-05-29 22:11:26',1,1,0);
INSERT INTO `t_user_info`(`id`,`username`,`password`,`phone`,`real_name`,`id_card`,`email`,`avatar`,`gender`,`status`,`last_login_time`,`last_login_ip`,`create_time`,`update_time`,`create_by`,`update_by`,`deleted`) VALUES(114,'user114','$2a$10$placeholder','13800000114','马芳','110101199003150114','user114@test.com',NULL,2,0,'2026-06-03 22:11:26','192.168.14.1','2026-05-29 22:11:26','2026-05-29 22:11:26',1,1,0);
INSERT INTO `t_user_info`(`id`,`username`,`password`,`phone`,`real_name`,`id_card`,`email`,`avatar`,`gender`,`status`,`last_login_time`,`last_login_ip`,`create_time`,`update_time`,`create_by`,`update_by`,`deleted`) VALUES(115,'user115','$2a$10$placeholder','13800000115','胡丽','110101199004160115','user115@test.com',NULL,0,0,'2026-06-05 22:11:26','192.168.15.1','2026-05-29 22:11:26','2026-05-29 22:11:26',1,1,0);
INSERT INTO `t_user_info`(`id`,`username`,`password`,`phone`,`real_name`,`id_card`,`email`,`avatar`,`gender`,`status`,`last_login_time`,`last_login_ip`,`create_time`,`update_time`,`create_by`,`update_by`,`deleted`) VALUES(116,'user116','$2a$10$placeholder','13800000116','郭军','110101199005170116','user116@test.com',NULL,1,0,'2026-06-17 22:11:26','192.168.16.1','2026-05-29 22:11:26','2026-05-29 22:11:26',1,1,0);
INSERT INTO `t_user_info`(`id`,`username`,`password`,`phone`,`real_name`,`id_card`,`email`,`avatar`,`gender`,`status`,`last_login_time`,`last_login_ip`,`create_time`,`update_time`,`create_by`,`update_by`,`deleted`) VALUES(117,'user117','$2a$10$placeholder','13800000117','何勇','110101199006180117','user117@test.com',NULL,2,0,'2026-06-23 22:11:26','192.168.17.1','2026-05-29 22:11:26','2026-05-29 22:11:26',1,1,0);
INSERT INTO `t_user_info`(`id`,`username`,`password`,`phone`,`real_name`,`id_card`,`email`,`avatar`,`gender`,`status`,`last_login_time`,`last_login_ip`,`create_time`,`update_time`,`create_by`,`update_by`,`deleted`) VALUES(118,'user118','$2a$10$placeholder','13800000118','高敏','110101199007190118','user118@test.com',NULL,0,0,'2026-06-03 22:11:26','192.168.18.1','2026-05-29 22:11:26','2026-05-29 22:11:26',1,1,0);
INSERT INTO `t_user_info`(`id`,`username`,`password`,`phone`,`real_name`,`id_card`,`email`,`avatar`,`gender`,`status`,`last_login_time`,`last_login_ip`,`create_time`,`update_time`,`create_by`,`update_by`,`deleted`) VALUES(119,'user119','$2a$10$placeholder','13800000119','张静','110101199008200119','user119@test.com',NULL,1,0,'2026-06-24 22:11:26','192.168.19.1','2026-05-29 22:11:26','2026-05-29 22:11:26',1,1,0);
INSERT INTO `t_user_info`(`id`,`username`,`password`,`phone`,`real_name`,`id_card`,`email`,`avatar`,`gender`,`status`,`last_login_time`,`last_login_ip`,`create_time`,`update_time`,`create_by`,`update_by`,`deleted`) VALUES(120,'user120','$2a$10$placeholder','13800000120','李明','110101199009210120','user120@test.com',NULL,2,0,'2026-06-15 22:11:26','192.168.20.1','2026-05-29 22:11:26','2026-05-29 22:11:26',1,1,0);
INSERT INTO `t_user_info`(`id`,`username`,`password`,`phone`,`real_name`,`id_card`,`email`,`avatar`,`gender`,`status`,`last_login_time`,`last_login_ip`,`create_time`,`update_time`,`create_by`,`update_by`,`deleted`) VALUES(121,'user121','$2a$10$placeholder','13800000121','王华','110101199010220121','user121@test.com',NULL,0,1,'2026-06-16 22:11:26','192.168.21.1','2026-05-29 22:11:26','2026-05-29 22:11:26',1,1,0);
INSERT INTO `t_user_info`(`id`,`username`,`password`,`phone`,`real_name`,`id_card`,`email`,`avatar`,`gender`,`status`,`last_login_time`,`last_login_ip`,`create_time`,`update_time`,`create_by`,`update_by`,`deleted`) VALUES(122,'user122','$2a$10$placeholder','13800000122','赵强','110101199011230122','user122@test.com',NULL,1,1,'2026-06-08 22:11:26','192.168.22.1','2026-05-29 22:11:26','2026-05-29 22:11:26',1,1,0);
INSERT INTO `t_user_info`(`id`,`username`,`password`,`phone`,`real_name`,`id_card`,`email`,`avatar`,`gender`,`status`,`last_login_time`,`last_login_ip`,`create_time`,`update_time`,`create_by`,`update_by`,`deleted`) VALUES(123,'user123','$2a$10$placeholder','13800000123','孙伟','110101199012240123','user123@test.com',NULL,2,2,'2026-06-02 22:11:26','192.168.23.1','2026-05-29 22:11:26','2026-05-29 22:11:26',1,1,0);
INSERT INTO `t_user_info`(`id`,`username`,`password`,`phone`,`real_name`,`id_card`,`email`,`avatar`,`gender`,`status`,`last_login_time`,`last_login_ip`,`create_time`,`update_time`,`create_by`,`update_by`,`deleted`) VALUES(124,'user124','$2a$10$placeholder','13800000124','周芳','110101199001250124','user124@test.com',NULL,0,0,'2026-06-04 22:11:26','192.168.24.1','2026-05-29 22:11:26','2026-05-29 22:11:26',1,1,0);
INSERT INTO `t_user_info`(`id`,`username`,`password`,`phone`,`real_name`,`id_card`,`email`,`avatar`,`gender`,`status`,`last_login_time`,`last_login_ip`,`create_time`,`update_time`,`create_by`,`update_by`,`deleted`) VALUES(125,'user125','$2a$10$placeholder','13800000125','吴丽','110101199002260125','user125@test.com',NULL,1,0,'2026-06-10 22:11:26','192.168.25.1','2026-05-29 22:11:26','2026-05-29 22:11:26',1,1,0);
INSERT INTO `t_user_info`(`id`,`username`,`password`,`phone`,`real_name`,`id_card`,`email`,`avatar`,`gender`,`status`,`last_login_time`,`last_login_ip`,`create_time`,`update_time`,`create_by`,`update_by`,`deleted`) VALUES(126,'user126','$2a$10$placeholder','13800000126','郑军','110101199003270126','user126@test.com',NULL,2,0,'2026-05-29 22:11:26','192.168.26.1','2026-05-29 22:11:26','2026-05-29 22:11:26',1,1,0);
INSERT INTO `t_user_info`(`id`,`username`,`password`,`phone`,`real_name`,`id_card`,`email`,`avatar`,`gender`,`status`,`last_login_time`,`last_login_ip`,`create_time`,`update_time`,`create_by`,`update_by`,`deleted`) VALUES(127,'user127','$2a$10$placeholder','13800000127','钱勇','110101199004280127','user127@test.com',NULL,0,0,'2026-06-25 22:11:26','192.168.27.1','2026-05-29 22:11:26','2026-05-29 22:11:26',1,1,0);
INSERT INTO `t_user_info`(`id`,`username`,`password`,`phone`,`real_name`,`id_card`,`email`,`avatar`,`gender`,`status`,`last_login_time`,`last_login_ip`,`create_time`,`update_time`,`create_by`,`update_by`,`deleted`) VALUES(128,'user128','$2a$10$placeholder','13800000128','陈敏','110101199005010128','user128@test.com',NULL,1,0,'2026-06-18 22:11:26','192.168.28.1','2026-05-29 22:11:26','2026-05-29 22:11:26',1,1,0);
INSERT INTO `t_user_info`(`id`,`username`,`password`,`phone`,`real_name`,`id_card`,`email`,`avatar`,`gender`,`status`,`last_login_time`,`last_login_ip`,`create_time`,`update_time`,`create_by`,`update_by`,`deleted`) VALUES(129,'user129','$2a$10$placeholder','13800000129','刘静','110101199006020129','user129@test.com',NULL,2,0,'2026-05-30 22:11:26','192.168.29.1','2026-05-29 22:11:26','2026-05-29 22:11:26',1,1,0);
INSERT INTO `t_user_info`(`id`,`username`,`password`,`phone`,`real_name`,`id_card`,`email`,`avatar`,`gender`,`status`,`last_login_time`,`last_login_ip`,`create_time`,`update_time`,`create_by`,`update_by`,`deleted`) VALUES(130,'user130','$2a$10$placeholder','13800000130','黄明','110101199007030130','user130@test.com',NULL,0,0,'2026-06-09 22:11:26','192.168.30.1','2026-05-29 22:11:26','2026-05-29 22:11:26',1,1,0);
INSERT INTO `t_user_info`(`id`,`username`,`password`,`phone`,`real_name`,`id_card`,`email`,`avatar`,`gender`,`status`,`last_login_time`,`last_login_ip`,`create_time`,`update_time`,`create_by`,`update_by`,`deleted`) VALUES(131,'user131','$2a$10$placeholder','13800000131','杨华','110101199008040131','user131@test.com',NULL,1,0,'2026-06-05 22:11:26','192.168.31.1','2026-05-29 22:11:26','2026-05-29 22:11:26',1,1,0);
INSERT INTO `t_user_info`(`id`,`username`,`password`,`phone`,`real_name`,`id_card`,`email`,`avatar`,`gender`,`status`,`last_login_time`,`last_login_ip`,`create_time`,`update_time`,`create_by`,`update_by`,`deleted`) VALUES(132,'user132','$2a$10$placeholder','13800000132','朱强','110101199009050132','user132@test.com',NULL,2,0,'2026-06-26 22:11:26','192.168.32.1','2026-05-29 22:11:26','2026-05-29 22:11:26',1,1,0);
INSERT INTO `t_user_info`(`id`,`username`,`password`,`phone`,`real_name`,`id_card`,`email`,`avatar`,`gender`,`status`,`last_login_time`,`last_login_ip`,`create_time`,`update_time`,`create_by`,`update_by`,`deleted`) VALUES(133,'user133','$2a$10$placeholder','13800000133','马伟','110101199010060133','user133@test.com',NULL,0,1,'2026-06-03 22:11:26','192.168.33.1','2026-05-29 22:11:26','2026-05-29 22:11:26',1,1,0);
INSERT INTO `t_user_info`(`id`,`username`,`password`,`phone`,`real_name`,`id_card`,`email`,`avatar`,`gender`,`status`,`last_login_time`,`last_login_ip`,`create_time`,`update_time`,`create_by`,`update_by`,`deleted`) VALUES(134,'user134','$2a$10$placeholder','13800000134','胡芳','110101199011070134','user134@test.com',NULL,1,1,'2026-06-25 22:11:26','192.168.34.1','2026-05-29 22:11:26','2026-05-29 22:11:26',1,1,0);
INSERT INTO `t_user_info`(`id`,`username`,`password`,`phone`,`real_name`,`id_card`,`email`,`avatar`,`gender`,`status`,`last_login_time`,`last_login_ip`,`create_time`,`update_time`,`create_by`,`update_by`,`deleted`) VALUES(135,'user135','$2a$10$placeholder','13800000135','郭丽','110101199012080135','user135@test.com',NULL,2,2,'2026-05-31 22:11:26','192.168.35.1','2026-05-29 22:11:26','2026-05-29 22:11:26',1,1,0);
INSERT INTO `t_user_info`(`id`,`username`,`password`,`phone`,`real_name`,`id_card`,`email`,`avatar`,`gender`,`status`,`last_login_time`,`last_login_ip`,`create_time`,`update_time`,`create_by`,`update_by`,`deleted`) VALUES(136,'user136','$2a$10$placeholder','13800000136','何军','110101199001090136','user136@test.com',NULL,0,0,'2026-06-15 22:11:26','192.168.36.1','2026-05-29 22:11:26','2026-05-29 22:11:26',1,1,0);
INSERT INTO `t_user_info`(`id`,`username`,`password`,`phone`,`real_name`,`id_card`,`email`,`avatar`,`gender`,`status`,`last_login_time`,`last_login_ip`,`create_time`,`update_time`,`create_by`,`update_by`,`deleted`) VALUES(137,'user137','$2a$10$placeholder','13800000137','高勇','110101199002100137','user137@test.com',NULL,1,0,'2026-06-13 22:11:26','192.168.37.1','2026-05-29 22:11:26','2026-05-29 22:11:26',1,1,0);
INSERT INTO `t_user_info`(`id`,`username`,`password`,`phone`,`real_name`,`id_card`,`email`,`avatar`,`gender`,`status`,`last_login_time`,`last_login_ip`,`create_time`,`update_time`,`create_by`,`update_by`,`deleted`) VALUES(138,'user138','$2a$10$placeholder','13800000138','张敏','110101199003110138','user138@test.com',NULL,2,0,'2026-06-22 22:11:26','192.168.38.1','2026-05-29 22:11:26','2026-05-29 22:11:26',1,1,0);
INSERT INTO `t_user_info`(`id`,`username`,`password`,`phone`,`real_name`,`id_card`,`email`,`avatar`,`gender`,`status`,`last_login_time`,`last_login_ip`,`create_time`,`update_time`,`create_by`,`update_by`,`deleted`) VALUES(139,'user139','$2a$10$placeholder','13800000139','李静','110101199004120139','user139@test.com',NULL,0,0,'2026-06-16 22:11:26','192.168.39.1','2026-05-29 22:11:26','2026-05-29 22:11:26',1,1,0);
INSERT INTO `t_user_info`(`id`,`username`,`password`,`phone`,`real_name`,`id_card`,`email`,`avatar`,`gender`,`status`,`last_login_time`,`last_login_ip`,`create_time`,`update_time`,`create_by`,`update_by`,`deleted`) VALUES(140,'user140','$2a$10$placeholder','13800000140','王明','110101199005130140','user140@test.com',NULL,1,0,'2026-06-06 22:11:26','192.168.40.1','2026-05-29 22:11:26','2026-05-29 22:11:26',1,1,0);
INSERT INTO `t_user_info`(`id`,`username`,`password`,`phone`,`real_name`,`id_card`,`email`,`avatar`,`gender`,`status`,`last_login_time`,`last_login_ip`,`create_time`,`update_time`,`create_by`,`update_by`,`deleted`) VALUES(141,'user141','$2a$10$placeholder','13800000141','赵华','110101199006140141','user141@test.com',NULL,2,0,'2026-06-05 22:11:26','192.168.41.1','2026-05-29 22:11:26','2026-05-29 22:11:26',1,1,0);
INSERT INTO `t_user_info`(`id`,`username`,`password`,`phone`,`real_name`,`id_card`,`email`,`avatar`,`gender`,`status`,`last_login_time`,`last_login_ip`,`create_time`,`update_time`,`create_by`,`update_by`,`deleted`) VALUES(142,'user142','$2a$10$placeholder','13800000142','孙强','110101199007150142','user142@test.com',NULL,0,0,'2026-06-08 22:11:26','192.168.42.1','2026-05-29 22:11:26','2026-05-29 22:11:26',1,1,0);
INSERT INTO `t_user_info`(`id`,`username`,`password`,`phone`,`real_name`,`id_card`,`email`,`avatar`,`gender`,`status`,`last_login_time`,`last_login_ip`,`create_time`,`update_time`,`create_by`,`update_by`,`deleted`) VALUES(143,'user143','$2a$10$placeholder','13800000143','周伟','110101199008160143','user143@test.com',NULL,1,0,'2026-06-10 22:11:26','192.168.43.1','2026-05-29 22:11:26','2026-05-29 22:11:26',1,1,0);
INSERT INTO `t_user_info`(`id`,`username`,`password`,`phone`,`real_name`,`id_card`,`email`,`avatar`,`gender`,`status`,`last_login_time`,`last_login_ip`,`create_time`,`update_time`,`create_by`,`update_by`,`deleted`) VALUES(144,'user144','$2a$10$placeholder','13800000144','吴芳','110101199009170144','user144@test.com',NULL,2,0,'2026-06-22 22:11:26','192.168.44.1','2026-05-29 22:11:26','2026-05-29 22:11:26',1,1,0);
INSERT INTO `t_user_info`(`id`,`username`,`password`,`phone`,`real_name`,`id_card`,`email`,`avatar`,`gender`,`status`,`last_login_time`,`last_login_ip`,`create_time`,`update_time`,`create_by`,`update_by`,`deleted`) VALUES(145,'user145','$2a$10$placeholder','13800000145','郑丽','110101199010180145','user145@test.com',NULL,0,1,'2026-06-15 22:11:26','192.168.45.1','2026-05-29 22:11:26','2026-05-29 22:11:26',1,1,0);
INSERT INTO `t_user_info`(`id`,`username`,`password`,`phone`,`real_name`,`id_card`,`email`,`avatar`,`gender`,`status`,`last_login_time`,`last_login_ip`,`create_time`,`update_time`,`create_by`,`update_by`,`deleted`) VALUES(146,'user146','$2a$10$placeholder','13800000146','钱军','110101199011190146','user146@test.com',NULL,1,1,'2026-05-29 22:11:26','192.168.46.1','2026-05-29 22:11:26','2026-05-29 22:11:26',1,1,0);
INSERT INTO `t_user_info`(`id`,`username`,`password`,`phone`,`real_name`,`id_card`,`email`,`avatar`,`gender`,`status`,`last_login_time`,`last_login_ip`,`create_time`,`update_time`,`create_by`,`update_by`,`deleted`) VALUES(147,'user147','$2a$10$placeholder','13800000147','陈勇','110101199012200147','user147@test.com',NULL,2,2,'2026-06-20 22:11:26','192.168.47.1','2026-05-29 22:11:26','2026-05-29 22:11:26',1,1,0);
INSERT INTO `t_user_info`(`id`,`username`,`password`,`phone`,`real_name`,`id_card`,`email`,`avatar`,`gender`,`status`,`last_login_time`,`last_login_ip`,`create_time`,`update_time`,`create_by`,`update_by`,`deleted`) VALUES(148,'user148','$2a$10$placeholder','13800000148','刘敏','110101199001210148','user148@test.com',NULL,0,0,'2026-06-01 22:11:26','192.168.48.1','2026-05-29 22:11:26','2026-05-29 22:11:26',1,1,0);
INSERT INTO `t_user_info`(`id`,`username`,`password`,`phone`,`real_name`,`id_card`,`email`,`avatar`,`gender`,`status`,`last_login_time`,`last_login_ip`,`create_time`,`update_time`,`create_by`,`update_by`,`deleted`) VALUES(149,'user149','$2a$10$placeholder','13800000149','黄静','110101199002220149','user149@test.com',NULL,1,0,'2026-06-20 22:11:26','192.168.49.1','2026-05-29 22:11:26','2026-05-29 22:11:26',1,1,0);

USE `gov_user`;
DELETE FROM `t_user_role` WHERE id >= 100;
INSERT INTO `t_user_role`(`id`,`user_id`,`role_id`,`create_time`,`deleted`) VALUES(1000,100,100,'2026-05-29 22:11:26',0);
INSERT INTO `t_user_role`(`id`,`user_id`,`role_id`,`create_time`,`deleted`) VALUES(1003,101,101,'2026-05-29 22:11:26',0);
INSERT INTO `t_user_role`(`id`,`user_id`,`role_id`,`create_time`,`deleted`) VALUES(1004,101,102,'2026-05-29 22:11:26',0);
INSERT INTO `t_user_role`(`id`,`user_id`,`role_id`,`create_time`,`deleted`) VALUES(1006,102,102,'2026-05-29 22:11:26',0);
INSERT INTO `t_user_role`(`id`,`user_id`,`role_id`,`create_time`,`deleted`) VALUES(1007,102,103,'2026-05-29 22:11:26',0);
INSERT INTO `t_user_role`(`id`,`user_id`,`role_id`,`create_time`,`deleted`) VALUES(1008,102,104,'2026-05-29 22:11:26',0);
INSERT INTO `t_user_role`(`id`,`user_id`,`role_id`,`create_time`,`deleted`) VALUES(1009,103,103,'2026-05-29 22:11:26',0);
INSERT INTO `t_user_role`(`id`,`user_id`,`role_id`,`create_time`,`deleted`) VALUES(1012,104,104,'2026-05-29 22:11:26',0);
INSERT INTO `t_user_role`(`id`,`user_id`,`role_id`,`create_time`,`deleted`) VALUES(1013,104,105,'2026-05-29 22:11:26',0);
INSERT INTO `t_user_role`(`id`,`user_id`,`role_id`,`create_time`,`deleted`) VALUES(1015,105,105,'2026-05-29 22:11:26',0);
INSERT INTO `t_user_role`(`id`,`user_id`,`role_id`,`create_time`,`deleted`) VALUES(1016,105,106,'2026-05-29 22:11:26',0);
INSERT INTO `t_user_role`(`id`,`user_id`,`role_id`,`create_time`,`deleted`) VALUES(1017,105,107,'2026-05-29 22:11:26',0);
INSERT INTO `t_user_role`(`id`,`user_id`,`role_id`,`create_time`,`deleted`) VALUES(1018,106,106,'2026-05-29 22:11:26',0);
INSERT INTO `t_user_role`(`id`,`user_id`,`role_id`,`create_time`,`deleted`) VALUES(1021,107,107,'2026-05-29 22:11:26',0);
INSERT INTO `t_user_role`(`id`,`user_id`,`role_id`,`create_time`,`deleted`) VALUES(1022,107,100,'2026-05-29 22:11:26',0);
INSERT INTO `t_user_role`(`id`,`user_id`,`role_id`,`create_time`,`deleted`) VALUES(1024,108,100,'2026-05-29 22:11:26',0);
INSERT INTO `t_user_role`(`id`,`user_id`,`role_id`,`create_time`,`deleted`) VALUES(1025,108,101,'2026-05-29 22:11:26',0);
INSERT INTO `t_user_role`(`id`,`user_id`,`role_id`,`create_time`,`deleted`) VALUES(1026,108,102,'2026-05-29 22:11:26',0);
INSERT INTO `t_user_role`(`id`,`user_id`,`role_id`,`create_time`,`deleted`) VALUES(1027,109,101,'2026-05-29 22:11:26',0);
INSERT INTO `t_user_role`(`id`,`user_id`,`role_id`,`create_time`,`deleted`) VALUES(1030,110,102,'2026-05-29 22:11:26',0);
INSERT INTO `t_user_role`(`id`,`user_id`,`role_id`,`create_time`,`deleted`) VALUES(1031,110,103,'2026-05-29 22:11:26',0);
INSERT INTO `t_user_role`(`id`,`user_id`,`role_id`,`create_time`,`deleted`) VALUES(1033,111,103,'2026-05-29 22:11:26',0);
INSERT INTO `t_user_role`(`id`,`user_id`,`role_id`,`create_time`,`deleted`) VALUES(1034,111,104,'2026-05-29 22:11:26',0);
INSERT INTO `t_user_role`(`id`,`user_id`,`role_id`,`create_time`,`deleted`) VALUES(1035,111,105,'2026-05-29 22:11:26',0);
INSERT INTO `t_user_role`(`id`,`user_id`,`role_id`,`create_time`,`deleted`) VALUES(1036,112,104,'2026-05-29 22:11:26',0);
INSERT INTO `t_user_role`(`id`,`user_id`,`role_id`,`create_time`,`deleted`) VALUES(1039,113,105,'2026-05-29 22:11:26',0);
INSERT INTO `t_user_role`(`id`,`user_id`,`role_id`,`create_time`,`deleted`) VALUES(1040,113,106,'2026-05-29 22:11:26',0);
INSERT INTO `t_user_role`(`id`,`user_id`,`role_id`,`create_time`,`deleted`) VALUES(1042,114,106,'2026-05-29 22:11:26',0);
INSERT INTO `t_user_role`(`id`,`user_id`,`role_id`,`create_time`,`deleted`) VALUES(1043,114,107,'2026-05-29 22:11:26',0);
INSERT INTO `t_user_role`(`id`,`user_id`,`role_id`,`create_time`,`deleted`) VALUES(1044,114,100,'2026-05-29 22:11:26',0);
INSERT INTO `t_user_role`(`id`,`user_id`,`role_id`,`create_time`,`deleted`) VALUES(1045,115,107,'2026-05-29 22:11:26',0);
INSERT INTO `t_user_role`(`id`,`user_id`,`role_id`,`create_time`,`deleted`) VALUES(1048,116,100,'2026-05-29 22:11:26',0);
INSERT INTO `t_user_role`(`id`,`user_id`,`role_id`,`create_time`,`deleted`) VALUES(1049,116,101,'2026-05-29 22:11:26',0);
INSERT INTO `t_user_role`(`id`,`user_id`,`role_id`,`create_time`,`deleted`) VALUES(1051,117,101,'2026-05-29 22:11:26',0);
INSERT INTO `t_user_role`(`id`,`user_id`,`role_id`,`create_time`,`deleted`) VALUES(1052,117,102,'2026-05-29 22:11:26',0);
INSERT INTO `t_user_role`(`id`,`user_id`,`role_id`,`create_time`,`deleted`) VALUES(1053,117,103,'2026-05-29 22:11:26',0);
INSERT INTO `t_user_role`(`id`,`user_id`,`role_id`,`create_time`,`deleted`) VALUES(1054,118,102,'2026-05-29 22:11:26',0);
INSERT INTO `t_user_role`(`id`,`user_id`,`role_id`,`create_time`,`deleted`) VALUES(1057,119,103,'2026-05-29 22:11:26',0);
INSERT INTO `t_user_role`(`id`,`user_id`,`role_id`,`create_time`,`deleted`) VALUES(1058,119,104,'2026-05-29 22:11:26',0);
INSERT INTO `t_user_role`(`id`,`user_id`,`role_id`,`create_time`,`deleted`) VALUES(1060,120,104,'2026-05-29 22:11:26',0);
INSERT INTO `t_user_role`(`id`,`user_id`,`role_id`,`create_time`,`deleted`) VALUES(1061,120,105,'2026-05-29 22:11:26',0);
INSERT INTO `t_user_role`(`id`,`user_id`,`role_id`,`create_time`,`deleted`) VALUES(1062,120,106,'2026-05-29 22:11:26',0);
INSERT INTO `t_user_role`(`id`,`user_id`,`role_id`,`create_time`,`deleted`) VALUES(1063,121,105,'2026-05-29 22:11:26',0);
INSERT INTO `t_user_role`(`id`,`user_id`,`role_id`,`create_time`,`deleted`) VALUES(1066,122,106,'2026-05-29 22:11:26',0);
INSERT INTO `t_user_role`(`id`,`user_id`,`role_id`,`create_time`,`deleted`) VALUES(1067,122,107,'2026-05-29 22:11:26',0);
INSERT INTO `t_user_role`(`id`,`user_id`,`role_id`,`create_time`,`deleted`) VALUES(1069,123,107,'2026-05-29 22:11:26',0);
INSERT INTO `t_user_role`(`id`,`user_id`,`role_id`,`create_time`,`deleted`) VALUES(1070,123,100,'2026-05-29 22:11:26',0);
INSERT INTO `t_user_role`(`id`,`user_id`,`role_id`,`create_time`,`deleted`) VALUES(1071,123,101,'2026-05-29 22:11:26',0);
INSERT INTO `t_user_role`(`id`,`user_id`,`role_id`,`create_time`,`deleted`) VALUES(1072,124,100,'2026-05-29 22:11:26',0);
INSERT INTO `t_user_role`(`id`,`user_id`,`role_id`,`create_time`,`deleted`) VALUES(1075,125,101,'2026-05-29 22:11:26',0);
INSERT INTO `t_user_role`(`id`,`user_id`,`role_id`,`create_time`,`deleted`) VALUES(1076,125,102,'2026-05-29 22:11:26',0);
INSERT INTO `t_user_role`(`id`,`user_id`,`role_id`,`create_time`,`deleted`) VALUES(1078,126,102,'2026-05-29 22:11:26',0);
INSERT INTO `t_user_role`(`id`,`user_id`,`role_id`,`create_time`,`deleted`) VALUES(1079,126,103,'2026-05-29 22:11:26',0);
INSERT INTO `t_user_role`(`id`,`user_id`,`role_id`,`create_time`,`deleted`) VALUES(1080,126,104,'2026-05-29 22:11:26',0);
INSERT INTO `t_user_role`(`id`,`user_id`,`role_id`,`create_time`,`deleted`) VALUES(1081,127,103,'2026-05-29 22:11:26',0);
INSERT INTO `t_user_role`(`id`,`user_id`,`role_id`,`create_time`,`deleted`) VALUES(1084,128,104,'2026-05-29 22:11:26',0);
INSERT INTO `t_user_role`(`id`,`user_id`,`role_id`,`create_time`,`deleted`) VALUES(1085,128,105,'2026-05-29 22:11:26',0);
INSERT INTO `t_user_role`(`id`,`user_id`,`role_id`,`create_time`,`deleted`) VALUES(1087,129,105,'2026-05-29 22:11:26',0);
INSERT INTO `t_user_role`(`id`,`user_id`,`role_id`,`create_time`,`deleted`) VALUES(1088,129,106,'2026-05-29 22:11:26',0);
INSERT INTO `t_user_role`(`id`,`user_id`,`role_id`,`create_time`,`deleted`) VALUES(1089,129,107,'2026-05-29 22:11:26',0);
INSERT INTO `t_user_role`(`id`,`user_id`,`role_id`,`create_time`,`deleted`) VALUES(1090,130,106,'2026-05-29 22:11:26',0);
INSERT INTO `t_user_role`(`id`,`user_id`,`role_id`,`create_time`,`deleted`) VALUES(1093,131,107,'2026-05-29 22:11:26',0);
INSERT INTO `t_user_role`(`id`,`user_id`,`role_id`,`create_time`,`deleted`) VALUES(1094,131,100,'2026-05-29 22:11:26',0);
INSERT INTO `t_user_role`(`id`,`user_id`,`role_id`,`create_time`,`deleted`) VALUES(1096,132,100,'2026-05-29 22:11:26',0);
INSERT INTO `t_user_role`(`id`,`user_id`,`role_id`,`create_time`,`deleted`) VALUES(1097,132,101,'2026-05-29 22:11:26',0);
INSERT INTO `t_user_role`(`id`,`user_id`,`role_id`,`create_time`,`deleted`) VALUES(1098,132,102,'2026-05-29 22:11:26',0);
INSERT INTO `t_user_role`(`id`,`user_id`,`role_id`,`create_time`,`deleted`) VALUES(1099,133,101,'2026-05-29 22:11:26',0);
INSERT INTO `t_user_role`(`id`,`user_id`,`role_id`,`create_time`,`deleted`) VALUES(1102,134,102,'2026-05-29 22:11:26',0);
INSERT INTO `t_user_role`(`id`,`user_id`,`role_id`,`create_time`,`deleted`) VALUES(1103,134,103,'2026-05-29 22:11:26',0);
INSERT INTO `t_user_role`(`id`,`user_id`,`role_id`,`create_time`,`deleted`) VALUES(1105,135,103,'2026-05-29 22:11:26',0);
INSERT INTO `t_user_role`(`id`,`user_id`,`role_id`,`create_time`,`deleted`) VALUES(1106,135,104,'2026-05-29 22:11:26',0);
INSERT INTO `t_user_role`(`id`,`user_id`,`role_id`,`create_time`,`deleted`) VALUES(1107,135,105,'2026-05-29 22:11:26',0);
INSERT INTO `t_user_role`(`id`,`user_id`,`role_id`,`create_time`,`deleted`) VALUES(1108,136,104,'2026-05-29 22:11:26',0);
INSERT INTO `t_user_role`(`id`,`user_id`,`role_id`,`create_time`,`deleted`) VALUES(1111,137,105,'2026-05-29 22:11:26',0);
INSERT INTO `t_user_role`(`id`,`user_id`,`role_id`,`create_time`,`deleted`) VALUES(1112,137,106,'2026-05-29 22:11:26',0);
INSERT INTO `t_user_role`(`id`,`user_id`,`role_id`,`create_time`,`deleted`) VALUES(1114,138,106,'2026-05-29 22:11:26',0);
INSERT INTO `t_user_role`(`id`,`user_id`,`role_id`,`create_time`,`deleted`) VALUES(1115,138,107,'2026-05-29 22:11:26',0);
INSERT INTO `t_user_role`(`id`,`user_id`,`role_id`,`create_time`,`deleted`) VALUES(1116,138,100,'2026-05-29 22:11:26',0);
INSERT INTO `t_user_role`(`id`,`user_id`,`role_id`,`create_time`,`deleted`) VALUES(1117,139,107,'2026-05-29 22:11:26',0);
INSERT INTO `t_user_role`(`id`,`user_id`,`role_id`,`create_time`,`deleted`) VALUES(1120,140,100,'2026-05-29 22:11:26',0);
INSERT INTO `t_user_role`(`id`,`user_id`,`role_id`,`create_time`,`deleted`) VALUES(1121,140,101,'2026-05-29 22:11:26',0);
INSERT INTO `t_user_role`(`id`,`user_id`,`role_id`,`create_time`,`deleted`) VALUES(1123,141,101,'2026-05-29 22:11:26',0);
INSERT INTO `t_user_role`(`id`,`user_id`,`role_id`,`create_time`,`deleted`) VALUES(1124,141,102,'2026-05-29 22:11:26',0);
INSERT INTO `t_user_role`(`id`,`user_id`,`role_id`,`create_time`,`deleted`) VALUES(1125,141,103,'2026-05-29 22:11:26',0);
INSERT INTO `t_user_role`(`id`,`user_id`,`role_id`,`create_time`,`deleted`) VALUES(1126,142,102,'2026-05-29 22:11:26',0);
INSERT INTO `t_user_role`(`id`,`user_id`,`role_id`,`create_time`,`deleted`) VALUES(1129,143,103,'2026-05-29 22:11:26',0);
INSERT INTO `t_user_role`(`id`,`user_id`,`role_id`,`create_time`,`deleted`) VALUES(1130,143,104,'2026-05-29 22:11:26',0);
INSERT INTO `t_user_role`(`id`,`user_id`,`role_id`,`create_time`,`deleted`) VALUES(1132,144,104,'2026-05-29 22:11:26',0);
INSERT INTO `t_user_role`(`id`,`user_id`,`role_id`,`create_time`,`deleted`) VALUES(1133,144,105,'2026-05-29 22:11:26',0);
INSERT INTO `t_user_role`(`id`,`user_id`,`role_id`,`create_time`,`deleted`) VALUES(1134,144,106,'2026-05-29 22:11:26',0);
INSERT INTO `t_user_role`(`id`,`user_id`,`role_id`,`create_time`,`deleted`) VALUES(1135,145,105,'2026-05-29 22:11:26',0);
INSERT INTO `t_user_role`(`id`,`user_id`,`role_id`,`create_time`,`deleted`) VALUES(1138,146,106,'2026-05-29 22:11:26',0);
INSERT INTO `t_user_role`(`id`,`user_id`,`role_id`,`create_time`,`deleted`) VALUES(1139,146,107,'2026-05-29 22:11:26',0);
INSERT INTO `t_user_role`(`id`,`user_id`,`role_id`,`create_time`,`deleted`) VALUES(1141,147,107,'2026-05-29 22:11:26',0);
INSERT INTO `t_user_role`(`id`,`user_id`,`role_id`,`create_time`,`deleted`) VALUES(1142,147,100,'2026-05-29 22:11:26',0);
INSERT INTO `t_user_role`(`id`,`user_id`,`role_id`,`create_time`,`deleted`) VALUES(1143,147,101,'2026-05-29 22:11:26',0);
INSERT INTO `t_user_role`(`id`,`user_id`,`role_id`,`create_time`,`deleted`) VALUES(1144,148,100,'2026-05-29 22:11:26',0);
INSERT INTO `t_user_role`(`id`,`user_id`,`role_id`,`create_time`,`deleted`) VALUES(1147,149,101,'2026-05-29 22:11:26',0);
INSERT INTO `t_user_role`(`id`,`user_id`,`role_id`,`create_time`,`deleted`) VALUES(1148,149,102,'2026-05-29 22:11:26',0);

USE `gov_user`;
DELETE FROM `t_role_menu` WHERE id >= 100;
INSERT INTO `t_role_menu`(`id`,`role_id`,`menu_id`,`create_time`,`deleted`) VALUES(100,100,1,'2026-05-29 22:11:26',0);
INSERT INTO `t_role_menu`(`id`,`role_id`,`menu_id`,`create_time`,`deleted`) VALUES(101,101,2,'2026-05-29 22:11:26',0);
INSERT INTO `t_role_menu`(`id`,`role_id`,`menu_id`,`create_time`,`deleted`) VALUES(102,102,3,'2026-05-29 22:11:26',0);
INSERT INTO `t_role_menu`(`id`,`role_id`,`menu_id`,`create_time`,`deleted`) VALUES(103,103,4,'2026-05-29 22:11:26',0);
INSERT INTO `t_role_menu`(`id`,`role_id`,`menu_id`,`create_time`,`deleted`) VALUES(104,104,5,'2026-05-29 22:11:26',0);
INSERT INTO `t_role_menu`(`id`,`role_id`,`menu_id`,`create_time`,`deleted`) VALUES(105,105,6,'2026-05-29 22:11:26',0);
INSERT INTO `t_role_menu`(`id`,`role_id`,`menu_id`,`create_time`,`deleted`) VALUES(106,106,7,'2026-05-29 22:11:26',0);
INSERT INTO `t_role_menu`(`id`,`role_id`,`menu_id`,`create_time`,`deleted`) VALUES(107,107,8,'2026-05-29 22:11:26',0);
INSERT INTO `t_role_menu`(`id`,`role_id`,`menu_id`,`create_time`,`deleted`) VALUES(108,100,9,'2026-05-29 22:11:26',0);
INSERT INTO `t_role_menu`(`id`,`role_id`,`menu_id`,`create_time`,`deleted`) VALUES(109,101,10,'2026-05-29 22:11:26',0);
INSERT INTO `t_role_menu`(`id`,`role_id`,`menu_id`,`create_time`,`deleted`) VALUES(110,102,11,'2026-05-29 22:11:26',0);
INSERT INTO `t_role_menu`(`id`,`role_id`,`menu_id`,`create_time`,`deleted`) VALUES(111,103,12,'2026-05-29 22:11:26',0);
INSERT INTO `t_role_menu`(`id`,`role_id`,`menu_id`,`create_time`,`deleted`) VALUES(112,104,13,'2026-05-29 22:11:26',0);
INSERT INTO `t_role_menu`(`id`,`role_id`,`menu_id`,`create_time`,`deleted`) VALUES(113,105,1,'2026-05-29 22:11:26',0);
INSERT INTO `t_role_menu`(`id`,`role_id`,`menu_id`,`create_time`,`deleted`) VALUES(114,106,2,'2026-05-29 22:11:26',0);
INSERT INTO `t_role_menu`(`id`,`role_id`,`menu_id`,`create_time`,`deleted`) VALUES(115,107,3,'2026-05-29 22:11:26',0);
INSERT INTO `t_role_menu`(`id`,`role_id`,`menu_id`,`create_time`,`deleted`) VALUES(116,100,4,'2026-05-29 22:11:26',0);
INSERT INTO `t_role_menu`(`id`,`role_id`,`menu_id`,`create_time`,`deleted`) VALUES(117,101,5,'2026-05-29 22:11:26',0);
INSERT INTO `t_role_menu`(`id`,`role_id`,`menu_id`,`create_time`,`deleted`) VALUES(118,102,6,'2026-05-29 22:11:26',0);
INSERT INTO `t_role_menu`(`id`,`role_id`,`menu_id`,`create_time`,`deleted`) VALUES(119,103,7,'2026-05-29 22:11:26',0);
INSERT INTO `t_role_menu`(`id`,`role_id`,`menu_id`,`create_time`,`deleted`) VALUES(120,104,8,'2026-05-29 22:11:26',0);
INSERT INTO `t_role_menu`(`id`,`role_id`,`menu_id`,`create_time`,`deleted`) VALUES(121,105,9,'2026-05-29 22:11:26',0);
INSERT INTO `t_role_menu`(`id`,`role_id`,`menu_id`,`create_time`,`deleted`) VALUES(122,106,10,'2026-05-29 22:11:26',0);
INSERT INTO `t_role_menu`(`id`,`role_id`,`menu_id`,`create_time`,`deleted`) VALUES(123,107,11,'2026-05-29 22:11:26',0);
INSERT INTO `t_role_menu`(`id`,`role_id`,`menu_id`,`create_time`,`deleted`) VALUES(124,100,12,'2026-05-29 22:11:26',0);
INSERT INTO `t_role_menu`(`id`,`role_id`,`menu_id`,`create_time`,`deleted`) VALUES(125,101,13,'2026-05-29 22:11:26',0);
INSERT INTO `t_role_menu`(`id`,`role_id`,`menu_id`,`create_time`,`deleted`) VALUES(126,102,1,'2026-05-29 22:11:26',0);
INSERT INTO `t_role_menu`(`id`,`role_id`,`menu_id`,`create_time`,`deleted`) VALUES(127,103,2,'2026-05-29 22:11:26',0);
INSERT INTO `t_role_menu`(`id`,`role_id`,`menu_id`,`create_time`,`deleted`) VALUES(128,104,3,'2026-05-29 22:11:26',0);
INSERT INTO `t_role_menu`(`id`,`role_id`,`menu_id`,`create_time`,`deleted`) VALUES(129,105,4,'2026-05-29 22:11:26',0);
INSERT INTO `t_role_menu`(`id`,`role_id`,`menu_id`,`create_time`,`deleted`) VALUES(130,106,5,'2026-05-29 22:11:26',0);
INSERT INTO `t_role_menu`(`id`,`role_id`,`menu_id`,`create_time`,`deleted`) VALUES(131,107,6,'2026-05-29 22:11:26',0);
INSERT INTO `t_role_menu`(`id`,`role_id`,`menu_id`,`create_time`,`deleted`) VALUES(132,100,7,'2026-05-29 22:11:26',0);
INSERT INTO `t_role_menu`(`id`,`role_id`,`menu_id`,`create_time`,`deleted`) VALUES(133,101,8,'2026-05-29 22:11:26',0);
INSERT INTO `t_role_menu`(`id`,`role_id`,`menu_id`,`create_time`,`deleted`) VALUES(134,102,9,'2026-05-29 22:11:26',0);
INSERT INTO `t_role_menu`(`id`,`role_id`,`menu_id`,`create_time`,`deleted`) VALUES(135,103,10,'2026-05-29 22:11:26',0);
INSERT INTO `t_role_menu`(`id`,`role_id`,`menu_id`,`create_time`,`deleted`) VALUES(136,104,11,'2026-05-29 22:11:26',0);
INSERT INTO `t_role_menu`(`id`,`role_id`,`menu_id`,`create_time`,`deleted`) VALUES(137,105,12,'2026-05-29 22:11:26',0);
INSERT INTO `t_role_menu`(`id`,`role_id`,`menu_id`,`create_time`,`deleted`) VALUES(138,106,13,'2026-05-29 22:11:26',0);
INSERT INTO `t_role_menu`(`id`,`role_id`,`menu_id`,`create_time`,`deleted`) VALUES(139,107,1,'2026-05-29 22:11:26',0);
INSERT INTO `t_role_menu`(`id`,`role_id`,`menu_id`,`create_time`,`deleted`) VALUES(140,100,2,'2026-05-29 22:11:26',0);
INSERT INTO `t_role_menu`(`id`,`role_id`,`menu_id`,`create_time`,`deleted`) VALUES(141,101,3,'2026-05-29 22:11:26',0);
INSERT INTO `t_role_menu`(`id`,`role_id`,`menu_id`,`create_time`,`deleted`) VALUES(142,102,4,'2026-05-29 22:11:26',0);
INSERT INTO `t_role_menu`(`id`,`role_id`,`menu_id`,`create_time`,`deleted`) VALUES(143,103,5,'2026-05-29 22:11:26',0);
INSERT INTO `t_role_menu`(`id`,`role_id`,`menu_id`,`create_time`,`deleted`) VALUES(144,104,6,'2026-05-29 22:11:26',0);
INSERT INTO `t_role_menu`(`id`,`role_id`,`menu_id`,`create_time`,`deleted`) VALUES(145,105,7,'2026-05-29 22:11:26',0);
INSERT INTO `t_role_menu`(`id`,`role_id`,`menu_id`,`create_time`,`deleted`) VALUES(146,106,8,'2026-05-29 22:11:26',0);
INSERT INTO `t_role_menu`(`id`,`role_id`,`menu_id`,`create_time`,`deleted`) VALUES(147,107,9,'2026-05-29 22:11:26',0);
INSERT INTO `t_role_menu`(`id`,`role_id`,`menu_id`,`create_time`,`deleted`) VALUES(148,100,10,'2026-05-29 22:11:26',0);
INSERT INTO `t_role_menu`(`id`,`role_id`,`menu_id`,`create_time`,`deleted`) VALUES(149,101,11,'2026-05-29 22:11:26',0);
INSERT INTO `t_role_menu`(`id`,`role_id`,`menu_id`,`create_time`,`deleted`) VALUES(150,102,12,'2026-05-29 22:11:26',0);
INSERT INTO `t_role_menu`(`id`,`role_id`,`menu_id`,`create_time`,`deleted`) VALUES(151,103,13,'2026-05-29 22:11:26',0);
INSERT INTO `t_role_menu`(`id`,`role_id`,`menu_id`,`create_time`,`deleted`) VALUES(152,104,1,'2026-05-29 22:11:26',0);
INSERT INTO `t_role_menu`(`id`,`role_id`,`menu_id`,`create_time`,`deleted`) VALUES(153,105,2,'2026-05-29 22:11:26',0);
INSERT INTO `t_role_menu`(`id`,`role_id`,`menu_id`,`create_time`,`deleted`) VALUES(154,106,3,'2026-05-29 22:11:26',0);
INSERT INTO `t_role_menu`(`id`,`role_id`,`menu_id`,`create_time`,`deleted`) VALUES(155,107,4,'2026-05-29 22:11:26',0);
INSERT INTO `t_role_menu`(`id`,`role_id`,`menu_id`,`create_time`,`deleted`) VALUES(156,100,5,'2026-05-29 22:11:26',0);
INSERT INTO `t_role_menu`(`id`,`role_id`,`menu_id`,`create_time`,`deleted`) VALUES(157,101,6,'2026-05-29 22:11:26',0);
INSERT INTO `t_role_menu`(`id`,`role_id`,`menu_id`,`create_time`,`deleted`) VALUES(158,102,7,'2026-05-29 22:11:26',0);
INSERT INTO `t_role_menu`(`id`,`role_id`,`menu_id`,`create_time`,`deleted`) VALUES(159,103,8,'2026-05-29 22:11:26',0);
INSERT INTO `t_role_menu`(`id`,`role_id`,`menu_id`,`create_time`,`deleted`) VALUES(160,104,9,'2026-05-29 22:11:26',0);
INSERT INTO `t_role_menu`(`id`,`role_id`,`menu_id`,`create_time`,`deleted`) VALUES(161,105,10,'2026-05-29 22:11:26',0);
INSERT INTO `t_role_menu`(`id`,`role_id`,`menu_id`,`create_time`,`deleted`) VALUES(162,106,11,'2026-05-29 22:11:26',0);
INSERT INTO `t_role_menu`(`id`,`role_id`,`menu_id`,`create_time`,`deleted`) VALUES(163,107,12,'2026-05-29 22:11:26',0);
INSERT INTO `t_role_menu`(`id`,`role_id`,`menu_id`,`create_time`,`deleted`) VALUES(164,100,13,'2026-05-29 22:11:26',0);
INSERT INTO `t_role_menu`(`id`,`role_id`,`menu_id`,`create_time`,`deleted`) VALUES(165,101,1,'2026-05-29 22:11:26',0);
INSERT INTO `t_role_menu`(`id`,`role_id`,`menu_id`,`create_time`,`deleted`) VALUES(166,102,2,'2026-05-29 22:11:26',0);
INSERT INTO `t_role_menu`(`id`,`role_id`,`menu_id`,`create_time`,`deleted`) VALUES(167,103,3,'2026-05-29 22:11:26',0);
INSERT INTO `t_role_menu`(`id`,`role_id`,`menu_id`,`create_time`,`deleted`) VALUES(168,104,4,'2026-05-29 22:11:26',0);
INSERT INTO `t_role_menu`(`id`,`role_id`,`menu_id`,`create_time`,`deleted`) VALUES(169,105,5,'2026-05-29 22:11:26',0);
INSERT INTO `t_role_menu`(`id`,`role_id`,`menu_id`,`create_time`,`deleted`) VALUES(170,106,6,'2026-05-29 22:11:26',0);
INSERT INTO `t_role_menu`(`id`,`role_id`,`menu_id`,`create_time`,`deleted`) VALUES(171,107,7,'2026-05-29 22:11:26',0);
INSERT INTO `t_role_menu`(`id`,`role_id`,`menu_id`,`create_time`,`deleted`) VALUES(172,100,8,'2026-05-29 22:11:26',0);
INSERT INTO `t_role_menu`(`id`,`role_id`,`menu_id`,`create_time`,`deleted`) VALUES(173,101,9,'2026-05-29 22:11:26',0);
INSERT INTO `t_role_menu`(`id`,`role_id`,`menu_id`,`create_time`,`deleted`) VALUES(174,102,10,'2026-05-29 22:11:26',0);
INSERT INTO `t_role_menu`(`id`,`role_id`,`menu_id`,`create_time`,`deleted`) VALUES(175,103,11,'2026-05-29 22:11:26',0);
INSERT INTO `t_role_menu`(`id`,`role_id`,`menu_id`,`create_time`,`deleted`) VALUES(176,104,12,'2026-05-29 22:11:26',0);
INSERT INTO `t_role_menu`(`id`,`role_id`,`menu_id`,`create_time`,`deleted`) VALUES(177,105,13,'2026-05-29 22:11:26',0);
INSERT INTO `t_role_menu`(`id`,`role_id`,`menu_id`,`create_time`,`deleted`) VALUES(178,106,1,'2026-05-29 22:11:26',0);
INSERT INTO `t_role_menu`(`id`,`role_id`,`menu_id`,`create_time`,`deleted`) VALUES(179,107,2,'2026-05-29 22:11:26',0);

USE `gov_user`;
DELETE FROM `t_config` WHERE id >= 100;
INSERT INTO `t_config`(`id`,`config_key`,`config_value`,`config_type`,`remark`,`create_time`,`update_time`,`create_by`,`update_by`,`deleted`) VALUES(100,'SYS_NAME','智慧政务平台','system','系统名称','2025-06-28 22:11:26','2025-06-28 22:11:26',1,1,0);
INSERT INTO `t_config`(`id`,`config_key`,`config_value`,`config_type`,`remark`,`create_time`,`update_time`,`create_by`,`update_by`,`deleted`) VALUES(101,'SYS_LOGO','/logo.png','system','系统LOGO','2025-06-28 22:11:26','2025-06-28 22:11:26',1,1,0);
INSERT INTO `t_config`(`id`,`config_key`,`config_value`,`config_type`,`remark`,`create_time`,`update_time`,`create_by`,`update_by`,`deleted`) VALUES(102,'SMS_PROVIDER','aliyun','sms','短信通道','2025-06-28 22:11:26','2025-06-28 22:11:26',1,1,0);
INSERT INTO `t_config`(`id`,`config_key`,`config_value`,`config_type`,`remark`,`create_time`,`update_time`,`create_by`,`update_by`,`deleted`) VALUES(103,'EMAIL_HOST','smtp.gov.cn','email','邮件服务器','2025-06-28 22:11:26','2025-06-28 22:11:26',1,1,0);
INSERT INTO `t_config`(`id`,`config_key`,`config_value`,`config_type`,`remark`,`create_time`,`update_time`,`create_by`,`update_by`,`deleted`) VALUES(104,'AUDIT_TIMEOUT','72','workflow','审批超时','2025-06-28 22:11:26','2025-06-28 22:11:26',1,1,0);
INSERT INTO `t_config`(`id`,`config_key`,`config_value`,`config_type`,`remark`,`create_time`,`update_time`,`create_by`,`update_by`,`deleted`) VALUES(105,'QUEUE_MAX','50','reception','排队上限','2025-06-28 22:11:26','2025-06-28 22:11:26',1,1,0);
INSERT INTO `t_config`(`id`,`config_key`,`config_value`,`config_type`,`remark`,`create_time`,`update_time`,`create_by`,`update_by`,`deleted`) VALUES(106,'LICENSE_SEAL_KEY','seal_key_001','license','签章密钥','2025-06-28 22:11:26','2025-06-28 22:11:26',1,1,0);
INSERT INTO `t_config`(`id`,`config_key`,`config_value`,`config_type`,`remark`,`create_time`,`update_time`,`create_by`,`update_by`,`deleted`) VALUES(107,'FILE_MAX_SIZE','10485760','system','文件上限','2025-06-28 22:11:26','2025-06-28 22:11:26',1,1,0);
INSERT INTO `t_config`(`id`,`config_key`,`config_value`,`config_type`,`remark`,`create_time`,`update_time`,`create_by`,`update_by`,`deleted`) VALUES(108,'LOGIN_MAX_RETRY','5','security','重试上限','2025-06-28 22:11:26','2025-06-28 22:11:26',1,1,0);
INSERT INTO `t_config`(`id`,`config_key`,`config_value`,`config_type`,`remark`,`create_time`,`update_time`,`create_by`,`update_by`,`deleted`) VALUES(109,'TOKEN_EXPIRE','7200','security','过期秒数','2025-06-28 22:11:26','2025-06-28 22:11:26',1,1,0);

USE `gov_user`;
DELETE FROM `t_dict_data` WHERE id >= 100;
INSERT INTO `t_dict_data`(`id`,`dict_type`,`dict_code`,`dict_name`,`dict_value`,`parent_code`,`sort`,`remark`,`status`,`create_time`,`update_time`,`create_by`,`update_by`,`deleted`) VALUES(100,'ITEM_TYPE','ITEM_TYPE_1','ITEM_TYPE-值1','1','0',1,'ITEM_TYPE字典',1,'2026-05-29 22:11:26','2026-05-29 22:11:26',1,1,0);
INSERT INTO `t_dict_data`(`id`,`dict_type`,`dict_code`,`dict_name`,`dict_value`,`parent_code`,`sort`,`remark`,`status`,`create_time`,`update_time`,`create_by`,`update_by`,`deleted`) VALUES(101,'ITEM_TYPE','ITEM_TYPE_2','ITEM_TYPE-值2','2','0',2,'ITEM_TYPE字典',1,'2026-05-29 22:11:26','2026-05-29 22:11:26',1,1,0);
INSERT INTO `t_dict_data`(`id`,`dict_type`,`dict_code`,`dict_name`,`dict_value`,`parent_code`,`sort`,`remark`,`status`,`create_time`,`update_time`,`create_by`,`update_by`,`deleted`) VALUES(102,'ITEM_TYPE','ITEM_TYPE_3','ITEM_TYPE-值3','3','0',3,'ITEM_TYPE字典',1,'2026-05-29 22:11:26','2026-05-29 22:11:26',1,1,0);
INSERT INTO `t_dict_data`(`id`,`dict_type`,`dict_code`,`dict_name`,`dict_value`,`parent_code`,`sort`,`remark`,`status`,`create_time`,`update_time`,`create_by`,`update_by`,`deleted`) VALUES(103,'GENDER','GENDER_1','GENDER-值1','1','0',1,'GENDER字典',1,'2026-05-29 22:11:26','2026-05-29 22:11:26',1,1,0);
INSERT INTO `t_dict_data`(`id`,`dict_type`,`dict_code`,`dict_name`,`dict_value`,`parent_code`,`sort`,`remark`,`status`,`create_time`,`update_time`,`create_by`,`update_by`,`deleted`) VALUES(104,'GENDER','GENDER_2','GENDER-值2','2','0',2,'GENDER字典',1,'2026-05-29 22:11:26','2026-05-29 22:11:26',1,1,0);
INSERT INTO `t_dict_data`(`id`,`dict_type`,`dict_code`,`dict_name`,`dict_value`,`parent_code`,`sort`,`remark`,`status`,`create_time`,`update_time`,`create_by`,`update_by`,`deleted`) VALUES(105,'GENDER','GENDER_3','GENDER-值3','3','0',3,'GENDER字典',1,'2026-05-29 22:11:26','2026-05-29 22:11:26',1,1,0);
INSERT INTO `t_dict_data`(`id`,`dict_type`,`dict_code`,`dict_name`,`dict_value`,`parent_code`,`sort`,`remark`,`status`,`create_time`,`update_time`,`create_by`,`update_by`,`deleted`) VALUES(106,'COMPLAINT_TYPE','COMPLAINT_TYPE_1','COMPLAINT_TYPE-值1','1','0',1,'COMPLAINT_TYPE字典',1,'2026-05-29 22:11:26','2026-05-29 22:11:26',1,1,0);
INSERT INTO `t_dict_data`(`id`,`dict_type`,`dict_code`,`dict_name`,`dict_value`,`parent_code`,`sort`,`remark`,`status`,`create_time`,`update_time`,`create_by`,`update_by`,`deleted`) VALUES(107,'COMPLAINT_TYPE','COMPLAINT_TYPE_2','COMPLAINT_TYPE-值2','2','0',2,'COMPLAINT_TYPE字典',1,'2026-05-29 22:11:26','2026-05-29 22:11:26',1,1,0);
INSERT INTO `t_dict_data`(`id`,`dict_type`,`dict_code`,`dict_name`,`dict_value`,`parent_code`,`sort`,`remark`,`status`,`create_time`,`update_time`,`create_by`,`update_by`,`deleted`) VALUES(108,'COMPLAINT_TYPE','COMPLAINT_TYPE_3','COMPLAINT_TYPE-值3','3','0',3,'COMPLAINT_TYPE字典',1,'2026-05-29 22:11:26','2026-05-29 22:11:26',1,1,0);
INSERT INTO `t_dict_data`(`id`,`dict_type`,`dict_code`,`dict_name`,`dict_value`,`parent_code`,`sort`,`remark`,`status`,`create_time`,`update_time`,`create_by`,`update_by`,`deleted`) VALUES(109,'NOTICE_TYPE','NOTICE_TYPE_1','NOTICE_TYPE-值1','1','0',1,'NOTICE_TYPE字典',1,'2026-05-29 22:11:26','2026-05-29 22:11:26',1,1,0);
INSERT INTO `t_dict_data`(`id`,`dict_type`,`dict_code`,`dict_name`,`dict_value`,`parent_code`,`sort`,`remark`,`status`,`create_time`,`update_time`,`create_by`,`update_by`,`deleted`) VALUES(110,'NOTICE_TYPE','NOTICE_TYPE_2','NOTICE_TYPE-值2','2','0',2,'NOTICE_TYPE字典',1,'2026-05-29 22:11:26','2026-05-29 22:11:26',1,1,0);
INSERT INTO `t_dict_data`(`id`,`dict_type`,`dict_code`,`dict_name`,`dict_value`,`parent_code`,`sort`,`remark`,`status`,`create_time`,`update_time`,`create_by`,`update_by`,`deleted`) VALUES(111,'NOTICE_TYPE','NOTICE_TYPE_3','NOTICE_TYPE-值3','3','0',3,'NOTICE_TYPE字典',1,'2026-05-29 22:11:26','2026-05-29 22:11:26',1,1,0);
INSERT INTO `t_dict_data`(`id`,`dict_type`,`dict_code`,`dict_name`,`dict_value`,`parent_code`,`sort`,`remark`,`status`,`create_time`,`update_time`,`create_by`,`update_by`,`deleted`) VALUES(112,'POLICY_TYPE','POLICY_TYPE_1','POLICY_TYPE-值1','1','0',1,'POLICY_TYPE字典',1,'2026-05-29 22:11:26','2026-05-29 22:11:26',1,1,0);
INSERT INTO `t_dict_data`(`id`,`dict_type`,`dict_code`,`dict_name`,`dict_value`,`parent_code`,`sort`,`remark`,`status`,`create_time`,`update_time`,`create_by`,`update_by`,`deleted`) VALUES(113,'POLICY_TYPE','POLICY_TYPE_2','POLICY_TYPE-值2','2','0',2,'POLICY_TYPE字典',1,'2026-05-29 22:11:26','2026-05-29 22:11:26',1,1,0);
INSERT INTO `t_dict_data`(`id`,`dict_type`,`dict_code`,`dict_name`,`dict_value`,`parent_code`,`sort`,`remark`,`status`,`create_time`,`update_time`,`create_by`,`update_by`,`deleted`) VALUES(114,'POLICY_TYPE','POLICY_TYPE_3','POLICY_TYPE-值3','3','0',3,'POLICY_TYPE字典',1,'2026-05-29 22:11:26','2026-05-29 22:11:26',1,1,0);
INSERT INTO `t_dict_data`(`id`,`dict_type`,`dict_code`,`dict_name`,`dict_value`,`parent_code`,`sort`,`remark`,`status`,`create_time`,`update_time`,`create_by`,`update_by`,`deleted`) VALUES(115,'LICENSE_TYPE','LICENSE_TYPE_1','LICENSE_TYPE-值1','1','0',1,'LICENSE_TYPE字典',1,'2026-05-29 22:11:26','2026-05-29 22:11:26',1,1,0);
INSERT INTO `t_dict_data`(`id`,`dict_type`,`dict_code`,`dict_name`,`dict_value`,`parent_code`,`sort`,`remark`,`status`,`create_time`,`update_time`,`create_by`,`update_by`,`deleted`) VALUES(116,'LICENSE_TYPE','LICENSE_TYPE_2','LICENSE_TYPE-值2','2','0',2,'LICENSE_TYPE字典',1,'2026-05-29 22:11:26','2026-05-29 22:11:26',1,1,0);
INSERT INTO `t_dict_data`(`id`,`dict_type`,`dict_code`,`dict_name`,`dict_value`,`parent_code`,`sort`,`remark`,`status`,`create_time`,`update_time`,`create_by`,`update_by`,`deleted`) VALUES(117,'LICENSE_TYPE','LICENSE_TYPE_3','LICENSE_TYPE-值3','3','0',3,'LICENSE_TYPE字典',1,'2026-05-29 22:11:26','2026-05-29 22:11:26',1,1,0);
INSERT INTO `t_dict_data`(`id`,`dict_type`,`dict_code`,`dict_name`,`dict_value`,`parent_code`,`sort`,`remark`,`status`,`create_time`,`update_time`,`create_by`,`update_by`,`deleted`) VALUES(118,'QUEUE_STATUS','QUEUE_STATUS_1','QUEUE_STATUS-值1','1','0',1,'QUEUE_STATUS字典',1,'2026-05-29 22:11:26','2026-05-29 22:11:26',1,1,0);
INSERT INTO `t_dict_data`(`id`,`dict_type`,`dict_code`,`dict_name`,`dict_value`,`parent_code`,`sort`,`remark`,`status`,`create_time`,`update_time`,`create_by`,`update_by`,`deleted`) VALUES(119,'QUEUE_STATUS','QUEUE_STATUS_2','QUEUE_STATUS-值2','2','0',2,'QUEUE_STATUS字典',1,'2026-05-29 22:11:26','2026-05-29 22:11:26',1,1,0);
INSERT INTO `t_dict_data`(`id`,`dict_type`,`dict_code`,`dict_name`,`dict_value`,`parent_code`,`sort`,`remark`,`status`,`create_time`,`update_time`,`create_by`,`update_by`,`deleted`) VALUES(120,'QUEUE_STATUS','QUEUE_STATUS_3','QUEUE_STATUS-值3','3','0',3,'QUEUE_STATUS字典',1,'2026-05-29 22:11:26','2026-05-29 22:11:26',1,1,0);
INSERT INTO `t_dict_data`(`id`,`dict_type`,`dict_code`,`dict_name`,`dict_value`,`parent_code`,`sort`,`remark`,`status`,`create_time`,`update_time`,`create_by`,`update_by`,`deleted`) VALUES(121,'RECORD_STATUS','RECORD_STATUS_1','RECORD_STATUS-值1','1','0',1,'RECORD_STATUS字典',1,'2026-05-29 22:11:26','2026-05-29 22:11:26',1,1,0);
INSERT INTO `t_dict_data`(`id`,`dict_type`,`dict_code`,`dict_name`,`dict_value`,`parent_code`,`sort`,`remark`,`status`,`create_time`,`update_time`,`create_by`,`update_by`,`deleted`) VALUES(122,'RECORD_STATUS','RECORD_STATUS_2','RECORD_STATUS-值2','2','0',2,'RECORD_STATUS字典',1,'2026-05-29 22:11:26','2026-05-29 22:11:26',1,1,0);
INSERT INTO `t_dict_data`(`id`,`dict_type`,`dict_code`,`dict_name`,`dict_value`,`parent_code`,`sort`,`remark`,`status`,`create_time`,`update_time`,`create_by`,`update_by`,`deleted`) VALUES(123,'RECORD_STATUS','RECORD_STATUS_3','RECORD_STATUS-值3','3','0',3,'RECORD_STATUS字典',1,'2026-05-29 22:11:26','2026-05-29 22:11:26',1,1,0);
INSERT INTO `t_dict_data`(`id`,`dict_type`,`dict_code`,`dict_name`,`dict_value`,`parent_code`,`sort`,`remark`,`status`,`create_time`,`update_time`,`create_by`,`update_by`,`deleted`) VALUES(124,'WORK_STATUS','WORK_STATUS_1','WORK_STATUS-值1','1','0',1,'WORK_STATUS字典',1,'2026-05-29 22:11:26','2026-05-29 22:11:26',1,1,0);
INSERT INTO `t_dict_data`(`id`,`dict_type`,`dict_code`,`dict_name`,`dict_value`,`parent_code`,`sort`,`remark`,`status`,`create_time`,`update_time`,`create_by`,`update_by`,`deleted`) VALUES(125,'WORK_STATUS','WORK_STATUS_2','WORK_STATUS-值2','2','0',2,'WORK_STATUS字典',1,'2026-05-29 22:11:26','2026-05-29 22:11:26',1,1,0);
INSERT INTO `t_dict_data`(`id`,`dict_type`,`dict_code`,`dict_name`,`dict_value`,`parent_code`,`sort`,`remark`,`status`,`create_time`,`update_time`,`create_by`,`update_by`,`deleted`) VALUES(126,'WORK_STATUS','WORK_STATUS_3','WORK_STATUS-值3','3','0',3,'WORK_STATUS字典',1,'2026-05-29 22:11:26','2026-05-29 22:11:26',1,1,0);
INSERT INTO `t_dict_data`(`id`,`dict_type`,`dict_code`,`dict_name`,`dict_value`,`parent_code`,`sort`,`remark`,`status`,`create_time`,`update_time`,`create_by`,`update_by`,`deleted`) VALUES(127,'MSG_CHANNEL','MSG_CHANNEL_1','MSG_CHANNEL-值1','1','0',1,'MSG_CHANNEL字典',1,'2026-05-29 22:11:26','2026-05-29 22:11:26',1,1,0);
INSERT INTO `t_dict_data`(`id`,`dict_type`,`dict_code`,`dict_name`,`dict_value`,`parent_code`,`sort`,`remark`,`status`,`create_time`,`update_time`,`create_by`,`update_by`,`deleted`) VALUES(128,'MSG_CHANNEL','MSG_CHANNEL_2','MSG_CHANNEL-值2','2','0',2,'MSG_CHANNEL字典',1,'2026-05-29 22:11:26','2026-05-29 22:11:26',1,1,0);
INSERT INTO `t_dict_data`(`id`,`dict_type`,`dict_code`,`dict_name`,`dict_value`,`parent_code`,`sort`,`remark`,`status`,`create_time`,`update_time`,`create_by`,`update_by`,`deleted`) VALUES(129,'MSG_CHANNEL','MSG_CHANNEL_3','MSG_CHANNEL-值3','3','0',3,'MSG_CHANNEL字典',1,'2026-05-29 22:11:26','2026-05-29 22:11:26',1,1,0);

USE `gov_user`;
DELETE FROM `t_login_log` WHERE id >= 100;
INSERT INTO `t_login_log`(`id`,`user_id`,`username`,`login_ip`,`login_location`,`login_time`,`login_type`,`login_status`,`login_msg`,`create_time`,`deleted`) VALUES(100,102,'user120','192.168.69.17','北京','2026-06-16 22:11:26',3,1,NULL,'2026-06-12 22:11:26',0);
INSERT INTO `t_login_log`(`id`,`user_id`,`username`,`login_ip`,`login_location`,`login_time`,`login_type`,`login_status`,`login_msg`,`create_time`,`deleted`) VALUES(101,141,'user129','192.168.68.36','北京','2026-06-24 22:11:26',3,0,NULL,'2026-06-04 22:11:26',0);
INSERT INTO `t_login_log`(`id`,`user_id`,`username`,`login_ip`,`login_location`,`login_time`,`login_type`,`login_status`,`login_msg`,`create_time`,`deleted`) VALUES(102,127,'user137','192.168.93.57','北京','2026-06-16 22:11:26',3,1,'密码错误','2026-06-26 22:11:26',0);
INSERT INTO `t_login_log`(`id`,`user_id`,`username`,`login_ip`,`login_location`,`login_time`,`login_type`,`login_status`,`login_msg`,`create_time`,`deleted`) VALUES(103,107,'user109','192.168.41.203','广州','2026-06-08 22:11:26',3,1,NULL,'2026-06-08 22:11:26',0);
INSERT INTO `t_login_log`(`id`,`user_id`,`username`,`login_ip`,`login_location`,`login_time`,`login_type`,`login_status`,`login_msg`,`create_time`,`deleted`) VALUES(104,133,'user116','192.168.221.242','本地','2026-06-11 22:11:26',3,1,NULL,'2026-06-10 22:11:26',0);
INSERT INTO `t_login_log`(`id`,`user_id`,`username`,`login_ip`,`login_location`,`login_time`,`login_type`,`login_status`,`login_msg`,`create_time`,`deleted`) VALUES(105,117,'user149','192.168.88.29','上海','2026-06-08 22:11:26',2,1,NULL,'2026-06-04 22:11:26',0);
INSERT INTO `t_login_log`(`id`,`user_id`,`username`,`login_ip`,`login_location`,`login_time`,`login_type`,`login_status`,`login_msg`,`create_time`,`deleted`) VALUES(106,146,'user116','192.168.196.46','本地','2026-06-12 22:11:26',3,1,NULL,'2026-06-11 22:11:26',0);
INSERT INTO `t_login_log`(`id`,`user_id`,`username`,`login_ip`,`login_location`,`login_time`,`login_type`,`login_status`,`login_msg`,`create_time`,`deleted`) VALUES(107,112,'user109','192.168.196.42','本地','2026-06-17 22:11:26',3,1,NULL,'2026-06-24 22:11:26',0);
INSERT INTO `t_login_log`(`id`,`user_id`,`username`,`login_ip`,`login_location`,`login_time`,`login_type`,`login_status`,`login_msg`,`create_time`,`deleted`) VALUES(108,123,'user119','192.168.15.62','本地','2026-06-21 22:11:26',1,1,NULL,'2026-06-03 22:11:26',0);
INSERT INTO `t_login_log`(`id`,`user_id`,`username`,`login_ip`,`login_location`,`login_time`,`login_type`,`login_status`,`login_msg`,`create_time`,`deleted`) VALUES(109,149,'user108','192.168.169.122','北京','2026-06-24 22:11:26',2,0,NULL,'2026-06-14 22:11:26',0);
INSERT INTO `t_login_log`(`id`,`user_id`,`username`,`login_ip`,`login_location`,`login_time`,`login_type`,`login_status`,`login_msg`,`create_time`,`deleted`) VALUES(110,134,'user148','192.168.177.52','上海','2026-06-05 22:11:26',2,1,NULL,'2026-06-11 22:11:26',0);
INSERT INTO `t_login_log`(`id`,`user_id`,`username`,`login_ip`,`login_location`,`login_time`,`login_type`,`login_status`,`login_msg`,`create_time`,`deleted`) VALUES(111,107,'user115','192.168.17.87','本地','2026-06-21 22:11:26',3,0,NULL,'2026-06-20 22:11:26',0);
INSERT INTO `t_login_log`(`id`,`user_id`,`username`,`login_ip`,`login_location`,`login_time`,`login_type`,`login_status`,`login_msg`,`create_time`,`deleted`) VALUES(112,104,'user145','192.168.16.59','本地','2026-06-08 22:11:26',1,1,'密码错误','2026-06-20 22:11:26',0);
INSERT INTO `t_login_log`(`id`,`user_id`,`username`,`login_ip`,`login_location`,`login_time`,`login_type`,`login_status`,`login_msg`,`create_time`,`deleted`) VALUES(113,142,'user131','192.168.139.34','广州','2026-06-22 22:11:26',1,1,NULL,'2026-06-21 22:11:26',0);
INSERT INTO `t_login_log`(`id`,`user_id`,`username`,`login_ip`,`login_location`,`login_time`,`login_type`,`login_status`,`login_msg`,`create_time`,`deleted`) VALUES(114,106,'user142','192.168.91.109','广州','2026-06-15 22:11:26',2,1,NULL,'2026-06-07 22:11:26',0);
INSERT INTO `t_login_log`(`id`,`user_id`,`username`,`login_ip`,`login_location`,`login_time`,`login_type`,`login_status`,`login_msg`,`create_time`,`deleted`) VALUES(115,103,'user125','192.168.87.205','本地','2026-06-05 22:11:26',1,1,NULL,'2026-06-13 22:11:26',0);
INSERT INTO `t_login_log`(`id`,`user_id`,`username`,`login_ip`,`login_location`,`login_time`,`login_type`,`login_status`,`login_msg`,`create_time`,`deleted`) VALUES(116,127,'user111','192.168.119.64','本地','2026-06-20 22:11:26',2,0,'密码错误','2026-06-07 22:11:26',0);
INSERT INTO `t_login_log`(`id`,`user_id`,`username`,`login_ip`,`login_location`,`login_time`,`login_type`,`login_status`,`login_msg`,`create_time`,`deleted`) VALUES(117,100,'user105','192.168.193.218','北京','2026-05-30 22:11:26',1,1,NULL,'2026-06-21 22:11:26',0);
INSERT INTO `t_login_log`(`id`,`user_id`,`username`,`login_ip`,`login_location`,`login_time`,`login_type`,`login_status`,`login_msg`,`create_time`,`deleted`) VALUES(118,125,'user103','192.168.98.1','广州','2026-06-23 22:11:26',2,1,NULL,'2026-06-05 22:11:26',0);
INSERT INTO `t_login_log`(`id`,`user_id`,`username`,`login_ip`,`login_location`,`login_time`,`login_type`,`login_status`,`login_msg`,`create_time`,`deleted`) VALUES(119,135,'user142','192.168.125.40','北京','2026-06-06 22:11:26',2,1,NULL,'2026-06-09 22:11:26',0);
INSERT INTO `t_login_log`(`id`,`user_id`,`username`,`login_ip`,`login_location`,`login_time`,`login_type`,`login_status`,`login_msg`,`create_time`,`deleted`) VALUES(120,134,'user103','192.168.81.15','本地','2026-06-05 22:11:26',3,1,NULL,'2026-05-31 22:11:26',0);
INSERT INTO `t_login_log`(`id`,`user_id`,`username`,`login_ip`,`login_location`,`login_time`,`login_type`,`login_status`,`login_msg`,`create_time`,`deleted`) VALUES(121,110,'user103','192.168.131.21','北京','2026-05-29 22:11:26',1,0,'密码错误','2026-05-31 22:11:26',0);
INSERT INTO `t_login_log`(`id`,`user_id`,`username`,`login_ip`,`login_location`,`login_time`,`login_type`,`login_status`,`login_msg`,`create_time`,`deleted`) VALUES(122,125,'user107','192.168.228.146','北京','2026-05-29 22:11:26',3,0,'密码错误','2026-06-25 22:11:26',0);
INSERT INTO `t_login_log`(`id`,`user_id`,`username`,`login_ip`,`login_location`,`login_time`,`login_type`,`login_status`,`login_msg`,`create_time`,`deleted`) VALUES(123,142,'user137','192.168.134.81','上海','2026-06-10 22:11:26',1,1,NULL,'2026-06-15 22:11:26',0);
INSERT INTO `t_login_log`(`id`,`user_id`,`username`,`login_ip`,`login_location`,`login_time`,`login_type`,`login_status`,`login_msg`,`create_time`,`deleted`) VALUES(124,142,'user141','192.168.118.81','本地','2026-06-19 22:11:26',1,1,NULL,'2026-06-09 22:11:26',0);
INSERT INTO `t_login_log`(`id`,`user_id`,`username`,`login_ip`,`login_location`,`login_time`,`login_type`,`login_status`,`login_msg`,`create_time`,`deleted`) VALUES(125,104,'user134','192.168.130.68','北京','2026-06-22 22:11:26',2,1,NULL,'2026-06-16 22:11:26',0);
INSERT INTO `t_login_log`(`id`,`user_id`,`username`,`login_ip`,`login_location`,`login_time`,`login_type`,`login_status`,`login_msg`,`create_time`,`deleted`) VALUES(126,110,'user128','192.168.140.181','上海','2026-06-02 22:11:26',3,0,'密码错误','2026-06-01 22:11:26',0);
INSERT INTO `t_login_log`(`id`,`user_id`,`username`,`login_ip`,`login_location`,`login_time`,`login_type`,`login_status`,`login_msg`,`create_time`,`deleted`) VALUES(127,119,'user142','192.168.241.225','北京','2026-06-25 22:11:26',2,1,NULL,'2026-06-04 22:11:26',0);
INSERT INTO `t_login_log`(`id`,`user_id`,`username`,`login_ip`,`login_location`,`login_time`,`login_type`,`login_status`,`login_msg`,`create_time`,`deleted`) VALUES(128,109,'user117','192.168.155.54','上海','2026-06-19 22:11:26',1,1,NULL,'2026-06-19 22:11:26',0);
INSERT INTO `t_login_log`(`id`,`user_id`,`username`,`login_ip`,`login_location`,`login_time`,`login_type`,`login_status`,`login_msg`,`create_time`,`deleted`) VALUES(129,103,'user105','192.168.109.213','上海','2026-06-08 22:11:26',1,1,NULL,'2026-06-23 22:11:26',0);
INSERT INTO `t_login_log`(`id`,`user_id`,`username`,`login_ip`,`login_location`,`login_time`,`login_type`,`login_status`,`login_msg`,`create_time`,`deleted`) VALUES(130,116,'user110','192.168.114.142','广州','2026-06-05 22:11:26',3,1,NULL,'2026-05-30 22:11:26',0);
INSERT INTO `t_login_log`(`id`,`user_id`,`username`,`login_ip`,`login_location`,`login_time`,`login_type`,`login_status`,`login_msg`,`create_time`,`deleted`) VALUES(131,109,'user134','192.168.214.95','北京','2026-06-27 22:11:26',2,1,'密码错误','2026-06-16 22:11:26',0);
INSERT INTO `t_login_log`(`id`,`user_id`,`username`,`login_ip`,`login_location`,`login_time`,`login_type`,`login_status`,`login_msg`,`create_time`,`deleted`) VALUES(132,102,'user122','192.168.175.64','本地','2026-06-22 22:11:26',2,0,NULL,'2026-06-14 22:11:26',0);
INSERT INTO `t_login_log`(`id`,`user_id`,`username`,`login_ip`,`login_location`,`login_time`,`login_type`,`login_status`,`login_msg`,`create_time`,`deleted`) VALUES(133,147,'user109','192.168.239.61','北京','2026-05-30 22:11:26',1,1,'密码错误','2026-06-04 22:11:26',0);
INSERT INTO `t_login_log`(`id`,`user_id`,`username`,`login_ip`,`login_location`,`login_time`,`login_type`,`login_status`,`login_msg`,`create_time`,`deleted`) VALUES(134,121,'user126','192.168.172.222','北京','2026-06-03 22:11:26',2,1,NULL,'2026-06-24 22:11:26',0);
INSERT INTO `t_login_log`(`id`,`user_id`,`username`,`login_ip`,`login_location`,`login_time`,`login_type`,`login_status`,`login_msg`,`create_time`,`deleted`) VALUES(135,102,'user130','192.168.52.210','广州','2026-06-21 22:11:26',2,1,NULL,'2026-05-31 22:11:26',0);
INSERT INTO `t_login_log`(`id`,`user_id`,`username`,`login_ip`,`login_location`,`login_time`,`login_type`,`login_status`,`login_msg`,`create_time`,`deleted`) VALUES(136,114,'user101','192.168.50.103','上海','2026-06-07 22:11:26',2,1,NULL,'2026-06-19 22:11:26',0);
INSERT INTO `t_login_log`(`id`,`user_id`,`username`,`login_ip`,`login_location`,`login_time`,`login_type`,`login_status`,`login_msg`,`create_time`,`deleted`) VALUES(137,141,'user132','192.168.174.252','上海','2026-06-16 22:11:26',1,1,NULL,'2026-06-19 22:11:26',0);
INSERT INTO `t_login_log`(`id`,`user_id`,`username`,`login_ip`,`login_location`,`login_time`,`login_type`,`login_status`,`login_msg`,`create_time`,`deleted`) VALUES(138,137,'user116','192.168.28.153','广州','2026-06-27 22:11:26',2,1,NULL,'2026-06-11 22:11:26',0);
INSERT INTO `t_login_log`(`id`,`user_id`,`username`,`login_ip`,`login_location`,`login_time`,`login_type`,`login_status`,`login_msg`,`create_time`,`deleted`) VALUES(139,124,'user136','192.168.66.12','广州','2026-06-22 22:11:26',1,0,NULL,'2026-06-10 22:11:26',0);
INSERT INTO `t_login_log`(`id`,`user_id`,`username`,`login_ip`,`login_location`,`login_time`,`login_type`,`login_status`,`login_msg`,`create_time`,`deleted`) VALUES(140,146,'user147','192.168.172.51','上海','2026-06-05 22:11:26',2,1,NULL,'2026-05-29 22:11:26',0);
INSERT INTO `t_login_log`(`id`,`user_id`,`username`,`login_ip`,`login_location`,`login_time`,`login_type`,`login_status`,`login_msg`,`create_time`,`deleted`) VALUES(141,139,'user120','192.168.218.32','上海','2026-06-07 22:11:26',3,1,NULL,'2026-06-17 22:11:26',0);
INSERT INTO `t_login_log`(`id`,`user_id`,`username`,`login_ip`,`login_location`,`login_time`,`login_type`,`login_status`,`login_msg`,`create_time`,`deleted`) VALUES(142,144,'user118','192.168.33.50','广州','2026-06-11 22:11:26',3,1,NULL,'2026-05-30 22:11:26',0);
INSERT INTO `t_login_log`(`id`,`user_id`,`username`,`login_ip`,`login_location`,`login_time`,`login_type`,`login_status`,`login_msg`,`create_time`,`deleted`) VALUES(143,139,'user136','192.168.104.141','本地','2026-06-19 22:11:26',2,1,NULL,'2026-06-02 22:11:26',0);
INSERT INTO `t_login_log`(`id`,`user_id`,`username`,`login_ip`,`login_location`,`login_time`,`login_type`,`login_status`,`login_msg`,`create_time`,`deleted`) VALUES(144,138,'user141','192.168.120.114','广州','2026-06-18 22:11:26',3,1,NULL,'2026-06-02 22:11:26',0);
INSERT INTO `t_login_log`(`id`,`user_id`,`username`,`login_ip`,`login_location`,`login_time`,`login_type`,`login_status`,`login_msg`,`create_time`,`deleted`) VALUES(145,147,'user110','192.168.22.73','上海','2026-06-07 22:11:26',1,1,NULL,'2026-06-20 22:11:26',0);
INSERT INTO `t_login_log`(`id`,`user_id`,`username`,`login_ip`,`login_location`,`login_time`,`login_type`,`login_status`,`login_msg`,`create_time`,`deleted`) VALUES(146,112,'user109','192.168.12.63','广州','2026-06-28 22:11:26',3,1,NULL,'2026-05-30 22:11:26',0);
INSERT INTO `t_login_log`(`id`,`user_id`,`username`,`login_ip`,`login_location`,`login_time`,`login_type`,`login_status`,`login_msg`,`create_time`,`deleted`) VALUES(147,136,'user112','192.168.179.99','广州','2026-06-06 22:11:26',2,1,NULL,'2026-06-05 22:11:26',0);
INSERT INTO `t_login_log`(`id`,`user_id`,`username`,`login_ip`,`login_location`,`login_time`,`login_type`,`login_status`,`login_msg`,`create_time`,`deleted`) VALUES(148,148,'user149','192.168.28.200','广州','2026-05-31 22:11:26',1,1,NULL,'2026-06-05 22:11:26',0);
INSERT INTO `t_login_log`(`id`,`user_id`,`username`,`login_ip`,`login_location`,`login_time`,`login_type`,`login_status`,`login_msg`,`create_time`,`deleted`) VALUES(149,129,'user103','192.168.64.235','本地','2026-06-11 22:11:26',2,1,NULL,'2026-06-06 22:11:26',0);
INSERT INTO `t_login_log`(`id`,`user_id`,`username`,`login_ip`,`login_location`,`login_time`,`login_type`,`login_status`,`login_msg`,`create_time`,`deleted`) VALUES(150,135,'user138','192.168.244.194','广州','2026-06-18 22:11:26',3,0,NULL,'2026-05-29 22:11:26',0);
INSERT INTO `t_login_log`(`id`,`user_id`,`username`,`login_ip`,`login_location`,`login_time`,`login_type`,`login_status`,`login_msg`,`create_time`,`deleted`) VALUES(151,128,'user110','192.168.221.122','广州','2026-06-05 22:11:26',2,1,NULL,'2026-06-19 22:11:26',0);
INSERT INTO `t_login_log`(`id`,`user_id`,`username`,`login_ip`,`login_location`,`login_time`,`login_type`,`login_status`,`login_msg`,`create_time`,`deleted`) VALUES(152,149,'user133','192.168.161.62','上海','2026-06-13 22:11:26',2,1,NULL,'2026-06-20 22:11:26',0);
INSERT INTO `t_login_log`(`id`,`user_id`,`username`,`login_ip`,`login_location`,`login_time`,`login_type`,`login_status`,`login_msg`,`create_time`,`deleted`) VALUES(153,121,'user120','192.168.139.21','北京','2026-05-31 22:11:26',1,1,NULL,'2026-06-23 22:11:26',0);
INSERT INTO `t_login_log`(`id`,`user_id`,`username`,`login_ip`,`login_location`,`login_time`,`login_type`,`login_status`,`login_msg`,`create_time`,`deleted`) VALUES(154,113,'user104','192.168.105.85','广州','2026-06-15 22:11:26',2,1,NULL,'2026-06-14 22:11:26',0);
INSERT INTO `t_login_log`(`id`,`user_id`,`username`,`login_ip`,`login_location`,`login_time`,`login_type`,`login_status`,`login_msg`,`create_time`,`deleted`) VALUES(155,149,'user137','192.168.179.6','广州','2026-05-29 22:11:26',2,1,NULL,'2026-06-18 22:11:26',0);
INSERT INTO `t_login_log`(`id`,`user_id`,`username`,`login_ip`,`login_location`,`login_time`,`login_type`,`login_status`,`login_msg`,`create_time`,`deleted`) VALUES(156,124,'user126','192.168.192.189','北京','2026-06-11 22:11:26',2,1,NULL,'2026-06-12 22:11:26',0);
INSERT INTO `t_login_log`(`id`,`user_id`,`username`,`login_ip`,`login_location`,`login_time`,`login_type`,`login_status`,`login_msg`,`create_time`,`deleted`) VALUES(157,124,'user121','192.168.174.205','广州','2026-06-07 22:11:26',3,1,NULL,'2026-05-29 22:11:26',0);
INSERT INTO `t_login_log`(`id`,`user_id`,`username`,`login_ip`,`login_location`,`login_time`,`login_type`,`login_status`,`login_msg`,`create_time`,`deleted`) VALUES(158,139,'user134','192.168.233.101','本地','2026-06-28 22:11:26',1,1,NULL,'2026-06-13 22:11:26',0);
INSERT INTO `t_login_log`(`id`,`user_id`,`username`,`login_ip`,`login_location`,`login_time`,`login_type`,`login_status`,`login_msg`,`create_time`,`deleted`) VALUES(159,103,'user116','192.168.84.55','广州','2026-06-16 22:11:26',2,1,NULL,'2026-06-15 22:11:26',0);
INSERT INTO `t_login_log`(`id`,`user_id`,`username`,`login_ip`,`login_location`,`login_time`,`login_type`,`login_status`,`login_msg`,`create_time`,`deleted`) VALUES(160,148,'user126','192.168.214.21','广州','2026-06-20 22:11:26',1,0,'密码错误','2026-06-16 22:11:26',0);
INSERT INTO `t_login_log`(`id`,`user_id`,`username`,`login_ip`,`login_location`,`login_time`,`login_type`,`login_status`,`login_msg`,`create_time`,`deleted`) VALUES(161,141,'user104','192.168.246.167','本地','2026-06-04 22:11:26',1,1,NULL,'2026-06-27 22:11:26',0);
INSERT INTO `t_login_log`(`id`,`user_id`,`username`,`login_ip`,`login_location`,`login_time`,`login_type`,`login_status`,`login_msg`,`create_time`,`deleted`) VALUES(162,109,'user115','192.168.122.172','本地','2026-06-24 22:11:26',3,1,NULL,'2026-06-19 22:11:26',0);
INSERT INTO `t_login_log`(`id`,`user_id`,`username`,`login_ip`,`login_location`,`login_time`,`login_type`,`login_status`,`login_msg`,`create_time`,`deleted`) VALUES(163,123,'user110','192.168.156.247','本地','2026-06-09 22:11:26',1,1,NULL,'2026-06-27 22:11:26',0);
INSERT INTO `t_login_log`(`id`,`user_id`,`username`,`login_ip`,`login_location`,`login_time`,`login_type`,`login_status`,`login_msg`,`create_time`,`deleted`) VALUES(164,119,'user136','192.168.233.246','广州','2026-06-07 22:11:26',2,1,'密码错误','2026-06-05 22:11:26',0);
INSERT INTO `t_login_log`(`id`,`user_id`,`username`,`login_ip`,`login_location`,`login_time`,`login_type`,`login_status`,`login_msg`,`create_time`,`deleted`) VALUES(165,140,'user115','192.168.179.198','上海','2026-06-25 22:11:26',3,0,NULL,'2026-06-02 22:11:26',0);
INSERT INTO `t_login_log`(`id`,`user_id`,`username`,`login_ip`,`login_location`,`login_time`,`login_type`,`login_status`,`login_msg`,`create_time`,`deleted`) VALUES(166,102,'user122','192.168.110.170','上海','2026-06-11 22:11:26',1,0,NULL,'2026-06-27 22:11:26',0);
INSERT INTO `t_login_log`(`id`,`user_id`,`username`,`login_ip`,`login_location`,`login_time`,`login_type`,`login_status`,`login_msg`,`create_time`,`deleted`) VALUES(167,126,'user131','192.168.111.246','上海','2026-06-25 22:11:26',3,1,NULL,'2026-06-14 22:11:26',0);
INSERT INTO `t_login_log`(`id`,`user_id`,`username`,`login_ip`,`login_location`,`login_time`,`login_type`,`login_status`,`login_msg`,`create_time`,`deleted`) VALUES(168,146,'user133','192.168.167.70','广州','2026-05-29 22:11:26',2,1,NULL,'2026-06-09 22:11:26',0);
INSERT INTO `t_login_log`(`id`,`user_id`,`username`,`login_ip`,`login_location`,`login_time`,`login_type`,`login_status`,`login_msg`,`create_time`,`deleted`) VALUES(169,120,'user115','192.168.240.23','上海','2026-06-02 22:11:26',2,1,NULL,'2026-06-09 22:11:26',0);
INSERT INTO `t_login_log`(`id`,`user_id`,`username`,`login_ip`,`login_location`,`login_time`,`login_type`,`login_status`,`login_msg`,`create_time`,`deleted`) VALUES(170,142,'user124','192.168.8.127','上海','2026-06-18 22:11:26',1,1,NULL,'2026-06-02 22:11:26',0);
INSERT INTO `t_login_log`(`id`,`user_id`,`username`,`login_ip`,`login_location`,`login_time`,`login_type`,`login_status`,`login_msg`,`create_time`,`deleted`) VALUES(171,121,'user117','192.168.153.180','上海','2026-05-31 22:11:26',3,1,NULL,'2026-06-21 22:11:26',0);
INSERT INTO `t_login_log`(`id`,`user_id`,`username`,`login_ip`,`login_location`,`login_time`,`login_type`,`login_status`,`login_msg`,`create_time`,`deleted`) VALUES(172,115,'user146','192.168.126.143','北京','2026-06-15 22:11:26',3,1,NULL,'2026-06-12 22:11:26',0);
INSERT INTO `t_login_log`(`id`,`user_id`,`username`,`login_ip`,`login_location`,`login_time`,`login_type`,`login_status`,`login_msg`,`create_time`,`deleted`) VALUES(173,101,'user105','192.168.57.104','北京','2026-06-19 22:11:26',2,0,NULL,'2026-06-10 22:11:26',0);
INSERT INTO `t_login_log`(`id`,`user_id`,`username`,`login_ip`,`login_location`,`login_time`,`login_type`,`login_status`,`login_msg`,`create_time`,`deleted`) VALUES(174,122,'user127','192.168.141.85','上海','2026-06-05 22:11:26',3,1,NULL,'2026-06-19 22:11:26',0);
INSERT INTO `t_login_log`(`id`,`user_id`,`username`,`login_ip`,`login_location`,`login_time`,`login_type`,`login_status`,`login_msg`,`create_time`,`deleted`) VALUES(175,107,'user146','192.168.81.31','北京','2026-06-22 22:11:26',1,1,NULL,'2026-06-19 22:11:26',0);
INSERT INTO `t_login_log`(`id`,`user_id`,`username`,`login_ip`,`login_location`,`login_time`,`login_type`,`login_status`,`login_msg`,`create_time`,`deleted`) VALUES(176,137,'user148','192.168.153.73','本地','2026-06-12 22:11:26',1,1,NULL,'2026-06-22 22:11:26',0);
INSERT INTO `t_login_log`(`id`,`user_id`,`username`,`login_ip`,`login_location`,`login_time`,`login_type`,`login_status`,`login_msg`,`create_time`,`deleted`) VALUES(177,100,'user145','192.168.33.71','本地','2026-06-11 22:11:26',1,0,NULL,'2026-06-23 22:11:26',0);
INSERT INTO `t_login_log`(`id`,`user_id`,`username`,`login_ip`,`login_location`,`login_time`,`login_type`,`login_status`,`login_msg`,`create_time`,`deleted`) VALUES(178,148,'user131','192.168.224.4','上海','2026-06-25 22:11:26',2,1,NULL,'2026-06-22 22:11:26',0);
INSERT INTO `t_login_log`(`id`,`user_id`,`username`,`login_ip`,`login_location`,`login_time`,`login_type`,`login_status`,`login_msg`,`create_time`,`deleted`) VALUES(179,116,'user130','192.168.211.17','广州','2026-06-25 22:11:26',2,1,NULL,'2026-06-06 22:11:26',0);
INSERT INTO `t_login_log`(`id`,`user_id`,`username`,`login_ip`,`login_location`,`login_time`,`login_type`,`login_status`,`login_msg`,`create_time`,`deleted`) VALUES(180,109,'user109','192.168.145.243','上海','2026-06-03 22:11:26',1,1,NULL,'2026-06-03 22:11:26',0);
INSERT INTO `t_login_log`(`id`,`user_id`,`username`,`login_ip`,`login_location`,`login_time`,`login_type`,`login_status`,`login_msg`,`create_time`,`deleted`) VALUES(181,138,'user138','192.168.159.58','广州','2026-06-03 22:11:26',2,1,NULL,'2026-06-09 22:11:26',0);
INSERT INTO `t_login_log`(`id`,`user_id`,`username`,`login_ip`,`login_location`,`login_time`,`login_type`,`login_status`,`login_msg`,`create_time`,`deleted`) VALUES(182,119,'user136','192.168.16.157','本地','2026-06-09 22:11:26',1,1,NULL,'2026-06-25 22:11:26',0);
INSERT INTO `t_login_log`(`id`,`user_id`,`username`,`login_ip`,`login_location`,`login_time`,`login_type`,`login_status`,`login_msg`,`create_time`,`deleted`) VALUES(183,115,'user111','192.168.20.41','本地','2026-06-11 22:11:26',2,1,NULL,'2026-06-12 22:11:26',0);
INSERT INTO `t_login_log`(`id`,`user_id`,`username`,`login_ip`,`login_location`,`login_time`,`login_type`,`login_status`,`login_msg`,`create_time`,`deleted`) VALUES(184,102,'user114','192.168.181.73','广州','2026-06-19 22:11:26',1,1,NULL,'2026-06-02 22:11:26',0);
INSERT INTO `t_login_log`(`id`,`user_id`,`username`,`login_ip`,`login_location`,`login_time`,`login_type`,`login_status`,`login_msg`,`create_time`,`deleted`) VALUES(185,140,'user137','192.168.206.240','北京','2026-06-07 22:11:26',2,1,NULL,'2026-06-07 22:11:26',0);
INSERT INTO `t_login_log`(`id`,`user_id`,`username`,`login_ip`,`login_location`,`login_time`,`login_type`,`login_status`,`login_msg`,`create_time`,`deleted`) VALUES(186,117,'user109','192.168.16.43','上海','2026-06-26 22:11:26',3,0,NULL,'2026-06-13 22:11:26',0);
INSERT INTO `t_login_log`(`id`,`user_id`,`username`,`login_ip`,`login_location`,`login_time`,`login_type`,`login_status`,`login_msg`,`create_time`,`deleted`) VALUES(187,129,'user144','192.168.180.104','上海','2026-06-19 22:11:26',3,0,NULL,'2026-06-25 22:11:26',0);
INSERT INTO `t_login_log`(`id`,`user_id`,`username`,`login_ip`,`login_location`,`login_time`,`login_type`,`login_status`,`login_msg`,`create_time`,`deleted`) VALUES(188,102,'user127','192.168.83.155','上海','2026-06-05 22:11:26',1,1,NULL,'2026-06-06 22:11:26',0);
INSERT INTO `t_login_log`(`id`,`user_id`,`username`,`login_ip`,`login_location`,`login_time`,`login_type`,`login_status`,`login_msg`,`create_time`,`deleted`) VALUES(189,136,'user137','192.168.6.196','上海','2026-05-29 22:11:26',3,1,NULL,'2026-06-22 22:11:26',0);
INSERT INTO `t_login_log`(`id`,`user_id`,`username`,`login_ip`,`login_location`,`login_time`,`login_type`,`login_status`,`login_msg`,`create_time`,`deleted`) VALUES(190,133,'user141','192.168.235.72','北京','2026-06-14 22:11:26',3,1,NULL,'2026-06-12 22:11:26',0);
INSERT INTO `t_login_log`(`id`,`user_id`,`username`,`login_ip`,`login_location`,`login_time`,`login_type`,`login_status`,`login_msg`,`create_time`,`deleted`) VALUES(191,130,'user122','192.168.86.83','本地','2026-06-15 22:11:26',1,1,NULL,'2026-06-12 22:11:26',0);
INSERT INTO `t_login_log`(`id`,`user_id`,`username`,`login_ip`,`login_location`,`login_time`,`login_type`,`login_status`,`login_msg`,`create_time`,`deleted`) VALUES(192,142,'user125','192.168.195.141','本地','2026-06-02 22:11:26',2,1,NULL,'2026-06-17 22:11:26',0);
INSERT INTO `t_login_log`(`id`,`user_id`,`username`,`login_ip`,`login_location`,`login_time`,`login_type`,`login_status`,`login_msg`,`create_time`,`deleted`) VALUES(193,149,'user125','192.168.132.212','本地','2026-06-01 22:11:26',3,0,NULL,'2026-06-26 22:11:26',0);
INSERT INTO `t_login_log`(`id`,`user_id`,`username`,`login_ip`,`login_location`,`login_time`,`login_type`,`login_status`,`login_msg`,`create_time`,`deleted`) VALUES(194,133,'user123','192.168.194.128','广州','2026-06-09 22:11:26',1,1,NULL,'2026-06-23 22:11:26',0);
INSERT INTO `t_login_log`(`id`,`user_id`,`username`,`login_ip`,`login_location`,`login_time`,`login_type`,`login_status`,`login_msg`,`create_time`,`deleted`) VALUES(195,118,'user128','192.168.179.125','本地','2026-05-31 22:11:26',1,0,NULL,'2026-06-05 22:11:26',0);
INSERT INTO `t_login_log`(`id`,`user_id`,`username`,`login_ip`,`login_location`,`login_time`,`login_type`,`login_status`,`login_msg`,`create_time`,`deleted`) VALUES(196,119,'user135','192.168.142.105','本地','2026-06-28 22:11:26',1,1,NULL,'2026-06-24 22:11:26',0);
INSERT INTO `t_login_log`(`id`,`user_id`,`username`,`login_ip`,`login_location`,`login_time`,`login_type`,`login_status`,`login_msg`,`create_time`,`deleted`) VALUES(197,109,'user131','192.168.184.75','上海','2026-05-30 22:11:26',2,1,NULL,'2026-06-20 22:11:26',0);
INSERT INTO `t_login_log`(`id`,`user_id`,`username`,`login_ip`,`login_location`,`login_time`,`login_type`,`login_status`,`login_msg`,`create_time`,`deleted`) VALUES(198,135,'user109','192.168.49.236','北京','2026-06-16 22:11:26',1,1,NULL,'2026-05-31 22:11:26',0);
INSERT INTO `t_login_log`(`id`,`user_id`,`username`,`login_ip`,`login_location`,`login_time`,`login_type`,`login_status`,`login_msg`,`create_time`,`deleted`) VALUES(199,121,'user132','192.168.211.1','上海','2026-06-20 22:11:26',3,1,NULL,'2026-06-09 22:11:26',0);

USE `gov_user`;
DELETE FROM `t_file_info` WHERE id >= 100;
INSERT INTO `t_file_info`(`id`,`file_name`,`file_path`,`file_type`,`file_size`,`upload_user`,`upload_time`,`business_type`,`business_id`,`create_time`,`deleted`) VALUES(100,'文件1.pdf','/files/2024/1.pdf','jpg',2502656,128,'2026-04-20 22:11:26','apply',144,'2026-05-16 22:11:26',0);
INSERT INTO `t_file_info`(`id`,`file_name`,`file_path`,`file_type`,`file_size`,`upload_user`,`upload_time`,`business_type`,`business_id`,`create_time`,`deleted`) VALUES(101,'文件2.pdf','/files/2024/2.pdf','png',9126912,124,'2026-04-30 22:11:26','complaint',124,'2026-03-30 22:11:26',0);
INSERT INTO `t_file_info`(`id`,`file_name`,`file_path`,`file_type`,`file_size`,`upload_user`,`upload_time`,`business_type`,`business_id`,`create_time`,`deleted`) VALUES(102,'文件3.pdf','/files/2024/3.pdf','pdf',9603072,124,'2026-05-29 22:11:26','apply',105,'2026-05-18 22:11:26',0);
INSERT INTO `t_file_info`(`id`,`file_name`,`file_path`,`file_type`,`file_size`,`upload_user`,`upload_time`,`business_type`,`business_id`,`create_time`,`deleted`) VALUES(103,'文件4.pdf','/files/2024/4.pdf','png',7945216,145,'2026-05-10 22:11:26','apply',184,'2026-04-05 22:11:26',0);
INSERT INTO `t_file_info`(`id`,`file_name`,`file_path`,`file_type`,`file_size`,`upload_user`,`upload_time`,`business_type`,`business_id`,`create_time`,`deleted`) VALUES(104,'文件5.pdf','/files/2024/5.pdf','pdf',8320000,102,'2026-06-11 22:11:26','complaint',112,'2026-05-02 22:11:26',0);
INSERT INTO `t_file_info`(`id`,`file_name`,`file_path`,`file_type`,`file_size`,`upload_user`,`upload_time`,`business_type`,`business_id`,`create_time`,`deleted`) VALUES(105,'文件6.pdf','/files/2024/6.pdf','pdf',8834048,129,'2026-06-26 22:11:26','license',152,'2026-04-05 22:11:26',0);
INSERT INTO `t_file_info`(`id`,`file_name`,`file_path`,`file_type`,`file_size`,`upload_user`,`upload_time`,`business_type`,`business_id`,`create_time`,`deleted`) VALUES(106,'文件7.pdf','/files/2024/7.pdf','pdf',1264640,130,'2026-05-25 22:11:26','complaint',179,'2026-03-31 22:11:26',0);
INSERT INTO `t_file_info`(`id`,`file_name`,`file_path`,`file_type`,`file_size`,`upload_user`,`upload_time`,`business_type`,`business_id`,`create_time`,`deleted`) VALUES(107,'文件8.pdf','/files/2024/8.pdf','jpg',1356800,121,'2026-04-02 22:11:26','apply',140,'2026-04-08 22:11:26',0);
INSERT INTO `t_file_info`(`id`,`file_name`,`file_path`,`file_type`,`file_size`,`upload_user`,`upload_time`,`business_type`,`business_id`,`create_time`,`deleted`) VALUES(108,'文件9.pdf','/files/2024/9.pdf','png',8196096,134,'2026-06-23 22:11:26','record',130,'2026-04-08 22:11:26',0);
INSERT INTO `t_file_info`(`id`,`file_name`,`file_path`,`file_type`,`file_size`,`upload_user`,`upload_time`,`business_type`,`business_id`,`create_time`,`deleted`) VALUES(109,'文件10.pdf','/files/2024/10.pdf','png',4831232,114,'2026-06-16 22:11:26','apply',112,'2026-04-07 22:11:26',0);
INSERT INTO `t_file_info`(`id`,`file_name`,`file_path`,`file_type`,`file_size`,`upload_user`,`upload_time`,`business_type`,`business_id`,`create_time`,`deleted`) VALUES(110,'文件11.pdf','/files/2024/11.pdf','png',1695744,128,'2026-06-06 22:11:26','complaint',103,'2026-06-22 22:11:26',0);
INSERT INTO `t_file_info`(`id`,`file_name`,`file_path`,`file_type`,`file_size`,`upload_user`,`upload_time`,`business_type`,`business_id`,`create_time`,`deleted`) VALUES(111,'文件12.pdf','/files/2024/12.pdf','jpg',951296,118,'2026-05-13 22:11:26','complaint',155,'2026-06-09 22:11:26',0);
INSERT INTO `t_file_info`(`id`,`file_name`,`file_path`,`file_type`,`file_size`,`upload_user`,`upload_time`,`business_type`,`business_id`,`create_time`,`deleted`) VALUES(112,'文件13.pdf','/files/2024/13.pdf','pdf',8921088,126,'2026-04-16 22:11:26','license',121,'2026-06-05 22:11:26',0);
INSERT INTO `t_file_info`(`id`,`file_name`,`file_path`,`file_type`,`file_size`,`upload_user`,`upload_time`,`business_type`,`business_id`,`create_time`,`deleted`) VALUES(113,'文件14.pdf','/files/2024/14.pdf','pdf',10234880,124,'2026-04-09 22:11:26','license',163,'2026-04-14 22:11:26',0);
INSERT INTO `t_file_info`(`id`,`file_name`,`file_path`,`file_type`,`file_size`,`upload_user`,`upload_time`,`business_type`,`business_id`,`create_time`,`deleted`) VALUES(114,'文件15.pdf','/files/2024/15.pdf','pdf',3905536,129,'2026-04-07 22:11:26','complaint',158,'2026-05-26 22:11:26',0);
INSERT INTO `t_file_info`(`id`,`file_name`,`file_path`,`file_type`,`file_size`,`upload_user`,`upload_time`,`business_type`,`business_id`,`create_time`,`deleted`) VALUES(115,'文件16.pdf','/files/2024/16.pdf','png',166912,129,'2026-05-22 22:11:26','license',109,'2026-05-02 22:11:26',0);
INSERT INTO `t_file_info`(`id`,`file_name`,`file_path`,`file_type`,`file_size`,`upload_user`,`upload_time`,`business_type`,`business_id`,`create_time`,`deleted`) VALUES(116,'文件17.pdf','/files/2024/17.pdf','jpg',9867264,119,'2026-04-07 22:11:26','apply',188,'2026-05-26 22:11:26',0);
INSERT INTO `t_file_info`(`id`,`file_name`,`file_path`,`file_type`,`file_size`,`upload_user`,`upload_time`,`business_type`,`business_id`,`create_time`,`deleted`) VALUES(117,'文件18.pdf','/files/2024/18.pdf','jpg',5078016,112,'2026-05-09 22:11:26','apply',113,'2026-05-28 22:11:26',0);
INSERT INTO `t_file_info`(`id`,`file_name`,`file_path`,`file_type`,`file_size`,`upload_user`,`upload_time`,`business_type`,`business_id`,`create_time`,`deleted`) VALUES(118,'文件19.pdf','/files/2024/19.pdf','jpg',9605120,122,'2026-04-15 22:11:26','complaint',189,'2026-05-21 22:11:26',0);
INSERT INTO `t_file_info`(`id`,`file_name`,`file_path`,`file_type`,`file_size`,`upload_user`,`upload_time`,`business_type`,`business_id`,`create_time`,`deleted`) VALUES(119,'文件20.pdf','/files/2024/20.pdf','pdf',6649856,117,'2026-06-26 22:11:26','record',177,'2026-04-25 22:11:26',0);

USE `gov_user`;
DELETE FROM `t_ca_certificate` WHERE id >= 100;
INSERT INTO `t_ca_certificate`(`id`,`user_id`,`cert_sn`,`cert_content`,`cert_type`,`issuer`,`expire_time`,`status`,`create_time`,`update_time`,`create_by`,`update_by`,`deleted`) VALUES(100,100,'CA-20240001','证书内容0',2,'CA中心','2028-05-19 00:00:00',1,'2026-02-06 22:11:26','2026-06-07 22:11:26',1,1,0);
INSERT INTO `t_ca_certificate`(`id`,`user_id`,`cert_sn`,`cert_content`,`cert_type`,`issuer`,`expire_time`,`status`,`create_time`,`update_time`,`create_by`,`update_by`,`deleted`) VALUES(101,103,'CA-20240002','证书内容1',1,'第三方CA','2027-10-24 00:00:00',1,'2026-03-20 22:11:26','2026-06-07 22:11:26',1,1,0);
INSERT INTO `t_ca_certificate`(`id`,`user_id`,`cert_sn`,`cert_content`,`cert_type`,`issuer`,`expire_time`,`status`,`create_time`,`update_time`,`create_by`,`update_by`,`deleted`) VALUES(102,106,'CA-20240003','证书内容2',1,'第三方CA','2026-08-17 00:00:00',1,'2025-12-22 22:11:26','2026-06-02 22:11:26',1,1,0);
INSERT INTO `t_ca_certificate`(`id`,`user_id`,`cert_sn`,`cert_content`,`cert_type`,`issuer`,`expire_time`,`status`,`create_time`,`update_time`,`create_by`,`update_by`,`deleted`) VALUES(103,109,'CA-20240004','证书内容3',2,'CA中心','2028-06-14 00:00:00',1,'2026-03-23 22:11:26','2026-06-25 22:11:26',1,1,0);
INSERT INTO `t_ca_certificate`(`id`,`user_id`,`cert_sn`,`cert_content`,`cert_type`,`issuer`,`expire_time`,`status`,`create_time`,`update_time`,`create_by`,`update_by`,`deleted`) VALUES(104,112,'CA-20240005','证书内容4',2,'数安中心','2028-09-25 00:00:00',1,'2026-03-01 22:11:26','2026-06-21 22:11:26',1,1,0);
INSERT INTO `t_ca_certificate`(`id`,`user_id`,`cert_sn`,`cert_content`,`cert_type`,`issuer`,`expire_time`,`status`,`create_time`,`update_time`,`create_by`,`update_by`,`deleted`) VALUES(105,115,'CA-20240006','证书内容5',1,'第三方CA','2028-06-16 00:00:00',1,'2025-08-31 22:11:26','2026-06-11 22:11:26',1,1,0);
INSERT INTO `t_ca_certificate`(`id`,`user_id`,`cert_sn`,`cert_content`,`cert_type`,`issuer`,`expire_time`,`status`,`create_time`,`update_time`,`create_by`,`update_by`,`deleted`) VALUES(106,118,'CA-20240007','证书内容6',2,'CA中心','2027-11-06 00:00:00',1,'2025-09-25 22:11:26','2026-06-02 22:11:26',1,1,0);
INSERT INTO `t_ca_certificate`(`id`,`user_id`,`cert_sn`,`cert_content`,`cert_type`,`issuer`,`expire_time`,`status`,`create_time`,`update_time`,`create_by`,`update_by`,`deleted`) VALUES(107,121,'CA-20240008','证书内容7',2,'第三方CA','2028-04-21 00:00:00',1,'2026-04-01 22:11:26','2026-06-13 22:11:26',1,1,0);
INSERT INTO `t_ca_certificate`(`id`,`user_id`,`cert_sn`,`cert_content`,`cert_type`,`issuer`,`expire_time`,`status`,`create_time`,`update_time`,`create_by`,`update_by`,`deleted`) VALUES(108,124,'CA-20240009','证书内容8',1,'CA中心','2027-09-03 00:00:00',1,'2025-11-07 22:11:26','2026-05-31 22:11:26',1,1,0);
INSERT INTO `t_ca_certificate`(`id`,`user_id`,`cert_sn`,`cert_content`,`cert_type`,`issuer`,`expire_time`,`status`,`create_time`,`update_time`,`create_by`,`update_by`,`deleted`) VALUES(109,127,'CA-20240010','证书内容9',3,'数安中心','2026-11-29 00:00:00',1,'2025-11-08 22:11:26','2026-06-27 22:11:26',1,1,0);
INSERT INTO `t_ca_certificate`(`id`,`user_id`,`cert_sn`,`cert_content`,`cert_type`,`issuer`,`expire_time`,`status`,`create_time`,`update_time`,`create_by`,`update_by`,`deleted`) VALUES(110,130,'CA-20240011','证书内容10',2,'第三方CA','2027-02-06 00:00:00',1,'2025-10-09 22:11:26','2026-06-16 22:11:26',1,1,0);
INSERT INTO `t_ca_certificate`(`id`,`user_id`,`cert_sn`,`cert_content`,`cert_type`,`issuer`,`expire_time`,`status`,`create_time`,`update_time`,`create_by`,`update_by`,`deleted`) VALUES(111,133,'CA-20240012','证书内容11',3,'第三方CA','2027-11-16 00:00:00',1,'2025-08-03 22:11:26','2026-06-15 22:11:26',1,1,0);
INSERT INTO `t_ca_certificate`(`id`,`user_id`,`cert_sn`,`cert_content`,`cert_type`,`issuer`,`expire_time`,`status`,`create_time`,`update_time`,`create_by`,`update_by`,`deleted`) VALUES(112,136,'CA-20240013','证书内容12',3,'数安中心','2027-01-05 00:00:00',1,'2026-01-30 22:11:26','2026-06-12 22:11:26',1,1,0);
INSERT INTO `t_ca_certificate`(`id`,`user_id`,`cert_sn`,`cert_content`,`cert_type`,`issuer`,`expire_time`,`status`,`create_time`,`update_time`,`create_by`,`update_by`,`deleted`) VALUES(113,139,'CA-20240014','证书内容13',1,'第三方CA','2028-03-30 00:00:00',1,'2025-07-21 22:11:26','2026-06-20 22:11:26',1,1,0);
INSERT INTO `t_ca_certificate`(`id`,`user_id`,`cert_sn`,`cert_content`,`cert_type`,`issuer`,`expire_time`,`status`,`create_time`,`update_time`,`create_by`,`update_by`,`deleted`) VALUES(114,142,'CA-20240015','证书内容14',3,'CA中心','2029-01-03 00:00:00',1,'2025-12-26 22:11:26','2026-06-07 22:11:26',1,1,0);

USE `gov_user`;
DELETE FROM `t_user_realname` WHERE id >= 100;
INSERT INTO `t_user_realname`(`id`,`user_id`,`real_name`,`id_card`,`cert_type`,`cert_front_url`,`cert_back_url`,`verify_status`,`verify_time`,`verify_by`,`verify_remark`,`create_time`,`update_time`,`deleted`) VALUES(100,100,'用户100','110101199001010100',2,'/files/front_100.jpg',NULL,1,'2026-06-18 22:11:26',101,'信息不一致','2026-06-12 22:11:26','2026-05-30 22:11:26',0);
INSERT INTO `t_user_realname`(`id`,`user_id`,`real_name`,`id_card`,`cert_type`,`cert_front_url`,`cert_back_url`,`verify_status`,`verify_time`,`verify_by`,`verify_remark`,`create_time`,`update_time`,`deleted`) VALUES(101,101,'用户101','110101199001010101',3,'/files/front_101.jpg',NULL,1,NULL,101,'信息不一致','2026-05-24 22:11:26','2026-06-14 22:11:26',0);
INSERT INTO `t_user_realname`(`id`,`user_id`,`real_name`,`id_card`,`cert_type`,`cert_front_url`,`cert_back_url`,`verify_status`,`verify_time`,`verify_by`,`verify_remark`,`create_time`,`update_time`,`deleted`) VALUES(102,102,'用户102','110101199001010102',3,'/files/front_102.jpg','/files/back_102.jpg',1,'2026-06-07 22:11:26',NULL,'信息不一致','2026-06-01 22:11:26','2026-06-19 22:11:26',0);
INSERT INTO `t_user_realname`(`id`,`user_id`,`real_name`,`id_card`,`cert_type`,`cert_front_url`,`cert_back_url`,`verify_status`,`verify_time`,`verify_by`,`verify_remark`,`create_time`,`update_time`,`deleted`) VALUES(103,103,'用户103','110101199001010103',1,'/files/front_103.jpg','/files/back_103.jpg',1,NULL,101,NULL,'2026-06-21 22:11:26','2026-06-06 22:11:26',0);
INSERT INTO `t_user_realname`(`id`,`user_id`,`real_name`,`id_card`,`cert_type`,`cert_front_url`,`cert_back_url`,`verify_status`,`verify_time`,`verify_by`,`verify_remark`,`create_time`,`update_time`,`deleted`) VALUES(104,104,'用户104','110101199001010104',2,'/files/front_104.jpg','/files/back_104.jpg',2,NULL,NULL,'信息不一致','2026-06-20 22:11:26','2026-05-31 22:11:26',0);
INSERT INTO `t_user_realname`(`id`,`user_id`,`real_name`,`id_card`,`cert_type`,`cert_front_url`,`cert_back_url`,`verify_status`,`verify_time`,`verify_by`,`verify_remark`,`create_time`,`update_time`,`deleted`) VALUES(105,105,'用户105','110101199001010105',2,'/files/front_105.jpg',NULL,1,'2026-06-08 22:11:26',101,'信息不一致','2026-06-06 22:11:26','2026-06-20 22:11:26',0);
INSERT INTO `t_user_realname`(`id`,`user_id`,`real_name`,`id_card`,`cert_type`,`cert_front_url`,`cert_back_url`,`verify_status`,`verify_time`,`verify_by`,`verify_remark`,`create_time`,`update_time`,`deleted`) VALUES(106,106,'用户106','110101199001010106',1,'/files/front_106.jpg','/files/back_106.jpg',1,NULL,101,'信息不一致','2026-06-14 22:11:26','2026-06-01 22:11:26',0);
INSERT INTO `t_user_realname`(`id`,`user_id`,`real_name`,`id_card`,`cert_type`,`cert_front_url`,`cert_back_url`,`verify_status`,`verify_time`,`verify_by`,`verify_remark`,`create_time`,`update_time`,`deleted`) VALUES(107,107,'用户107','110101199001010107',1,'/files/front_107.jpg',NULL,1,'2026-06-08 22:11:26',NULL,NULL,'2026-06-18 22:11:26','2026-06-23 22:11:26',0);
INSERT INTO `t_user_realname`(`id`,`user_id`,`real_name`,`id_card`,`cert_type`,`cert_front_url`,`cert_back_url`,`verify_status`,`verify_time`,`verify_by`,`verify_remark`,`create_time`,`update_time`,`deleted`) VALUES(108,108,'用户108','110101199001010108',3,'/files/front_108.jpg',NULL,1,NULL,101,'信息不一致','2026-06-05 22:11:26','2026-06-02 22:11:26',0);
INSERT INTO `t_user_realname`(`id`,`user_id`,`real_name`,`id_card`,`cert_type`,`cert_front_url`,`cert_back_url`,`verify_status`,`verify_time`,`verify_by`,`verify_remark`,`create_time`,`update_time`,`deleted`) VALUES(109,109,'用户109','110101199001010109',1,'/files/front_109.jpg','/files/back_109.jpg',1,NULL,NULL,NULL,'2026-05-25 22:11:26','2026-06-24 22:11:26',0);
INSERT INTO `t_user_realname`(`id`,`user_id`,`real_name`,`id_card`,`cert_type`,`cert_front_url`,`cert_back_url`,`verify_status`,`verify_time`,`verify_by`,`verify_remark`,`create_time`,`update_time`,`deleted`) VALUES(110,110,'用户110','110101199001010110',3,'/files/front_110.jpg',NULL,1,'2026-06-11 22:11:26',101,'信息不一致','2026-06-13 22:11:26','2026-06-08 22:11:26',0);
INSERT INTO `t_user_realname`(`id`,`user_id`,`real_name`,`id_card`,`cert_type`,`cert_front_url`,`cert_back_url`,`verify_status`,`verify_time`,`verify_by`,`verify_remark`,`create_time`,`update_time`,`deleted`) VALUES(111,111,'用户111','110101199001010111',1,'/files/front_111.jpg','/files/back_111.jpg',3,'2026-06-18 22:11:26',NULL,NULL,'2026-06-24 22:11:26','2026-06-12 22:11:26',0);
INSERT INTO `t_user_realname`(`id`,`user_id`,`real_name`,`id_card`,`cert_type`,`cert_front_url`,`cert_back_url`,`verify_status`,`verify_time`,`verify_by`,`verify_remark`,`create_time`,`update_time`,`deleted`) VALUES(112,112,'用户112','110101199001010112',2,'/files/front_112.jpg',NULL,1,NULL,101,'信息不一致','2026-06-22 22:11:26','2026-06-17 22:11:26',0);
INSERT INTO `t_user_realname`(`id`,`user_id`,`real_name`,`id_card`,`cert_type`,`cert_front_url`,`cert_back_url`,`verify_status`,`verify_time`,`verify_by`,`verify_remark`,`create_time`,`update_time`,`deleted`) VALUES(113,113,'用户113','110101199001010113',3,'/files/front_113.jpg',NULL,1,NULL,101,'信息不一致','2026-06-07 22:11:26','2026-06-15 22:11:26',0);
INSERT INTO `t_user_realname`(`id`,`user_id`,`real_name`,`id_card`,`cert_type`,`cert_front_url`,`cert_back_url`,`verify_status`,`verify_time`,`verify_by`,`verify_remark`,`create_time`,`update_time`,`deleted`) VALUES(114,114,'用户114','110101199001010114',3,'/files/front_114.jpg','/files/back_114.jpg',1,'2026-06-14 22:11:26',NULL,NULL,'2026-05-04 22:11:26','2026-06-07 22:11:26',0);
INSERT INTO `t_user_realname`(`id`,`user_id`,`real_name`,`id_card`,`cert_type`,`cert_front_url`,`cert_back_url`,`verify_status`,`verify_time`,`verify_by`,`verify_remark`,`create_time`,`update_time`,`deleted`) VALUES(115,115,'用户115','110101199001010115',3,'/files/front_115.jpg','/files/back_115.jpg',0,'2026-06-21 22:11:26',NULL,NULL,'2026-06-01 22:11:26','2026-06-17 22:11:26',0);
INSERT INTO `t_user_realname`(`id`,`user_id`,`real_name`,`id_card`,`cert_type`,`cert_front_url`,`cert_back_url`,`verify_status`,`verify_time`,`verify_by`,`verify_remark`,`create_time`,`update_time`,`deleted`) VALUES(116,116,'用户116','110101199001010116',2,'/files/front_116.jpg',NULL,2,NULL,NULL,'信息不一致','2026-06-04 22:11:26','2026-06-23 22:11:26',0);
INSERT INTO `t_user_realname`(`id`,`user_id`,`real_name`,`id_card`,`cert_type`,`cert_front_url`,`cert_back_url`,`verify_status`,`verify_time`,`verify_by`,`verify_remark`,`create_time`,`update_time`,`deleted`) VALUES(117,117,'用户117','110101199001010117',3,'/files/front_117.jpg','/files/back_117.jpg',1,NULL,NULL,'信息不一致','2026-05-11 22:11:26','2026-06-04 22:11:26',0);
INSERT INTO `t_user_realname`(`id`,`user_id`,`real_name`,`id_card`,`cert_type`,`cert_front_url`,`cert_back_url`,`verify_status`,`verify_time`,`verify_by`,`verify_remark`,`create_time`,`update_time`,`deleted`) VALUES(118,118,'用户118','110101199001010118',2,'/files/front_118.jpg','/files/back_118.jpg',0,NULL,101,'信息不一致','2026-05-16 22:11:26','2026-06-24 22:11:26',0);
INSERT INTO `t_user_realname`(`id`,`user_id`,`real_name`,`id_card`,`cert_type`,`cert_front_url`,`cert_back_url`,`verify_status`,`verify_time`,`verify_by`,`verify_remark`,`create_time`,`update_time`,`deleted`) VALUES(119,119,'用户119','110101199001010119',2,'/files/front_119.jpg',NULL,2,'2026-06-14 22:11:26',101,NULL,'2026-06-09 22:11:26','2026-06-08 22:11:26',0);
INSERT INTO `t_user_realname`(`id`,`user_id`,`real_name`,`id_card`,`cert_type`,`cert_front_url`,`cert_back_url`,`verify_status`,`verify_time`,`verify_by`,`verify_remark`,`create_time`,`update_time`,`deleted`) VALUES(120,120,'用户120','110101199001010120',2,'/files/front_120.jpg',NULL,0,'2026-06-23 22:11:26',101,'信息不一致','2026-06-21 22:11:26','2026-06-16 22:11:26',0);
INSERT INTO `t_user_realname`(`id`,`user_id`,`real_name`,`id_card`,`cert_type`,`cert_front_url`,`cert_back_url`,`verify_status`,`verify_time`,`verify_by`,`verify_remark`,`create_time`,`update_time`,`deleted`) VALUES(121,121,'用户121','110101199001010121',3,'/files/front_121.jpg',NULL,3,NULL,NULL,'信息不一致','2026-05-23 22:11:26','2026-06-03 22:11:26',0);
INSERT INTO `t_user_realname`(`id`,`user_id`,`real_name`,`id_card`,`cert_type`,`cert_front_url`,`cert_back_url`,`verify_status`,`verify_time`,`verify_by`,`verify_remark`,`create_time`,`update_time`,`deleted`) VALUES(122,122,'用户122','110101199001010122',3,'/files/front_122.jpg','/files/back_122.jpg',2,'2026-06-08 22:11:26',101,NULL,'2026-06-10 22:11:26','2026-06-27 22:11:26',0);
INSERT INTO `t_user_realname`(`id`,`user_id`,`real_name`,`id_card`,`cert_type`,`cert_front_url`,`cert_back_url`,`verify_status`,`verify_time`,`verify_by`,`verify_remark`,`create_time`,`update_time`,`deleted`) VALUES(123,123,'用户123','110101199001010123',1,'/files/front_123.jpg',NULL,3,NULL,NULL,'信息不一致','2026-05-03 22:11:26','2026-06-23 22:11:26',0);
INSERT INTO `t_user_realname`(`id`,`user_id`,`real_name`,`id_card`,`cert_type`,`cert_front_url`,`cert_back_url`,`verify_status`,`verify_time`,`verify_by`,`verify_remark`,`create_time`,`update_time`,`deleted`) VALUES(124,124,'用户124','110101199001010124',3,'/files/front_124.jpg','/files/back_124.jpg',1,NULL,101,'信息不一致','2026-05-11 22:11:26','2026-06-11 22:11:26',0);
INSERT INTO `t_user_realname`(`id`,`user_id`,`real_name`,`id_card`,`cert_type`,`cert_front_url`,`cert_back_url`,`verify_status`,`verify_time`,`verify_by`,`verify_remark`,`create_time`,`update_time`,`deleted`) VALUES(125,125,'用户125','110101199001010125',1,'/files/front_125.jpg',NULL,1,NULL,NULL,NULL,'2026-05-09 22:11:26','2026-06-09 22:11:26',0);
INSERT INTO `t_user_realname`(`id`,`user_id`,`real_name`,`id_card`,`cert_type`,`cert_front_url`,`cert_back_url`,`verify_status`,`verify_time`,`verify_by`,`verify_remark`,`create_time`,`update_time`,`deleted`) VALUES(126,126,'用户126','110101199001010126',3,'/files/front_126.jpg',NULL,1,NULL,101,'信息不一致','2026-06-22 22:11:26','2026-06-19 22:11:26',0);
INSERT INTO `t_user_realname`(`id`,`user_id`,`real_name`,`id_card`,`cert_type`,`cert_front_url`,`cert_back_url`,`verify_status`,`verify_time`,`verify_by`,`verify_remark`,`create_time`,`update_time`,`deleted`) VALUES(127,127,'用户127','110101199001010127',2,'/files/front_127.jpg','/files/back_127.jpg',1,'2026-06-14 22:11:26',NULL,NULL,'2026-06-20 22:11:26','2026-06-16 22:11:26',0);
INSERT INTO `t_user_realname`(`id`,`user_id`,`real_name`,`id_card`,`cert_type`,`cert_front_url`,`cert_back_url`,`verify_status`,`verify_time`,`verify_by`,`verify_remark`,`create_time`,`update_time`,`deleted`) VALUES(128,128,'用户128','110101199001010128',2,'/files/front_128.jpg',NULL,2,'2026-06-12 22:11:26',101,'信息不一致','2026-06-13 22:11:26','2026-06-15 22:11:26',0);
INSERT INTO `t_user_realname`(`id`,`user_id`,`real_name`,`id_card`,`cert_type`,`cert_front_url`,`cert_back_url`,`verify_status`,`verify_time`,`verify_by`,`verify_remark`,`create_time`,`update_time`,`deleted`) VALUES(129,129,'用户129','110101199001010129',3,'/files/front_129.jpg',NULL,1,NULL,NULL,'信息不一致','2026-06-11 22:11:26','2026-06-18 22:11:26',0);

SET FOREIGN_KEY_CHECKS = 1;
