-- ============================================
-- 测试种子数据: gov_item (事项服务 (gov-item-service))
-- 负责: member-a (组长)
-- 从 98-test-seed-data.sql 拆分
-- ============================================
SET NAMES utf8mb4;
SET FOREIGN_KEY_CHECKS = 0;

USE `gov_item`;
DELETE FROM `t_item_base` WHERE id >= 100;
INSERT INTO `t_item_base`(`id`,`item_code`,`item_name`,`dept_id`,`category_id`,`item_type`,`item_level`,`implement_type`,`time_limit`,`fee_flag`,`fee_standard`,`online_flag`,`window_flag`,`status`,`version`,`sort`,`create_time`,`update_time`,`create_by`,`update_by`,`deleted`) VALUES(100,'ITEM-2024001','建设用地规划许可证核发',105,1,1,1,1,3,0,'免费',0,1,1,1,1,'2026-05-29 22:11:26','2026-05-29 22:11:26',1,1,0);
INSERT INTO `t_item_base`(`id`,`item_code`,`item_name`,`dept_id`,`category_id`,`item_type`,`item_level`,`implement_type`,`time_limit`,`fee_flag`,`fee_standard`,`online_flag`,`window_flag`,`status`,`version`,`sort`,`create_time`,`update_time`,`create_by`,`update_by`,`deleted`) VALUES(101,'ITEM-2024002','食品经营许可',102,1,1,1,1,5,1,'免费',0,0,1,1,2,'2026-05-29 22:11:26','2026-05-29 22:11:26',1,1,0);
INSERT INTO `t_item_base`(`id`,`item_code`,`item_name`,`dept_id`,`category_id`,`item_type`,`item_level`,`implement_type`,`time_limit`,`fee_flag`,`fee_standard`,`online_flag`,`window_flag`,`status`,`version`,`sort`,`create_time`,`update_time`,`create_by`,`update_by`,`deleted`) VALUES(102,'ITEM-2024003','公共场所卫生许可',105,1,1,2,1,3,1,'免费',1,1,1,1,3,'2026-05-29 22:11:26','2026-05-29 22:11:26',1,1,0);
INSERT INTO `t_item_base`(`id`,`item_code`,`item_name`,`dept_id`,`category_id`,`item_type`,`item_level`,`implement_type`,`time_limit`,`fee_flag`,`fee_standard`,`online_flag`,`window_flag`,`status`,`version`,`sort`,`create_time`,`update_time`,`create_by`,`update_by`,`deleted`) VALUES(103,'ITEM-2024004','居民身份证办理',107,1,1,3,2,3,0,'按面积收费',0,1,1,1,4,'2026-05-29 22:11:26','2026-05-29 22:11:26',1,1,0);
INSERT INTO `t_item_base`(`id`,`item_code`,`item_name`,`dept_id`,`category_id`,`item_type`,`item_level`,`implement_type`,`time_limit`,`fee_flag`,`fee_standard`,`online_flag`,`window_flag`,`status`,`version`,`sort`,`create_time`,`update_time`,`create_by`,`update_by`,`deleted`) VALUES(104,'ITEM-2024005','不动产登记',106,1,1,1,3,10,0,'按项目收费',1,1,1,1,5,'2026-05-29 22:11:26','2026-05-29 22:11:26',1,1,0);
INSERT INTO `t_item_base`(`id`,`item_code`,`item_name`,`dept_id`,`category_id`,`item_type`,`item_level`,`implement_type`,`time_limit`,`fee_flag`,`fee_standard`,`online_flag`,`window_flag`,`status`,`version`,`sort`,`create_time`,`update_time`,`create_by`,`update_by`,`deleted`) VALUES(105,'ITEM-2024006','税务登记',102,1,2,1,1,30,0,'免费',1,1,0,1,6,'2026-05-29 22:11:26','2026-05-29 22:11:26',1,1,0);
INSERT INTO `t_item_base`(`id`,`item_code`,`item_name`,`dept_id`,`category_id`,`item_type`,`item_level`,`implement_type`,`time_limit`,`fee_flag`,`fee_standard`,`online_flag`,`window_flag`,`status`,`version`,`sort`,`create_time`,`update_time`,`create_by`,`update_by`,`deleted`) VALUES(106,'ITEM-2024007','房屋预售许可',103,1,2,2,1,20,1,'免费',1,1,2,1,7,'2026-05-29 22:11:26','2026-05-29 22:11:26',1,1,0);
INSERT INTO `t_item_base`(`id`,`item_code`,`item_name`,`dept_id`,`category_id`,`item_type`,`item_level`,`implement_type`,`time_limit`,`fee_flag`,`fee_standard`,`online_flag`,`window_flag`,`status`,`version`,`sort`,`create_time`,`update_time`,`create_by`,`update_by`,`deleted`) VALUES(107,'ITEM-2024008','学历认证',105,1,3,3,1,7,0,'免费',1,0,1,1,8,'2026-05-29 22:11:26','2026-05-29 22:11:26',1,1,0);
INSERT INTO `t_item_base`(`id`,`item_code`,`item_name`,`dept_id`,`category_id`,`item_type`,`item_level`,`implement_type`,`time_limit`,`fee_flag`,`fee_standard`,`online_flag`,`window_flag`,`status`,`version`,`sort`,`create_time`,`update_time`,`create_by`,`update_by`,`deleted`) VALUES(108,'ITEM-2024009','企业名称预先核准',101,1,1,1,2,7,0,'免费',0,1,1,1,9,'2026-05-29 22:11:26','2026-05-29 22:11:26',1,1,0);
INSERT INTO `t_item_base`(`id`,`item_code`,`item_name`,`dept_id`,`category_id`,`item_type`,`item_level`,`implement_type`,`time_limit`,`fee_flag`,`fee_standard`,`online_flag`,`window_flag`,`status`,`version`,`sort`,`create_time`,`update_time`,`create_by`,`update_by`,`deleted`) VALUES(109,'ITEM-2024010','建设工程规划验收',103,1,1,1,3,3,0,'免费',1,1,1,1,10,'2026-05-29 22:11:26','2026-05-29 22:11:26',1,1,0);
INSERT INTO `t_item_base`(`id`,`item_code`,`item_name`,`dept_id`,`category_id`,`item_type`,`item_level`,`implement_type`,`time_limit`,`fee_flag`,`fee_standard`,`online_flag`,`window_flag`,`status`,`version`,`sort`,`create_time`,`update_time`,`create_by`,`update_by`,`deleted`) VALUES(110,'ITEM-2024011','消防安全检查',109,1,1,2,1,5,0,'免费',0,1,1,1,11,'2026-05-29 22:11:26','2026-05-29 22:11:26',1,1,0);
INSERT INTO `t_item_base`(`id`,`item_code`,`item_name`,`dept_id`,`category_id`,`item_type`,`item_level`,`implement_type`,`time_limit`,`fee_flag`,`fee_standard`,`online_flag`,`window_flag`,`status`,`version`,`sort`,`create_time`,`update_time`,`create_by`,`update_by`,`deleted`) VALUES(111,'ITEM-2024012','环评审批',107,1,1,3,1,30,0,'免费',1,1,1,1,12,'2026-05-29 22:11:26','2026-05-29 22:11:26',1,1,0);
INSERT INTO `t_item_base`(`id`,`item_code`,`item_name`,`dept_id`,`category_id`,`item_type`,`item_level`,`implement_type`,`time_limit`,`fee_flag`,`fee_standard`,`online_flag`,`window_flag`,`status`,`version`,`sort`,`create_time`,`update_time`,`create_by`,`update_by`,`deleted`) VALUES(112,'ITEM-2024013','排污许可',101,1,1,1,1,30,1,'免费',1,0,0,1,13,'2026-05-29 22:11:26','2026-05-29 22:11:26',1,1,0);
INSERT INTO `t_item_base`(`id`,`item_code`,`item_name`,`dept_id`,`category_id`,`item_type`,`item_level`,`implement_type`,`time_limit`,`fee_flag`,`fee_standard`,`online_flag`,`window_flag`,`status`,`version`,`sort`,`create_time`,`update_time`,`create_by`,`update_by`,`deleted`) VALUES(113,'ITEM-2024014','取水许可',100,1,2,1,2,15,0,'免费',1,1,2,1,14,'2026-05-29 22:11:26','2026-05-29 22:11:26',1,1,0);
INSERT INTO `t_item_base`(`id`,`item_code`,`item_name`,`dept_id`,`category_id`,`item_type`,`item_level`,`implement_type`,`time_limit`,`fee_flag`,`fee_standard`,`online_flag`,`window_flag`,`status`,`version`,`sort`,`create_time`,`update_time`,`create_by`,`update_by`,`deleted`) VALUES(114,'ITEM-2024015','河道采砂许可',100,1,2,2,3,1,0,'免费',1,1,1,1,15,'2026-05-29 22:11:26','2026-05-29 22:11:26',1,1,0);
INSERT INTO `t_item_base`(`id`,`item_code`,`item_name`,`dept_id`,`category_id`,`item_type`,`item_level`,`implement_type`,`time_limit`,`fee_flag`,`fee_standard`,`online_flag`,`window_flag`,`status`,`version`,`sort`,`create_time`,`update_time`,`create_by`,`update_by`,`deleted`) VALUES(115,'ITEM-2024016','林木采伐许可',109,1,3,3,1,20,1,'免费',1,0,1,1,16,'2026-05-29 22:11:26','2026-05-29 22:11:26',1,1,0);
INSERT INTO `t_item_base`(`id`,`item_code`,`item_name`,`dept_id`,`category_id`,`item_type`,`item_level`,`implement_type`,`time_limit`,`fee_flag`,`fee_standard`,`online_flag`,`window_flag`,`status`,`version`,`sort`,`create_time`,`update_time`,`create_by`,`update_by`,`deleted`) VALUES(116,'ITEM-2024017','动物检疫',103,1,1,1,1,15,1,'免费',1,1,1,1,17,'2026-05-29 22:11:26','2026-05-29 22:11:26',1,1,0);
INSERT INTO `t_item_base`(`id`,`item_code`,`item_name`,`dept_id`,`category_id`,`item_type`,`item_level`,`implement_type`,`time_limit`,`fee_flag`,`fee_standard`,`online_flag`,`window_flag`,`status`,`version`,`sort`,`create_time`,`update_time`,`create_by`,`update_by`,`deleted`) VALUES(117,'ITEM-2024018','种畜禽经营许可',101,1,1,1,1,15,0,'免费',1,1,1,1,18,'2026-05-29 22:11:26','2026-05-29 22:11:26',1,1,0);
INSERT INTO `t_item_base`(`id`,`item_code`,`item_name`,`dept_id`,`category_id`,`item_type`,`item_level`,`implement_type`,`time_limit`,`fee_flag`,`fee_standard`,`online_flag`,`window_flag`,`status`,`version`,`sort`,`create_time`,`update_time`,`create_by`,`update_by`,`deleted`) VALUES(118,'ITEM-2024019','农药经营许可',107,1,1,2,2,30,0,'免费',1,1,1,1,19,'2026-05-29 22:11:26','2026-05-29 22:11:26',1,1,0);
INSERT INTO `t_item_base`(`id`,`item_code`,`item_name`,`dept_id`,`category_id`,`item_type`,`item_level`,`implement_type`,`time_limit`,`fee_flag`,`fee_standard`,`online_flag`,`window_flag`,`status`,`version`,`sort`,`create_time`,`update_time`,`create_by`,`update_by`,`deleted`) VALUES(119,'ITEM-2024020','兽药经营许可',106,1,1,3,3,20,0,'免费',0,1,0,1,20,'2026-05-29 22:11:26','2026-05-29 22:11:26',1,1,0);
INSERT INTO `t_item_base`(`id`,`item_code`,`item_name`,`dept_id`,`category_id`,`item_type`,`item_level`,`implement_type`,`time_limit`,`fee_flag`,`fee_standard`,`online_flag`,`window_flag`,`status`,`version`,`sort`,`create_time`,`update_time`,`create_by`,`update_by`,`deleted`) VALUES(120,'ITEM-2024021','道路货运许可',101,1,1,1,1,15,0,'免费',1,1,2,1,21,'2026-05-29 22:11:26','2026-05-29 22:11:26',1,1,0);
INSERT INTO `t_item_base`(`id`,`item_code`,`item_name`,`dept_id`,`category_id`,`item_type`,`item_level`,`implement_type`,`time_limit`,`fee_flag`,`fee_standard`,`online_flag`,`window_flag`,`status`,`version`,`sort`,`create_time`,`update_time`,`create_by`,`update_by`,`deleted`) VALUES(121,'ITEM-2024022','客运班线许可',109,1,2,1,1,5,0,'免费',0,1,1,1,22,'2026-05-29 22:11:26','2026-05-29 22:11:26',1,1,0);
INSERT INTO `t_item_base`(`id`,`item_code`,`item_name`,`dept_id`,`category_id`,`item_type`,`item_level`,`implement_type`,`time_limit`,`fee_flag`,`fee_standard`,`online_flag`,`window_flag`,`status`,`version`,`sort`,`create_time`,`update_time`,`create_by`,`update_by`,`deleted`) VALUES(122,'ITEM-2024023','驾校备案',105,1,2,2,1,10,1,'免费',0,1,1,1,23,'2026-05-29 22:11:26','2026-05-29 22:11:26',1,1,0);
INSERT INTO `t_item_base`(`id`,`item_code`,`item_name`,`dept_id`,`category_id`,`item_type`,`item_level`,`implement_type`,`time_limit`,`fee_flag`,`fee_standard`,`online_flag`,`window_flag`,`status`,`version`,`sort`,`create_time`,`update_time`,`create_by`,`update_by`,`deleted`) VALUES(123,'ITEM-2024024','网约车许可',104,1,3,3,2,20,0,'免费',0,0,1,1,24,'2026-05-29 22:11:26','2026-05-29 22:11:26',1,1,0);
INSERT INTO `t_item_base`(`id`,`item_code`,`item_name`,`dept_id`,`category_id`,`item_type`,`item_level`,`implement_type`,`time_limit`,`fee_flag`,`fee_standard`,`online_flag`,`window_flag`,`status`,`version`,`sort`,`create_time`,`update_time`,`create_by`,`update_by`,`deleted`) VALUES(124,'ITEM-2024025','危化品运输许可',101,1,1,1,3,20,0,'免费',1,1,1,1,25,'2026-05-29 22:11:26','2026-05-29 22:11:26',1,1,0);
INSERT INTO `t_item_base`(`id`,`item_code`,`item_name`,`dept_id`,`category_id`,`item_type`,`item_level`,`implement_type`,`time_limit`,`fee_flag`,`fee_standard`,`online_flag`,`window_flag`,`status`,`version`,`sort`,`create_time`,`update_time`,`create_by`,`update_by`,`deleted`) VALUES(125,'ITEM-2024026','医师执业注册',102,1,1,1,1,7,0,'免费',1,1,1,1,26,'2026-05-29 22:11:26','2026-05-29 22:11:26',1,1,0);
INSERT INTO `t_item_base`(`id`,`item_code`,`item_name`,`dept_id`,`category_id`,`item_type`,`item_level`,`implement_type`,`time_limit`,`fee_flag`,`fee_standard`,`online_flag`,`window_flag`,`status`,`version`,`sort`,`create_time`,`update_time`,`create_by`,`update_by`,`deleted`) VALUES(126,'ITEM-2024027','护士执业注册',102,1,1,2,1,5,0,'免费',1,0,0,1,27,'2026-05-29 22:11:26','2026-05-29 22:11:26',1,1,0);
INSERT INTO `t_item_base`(`id`,`item_code`,`item_name`,`dept_id`,`category_id`,`item_type`,`item_level`,`implement_type`,`time_limit`,`fee_flag`,`fee_standard`,`online_flag`,`window_flag`,`status`,`version`,`sort`,`create_time`,`update_time`,`create_by`,`update_by`,`deleted`) VALUES(127,'ITEM-2024028','医疗机构许可',108,1,1,3,1,1,0,'免费',0,1,2,1,28,'2026-05-29 22:11:26','2026-05-29 22:11:26',1,1,0);
INSERT INTO `t_item_base`(`id`,`item_code`,`item_name`,`dept_id`,`category_id`,`item_type`,`item_level`,`implement_type`,`time_limit`,`fee_flag`,`fee_standard`,`online_flag`,`window_flag`,`status`,`version`,`sort`,`create_time`,`update_time`,`create_by`,`update_by`,`deleted`) VALUES(128,'ITEM-2024029','母婴保健许可',102,1,1,1,2,5,0,'免费',0,1,1,1,29,'2026-05-29 22:11:26','2026-05-29 22:11:26',1,1,0);
INSERT INTO `t_item_base`(`id`,`item_code`,`item_name`,`dept_id`,`category_id`,`item_type`,`item_level`,`implement_type`,`time_limit`,`fee_flag`,`fee_standard`,`online_flag`,`window_flag`,`status`,`version`,`sort`,`create_time`,`update_time`,`create_by`,`update_by`,`deleted`) VALUES(129,'ITEM-2024030','放射诊疗许可',100,1,2,1,3,20,0,'免费',1,0,1,1,30,'2026-05-29 22:11:26','2026-05-29 22:11:26',1,1,0);
INSERT INTO `t_item_base`(`id`,`item_code`,`item_name`,`dept_id`,`category_id`,`item_type`,`item_level`,`implement_type`,`time_limit`,`fee_flag`,`fee_standard`,`online_flag`,`window_flag`,`status`,`version`,`sort`,`create_time`,`update_time`,`create_by`,`update_by`,`deleted`) VALUES(130,'ITEM-2024031','教师证认定',104,1,2,2,1,30,0,'免费',1,1,1,1,31,'2026-05-29 22:11:26','2026-05-29 22:11:26',1,1,0);
INSERT INTO `t_item_base`(`id`,`item_code`,`item_name`,`dept_id`,`category_id`,`item_type`,`item_level`,`implement_type`,`time_limit`,`fee_flag`,`fee_standard`,`online_flag`,`window_flag`,`status`,`version`,`sort`,`create_time`,`update_time`,`create_by`,`update_by`,`deleted`) VALUES(131,'ITEM-2024032','办学许可',103,1,3,3,1,15,1,'按标准收费',1,1,1,1,32,'2026-05-29 22:11:26','2026-05-29 22:11:26',1,1,0);
INSERT INTO `t_item_base`(`id`,`item_code`,`item_name`,`dept_id`,`category_id`,`item_type`,`item_level`,`implement_type`,`time_limit`,`fee_flag`,`fee_standard`,`online_flag`,`window_flag`,`status`,`version`,`sort`,`create_time`,`update_time`,`create_by`,`update_by`,`deleted`) VALUES(132,'ITEM-2024033','出版物经营许可',108,1,1,1,1,20,0,'免费',0,1,1,1,33,'2026-05-29 22:11:26','2026-05-29 22:11:26',1,1,0);
INSERT INTO `t_item_base`(`id`,`item_code`,`item_name`,`dept_id`,`category_id`,`item_type`,`item_level`,`implement_type`,`time_limit`,`fee_flag`,`fee_standard`,`online_flag`,`window_flag`,`status`,`version`,`sort`,`create_time`,`update_time`,`create_by`,`update_by`,`deleted`) VALUES(133,'ITEM-2024034','网吧许可',104,1,1,1,2,1,1,'免费',0,1,0,1,34,'2026-05-29 22:11:26','2026-05-29 22:11:26',1,1,0);
INSERT INTO `t_item_base`(`id`,`item_code`,`item_name`,`dept_id`,`category_id`,`item_type`,`item_level`,`implement_type`,`time_limit`,`fee_flag`,`fee_standard`,`online_flag`,`window_flag`,`status`,`version`,`sort`,`create_time`,`update_time`,`create_by`,`update_by`,`deleted`) VALUES(134,'ITEM-2024035','演出经纪许可',108,1,1,2,3,3,0,'免费',1,1,2,1,35,'2026-05-29 22:11:26','2026-05-29 22:11:26',1,1,0);
INSERT INTO `t_item_base`(`id`,`item_code`,`item_name`,`dept_id`,`category_id`,`item_type`,`item_level`,`implement_type`,`time_limit`,`fee_flag`,`fee_standard`,`online_flag`,`window_flag`,`status`,`version`,`sort`,`create_time`,`update_time`,`create_by`,`update_by`,`deleted`) VALUES(135,'ITEM-2024036','建筑施工许可',107,1,1,3,1,5,1,'免费',1,1,1,1,36,'2026-05-29 22:11:26','2026-05-29 22:11:26',1,1,0);
INSERT INTO `t_item_base`(`id`,`item_code`,`item_name`,`dept_id`,`category_id`,`item_type`,`item_level`,`implement_type`,`time_limit`,`fee_flag`,`fee_standard`,`online_flag`,`window_flag`,`status`,`version`,`sort`,`create_time`,`update_time`,`create_by`,`update_by`,`deleted`) VALUES(136,'ITEM-2024037','商品房预售许可',105,1,1,1,1,1,1,'免费',1,0,1,1,37,'2026-05-29 22:11:26','2026-05-29 22:11:26',1,1,0);
INSERT INTO `t_item_base`(`id`,`item_code`,`item_name`,`dept_id`,`category_id`,`item_type`,`item_level`,`implement_type`,`time_limit`,`fee_flag`,`fee_standard`,`online_flag`,`window_flag`,`status`,`version`,`sort`,`create_time`,`update_time`,`create_by`,`update_by`,`deleted`) VALUES(137,'ITEM-2024038','物业资质备案',105,1,2,1,1,7,1,'免费',1,1,1,1,38,'2026-05-29 22:11:26','2026-05-29 22:11:26',1,1,0);
INSERT INTO `t_item_base`(`id`,`item_code`,`item_name`,`dept_id`,`category_id`,`item_type`,`item_level`,`implement_type`,`time_limit`,`fee_flag`,`fee_standard`,`online_flag`,`window_flag`,`status`,`version`,`sort`,`create_time`,`update_time`,`create_by`,`update_by`,`deleted`) VALUES(138,'ITEM-2024039','燃气经营许可',100,1,2,2,2,15,0,'免费',1,1,1,1,39,'2026-05-29 22:11:26','2026-05-29 22:11:26',1,1,0);
INSERT INTO `t_item_base`(`id`,`item_code`,`item_name`,`dept_id`,`category_id`,`item_type`,`item_level`,`implement_type`,`time_limit`,`fee_flag`,`fee_standard`,`online_flag`,`window_flag`,`status`,`version`,`sort`,`create_time`,`update_time`,`create_by`,`update_by`,`deleted`) VALUES(139,'ITEM-2024040','垃圾清运许可',100,1,3,3,3,10,1,'免费',0,1,1,1,40,'2026-05-29 22:11:26','2026-05-29 22:11:26',1,1,0);
INSERT INTO `t_item_base`(`id`,`item_code`,`item_name`,`dept_id`,`category_id`,`item_type`,`item_level`,`implement_type`,`time_limit`,`fee_flag`,`fee_standard`,`online_flag`,`window_flag`,`status`,`version`,`sort`,`create_time`,`update_time`,`create_by`,`update_by`,`deleted`) VALUES(140,'ITEM-2024041','社保登记',107,1,1,1,1,1,0,'免费',1,1,0,1,41,'2026-05-29 22:11:26','2026-05-29 22:11:26',1,1,0);
INSERT INTO `t_item_base`(`id`,`item_code`,`item_name`,`dept_id`,`category_id`,`item_type`,`item_level`,`implement_type`,`time_limit`,`fee_flag`,`fee_standard`,`online_flag`,`window_flag`,`status`,`version`,`sort`,`create_time`,`update_time`,`create_by`,`update_by`,`deleted`) VALUES(141,'ITEM-2024042','医保定点',102,1,1,1,1,20,0,'免费',1,1,2,1,42,'2026-05-29 22:11:26','2026-05-29 22:11:26',1,1,0);
INSERT INTO `t_item_base`(`id`,`item_code`,`item_name`,`dept_id`,`category_id`,`item_type`,`item_level`,`implement_type`,`time_limit`,`fee_flag`,`fee_standard`,`online_flag`,`window_flag`,`status`,`version`,`sort`,`create_time`,`update_time`,`create_by`,`update_by`,`deleted`) VALUES(142,'ITEM-2024043','低保申请',101,1,1,2,1,1,0,'工本费20元',0,0,1,1,43,'2026-05-29 22:11:26','2026-05-29 22:11:26',1,1,0);
INSERT INTO `t_item_base`(`id`,`item_code`,`item_name`,`dept_id`,`category_id`,`item_type`,`item_level`,`implement_type`,`time_limit`,`fee_flag`,`fee_standard`,`online_flag`,`window_flag`,`status`,`version`,`sort`,`create_time`,`update_time`,`create_by`,`update_by`,`deleted`) VALUES(143,'ITEM-2024044','残疾人证',107,1,1,3,2,3,0,'按面积收费',0,0,1,1,44,'2026-05-29 22:11:26','2026-05-29 22:11:26',1,1,0);
INSERT INTO `t_item_base`(`id`,`item_code`,`item_name`,`dept_id`,`category_id`,`item_type`,`item_level`,`implement_type`,`time_limit`,`fee_flag`,`fee_standard`,`online_flag`,`window_flag`,`status`,`version`,`sort`,`create_time`,`update_time`,`create_by`,`update_by`,`deleted`) VALUES(144,'ITEM-2024045','老年人优待证',100,1,1,1,3,7,0,'免费',1,1,1,1,45,'2026-05-29 22:11:26','2026-05-29 22:11:26',1,1,0);
INSERT INTO `t_item_base`(`id`,`item_code`,`item_name`,`dept_id`,`category_id`,`item_type`,`item_level`,`implement_type`,`time_limit`,`fee_flag`,`fee_standard`,`online_flag`,`window_flag`,`status`,`version`,`sort`,`create_time`,`update_time`,`create_by`,`update_by`,`deleted`) VALUES(145,'ITEM-2024046','人才引进',109,1,2,1,1,15,0,'免费',1,1,1,1,46,'2026-05-29 22:11:26','2026-05-29 22:11:26',1,1,0);
INSERT INTO `t_item_base`(`id`,`item_code`,`item_name`,`dept_id`,`category_id`,`item_type`,`item_level`,`implement_type`,`time_limit`,`fee_flag`,`fee_standard`,`online_flag`,`window_flag`,`status`,`version`,`sort`,`create_time`,`update_time`,`create_by`,`update_by`,`deleted`) VALUES(146,'ITEM-2024047','档案转递',108,1,2,2,1,15,0,'免费',1,1,1,1,47,'2026-05-29 22:11:26','2026-05-29 22:11:26',1,1,0);
INSERT INTO `t_item_base`(`id`,`item_code`,`item_name`,`dept_id`,`category_id`,`item_type`,`item_level`,`implement_type`,`time_limit`,`fee_flag`,`fee_standard`,`online_flag`,`window_flag`,`status`,`version`,`sort`,`create_time`,`update_time`,`create_by`,`update_by`,`deleted`) VALUES(147,'ITEM-2024048','劳动争议',100,1,3,3,1,20,0,'免费',0,1,0,1,48,'2026-05-29 22:11:26','2026-05-29 22:11:26',1,1,0);
INSERT INTO `t_item_base`(`id`,`item_code`,`item_name`,`dept_id`,`category_id`,`item_type`,`item_level`,`implement_type`,`time_limit`,`fee_flag`,`fee_standard`,`online_flag`,`window_flag`,`status`,`version`,`sort`,`create_time`,`update_time`,`create_by`,`update_by`,`deleted`) VALUES(148,'ITEM-2024049','外国人工作许可',105,1,1,1,2,3,0,'免费',0,1,2,1,49,'2026-05-29 22:11:26','2026-05-29 22:11:26',1,1,0);
INSERT INTO `t_item_base`(`id`,`item_code`,`item_name`,`dept_id`,`category_id`,`item_type`,`item_level`,`implement_type`,`time_limit`,`fee_flag`,`fee_standard`,`online_flag`,`window_flag`,`status`,`version`,`sort`,`create_time`,`update_time`,`create_by`,`update_by`,`deleted`) VALUES(149,'ITEM-2024050','港澳通行证',109,1,1,1,3,15,0,'免费',1,0,1,1,50,'2026-05-29 22:11:26','2026-05-29 22:11:26',1,1,0);

USE `gov_item`;
DELETE FROM `t_item_category` WHERE id >= 100;
INSERT INTO `t_item_category`(`id`,`category_name`,`category_code`,`parent_id`,`category_level`,`sort`,`status`,`create_time`,`update_time`,`create_by`,`update_by`,`deleted`) VALUES(100,'行政许可','XZXK',0,1,1,1,'2026-05-29 22:11:26','2026-05-29 22:11:26',1,1,0);
INSERT INTO `t_item_category`(`id`,`category_name`,`category_code`,`parent_id`,`category_level`,`sort`,`status`,`create_time`,`update_time`,`create_by`,`update_by`,`deleted`) VALUES(101,'行政确认','XZQR',0,1,2,1,'2026-05-29 22:11:26','2026-05-29 22:11:26',1,1,0);
INSERT INTO `t_item_category`(`id`,`category_name`,`category_code`,`parent_id`,`category_level`,`sort`,`status`,`create_time`,`update_time`,`create_by`,`update_by`,`deleted`) VALUES(102,'公共服务','GGFW',0,1,3,1,'2026-05-29 22:11:26','2026-05-29 22:11:26',1,1,0);
INSERT INTO `t_item_category`(`id`,`category_name`,`category_code`,`parent_id`,`category_level`,`sort`,`status`,`create_time`,`update_time`,`create_by`,`update_by`,`deleted`) VALUES(103,'行政备案','XZBA',0,1,4,1,'2026-05-29 22:11:26','2026-05-29 22:11:26',1,1,0);
INSERT INTO `t_item_category`(`id`,`category_name`,`category_code`,`parent_id`,`category_level`,`sort`,`status`,`create_time`,`update_time`,`create_by`,`update_by`,`deleted`) VALUES(104,'建设规划','JSGH',100,2,1,1,'2026-05-29 22:11:26','2026-05-29 22:11:26',1,1,0);
INSERT INTO `t_item_category`(`id`,`category_name`,`category_code`,`parent_id`,`category_level`,`sort`,`status`,`create_time`,`update_time`,`create_by`,`update_by`,`deleted`) VALUES(105,'食品药品','SPYP',100,2,2,1,'2026-05-29 22:11:26','2026-05-29 22:11:26',1,1,0);
INSERT INTO `t_item_category`(`id`,`category_name`,`category_code`,`parent_id`,`category_level`,`sort`,`status`,`create_time`,`update_time`,`create_by`,`update_by`,`deleted`) VALUES(106,'社会事务','SHSW',102,2,1,1,'2026-05-29 22:11:26','2026-05-29 22:11:26',1,1,0);
INSERT INTO `t_item_category`(`id`,`category_name`,`category_code`,`parent_id`,`category_level`,`sort`,`status`,`create_time`,`update_time`,`create_by`,`update_by`,`deleted`) VALUES(107,'交通管理','JTGL',100,2,3,1,'2026-05-29 22:11:26','2026-05-29 22:11:26',1,1,0);
INSERT INTO `t_item_category`(`id`,`category_name`,`category_code`,`parent_id`,`category_level`,`sort`,`status`,`create_time`,`update_time`,`create_by`,`update_by`,`deleted`) VALUES(108,'自然资源','ZRZY',101,2,1,1,'2026-05-29 22:11:26','2026-05-29 22:11:26',1,1,0);
INSERT INTO `t_item_category`(`id`,`category_name`,`category_code`,`parent_id`,`category_level`,`sort`,`status`,`create_time`,`update_time`,`create_by`,`update_by`,`deleted`) VALUES(109,'教育科技','JYKJ',102,2,2,1,'2026-05-29 22:11:26','2026-05-29 22:11:26',1,1,0);
INSERT INTO `t_item_category`(`id`,`category_name`,`category_code`,`parent_id`,`category_level`,`sort`,`status`,`create_time`,`update_time`,`create_by`,`update_by`,`deleted`) VALUES(110,'公安消防','GAXF',100,2,4,1,'2026-05-29 22:11:26','2026-05-29 22:11:26',1,1,0);
INSERT INTO `t_item_category`(`id`,`category_name`,`category_code`,`parent_id`,`category_level`,`sort`,`status`,`create_time`,`update_time`,`create_by`,`update_by`,`deleted`) VALUES(111,'人力资源','RLZY',102,2,3,1,'2026-05-29 22:11:26','2026-05-29 22:11:26',1,1,0);

USE `gov_item`;
DELETE FROM `t_item_dept` WHERE id >= 100;
INSERT INTO `t_item_dept`(`id`,`item_id`,`dept_id`,`dept_type`,`sort`,`create_time`,`deleted`) VALUES(100,121,102,3,4,'2026-05-29 22:11:26',0);
INSERT INTO `t_item_dept`(`id`,`item_id`,`dept_id`,`dept_type`,`sort`,`create_time`,`deleted`) VALUES(101,144,107,3,2,'2026-05-29 22:11:26',0);
INSERT INTO `t_item_dept`(`id`,`item_id`,`dept_id`,`dept_type`,`sort`,`create_time`,`deleted`) VALUES(102,108,101,3,4,'2026-05-29 22:11:26',0);
INSERT INTO `t_item_dept`(`id`,`item_id`,`dept_id`,`dept_type`,`sort`,`create_time`,`deleted`) VALUES(103,102,104,1,1,'2026-05-29 22:11:26',0);
INSERT INTO `t_item_dept`(`id`,`item_id`,`dept_id`,`dept_type`,`sort`,`create_time`,`deleted`) VALUES(104,112,100,2,3,'2026-05-29 22:11:26',0);
INSERT INTO `t_item_dept`(`id`,`item_id`,`dept_id`,`dept_type`,`sort`,`create_time`,`deleted`) VALUES(105,132,106,3,4,'2026-05-29 22:11:26',0);
INSERT INTO `t_item_dept`(`id`,`item_id`,`dept_id`,`dept_type`,`sort`,`create_time`,`deleted`) VALUES(106,116,100,3,2,'2026-05-29 22:11:26',0);
INSERT INTO `t_item_dept`(`id`,`item_id`,`dept_id`,`dept_type`,`sort`,`create_time`,`deleted`) VALUES(107,118,105,1,3,'2026-05-29 22:11:26',0);
INSERT INTO `t_item_dept`(`id`,`item_id`,`dept_id`,`dept_type`,`sort`,`create_time`,`deleted`) VALUES(108,117,101,2,4,'2026-05-29 22:11:26',0);
INSERT INTO `t_item_dept`(`id`,`item_id`,`dept_id`,`dept_type`,`sort`,`create_time`,`deleted`) VALUES(109,125,107,2,3,'2026-05-29 22:11:26',0);
INSERT INTO `t_item_dept`(`id`,`item_id`,`dept_id`,`dept_type`,`sort`,`create_time`,`deleted`) VALUES(110,111,107,3,4,'2026-05-29 22:11:26',0);
INSERT INTO `t_item_dept`(`id`,`item_id`,`dept_id`,`dept_type`,`sort`,`create_time`,`deleted`) VALUES(111,123,108,2,1,'2026-05-29 22:11:26',0);
INSERT INTO `t_item_dept`(`id`,`item_id`,`dept_id`,`dept_type`,`sort`,`create_time`,`deleted`) VALUES(112,146,106,1,4,'2026-05-29 22:11:26',0);
INSERT INTO `t_item_dept`(`id`,`item_id`,`dept_id`,`dept_type`,`sort`,`create_time`,`deleted`) VALUES(113,138,102,3,3,'2026-05-29 22:11:26',0);
INSERT INTO `t_item_dept`(`id`,`item_id`,`dept_id`,`dept_type`,`sort`,`create_time`,`deleted`) VALUES(114,120,101,1,3,'2026-05-29 22:11:26',0);
INSERT INTO `t_item_dept`(`id`,`item_id`,`dept_id`,`dept_type`,`sort`,`create_time`,`deleted`) VALUES(115,142,104,2,4,'2026-05-29 22:11:26',0);
INSERT INTO `t_item_dept`(`id`,`item_id`,`dept_id`,`dept_type`,`sort`,`create_time`,`deleted`) VALUES(116,138,106,1,4,'2026-05-29 22:11:26',0);
INSERT INTO `t_item_dept`(`id`,`item_id`,`dept_id`,`dept_type`,`sort`,`create_time`,`deleted`) VALUES(117,122,107,1,3,'2026-05-29 22:11:26',0);
INSERT INTO `t_item_dept`(`id`,`item_id`,`dept_id`,`dept_type`,`sort`,`create_time`,`deleted`) VALUES(118,139,106,2,1,'2026-05-29 22:11:26',0);
INSERT INTO `t_item_dept`(`id`,`item_id`,`dept_id`,`dept_type`,`sort`,`create_time`,`deleted`) VALUES(119,104,106,2,5,'2026-05-29 22:11:26',0);
INSERT INTO `t_item_dept`(`id`,`item_id`,`dept_id`,`dept_type`,`sort`,`create_time`,`deleted`) VALUES(120,147,102,1,2,'2026-05-29 22:11:26',0);
INSERT INTO `t_item_dept`(`id`,`item_id`,`dept_id`,`dept_type`,`sort`,`create_time`,`deleted`) VALUES(121,138,107,1,2,'2026-05-29 22:11:26',0);
INSERT INTO `t_item_dept`(`id`,`item_id`,`dept_id`,`dept_type`,`sort`,`create_time`,`deleted`) VALUES(122,104,103,3,3,'2026-05-29 22:11:26',0);
INSERT INTO `t_item_dept`(`id`,`item_id`,`dept_id`,`dept_type`,`sort`,`create_time`,`deleted`) VALUES(123,123,106,3,1,'2026-05-29 22:11:26',0);
INSERT INTO `t_item_dept`(`id`,`item_id`,`dept_id`,`dept_type`,`sort`,`create_time`,`deleted`) VALUES(124,138,102,3,4,'2026-05-29 22:11:26',0);
INSERT INTO `t_item_dept`(`id`,`item_id`,`dept_id`,`dept_type`,`sort`,`create_time`,`deleted`) VALUES(125,123,105,2,1,'2026-05-29 22:11:26',0);
INSERT INTO `t_item_dept`(`id`,`item_id`,`dept_id`,`dept_type`,`sort`,`create_time`,`deleted`) VALUES(126,136,102,3,3,'2026-05-29 22:11:26',0);
INSERT INTO `t_item_dept`(`id`,`item_id`,`dept_id`,`dept_type`,`sort`,`create_time`,`deleted`) VALUES(127,125,105,3,3,'2026-05-29 22:11:26',0);
INSERT INTO `t_item_dept`(`id`,`item_id`,`dept_id`,`dept_type`,`sort`,`create_time`,`deleted`) VALUES(128,115,101,1,2,'2026-05-29 22:11:26',0);
INSERT INTO `t_item_dept`(`id`,`item_id`,`dept_id`,`dept_type`,`sort`,`create_time`,`deleted`) VALUES(129,131,108,2,5,'2026-05-29 22:11:26',0);
INSERT INTO `t_item_dept`(`id`,`item_id`,`dept_id`,`dept_type`,`sort`,`create_time`,`deleted`) VALUES(130,107,104,2,4,'2026-05-29 22:11:26',0);
INSERT INTO `t_item_dept`(`id`,`item_id`,`dept_id`,`dept_type`,`sort`,`create_time`,`deleted`) VALUES(131,113,109,2,4,'2026-05-29 22:11:26',0);
INSERT INTO `t_item_dept`(`id`,`item_id`,`dept_id`,`dept_type`,`sort`,`create_time`,`deleted`) VALUES(132,112,101,1,1,'2026-05-29 22:11:26',0);
INSERT INTO `t_item_dept`(`id`,`item_id`,`dept_id`,`dept_type`,`sort`,`create_time`,`deleted`) VALUES(133,128,102,3,4,'2026-05-29 22:11:26',0);
INSERT INTO `t_item_dept`(`id`,`item_id`,`dept_id`,`dept_type`,`sort`,`create_time`,`deleted`) VALUES(134,105,105,3,3,'2026-05-29 22:11:26',0);
INSERT INTO `t_item_dept`(`id`,`item_id`,`dept_id`,`dept_type`,`sort`,`create_time`,`deleted`) VALUES(135,145,101,3,5,'2026-05-29 22:11:26',0);
INSERT INTO `t_item_dept`(`id`,`item_id`,`dept_id`,`dept_type`,`sort`,`create_time`,`deleted`) VALUES(136,118,104,1,2,'2026-05-29 22:11:26',0);
INSERT INTO `t_item_dept`(`id`,`item_id`,`dept_id`,`dept_type`,`sort`,`create_time`,`deleted`) VALUES(137,123,108,1,1,'2026-05-29 22:11:26',0);
INSERT INTO `t_item_dept`(`id`,`item_id`,`dept_id`,`dept_type`,`sort`,`create_time`,`deleted`) VALUES(138,112,102,1,4,'2026-05-29 22:11:26',0);
INSERT INTO `t_item_dept`(`id`,`item_id`,`dept_id`,`dept_type`,`sort`,`create_time`,`deleted`) VALUES(139,101,105,3,5,'2026-05-29 22:11:26',0);
INSERT INTO `t_item_dept`(`id`,`item_id`,`dept_id`,`dept_type`,`sort`,`create_time`,`deleted`) VALUES(140,123,107,3,2,'2026-05-29 22:11:26',0);
INSERT INTO `t_item_dept`(`id`,`item_id`,`dept_id`,`dept_type`,`sort`,`create_time`,`deleted`) VALUES(141,139,101,1,3,'2026-05-29 22:11:26',0);
INSERT INTO `t_item_dept`(`id`,`item_id`,`dept_id`,`dept_type`,`sort`,`create_time`,`deleted`) VALUES(142,125,107,3,4,'2026-05-29 22:11:26',0);
INSERT INTO `t_item_dept`(`id`,`item_id`,`dept_id`,`dept_type`,`sort`,`create_time`,`deleted`) VALUES(143,149,106,3,1,'2026-05-29 22:11:26',0);
INSERT INTO `t_item_dept`(`id`,`item_id`,`dept_id`,`dept_type`,`sort`,`create_time`,`deleted`) VALUES(144,108,105,3,1,'2026-05-29 22:11:26',0);
INSERT INTO `t_item_dept`(`id`,`item_id`,`dept_id`,`dept_type`,`sort`,`create_time`,`deleted`) VALUES(145,128,107,3,5,'2026-05-29 22:11:26',0);
INSERT INTO `t_item_dept`(`id`,`item_id`,`dept_id`,`dept_type`,`sort`,`create_time`,`deleted`) VALUES(146,122,102,3,5,'2026-05-29 22:11:26',0);
INSERT INTO `t_item_dept`(`id`,`item_id`,`dept_id`,`dept_type`,`sort`,`create_time`,`deleted`) VALUES(147,111,102,2,5,'2026-05-29 22:11:26',0);
INSERT INTO `t_item_dept`(`id`,`item_id`,`dept_id`,`dept_type`,`sort`,`create_time`,`deleted`) VALUES(148,103,101,3,2,'2026-05-29 22:11:26',0);
INSERT INTO `t_item_dept`(`id`,`item_id`,`dept_id`,`dept_type`,`sort`,`create_time`,`deleted`) VALUES(149,119,102,1,3,'2026-05-29 22:11:26',0);
INSERT INTO `t_item_dept`(`id`,`item_id`,`dept_id`,`dept_type`,`sort`,`create_time`,`deleted`) VALUES(150,145,103,2,5,'2026-05-29 22:11:26',0);
INSERT INTO `t_item_dept`(`id`,`item_id`,`dept_id`,`dept_type`,`sort`,`create_time`,`deleted`) VALUES(151,118,101,2,2,'2026-05-29 22:11:26',0);
INSERT INTO `t_item_dept`(`id`,`item_id`,`dept_id`,`dept_type`,`sort`,`create_time`,`deleted`) VALUES(152,140,108,2,2,'2026-05-29 22:11:26',0);
INSERT INTO `t_item_dept`(`id`,`item_id`,`dept_id`,`dept_type`,`sort`,`create_time`,`deleted`) VALUES(153,140,104,3,5,'2026-05-29 22:11:26',0);
INSERT INTO `t_item_dept`(`id`,`item_id`,`dept_id`,`dept_type`,`sort`,`create_time`,`deleted`) VALUES(154,105,108,3,2,'2026-05-29 22:11:26',0);
INSERT INTO `t_item_dept`(`id`,`item_id`,`dept_id`,`dept_type`,`sort`,`create_time`,`deleted`) VALUES(155,137,109,1,2,'2026-05-29 22:11:26',0);
INSERT INTO `t_item_dept`(`id`,`item_id`,`dept_id`,`dept_type`,`sort`,`create_time`,`deleted`) VALUES(156,142,109,3,5,'2026-05-29 22:11:26',0);
INSERT INTO `t_item_dept`(`id`,`item_id`,`dept_id`,`dept_type`,`sort`,`create_time`,`deleted`) VALUES(157,121,109,1,1,'2026-05-29 22:11:26',0);
INSERT INTO `t_item_dept`(`id`,`item_id`,`dept_id`,`dept_type`,`sort`,`create_time`,`deleted`) VALUES(158,105,100,3,5,'2026-05-29 22:11:26',0);
INSERT INTO `t_item_dept`(`id`,`item_id`,`dept_id`,`dept_type`,`sort`,`create_time`,`deleted`) VALUES(159,116,103,3,4,'2026-05-29 22:11:26',0);
INSERT INTO `t_item_dept`(`id`,`item_id`,`dept_id`,`dept_type`,`sort`,`create_time`,`deleted`) VALUES(160,139,100,2,5,'2026-05-29 22:11:26',0);
INSERT INTO `t_item_dept`(`id`,`item_id`,`dept_id`,`dept_type`,`sort`,`create_time`,`deleted`) VALUES(161,118,104,2,2,'2026-05-29 22:11:26',0);
INSERT INTO `t_item_dept`(`id`,`item_id`,`dept_id`,`dept_type`,`sort`,`create_time`,`deleted`) VALUES(162,143,106,2,4,'2026-05-29 22:11:26',0);
INSERT INTO `t_item_dept`(`id`,`item_id`,`dept_id`,`dept_type`,`sort`,`create_time`,`deleted`) VALUES(163,104,100,1,4,'2026-05-29 22:11:26',0);
INSERT INTO `t_item_dept`(`id`,`item_id`,`dept_id`,`dept_type`,`sort`,`create_time`,`deleted`) VALUES(164,126,107,2,2,'2026-05-29 22:11:26',0);
INSERT INTO `t_item_dept`(`id`,`item_id`,`dept_id`,`dept_type`,`sort`,`create_time`,`deleted`) VALUES(165,121,109,1,3,'2026-05-29 22:11:26',0);
INSERT INTO `t_item_dept`(`id`,`item_id`,`dept_id`,`dept_type`,`sort`,`create_time`,`deleted`) VALUES(166,145,105,3,3,'2026-05-29 22:11:26',0);
INSERT INTO `t_item_dept`(`id`,`item_id`,`dept_id`,`dept_type`,`sort`,`create_time`,`deleted`) VALUES(167,125,102,2,5,'2026-05-29 22:11:26',0);
INSERT INTO `t_item_dept`(`id`,`item_id`,`dept_id`,`dept_type`,`sort`,`create_time`,`deleted`) VALUES(168,135,101,2,2,'2026-05-29 22:11:26',0);
INSERT INTO `t_item_dept`(`id`,`item_id`,`dept_id`,`dept_type`,`sort`,`create_time`,`deleted`) VALUES(169,129,101,2,4,'2026-05-29 22:11:26',0);
INSERT INTO `t_item_dept`(`id`,`item_id`,`dept_id`,`dept_type`,`sort`,`create_time`,`deleted`) VALUES(170,115,102,1,1,'2026-05-29 22:11:26',0);
INSERT INTO `t_item_dept`(`id`,`item_id`,`dept_id`,`dept_type`,`sort`,`create_time`,`deleted`) VALUES(171,118,106,3,4,'2026-05-29 22:11:26',0);
INSERT INTO `t_item_dept`(`id`,`item_id`,`dept_id`,`dept_type`,`sort`,`create_time`,`deleted`) VALUES(172,115,102,2,5,'2026-05-29 22:11:26',0);
INSERT INTO `t_item_dept`(`id`,`item_id`,`dept_id`,`dept_type`,`sort`,`create_time`,`deleted`) VALUES(173,146,105,1,2,'2026-05-29 22:11:26',0);
INSERT INTO `t_item_dept`(`id`,`item_id`,`dept_id`,`dept_type`,`sort`,`create_time`,`deleted`) VALUES(174,131,108,2,4,'2026-05-29 22:11:26',0);
INSERT INTO `t_item_dept`(`id`,`item_id`,`dept_id`,`dept_type`,`sort`,`create_time`,`deleted`) VALUES(175,119,107,1,1,'2026-05-29 22:11:26',0);
INSERT INTO `t_item_dept`(`id`,`item_id`,`dept_id`,`dept_type`,`sort`,`create_time`,`deleted`) VALUES(176,125,108,2,2,'2026-05-29 22:11:26',0);
INSERT INTO `t_item_dept`(`id`,`item_id`,`dept_id`,`dept_type`,`sort`,`create_time`,`deleted`) VALUES(177,113,109,2,1,'2026-05-29 22:11:26',0);
INSERT INTO `t_item_dept`(`id`,`item_id`,`dept_id`,`dept_type`,`sort`,`create_time`,`deleted`) VALUES(178,103,104,2,5,'2026-05-29 22:11:26',0);
INSERT INTO `t_item_dept`(`id`,`item_id`,`dept_id`,`dept_type`,`sort`,`create_time`,`deleted`) VALUES(179,141,107,2,5,'2026-05-29 22:11:26',0);

USE `gov_item`;
DELETE FROM `t_item_form` WHERE id >= 100;
INSERT INTO `t_item_form`(`id`,`item_id`,`form_name`,`form_schema`,`form_type`,`is_required`,`create_time`,`update_time`,`deleted`) VALUES(100,100,'表单1','{"fields":["f1","f2","f3"]}',1,1,'2026-05-29 22:11:26','2026-05-29 22:11:26',0);
INSERT INTO `t_item_form`(`id`,`item_id`,`form_name`,`form_schema`,`form_type`,`is_required`,`create_time`,`update_time`,`deleted`) VALUES(101,116,'表单2','{"fields":["f1","f2","f3"]}',3,1,'2026-05-29 22:11:26','2026-05-29 22:11:26',0);
INSERT INTO `t_item_form`(`id`,`item_id`,`form_name`,`form_schema`,`form_type`,`is_required`,`create_time`,`update_time`,`deleted`) VALUES(102,125,'表单3','{"fields":["f1","f2","f3"]}',2,0,'2026-05-29 22:11:26','2026-05-29 22:11:26',0);
INSERT INTO `t_item_form`(`id`,`item_id`,`form_name`,`form_schema`,`form_type`,`is_required`,`create_time`,`update_time`,`deleted`) VALUES(103,103,'表单4','{"fields":["f1","f2","f3"]}',3,1,'2026-05-29 22:11:26','2026-05-29 22:11:26',0);
INSERT INTO `t_item_form`(`id`,`item_id`,`form_name`,`form_schema`,`form_type`,`is_required`,`create_time`,`update_time`,`deleted`) VALUES(104,123,'表单5','{"fields":["f1","f2","f3"]}',3,1,'2026-05-29 22:11:26','2026-05-29 22:11:26',0);
INSERT INTO `t_item_form`(`id`,`item_id`,`form_name`,`form_schema`,`form_type`,`is_required`,`create_time`,`update_time`,`deleted`) VALUES(105,124,'表单6','{"fields":["f1","f2","f3"]}',3,1,'2026-05-29 22:11:26','2026-05-29 22:11:26',0);
INSERT INTO `t_item_form`(`id`,`item_id`,`form_name`,`form_schema`,`form_type`,`is_required`,`create_time`,`update_time`,`deleted`) VALUES(106,135,'表单7','{"fields":["f1","f2","f3"]}',2,1,'2026-05-29 22:11:26','2026-05-29 22:11:26',0);
INSERT INTO `t_item_form`(`id`,`item_id`,`form_name`,`form_schema`,`form_type`,`is_required`,`create_time`,`update_time`,`deleted`) VALUES(107,139,'表单8','{"fields":["f1","f2","f3"]}',3,1,'2026-05-29 22:11:26','2026-05-29 22:11:26',0);
INSERT INTO `t_item_form`(`id`,`item_id`,`form_name`,`form_schema`,`form_type`,`is_required`,`create_time`,`update_time`,`deleted`) VALUES(108,108,'表单9','{"fields":["f1","f2","f3"]}',1,1,'2026-05-29 22:11:26','2026-05-29 22:11:26',0);
INSERT INTO `t_item_form`(`id`,`item_id`,`form_name`,`form_schema`,`form_type`,`is_required`,`create_time`,`update_time`,`deleted`) VALUES(109,121,'表单10','{"fields":["f1","f2","f3"]}',3,1,'2026-05-29 22:11:26','2026-05-29 22:11:26',0);
INSERT INTO `t_item_form`(`id`,`item_id`,`form_name`,`form_schema`,`form_type`,`is_required`,`create_time`,`update_time`,`deleted`) VALUES(110,148,'表单11','{"fields":["f1","f2","f3"]}',1,0,'2026-05-29 22:11:26','2026-05-29 22:11:26',0);
INSERT INTO `t_item_form`(`id`,`item_id`,`form_name`,`form_schema`,`form_type`,`is_required`,`create_time`,`update_time`,`deleted`) VALUES(111,132,'表单12','{"fields":["f1","f2","f3"]}',2,1,'2026-05-29 22:11:26','2026-05-29 22:11:26',0);
INSERT INTO `t_item_form`(`id`,`item_id`,`form_name`,`form_schema`,`form_type`,`is_required`,`create_time`,`update_time`,`deleted`) VALUES(112,102,'表单13','{"fields":["f1","f2","f3"]}',1,0,'2026-05-29 22:11:26','2026-05-29 22:11:26',0);
INSERT INTO `t_item_form`(`id`,`item_id`,`form_name`,`form_schema`,`form_type`,`is_required`,`create_time`,`update_time`,`deleted`) VALUES(113,121,'表单14','{"fields":["f1","f2","f3"]}',2,1,'2026-05-29 22:11:26','2026-05-29 22:11:26',0);
INSERT INTO `t_item_form`(`id`,`item_id`,`form_name`,`form_schema`,`form_type`,`is_required`,`create_time`,`update_time`,`deleted`) VALUES(114,109,'表单15','{"fields":["f1","f2","f3"]}',3,1,'2026-05-29 22:11:26','2026-05-29 22:11:26',0);
INSERT INTO `t_item_form`(`id`,`item_id`,`form_name`,`form_schema`,`form_type`,`is_required`,`create_time`,`update_time`,`deleted`) VALUES(115,108,'表单16','{"fields":["f1","f2","f3"]}',2,1,'2026-05-29 22:11:26','2026-05-29 22:11:26',0);
INSERT INTO `t_item_form`(`id`,`item_id`,`form_name`,`form_schema`,`form_type`,`is_required`,`create_time`,`update_time`,`deleted`) VALUES(116,120,'表单17','{"fields":["f1","f2","f3"]}',1,1,'2026-05-29 22:11:26','2026-05-29 22:11:26',0);
INSERT INTO `t_item_form`(`id`,`item_id`,`form_name`,`form_schema`,`form_type`,`is_required`,`create_time`,`update_time`,`deleted`) VALUES(117,139,'表单18','{"fields":["f1","f2","f3"]}',3,1,'2026-05-29 22:11:26','2026-05-29 22:11:26',0);
INSERT INTO `t_item_form`(`id`,`item_id`,`form_name`,`form_schema`,`form_type`,`is_required`,`create_time`,`update_time`,`deleted`) VALUES(118,137,'表单19','{"fields":["f1","f2","f3"]}',2,1,'2026-05-29 22:11:26','2026-05-29 22:11:26',0);
INSERT INTO `t_item_form`(`id`,`item_id`,`form_name`,`form_schema`,`form_type`,`is_required`,`create_time`,`update_time`,`deleted`) VALUES(119,132,'表单20','{"fields":["f1","f2","f3"]}',3,1,'2026-05-29 22:11:26','2026-05-29 22:11:26',0);
INSERT INTO `t_item_form`(`id`,`item_id`,`form_name`,`form_schema`,`form_type`,`is_required`,`create_time`,`update_time`,`deleted`) VALUES(120,136,'表单21','{"fields":["f1","f2","f3"]}',2,1,'2026-05-29 22:11:26','2026-05-29 22:11:26',0);
INSERT INTO `t_item_form`(`id`,`item_id`,`form_name`,`form_schema`,`form_type`,`is_required`,`create_time`,`update_time`,`deleted`) VALUES(121,101,'表单22','{"fields":["f1","f2","f3"]}',2,1,'2026-05-29 22:11:26','2026-05-29 22:11:26',0);
INSERT INTO `t_item_form`(`id`,`item_id`,`form_name`,`form_schema`,`form_type`,`is_required`,`create_time`,`update_time`,`deleted`) VALUES(122,107,'表单23','{"fields":["f1","f2","f3"]}',2,1,'2026-05-29 22:11:26','2026-05-29 22:11:26',0);
INSERT INTO `t_item_form`(`id`,`item_id`,`form_name`,`form_schema`,`form_type`,`is_required`,`create_time`,`update_time`,`deleted`) VALUES(123,146,'表单24','{"fields":["f1","f2","f3"]}',3,1,'2026-05-29 22:11:26','2026-05-29 22:11:26',0);
INSERT INTO `t_item_form`(`id`,`item_id`,`form_name`,`form_schema`,`form_type`,`is_required`,`create_time`,`update_time`,`deleted`) VALUES(124,138,'表单25','{"fields":["f1","f2","f3"]}',2,1,'2026-05-29 22:11:26','2026-05-29 22:11:26',0);
INSERT INTO `t_item_form`(`id`,`item_id`,`form_name`,`form_schema`,`form_type`,`is_required`,`create_time`,`update_time`,`deleted`) VALUES(125,141,'表单26','{"fields":["f1","f2","f3"]}',3,1,'2026-05-29 22:11:26','2026-05-29 22:11:26',0);
INSERT INTO `t_item_form`(`id`,`item_id`,`form_name`,`form_schema`,`form_type`,`is_required`,`create_time`,`update_time`,`deleted`) VALUES(126,146,'表单27','{"fields":["f1","f2","f3"]}',1,1,'2026-05-29 22:11:26','2026-05-29 22:11:26',0);
INSERT INTO `t_item_form`(`id`,`item_id`,`form_name`,`form_schema`,`form_type`,`is_required`,`create_time`,`update_time`,`deleted`) VALUES(127,110,'表单28','{"fields":["f1","f2","f3"]}',3,1,'2026-05-29 22:11:26','2026-05-29 22:11:26',0);
INSERT INTO `t_item_form`(`id`,`item_id`,`form_name`,`form_schema`,`form_type`,`is_required`,`create_time`,`update_time`,`deleted`) VALUES(128,139,'表单29','{"fields":["f1","f2","f3"]}',2,0,'2026-05-29 22:11:26','2026-05-29 22:11:26',0);
INSERT INTO `t_item_form`(`id`,`item_id`,`form_name`,`form_schema`,`form_type`,`is_required`,`create_time`,`update_time`,`deleted`) VALUES(129,143,'表单30','{"fields":["f1","f2","f3"]}',1,0,'2026-05-29 22:11:26','2026-05-29 22:11:26',0);
INSERT INTO `t_item_form`(`id`,`item_id`,`form_name`,`form_schema`,`form_type`,`is_required`,`create_time`,`update_time`,`deleted`) VALUES(130,144,'表单31','{"fields":["f1","f2","f3"]}',1,0,'2026-05-29 22:11:26','2026-05-29 22:11:26',0);
INSERT INTO `t_item_form`(`id`,`item_id`,`form_name`,`form_schema`,`form_type`,`is_required`,`create_time`,`update_time`,`deleted`) VALUES(131,128,'表单32','{"fields":["f1","f2","f3"]}',2,1,'2026-05-29 22:11:26','2026-05-29 22:11:26',0);
INSERT INTO `t_item_form`(`id`,`item_id`,`form_name`,`form_schema`,`form_type`,`is_required`,`create_time`,`update_time`,`deleted`) VALUES(132,126,'表单33','{"fields":["f1","f2","f3"]}',3,1,'2026-05-29 22:11:26','2026-05-29 22:11:26',0);
INSERT INTO `t_item_form`(`id`,`item_id`,`form_name`,`form_schema`,`form_type`,`is_required`,`create_time`,`update_time`,`deleted`) VALUES(133,132,'表单34','{"fields":["f1","f2","f3"]}',3,1,'2026-05-29 22:11:26','2026-05-29 22:11:26',0);
INSERT INTO `t_item_form`(`id`,`item_id`,`form_name`,`form_schema`,`form_type`,`is_required`,`create_time`,`update_time`,`deleted`) VALUES(134,147,'表单35','{"fields":["f1","f2","f3"]}',3,0,'2026-05-29 22:11:26','2026-05-29 22:11:26',0);
INSERT INTO `t_item_form`(`id`,`item_id`,`form_name`,`form_schema`,`form_type`,`is_required`,`create_time`,`update_time`,`deleted`) VALUES(135,108,'表单36','{"fields":["f1","f2","f3"]}',3,1,'2026-05-29 22:11:26','2026-05-29 22:11:26',0);
INSERT INTO `t_item_form`(`id`,`item_id`,`form_name`,`form_schema`,`form_type`,`is_required`,`create_time`,`update_time`,`deleted`) VALUES(136,120,'表单37','{"fields":["f1","f2","f3"]}',3,1,'2026-05-29 22:11:26','2026-05-29 22:11:26',0);
INSERT INTO `t_item_form`(`id`,`item_id`,`form_name`,`form_schema`,`form_type`,`is_required`,`create_time`,`update_time`,`deleted`) VALUES(137,124,'表单38','{"fields":["f1","f2","f3"]}',2,1,'2026-05-29 22:11:26','2026-05-29 22:11:26',0);
INSERT INTO `t_item_form`(`id`,`item_id`,`form_name`,`form_schema`,`form_type`,`is_required`,`create_time`,`update_time`,`deleted`) VALUES(138,129,'表单39','{"fields":["f1","f2","f3"]}',3,1,'2026-05-29 22:11:26','2026-05-29 22:11:26',0);
INSERT INTO `t_item_form`(`id`,`item_id`,`form_name`,`form_schema`,`form_type`,`is_required`,`create_time`,`update_time`,`deleted`) VALUES(139,122,'表单40','{"fields":["f1","f2","f3"]}',3,1,'2026-05-29 22:11:26','2026-05-29 22:11:26',0);
INSERT INTO `t_item_form`(`id`,`item_id`,`form_name`,`form_schema`,`form_type`,`is_required`,`create_time`,`update_time`,`deleted`) VALUES(140,146,'表单41','{"fields":["f1","f2","f3"]}',3,1,'2026-05-29 22:11:26','2026-05-29 22:11:26',0);
INSERT INTO `t_item_form`(`id`,`item_id`,`form_name`,`form_schema`,`form_type`,`is_required`,`create_time`,`update_time`,`deleted`) VALUES(141,144,'表单42','{"fields":["f1","f2","f3"]}',2,1,'2026-05-29 22:11:26','2026-05-29 22:11:26',0);
INSERT INTO `t_item_form`(`id`,`item_id`,`form_name`,`form_schema`,`form_type`,`is_required`,`create_time`,`update_time`,`deleted`) VALUES(142,112,'表单43','{"fields":["f1","f2","f3"]}',1,1,'2026-05-29 22:11:26','2026-05-29 22:11:26',0);
INSERT INTO `t_item_form`(`id`,`item_id`,`form_name`,`form_schema`,`form_type`,`is_required`,`create_time`,`update_time`,`deleted`) VALUES(143,119,'表单44','{"fields":["f1","f2","f3"]}',1,1,'2026-05-29 22:11:26','2026-05-29 22:11:26',0);
INSERT INTO `t_item_form`(`id`,`item_id`,`form_name`,`form_schema`,`form_type`,`is_required`,`create_time`,`update_time`,`deleted`) VALUES(144,119,'表单45','{"fields":["f1","f2","f3"]}',2,1,'2026-05-29 22:11:26','2026-05-29 22:11:26',0);
INSERT INTO `t_item_form`(`id`,`item_id`,`form_name`,`form_schema`,`form_type`,`is_required`,`create_time`,`update_time`,`deleted`) VALUES(145,144,'表单46','{"fields":["f1","f2","f3"]}',3,1,'2026-05-29 22:11:26','2026-05-29 22:11:26',0);
INSERT INTO `t_item_form`(`id`,`item_id`,`form_name`,`form_schema`,`form_type`,`is_required`,`create_time`,`update_time`,`deleted`) VALUES(146,130,'表单47','{"fields":["f1","f2","f3"]}',2,1,'2026-05-29 22:11:26','2026-05-29 22:11:26',0);
INSERT INTO `t_item_form`(`id`,`item_id`,`form_name`,`form_schema`,`form_type`,`is_required`,`create_time`,`update_time`,`deleted`) VALUES(147,146,'表单48','{"fields":["f1","f2","f3"]}',2,1,'2026-05-29 22:11:26','2026-05-29 22:11:26',0);
INSERT INTO `t_item_form`(`id`,`item_id`,`form_name`,`form_schema`,`form_type`,`is_required`,`create_time`,`update_time`,`deleted`) VALUES(148,136,'表单49','{"fields":["f1","f2","f3"]}',3,1,'2026-05-29 22:11:26','2026-05-29 22:11:26',0);
INSERT INTO `t_item_form`(`id`,`item_id`,`form_name`,`form_schema`,`form_type`,`is_required`,`create_time`,`update_time`,`deleted`) VALUES(149,125,'表单50','{"fields":["f1","f2","f3"]}',2,1,'2026-05-29 22:11:26','2026-05-29 22:11:26',0);
INSERT INTO `t_item_form`(`id`,`item_id`,`form_name`,`form_schema`,`form_type`,`is_required`,`create_time`,`update_time`,`deleted`) VALUES(150,109,'表单51','{"fields":["f1","f2","f3"]}',2,0,'2026-05-29 22:11:26','2026-05-29 22:11:26',0);
INSERT INTO `t_item_form`(`id`,`item_id`,`form_name`,`form_schema`,`form_type`,`is_required`,`create_time`,`update_time`,`deleted`) VALUES(151,145,'表单52','{"fields":["f1","f2","f3"]}',1,1,'2026-05-29 22:11:26','2026-05-29 22:11:26',0);
INSERT INTO `t_item_form`(`id`,`item_id`,`form_name`,`form_schema`,`form_type`,`is_required`,`create_time`,`update_time`,`deleted`) VALUES(152,128,'表单53','{"fields":["f1","f2","f3"]}',3,1,'2026-05-29 22:11:26','2026-05-29 22:11:26',0);
INSERT INTO `t_item_form`(`id`,`item_id`,`form_name`,`form_schema`,`form_type`,`is_required`,`create_time`,`update_time`,`deleted`) VALUES(153,130,'表单54','{"fields":["f1","f2","f3"]}',1,1,'2026-05-29 22:11:26','2026-05-29 22:11:26',0);
INSERT INTO `t_item_form`(`id`,`item_id`,`form_name`,`form_schema`,`form_type`,`is_required`,`create_time`,`update_time`,`deleted`) VALUES(154,134,'表单55','{"fields":["f1","f2","f3"]}',2,1,'2026-05-29 22:11:26','2026-05-29 22:11:26',0);
INSERT INTO `t_item_form`(`id`,`item_id`,`form_name`,`form_schema`,`form_type`,`is_required`,`create_time`,`update_time`,`deleted`) VALUES(155,144,'表单56','{"fields":["f1","f2","f3"]}',2,0,'2026-05-29 22:11:26','2026-05-29 22:11:26',0);
INSERT INTO `t_item_form`(`id`,`item_id`,`form_name`,`form_schema`,`form_type`,`is_required`,`create_time`,`update_time`,`deleted`) VALUES(156,139,'表单57','{"fields":["f1","f2","f3"]}',3,1,'2026-05-29 22:11:26','2026-05-29 22:11:26',0);
INSERT INTO `t_item_form`(`id`,`item_id`,`form_name`,`form_schema`,`form_type`,`is_required`,`create_time`,`update_time`,`deleted`) VALUES(157,115,'表单58','{"fields":["f1","f2","f3"]}',1,1,'2026-05-29 22:11:26','2026-05-29 22:11:26',0);
INSERT INTO `t_item_form`(`id`,`item_id`,`form_name`,`form_schema`,`form_type`,`is_required`,`create_time`,`update_time`,`deleted`) VALUES(158,133,'表单59','{"fields":["f1","f2","f3"]}',1,1,'2026-05-29 22:11:26','2026-05-29 22:11:26',0);
INSERT INTO `t_item_form`(`id`,`item_id`,`form_name`,`form_schema`,`form_type`,`is_required`,`create_time`,`update_time`,`deleted`) VALUES(159,103,'表单60','{"fields":["f1","f2","f3"]}',1,1,'2026-05-29 22:11:26','2026-05-29 22:11:26',0);
INSERT INTO `t_item_form`(`id`,`item_id`,`form_name`,`form_schema`,`form_type`,`is_required`,`create_time`,`update_time`,`deleted`) VALUES(160,145,'表单61','{"fields":["f1","f2","f3"]}',2,0,'2026-05-29 22:11:26','2026-05-29 22:11:26',0);
INSERT INTO `t_item_form`(`id`,`item_id`,`form_name`,`form_schema`,`form_type`,`is_required`,`create_time`,`update_time`,`deleted`) VALUES(161,149,'表单62','{"fields":["f1","f2","f3"]}',1,0,'2026-05-29 22:11:26','2026-05-29 22:11:26',0);
INSERT INTO `t_item_form`(`id`,`item_id`,`form_name`,`form_schema`,`form_type`,`is_required`,`create_time`,`update_time`,`deleted`) VALUES(162,135,'表单63','{"fields":["f1","f2","f3"]}',1,1,'2026-05-29 22:11:26','2026-05-29 22:11:26',0);
INSERT INTO `t_item_form`(`id`,`item_id`,`form_name`,`form_schema`,`form_type`,`is_required`,`create_time`,`update_time`,`deleted`) VALUES(163,130,'表单64','{"fields":["f1","f2","f3"]}',2,1,'2026-05-29 22:11:26','2026-05-29 22:11:26',0);
INSERT INTO `t_item_form`(`id`,`item_id`,`form_name`,`form_schema`,`form_type`,`is_required`,`create_time`,`update_time`,`deleted`) VALUES(164,148,'表单65','{"fields":["f1","f2","f3"]}',2,1,'2026-05-29 22:11:26','2026-05-29 22:11:26',0);
INSERT INTO `t_item_form`(`id`,`item_id`,`form_name`,`form_schema`,`form_type`,`is_required`,`create_time`,`update_time`,`deleted`) VALUES(165,141,'表单66','{"fields":["f1","f2","f3"]}',1,1,'2026-05-29 22:11:26','2026-05-29 22:11:26',0);
INSERT INTO `t_item_form`(`id`,`item_id`,`form_name`,`form_schema`,`form_type`,`is_required`,`create_time`,`update_time`,`deleted`) VALUES(166,105,'表单67','{"fields":["f1","f2","f3"]}',3,1,'2026-05-29 22:11:26','2026-05-29 22:11:26',0);
INSERT INTO `t_item_form`(`id`,`item_id`,`form_name`,`form_schema`,`form_type`,`is_required`,`create_time`,`update_time`,`deleted`) VALUES(167,134,'表单68','{"fields":["f1","f2","f3"]}',3,1,'2026-05-29 22:11:26','2026-05-29 22:11:26',0);
INSERT INTO `t_item_form`(`id`,`item_id`,`form_name`,`form_schema`,`form_type`,`is_required`,`create_time`,`update_time`,`deleted`) VALUES(168,102,'表单69','{"fields":["f1","f2","f3"]}',1,1,'2026-05-29 22:11:26','2026-05-29 22:11:26',0);
INSERT INTO `t_item_form`(`id`,`item_id`,`form_name`,`form_schema`,`form_type`,`is_required`,`create_time`,`update_time`,`deleted`) VALUES(169,111,'表单70','{"fields":["f1","f2","f3"]}',1,1,'2026-05-29 22:11:26','2026-05-29 22:11:26',0);
INSERT INTO `t_item_form`(`id`,`item_id`,`form_name`,`form_schema`,`form_type`,`is_required`,`create_time`,`update_time`,`deleted`) VALUES(170,125,'表单71','{"fields":["f1","f2","f3"]}',2,0,'2026-05-29 22:11:26','2026-05-29 22:11:26',0);
INSERT INTO `t_item_form`(`id`,`item_id`,`form_name`,`form_schema`,`form_type`,`is_required`,`create_time`,`update_time`,`deleted`) VALUES(171,147,'表单72','{"fields":["f1","f2","f3"]}',2,1,'2026-05-29 22:11:26','2026-05-29 22:11:26',0);
INSERT INTO `t_item_form`(`id`,`item_id`,`form_name`,`form_schema`,`form_type`,`is_required`,`create_time`,`update_time`,`deleted`) VALUES(172,100,'表单73','{"fields":["f1","f2","f3"]}',2,1,'2026-05-29 22:11:26','2026-05-29 22:11:26',0);
INSERT INTO `t_item_form`(`id`,`item_id`,`form_name`,`form_schema`,`form_type`,`is_required`,`create_time`,`update_time`,`deleted`) VALUES(173,106,'表单74','{"fields":["f1","f2","f3"]}',2,1,'2026-05-29 22:11:26','2026-05-29 22:11:26',0);
INSERT INTO `t_item_form`(`id`,`item_id`,`form_name`,`form_schema`,`form_type`,`is_required`,`create_time`,`update_time`,`deleted`) VALUES(174,141,'表单75','{"fields":["f1","f2","f3"]}',3,1,'2026-05-29 22:11:26','2026-05-29 22:11:26',0);
INSERT INTO `t_item_form`(`id`,`item_id`,`form_name`,`form_schema`,`form_type`,`is_required`,`create_time`,`update_time`,`deleted`) VALUES(175,108,'表单76','{"fields":["f1","f2","f3"]}',3,1,'2026-05-29 22:11:26','2026-05-29 22:11:26',0);
INSERT INTO `t_item_form`(`id`,`item_id`,`form_name`,`form_schema`,`form_type`,`is_required`,`create_time`,`update_time`,`deleted`) VALUES(176,112,'表单77','{"fields":["f1","f2","f3"]}',1,1,'2026-05-29 22:11:26','2026-05-29 22:11:26',0);
INSERT INTO `t_item_form`(`id`,`item_id`,`form_name`,`form_schema`,`form_type`,`is_required`,`create_time`,`update_time`,`deleted`) VALUES(177,146,'表单78','{"fields":["f1","f2","f3"]}',2,1,'2026-05-29 22:11:26','2026-05-29 22:11:26',0);
INSERT INTO `t_item_form`(`id`,`item_id`,`form_name`,`form_schema`,`form_type`,`is_required`,`create_time`,`update_time`,`deleted`) VALUES(178,145,'表单79','{"fields":["f1","f2","f3"]}',1,0,'2026-05-29 22:11:26','2026-05-29 22:11:26',0);
INSERT INTO `t_item_form`(`id`,`item_id`,`form_name`,`form_schema`,`form_type`,`is_required`,`create_time`,`update_time`,`deleted`) VALUES(179,121,'表单80','{"fields":["f1","f2","f3"]}',2,1,'2026-05-29 22:11:26','2026-05-29 22:11:26',0);
INSERT INTO `t_item_form`(`id`,`item_id`,`form_name`,`form_schema`,`form_type`,`is_required`,`create_time`,`update_time`,`deleted`) VALUES(180,148,'表单81','{"fields":["f1","f2","f3"]}',1,0,'2026-05-29 22:11:26','2026-05-29 22:11:26',0);
INSERT INTO `t_item_form`(`id`,`item_id`,`form_name`,`form_schema`,`form_type`,`is_required`,`create_time`,`update_time`,`deleted`) VALUES(181,140,'表单82','{"fields":["f1","f2","f3"]}',2,1,'2026-05-29 22:11:26','2026-05-29 22:11:26',0);
INSERT INTO `t_item_form`(`id`,`item_id`,`form_name`,`form_schema`,`form_type`,`is_required`,`create_time`,`update_time`,`deleted`) VALUES(182,132,'表单83','{"fields":["f1","f2","f3"]}',2,0,'2026-05-29 22:11:26','2026-05-29 22:11:26',0);
INSERT INTO `t_item_form`(`id`,`item_id`,`form_name`,`form_schema`,`form_type`,`is_required`,`create_time`,`update_time`,`deleted`) VALUES(183,142,'表单84','{"fields":["f1","f2","f3"]}',1,0,'2026-05-29 22:11:26','2026-05-29 22:11:26',0);
INSERT INTO `t_item_form`(`id`,`item_id`,`form_name`,`form_schema`,`form_type`,`is_required`,`create_time`,`update_time`,`deleted`) VALUES(184,108,'表单85','{"fields":["f1","f2","f3"]}',2,1,'2026-05-29 22:11:26','2026-05-29 22:11:26',0);
INSERT INTO `t_item_form`(`id`,`item_id`,`form_name`,`form_schema`,`form_type`,`is_required`,`create_time`,`update_time`,`deleted`) VALUES(185,115,'表单86','{"fields":["f1","f2","f3"]}',1,1,'2026-05-29 22:11:26','2026-05-29 22:11:26',0);
INSERT INTO `t_item_form`(`id`,`item_id`,`form_name`,`form_schema`,`form_type`,`is_required`,`create_time`,`update_time`,`deleted`) VALUES(186,115,'表单87','{"fields":["f1","f2","f3"]}',2,1,'2026-05-29 22:11:26','2026-05-29 22:11:26',0);
INSERT INTO `t_item_form`(`id`,`item_id`,`form_name`,`form_schema`,`form_type`,`is_required`,`create_time`,`update_time`,`deleted`) VALUES(187,121,'表单88','{"fields":["f1","f2","f3"]}',2,1,'2026-05-29 22:11:26','2026-05-29 22:11:26',0);
INSERT INTO `t_item_form`(`id`,`item_id`,`form_name`,`form_schema`,`form_type`,`is_required`,`create_time`,`update_time`,`deleted`) VALUES(188,136,'表单89','{"fields":["f1","f2","f3"]}',1,1,'2026-05-29 22:11:26','2026-05-29 22:11:26',0);
INSERT INTO `t_item_form`(`id`,`item_id`,`form_name`,`form_schema`,`form_type`,`is_required`,`create_time`,`update_time`,`deleted`) VALUES(189,123,'表单90','{"fields":["f1","f2","f3"]}',3,1,'2026-05-29 22:11:26','2026-05-29 22:11:26',0);
INSERT INTO `t_item_form`(`id`,`item_id`,`form_name`,`form_schema`,`form_type`,`is_required`,`create_time`,`update_time`,`deleted`) VALUES(190,142,'表单91','{"fields":["f1","f2","f3"]}',1,1,'2026-05-29 22:11:26','2026-05-29 22:11:26',0);
INSERT INTO `t_item_form`(`id`,`item_id`,`form_name`,`form_schema`,`form_type`,`is_required`,`create_time`,`update_time`,`deleted`) VALUES(191,110,'表单92','{"fields":["f1","f2","f3"]}',2,1,'2026-05-29 22:11:26','2026-05-29 22:11:26',0);
INSERT INTO `t_item_form`(`id`,`item_id`,`form_name`,`form_schema`,`form_type`,`is_required`,`create_time`,`update_time`,`deleted`) VALUES(192,145,'表单93','{"fields":["f1","f2","f3"]}',2,1,'2026-05-29 22:11:26','2026-05-29 22:11:26',0);
INSERT INTO `t_item_form`(`id`,`item_id`,`form_name`,`form_schema`,`form_type`,`is_required`,`create_time`,`update_time`,`deleted`) VALUES(193,140,'表单94','{"fields":["f1","f2","f3"]}',2,1,'2026-05-29 22:11:26','2026-05-29 22:11:26',0);
INSERT INTO `t_item_form`(`id`,`item_id`,`form_name`,`form_schema`,`form_type`,`is_required`,`create_time`,`update_time`,`deleted`) VALUES(194,114,'表单95','{"fields":["f1","f2","f3"]}',1,1,'2026-05-29 22:11:26','2026-05-29 22:11:26',0);
INSERT INTO `t_item_form`(`id`,`item_id`,`form_name`,`form_schema`,`form_type`,`is_required`,`create_time`,`update_time`,`deleted`) VALUES(195,130,'表单96','{"fields":["f1","f2","f3"]}',1,1,'2026-05-29 22:11:26','2026-05-29 22:11:26',0);
INSERT INTO `t_item_form`(`id`,`item_id`,`form_name`,`form_schema`,`form_type`,`is_required`,`create_time`,`update_time`,`deleted`) VALUES(196,138,'表单97','{"fields":["f1","f2","f3"]}',2,1,'2026-05-29 22:11:26','2026-05-29 22:11:26',0);
INSERT INTO `t_item_form`(`id`,`item_id`,`form_name`,`form_schema`,`form_type`,`is_required`,`create_time`,`update_time`,`deleted`) VALUES(197,135,'表单98','{"fields":["f1","f2","f3"]}',2,1,'2026-05-29 22:11:26','2026-05-29 22:11:26',0);
INSERT INTO `t_item_form`(`id`,`item_id`,`form_name`,`form_schema`,`form_type`,`is_required`,`create_time`,`update_time`,`deleted`) VALUES(198,142,'表单99','{"fields":["f1","f2","f3"]}',1,1,'2026-05-29 22:11:26','2026-05-29 22:11:26',0);
INSERT INTO `t_item_form`(`id`,`item_id`,`form_name`,`form_schema`,`form_type`,`is_required`,`create_time`,`update_time`,`deleted`) VALUES(199,143,'表单100','{"fields":["f1","f2","f3"]}',3,1,'2026-05-29 22:11:26','2026-05-29 22:11:26',0);

USE `gov_item`;
DELETE FROM `t_item_guide` WHERE id >= 100;
INSERT INTO `t_item_guide`(`id`,`item_id`,`guide_content`,`accept_condition`,`reject_condition`,`time_limit`,`fee_info`,`result_type`,`process_desc`,`consult_phone`,`consult_address`,`create_time`,`update_time`,`deleted`) VALUES(100,100,'办事指南内容0','符合法定条件,材料齐全,在有效期范围内','材料不全,不符合条件,存在违规记录',3,'免费','证明文件','办理流程描述0','010-88800000','某某路1号政务大厅1号窗口','2026-05-29 22:11:26','2026-05-29 22:11:26',0);
INSERT INTO `t_item_guide`(`id`,`item_id`,`guide_content`,`accept_condition`,`reject_condition`,`time_limit`,`fee_info`,`result_type`,`process_desc`,`consult_phone`,`consult_address`,`create_time`,`update_time`,`deleted`) VALUES(101,101,'办事指南内容1','符合法定条件,材料齐全,在有效期范围内','材料不全,不符合条件,存在违规记录',3,'免费','批文','办理流程描述1','010-88800001','某某路2号政务大厅2号窗口','2026-05-29 22:11:26','2026-05-29 22:11:26',0);
INSERT INTO `t_item_guide`(`id`,`item_id`,`guide_content`,`accept_condition`,`reject_condition`,`time_limit`,`fee_info`,`result_type`,`process_desc`,`consult_phone`,`consult_address`,`create_time`,`update_time`,`deleted`) VALUES(102,102,'办事指南内容2','符合法定条件,材料齐全,在有效期范围内','材料不全,不符合条件,存在违规记录',1,'免费','证照','办理流程描述2','010-88800002','某某路3号政务大厅3号窗口','2026-05-29 22:11:26','2026-05-29 22:11:26',0);
INSERT INTO `t_item_guide`(`id`,`item_id`,`guide_content`,`accept_condition`,`reject_condition`,`time_limit`,`fee_info`,`result_type`,`process_desc`,`consult_phone`,`consult_address`,`create_time`,`update_time`,`deleted`) VALUES(103,103,'办事指南内容3','符合法定条件,材料齐全,在有效期范围内','材料不全,不符合条件,存在违规记录',5,'收费447元','电子证照','办理流程描述3','010-88800003','某某路4号政务大厅4号窗口','2026-05-29 22:11:26','2026-05-29 22:11:26',0);
INSERT INTO `t_item_guide`(`id`,`item_id`,`guide_content`,`accept_condition`,`reject_condition`,`time_limit`,`fee_info`,`result_type`,`process_desc`,`consult_phone`,`consult_address`,`create_time`,`update_time`,`deleted`) VALUES(104,104,'办事指南内容4','符合法定条件,材料齐全,在有效期范围内','材料不全,不符合条件,存在违规记录',3,'免费','电子证照','办理流程描述4','010-88800004','某某路5号政务大厅5号窗口','2026-05-29 22:11:26','2026-05-29 22:11:26',0);
INSERT INTO `t_item_guide`(`id`,`item_id`,`guide_content`,`accept_condition`,`reject_condition`,`time_limit`,`fee_info`,`result_type`,`process_desc`,`consult_phone`,`consult_address`,`create_time`,`update_time`,`deleted`) VALUES(105,105,'办事指南内容5','符合法定条件,材料齐全,在有效期范围内','材料不全,不符合条件,存在违规记录',3,'免费','电子证照','办理流程描述5','010-88800005','某某路6号政务大厅6号窗口','2026-05-29 22:11:26','2026-05-29 22:11:26',0);
INSERT INTO `t_item_guide`(`id`,`item_id`,`guide_content`,`accept_condition`,`reject_condition`,`time_limit`,`fee_info`,`result_type`,`process_desc`,`consult_phone`,`consult_address`,`create_time`,`update_time`,`deleted`) VALUES(106,106,'办事指南内容6','符合法定条件,材料齐全,在有效期范围内','材料不全,不符合条件,存在违规记录',1,'免费','电子证照','办理流程描述6','010-88800006','某某路7号政务大厅7号窗口','2026-05-29 22:11:26','2026-05-29 22:11:26',0);
INSERT INTO `t_item_guide`(`id`,`item_id`,`guide_content`,`accept_condition`,`reject_condition`,`time_limit`,`fee_info`,`result_type`,`process_desc`,`consult_phone`,`consult_address`,`create_time`,`update_time`,`deleted`) VALUES(107,107,'办事指南内容7','符合法定条件,材料齐全,在有效期范围内','材料不全,不符合条件,存在违规记录',30,'免费','电子证照','办理流程描述7','010-88800007','某某路8号政务大厅8号窗口','2026-05-29 22:11:26','2026-05-29 22:11:26',0);
INSERT INTO `t_item_guide`(`id`,`item_id`,`guide_content`,`accept_condition`,`reject_condition`,`time_limit`,`fee_info`,`result_type`,`process_desc`,`consult_phone`,`consult_address`,`create_time`,`update_time`,`deleted`) VALUES(108,108,'办事指南内容8','符合法定条件,材料齐全,在有效期范围内','材料不全,不符合条件,存在违规记录',10,'免费','电子证照','办理流程描述8','010-88800008','某某路9号政务大厅9号窗口','2026-05-29 22:11:26','2026-05-29 22:11:26',0);
INSERT INTO `t_item_guide`(`id`,`item_id`,`guide_content`,`accept_condition`,`reject_condition`,`time_limit`,`fee_info`,`result_type`,`process_desc`,`consult_phone`,`consult_address`,`create_time`,`update_time`,`deleted`) VALUES(109,109,'办事指南内容9','符合法定条件,材料齐全,在有效期范围内','材料不全,不符合条件,存在违规记录',10,'免费','证照','办理流程描述9','010-88800009','某某路10号政务大厅10号窗口','2026-05-29 22:11:26','2026-05-29 22:11:26',0);
INSERT INTO `t_item_guide`(`id`,`item_id`,`guide_content`,`accept_condition`,`reject_condition`,`time_limit`,`fee_info`,`result_type`,`process_desc`,`consult_phone`,`consult_address`,`create_time`,`update_time`,`deleted`) VALUES(110,110,'办事指南内容10','符合法定条件,材料齐全,在有效期范围内','材料不全,不符合条件,存在违规记录',3,'收费186元','批文','办理流程描述10','010-88800010','某某路11号政务大厅11号窗口','2026-05-29 22:11:26','2026-05-29 22:11:26',0);
INSERT INTO `t_item_guide`(`id`,`item_id`,`guide_content`,`accept_condition`,`reject_condition`,`time_limit`,`fee_info`,`result_type`,`process_desc`,`consult_phone`,`consult_address`,`create_time`,`update_time`,`deleted`) VALUES(111,111,'办事指南内容11','符合法定条件,材料齐全,在有效期范围内','材料不全,不符合条件,存在违规记录',1,'免费','批文','办理流程描述11','010-88800011','某某路12号政务大厅12号窗口','2026-05-29 22:11:26','2026-05-29 22:11:26',0);
INSERT INTO `t_item_guide`(`id`,`item_id`,`guide_content`,`accept_condition`,`reject_condition`,`time_limit`,`fee_info`,`result_type`,`process_desc`,`consult_phone`,`consult_address`,`create_time`,`update_time`,`deleted`) VALUES(112,112,'办事指南内容12','符合法定条件,材料齐全,在有效期范围内','材料不全,不符合条件,存在违规记录',30,'收费219元','证照','办理流程描述12','010-88800012','某某路13号政务大厅13号窗口','2026-05-29 22:11:26','2026-05-29 22:11:26',0);
INSERT INTO `t_item_guide`(`id`,`item_id`,`guide_content`,`accept_condition`,`reject_condition`,`time_limit`,`fee_info`,`result_type`,`process_desc`,`consult_phone`,`consult_address`,`create_time`,`update_time`,`deleted`) VALUES(113,113,'办事指南内容13','符合法定条件,材料齐全,在有效期范围内','材料不全,不符合条件,存在违规记录',5,'免费','电子证照','办理流程描述13','010-88800013','某某路14号政务大厅14号窗口','2026-05-29 22:11:26','2026-05-29 22:11:26',0);
INSERT INTO `t_item_guide`(`id`,`item_id`,`guide_content`,`accept_condition`,`reject_condition`,`time_limit`,`fee_info`,`result_type`,`process_desc`,`consult_phone`,`consult_address`,`create_time`,`update_time`,`deleted`) VALUES(114,114,'办事指南内容14','符合法定条件,材料齐全,在有效期范围内','材料不全,不符合条件,存在违规记录',15,'免费','电子证照','办理流程描述14','010-88800014','某某路15号政务大厅15号窗口','2026-05-29 22:11:26','2026-05-29 22:11:26',0);
INSERT INTO `t_item_guide`(`id`,`item_id`,`guide_content`,`accept_condition`,`reject_condition`,`time_limit`,`fee_info`,`result_type`,`process_desc`,`consult_phone`,`consult_address`,`create_time`,`update_time`,`deleted`) VALUES(115,115,'办事指南内容15','符合法定条件,材料齐全,在有效期范围内','材料不全,不符合条件,存在违规记录',30,'免费','电子证照','办理流程描述15','010-88800015','某某路16号政务大厅16号窗口','2026-05-29 22:11:26','2026-05-29 22:11:26',0);
INSERT INTO `t_item_guide`(`id`,`item_id`,`guide_content`,`accept_condition`,`reject_condition`,`time_limit`,`fee_info`,`result_type`,`process_desc`,`consult_phone`,`consult_address`,`create_time`,`update_time`,`deleted`) VALUES(116,116,'办事指南内容16','符合法定条件,材料齐全,在有效期范围内','材料不全,不符合条件,存在违规记录',20,'收费348元','证照','办理流程描述16','010-88800016','某某路17号政务大厅17号窗口','2026-05-29 22:11:26','2026-05-29 22:11:26',0);
INSERT INTO `t_item_guide`(`id`,`item_id`,`guide_content`,`accept_condition`,`reject_condition`,`time_limit`,`fee_info`,`result_type`,`process_desc`,`consult_phone`,`consult_address`,`create_time`,`update_time`,`deleted`) VALUES(117,117,'办事指南内容17','符合法定条件,材料齐全,在有效期范围内','材料不全,不符合条件,存在违规记录',15,'收费285元','电子证照','办理流程描述17','010-88800017','某某路18号政务大厅18号窗口','2026-05-29 22:11:26','2026-05-29 22:11:26',0);
INSERT INTO `t_item_guide`(`id`,`item_id`,`guide_content`,`accept_condition`,`reject_condition`,`time_limit`,`fee_info`,`result_type`,`process_desc`,`consult_phone`,`consult_address`,`create_time`,`update_time`,`deleted`) VALUES(118,118,'办事指南内容18','符合法定条件,材料齐全,在有效期范围内','材料不全,不符合条件,存在违规记录',5,'免费','证照','办理流程描述18','010-88800018','某某路19号政务大厅19号窗口','2026-05-29 22:11:26','2026-05-29 22:11:26',0);
INSERT INTO `t_item_guide`(`id`,`item_id`,`guide_content`,`accept_condition`,`reject_condition`,`time_limit`,`fee_info`,`result_type`,`process_desc`,`consult_phone`,`consult_address`,`create_time`,`update_time`,`deleted`) VALUES(119,119,'办事指南内容19','符合法定条件,材料齐全,在有效期范围内','材料不全,不符合条件,存在违规记录',1,'免费','证明文件','办理流程描述19','010-88800019','某某路20号政务大厅20号窗口','2026-05-29 22:11:26','2026-05-29 22:11:26',0);
INSERT INTO `t_item_guide`(`id`,`item_id`,`guide_content`,`accept_condition`,`reject_condition`,`time_limit`,`fee_info`,`result_type`,`process_desc`,`consult_phone`,`consult_address`,`create_time`,`update_time`,`deleted`) VALUES(120,120,'办事指南内容20','符合法定条件,材料齐全,在有效期范围内','材料不全,不符合条件,存在违规记录',30,'免费','电子证照','办理流程描述20','010-88800020','某某路21号政务大厅21号窗口','2026-05-29 22:11:26','2026-05-29 22:11:26',0);
INSERT INTO `t_item_guide`(`id`,`item_id`,`guide_content`,`accept_condition`,`reject_condition`,`time_limit`,`fee_info`,`result_type`,`process_desc`,`consult_phone`,`consult_address`,`create_time`,`update_time`,`deleted`) VALUES(121,121,'办事指南内容21','符合法定条件,材料齐全,在有效期范围内','材料不全,不符合条件,存在违规记录',20,'免费','证照','办理流程描述21','010-88800021','某某路22号政务大厅22号窗口','2026-05-29 22:11:26','2026-05-29 22:11:26',0);
INSERT INTO `t_item_guide`(`id`,`item_id`,`guide_content`,`accept_condition`,`reject_condition`,`time_limit`,`fee_info`,`result_type`,`process_desc`,`consult_phone`,`consult_address`,`create_time`,`update_time`,`deleted`) VALUES(122,122,'办事指南内容22','符合法定条件,材料齐全,在有效期范围内','材料不全,不符合条件,存在违规记录',30,'免费','证明文件','办理流程描述22','010-88800022','某某路23号政务大厅23号窗口','2026-05-29 22:11:26','2026-05-29 22:11:26',0);
INSERT INTO `t_item_guide`(`id`,`item_id`,`guide_content`,`accept_condition`,`reject_condition`,`time_limit`,`fee_info`,`result_type`,`process_desc`,`consult_phone`,`consult_address`,`create_time`,`update_time`,`deleted`) VALUES(123,123,'办事指南内容23','符合法定条件,材料齐全,在有效期范围内','材料不全,不符合条件,存在违规记录',7,'免费','批文','办理流程描述23','010-88800023','某某路24号政务大厅24号窗口','2026-05-29 22:11:26','2026-05-29 22:11:26',0);
INSERT INTO `t_item_guide`(`id`,`item_id`,`guide_content`,`accept_condition`,`reject_condition`,`time_limit`,`fee_info`,`result_type`,`process_desc`,`consult_phone`,`consult_address`,`create_time`,`update_time`,`deleted`) VALUES(124,124,'办事指南内容24','符合法定条件,材料齐全,在有效期范围内','材料不全,不符合条件,存在违规记录',1,'免费','电子证照','办理流程描述24','010-88800024','某某路25号政务大厅25号窗口','2026-05-29 22:11:26','2026-05-29 22:11:26',0);
INSERT INTO `t_item_guide`(`id`,`item_id`,`guide_content`,`accept_condition`,`reject_condition`,`time_limit`,`fee_info`,`result_type`,`process_desc`,`consult_phone`,`consult_address`,`create_time`,`update_time`,`deleted`) VALUES(125,125,'办事指南内容25','符合法定条件,材料齐全,在有效期范围内','材料不全,不符合条件,存在违规记录',1,'收费44元','批文','办理流程描述25','010-88800025','某某路26号政务大厅26号窗口','2026-05-29 22:11:26','2026-05-29 22:11:26',0);
INSERT INTO `t_item_guide`(`id`,`item_id`,`guide_content`,`accept_condition`,`reject_condition`,`time_limit`,`fee_info`,`result_type`,`process_desc`,`consult_phone`,`consult_address`,`create_time`,`update_time`,`deleted`) VALUES(126,126,'办事指南内容26','符合法定条件,材料齐全,在有效期范围内','材料不全,不符合条件,存在违规记录',1,'免费','批文','办理流程描述26','010-88800026','某某路27号政务大厅27号窗口','2026-05-29 22:11:26','2026-05-29 22:11:26',0);
INSERT INTO `t_item_guide`(`id`,`item_id`,`guide_content`,`accept_condition`,`reject_condition`,`time_limit`,`fee_info`,`result_type`,`process_desc`,`consult_phone`,`consult_address`,`create_time`,`update_time`,`deleted`) VALUES(127,127,'办事指南内容27','符合法定条件,材料齐全,在有效期范围内','材料不全,不符合条件,存在违规记录',7,'免费','电子证照','办理流程描述27','010-88800027','某某路28号政务大厅28号窗口','2026-05-29 22:11:26','2026-05-29 22:11:26',0);
INSERT INTO `t_item_guide`(`id`,`item_id`,`guide_content`,`accept_condition`,`reject_condition`,`time_limit`,`fee_info`,`result_type`,`process_desc`,`consult_phone`,`consult_address`,`create_time`,`update_time`,`deleted`) VALUES(128,128,'办事指南内容28','符合法定条件,材料齐全,在有效期范围内','材料不全,不符合条件,存在违规记录',30,'收费121元','批文','办理流程描述28','010-88800028','某某路29号政务大厅29号窗口','2026-05-29 22:11:26','2026-05-29 22:11:26',0);
INSERT INTO `t_item_guide`(`id`,`item_id`,`guide_content`,`accept_condition`,`reject_condition`,`time_limit`,`fee_info`,`result_type`,`process_desc`,`consult_phone`,`consult_address`,`create_time`,`update_time`,`deleted`) VALUES(129,129,'办事指南内容29','符合法定条件,材料齐全,在有效期范围内','材料不全,不符合条件,存在违规记录',5,'免费','证明文件','办理流程描述29','010-88800029','某某路30号政务大厅30号窗口','2026-05-29 22:11:26','2026-05-29 22:11:26',0);
INSERT INTO `t_item_guide`(`id`,`item_id`,`guide_content`,`accept_condition`,`reject_condition`,`time_limit`,`fee_info`,`result_type`,`process_desc`,`consult_phone`,`consult_address`,`create_time`,`update_time`,`deleted`) VALUES(130,130,'办事指南内容30','符合法定条件,材料齐全,在有效期范围内','材料不全,不符合条件,存在违规记录',7,'免费','证明文件','办理流程描述30','010-88800030','某某路31号政务大厅31号窗口','2026-05-29 22:11:26','2026-05-29 22:11:26',0);
INSERT INTO `t_item_guide`(`id`,`item_id`,`guide_content`,`accept_condition`,`reject_condition`,`time_limit`,`fee_info`,`result_type`,`process_desc`,`consult_phone`,`consult_address`,`create_time`,`update_time`,`deleted`) VALUES(131,131,'办事指南内容31','符合法定条件,材料齐全,在有效期范围内','材料不全,不符合条件,存在违规记录',15,'收费458元','证照','办理流程描述31','010-88800031','某某路32号政务大厅32号窗口','2026-05-29 22:11:26','2026-05-29 22:11:26',0);
INSERT INTO `t_item_guide`(`id`,`item_id`,`guide_content`,`accept_condition`,`reject_condition`,`time_limit`,`fee_info`,`result_type`,`process_desc`,`consult_phone`,`consult_address`,`create_time`,`update_time`,`deleted`) VALUES(132,132,'办事指南内容32','符合法定条件,材料齐全,在有效期范围内','材料不全,不符合条件,存在违规记录',7,'免费','证明文件','办理流程描述32','010-88800032','某某路33号政务大厅33号窗口','2026-05-29 22:11:26','2026-05-29 22:11:26',0);
INSERT INTO `t_item_guide`(`id`,`item_id`,`guide_content`,`accept_condition`,`reject_condition`,`time_limit`,`fee_info`,`result_type`,`process_desc`,`consult_phone`,`consult_address`,`create_time`,`update_time`,`deleted`) VALUES(133,133,'办事指南内容33','符合法定条件,材料齐全,在有效期范围内','材料不全,不符合条件,存在违规记录',1,'免费','证照','办理流程描述33','010-88800033','某某路34号政务大厅34号窗口','2026-05-29 22:11:26','2026-05-29 22:11:26',0);
INSERT INTO `t_item_guide`(`id`,`item_id`,`guide_content`,`accept_condition`,`reject_condition`,`time_limit`,`fee_info`,`result_type`,`process_desc`,`consult_phone`,`consult_address`,`create_time`,`update_time`,`deleted`) VALUES(134,134,'办事指南内容34','符合法定条件,材料齐全,在有效期范围内','材料不全,不符合条件,存在违规记录',20,'免费','批文','办理流程描述34','010-88800034','某某路35号政务大厅35号窗口','2026-05-29 22:11:26','2026-05-29 22:11:26',0);
INSERT INTO `t_item_guide`(`id`,`item_id`,`guide_content`,`accept_condition`,`reject_condition`,`time_limit`,`fee_info`,`result_type`,`process_desc`,`consult_phone`,`consult_address`,`create_time`,`update_time`,`deleted`) VALUES(135,135,'办事指南内容35','符合法定条件,材料齐全,在有效期范围内','材料不全,不符合条件,存在违规记录',15,'免费','电子证照','办理流程描述35','010-88800035','某某路36号政务大厅36号窗口','2026-05-29 22:11:26','2026-05-29 22:11:26',0);
INSERT INTO `t_item_guide`(`id`,`item_id`,`guide_content`,`accept_condition`,`reject_condition`,`time_limit`,`fee_info`,`result_type`,`process_desc`,`consult_phone`,`consult_address`,`create_time`,`update_time`,`deleted`) VALUES(136,136,'办事指南内容36','符合法定条件,材料齐全,在有效期范围内','材料不全,不符合条件,存在违规记录',15,'免费','电子证照','办理流程描述36','010-88800036','某某路37号政务大厅37号窗口','2026-05-29 22:11:26','2026-05-29 22:11:26',0);
INSERT INTO `t_item_guide`(`id`,`item_id`,`guide_content`,`accept_condition`,`reject_condition`,`time_limit`,`fee_info`,`result_type`,`process_desc`,`consult_phone`,`consult_address`,`create_time`,`update_time`,`deleted`) VALUES(137,137,'办事指南内容37','符合法定条件,材料齐全,在有效期范围内','材料不全,不符合条件,存在违规记录',5,'收费104元','电子证照','办理流程描述37','010-88800037','某某路38号政务大厅38号窗口','2026-05-29 22:11:26','2026-05-29 22:11:26',0);
INSERT INTO `t_item_guide`(`id`,`item_id`,`guide_content`,`accept_condition`,`reject_condition`,`time_limit`,`fee_info`,`result_type`,`process_desc`,`consult_phone`,`consult_address`,`create_time`,`update_time`,`deleted`) VALUES(138,138,'办事指南内容38','符合法定条件,材料齐全,在有效期范围内','材料不全,不符合条件,存在违规记录',7,'免费','证明文件','办理流程描述38','010-88800038','某某路39号政务大厅39号窗口','2026-05-29 22:11:26','2026-05-29 22:11:26',0);
INSERT INTO `t_item_guide`(`id`,`item_id`,`guide_content`,`accept_condition`,`reject_condition`,`time_limit`,`fee_info`,`result_type`,`process_desc`,`consult_phone`,`consult_address`,`create_time`,`update_time`,`deleted`) VALUES(139,139,'办事指南内容39','符合法定条件,材料齐全,在有效期范围内','材料不全,不符合条件,存在违规记录',5,'免费','批文','办理流程描述39','010-88800039','某某路40号政务大厅40号窗口','2026-05-29 22:11:26','2026-05-29 22:11:26',0);
INSERT INTO `t_item_guide`(`id`,`item_id`,`guide_content`,`accept_condition`,`reject_condition`,`time_limit`,`fee_info`,`result_type`,`process_desc`,`consult_phone`,`consult_address`,`create_time`,`update_time`,`deleted`) VALUES(140,140,'办事指南内容40','符合法定条件,材料齐全,在有效期范围内','材料不全,不符合条件,存在违规记录',20,'免费','证照','办理流程描述40','010-88800040','某某路41号政务大厅41号窗口','2026-05-29 22:11:26','2026-05-29 22:11:26',0);
INSERT INTO `t_item_guide`(`id`,`item_id`,`guide_content`,`accept_condition`,`reject_condition`,`time_limit`,`fee_info`,`result_type`,`process_desc`,`consult_phone`,`consult_address`,`create_time`,`update_time`,`deleted`) VALUES(141,141,'办事指南内容41','符合法定条件,材料齐全,在有效期范围内','材料不全,不符合条件,存在违规记录',20,'收费114元','证明文件','办理流程描述41','010-88800041','某某路42号政务大厅42号窗口','2026-05-29 22:11:26','2026-05-29 22:11:26',0);
INSERT INTO `t_item_guide`(`id`,`item_id`,`guide_content`,`accept_condition`,`reject_condition`,`time_limit`,`fee_info`,`result_type`,`process_desc`,`consult_phone`,`consult_address`,`create_time`,`update_time`,`deleted`) VALUES(142,142,'办事指南内容42','符合法定条件,材料齐全,在有效期范围内','材料不全,不符合条件,存在违规记录',3,'免费','证明文件','办理流程描述42','010-88800042','某某路43号政务大厅43号窗口','2026-05-29 22:11:26','2026-05-29 22:11:26',0);
INSERT INTO `t_item_guide`(`id`,`item_id`,`guide_content`,`accept_condition`,`reject_condition`,`time_limit`,`fee_info`,`result_type`,`process_desc`,`consult_phone`,`consult_address`,`create_time`,`update_time`,`deleted`) VALUES(143,143,'办事指南内容43','符合法定条件,材料齐全,在有效期范围内','材料不全,不符合条件,存在违规记录',3,'免费','证照','办理流程描述43','010-88800043','某某路44号政务大厅44号窗口','2026-05-29 22:11:26','2026-05-29 22:11:26',0);
INSERT INTO `t_item_guide`(`id`,`item_id`,`guide_content`,`accept_condition`,`reject_condition`,`time_limit`,`fee_info`,`result_type`,`process_desc`,`consult_phone`,`consult_address`,`create_time`,`update_time`,`deleted`) VALUES(144,144,'办事指南内容44','符合法定条件,材料齐全,在有效期范围内','材料不全,不符合条件,存在违规记录',1,'收费354元','批文','办理流程描述44','010-88800044','某某路45号政务大厅45号窗口','2026-05-29 22:11:26','2026-05-29 22:11:26',0);
INSERT INTO `t_item_guide`(`id`,`item_id`,`guide_content`,`accept_condition`,`reject_condition`,`time_limit`,`fee_info`,`result_type`,`process_desc`,`consult_phone`,`consult_address`,`create_time`,`update_time`,`deleted`) VALUES(145,145,'办事指南内容45','符合法定条件,材料齐全,在有效期范围内','材料不全,不符合条件,存在违规记录',3,'收费399元','证照','办理流程描述45','010-88800045','某某路46号政务大厅46号窗口','2026-05-29 22:11:26','2026-05-29 22:11:26',0);
INSERT INTO `t_item_guide`(`id`,`item_id`,`guide_content`,`accept_condition`,`reject_condition`,`time_limit`,`fee_info`,`result_type`,`process_desc`,`consult_phone`,`consult_address`,`create_time`,`update_time`,`deleted`) VALUES(146,146,'办事指南内容46','符合法定条件,材料齐全,在有效期范围内','材料不全,不符合条件,存在违规记录',30,'收费474元','证明文件','办理流程描述46','010-88800046','某某路47号政务大厅47号窗口','2026-05-29 22:11:26','2026-05-29 22:11:26',0);
INSERT INTO `t_item_guide`(`id`,`item_id`,`guide_content`,`accept_condition`,`reject_condition`,`time_limit`,`fee_info`,`result_type`,`process_desc`,`consult_phone`,`consult_address`,`create_time`,`update_time`,`deleted`) VALUES(147,147,'办事指南内容47','符合法定条件,材料齐全,在有效期范围内','材料不全,不符合条件,存在违规记录',10,'免费','批文','办理流程描述47','010-88800047','某某路48号政务大厅48号窗口','2026-05-29 22:11:26','2026-05-29 22:11:26',0);
INSERT INTO `t_item_guide`(`id`,`item_id`,`guide_content`,`accept_condition`,`reject_condition`,`time_limit`,`fee_info`,`result_type`,`process_desc`,`consult_phone`,`consult_address`,`create_time`,`update_time`,`deleted`) VALUES(148,148,'办事指南内容48','符合法定条件,材料齐全,在有效期范围内','材料不全,不符合条件,存在违规记录',7,'免费','批文','办理流程描述48','010-88800048','某某路49号政务大厅49号窗口','2026-05-29 22:11:26','2026-05-29 22:11:26',0);
INSERT INTO `t_item_guide`(`id`,`item_id`,`guide_content`,`accept_condition`,`reject_condition`,`time_limit`,`fee_info`,`result_type`,`process_desc`,`consult_phone`,`consult_address`,`create_time`,`update_time`,`deleted`) VALUES(149,149,'办事指南内容49','符合法定条件,材料齐全,在有效期范围内','材料不全,不符合条件,存在违规记录',30,'免费','证照','办理流程描述49','010-88800049','某某路50号政务大厅50号窗口','2026-05-29 22:11:26','2026-05-29 22:11:26',0);

USE `gov_item`;
DELETE FROM `t_item_material` WHERE id >= 100;
INSERT INTO `t_item_material`(`id`,`item_id`,`material_name`,`material_code`,`material_type`,`is_required`,`source_type`,`sample_url`,`template_url`,`remark`,`sort`,`create_time`,`update_time`,`deleted`) VALUES(100,125,'材料需求1','MAT-2024001',1,1,2,NULL,'/files/tpl_0.docx',NULL,5,'2026-05-29 22:11:26','2026-05-29 22:11:26',0);
INSERT INTO `t_item_material`(`id`,`item_id`,`material_name`,`material_code`,`material_type`,`is_required`,`source_type`,`sample_url`,`template_url`,`remark`,`sort`,`create_time`,`update_time`,`deleted`) VALUES(101,123,'材料需求2','MAT-2024002',3,1,2,NULL,'/files/tpl_1.docx',NULL,6,'2026-05-29 22:11:26','2026-05-29 22:11:26',0);
INSERT INTO `t_item_material`(`id`,`item_id`,`material_name`,`material_code`,`material_type`,`is_required`,`source_type`,`sample_url`,`template_url`,`remark`,`sort`,`create_time`,`update_time`,`deleted`) VALUES(102,113,'材料需求3','MAT-2024003',2,1,1,'/files/sample_2.pdf',NULL,NULL,5,'2026-05-29 22:11:26','2026-05-29 22:11:26',0);
INSERT INTO `t_item_material`(`id`,`item_id`,`material_name`,`material_code`,`material_type`,`is_required`,`source_type`,`sample_url`,`template_url`,`remark`,`sort`,`create_time`,`update_time`,`deleted`) VALUES(103,135,'材料需求4','MAT-2024004',3,1,2,NULL,NULL,NULL,10,'2026-05-29 22:11:26','2026-05-29 22:11:26',0);
INSERT INTO `t_item_material`(`id`,`item_id`,`material_name`,`material_code`,`material_type`,`is_required`,`source_type`,`sample_url`,`template_url`,`remark`,`sort`,`create_time`,`update_time`,`deleted`) VALUES(104,115,'材料需求5','MAT-2024005',2,1,3,NULL,'/files/tpl_4.docx',NULL,8,'2026-05-29 22:11:26','2026-05-29 22:11:26',0);
INSERT INTO `t_item_material`(`id`,`item_id`,`material_name`,`material_code`,`material_type`,`is_required`,`source_type`,`sample_url`,`template_url`,`remark`,`sort`,`create_time`,`update_time`,`deleted`) VALUES(105,129,'材料需求6','MAT-2024006',1,1,2,NULL,'/files/tpl_5.docx',NULL,9,'2026-05-29 22:11:26','2026-05-29 22:11:26',0);
INSERT INTO `t_item_material`(`id`,`item_id`,`material_name`,`material_code`,`material_type`,`is_required`,`source_type`,`sample_url`,`template_url`,`remark`,`sort`,`create_time`,`update_time`,`deleted`) VALUES(106,141,'材料需求7','MAT-2024007',1,1,1,'/files/sample_6.pdf','/files/tpl_6.docx','备注6',7,'2026-05-29 22:11:26','2026-05-29 22:11:26',0);
INSERT INTO `t_item_material`(`id`,`item_id`,`material_name`,`material_code`,`material_type`,`is_required`,`source_type`,`sample_url`,`template_url`,`remark`,`sort`,`create_time`,`update_time`,`deleted`) VALUES(107,108,'材料需求8','MAT-2024008',3,0,3,NULL,NULL,NULL,1,'2026-05-29 22:11:26','2026-05-29 22:11:26',0);
INSERT INTO `t_item_material`(`id`,`item_id`,`material_name`,`material_code`,`material_type`,`is_required`,`source_type`,`sample_url`,`template_url`,`remark`,`sort`,`create_time`,`update_time`,`deleted`) VALUES(108,139,'材料需求9','MAT-2024009',3,1,3,'/files/sample_8.pdf','/files/tpl_8.docx',NULL,9,'2026-05-29 22:11:26','2026-05-29 22:11:26',0);
INSERT INTO `t_item_material`(`id`,`item_id`,`material_name`,`material_code`,`material_type`,`is_required`,`source_type`,`sample_url`,`template_url`,`remark`,`sort`,`create_time`,`update_time`,`deleted`) VALUES(109,135,'材料需求10','MAT-2024010',2,0,3,'/files/sample_9.pdf','/files/tpl_9.docx',NULL,9,'2026-05-29 22:11:26','2026-05-29 22:11:26',0);
INSERT INTO `t_item_material`(`id`,`item_id`,`material_name`,`material_code`,`material_type`,`is_required`,`source_type`,`sample_url`,`template_url`,`remark`,`sort`,`create_time`,`update_time`,`deleted`) VALUES(110,144,'材料需求11','MAT-2024011',3,1,1,NULL,NULL,NULL,4,'2026-05-29 22:11:26','2026-05-29 22:11:26',0);
INSERT INTO `t_item_material`(`id`,`item_id`,`material_name`,`material_code`,`material_type`,`is_required`,`source_type`,`sample_url`,`template_url`,`remark`,`sort`,`create_time`,`update_time`,`deleted`) VALUES(111,139,'材料需求12','MAT-2024012',3,0,2,NULL,NULL,NULL,7,'2026-05-29 22:11:26','2026-05-29 22:11:26',0);
INSERT INTO `t_item_material`(`id`,`item_id`,`material_name`,`material_code`,`material_type`,`is_required`,`source_type`,`sample_url`,`template_url`,`remark`,`sort`,`create_time`,`update_time`,`deleted`) VALUES(112,129,'材料需求13','MAT-2024013',3,0,3,NULL,'/files/tpl_12.docx','备注12',1,'2026-05-29 22:11:26','2026-05-29 22:11:26',0);
INSERT INTO `t_item_material`(`id`,`item_id`,`material_name`,`material_code`,`material_type`,`is_required`,`source_type`,`sample_url`,`template_url`,`remark`,`sort`,`create_time`,`update_time`,`deleted`) VALUES(113,105,'材料需求14','MAT-2024014',2,1,3,NULL,'/files/tpl_13.docx','备注13',2,'2026-05-29 22:11:26','2026-05-29 22:11:26',0);
INSERT INTO `t_item_material`(`id`,`item_id`,`material_name`,`material_code`,`material_type`,`is_required`,`source_type`,`sample_url`,`template_url`,`remark`,`sort`,`create_time`,`update_time`,`deleted`) VALUES(114,131,'材料需求15','MAT-2024015',2,1,2,'/files/sample_14.pdf','/files/tpl_14.docx',NULL,9,'2026-05-29 22:11:26','2026-05-29 22:11:26',0);
INSERT INTO `t_item_material`(`id`,`item_id`,`material_name`,`material_code`,`material_type`,`is_required`,`source_type`,`sample_url`,`template_url`,`remark`,`sort`,`create_time`,`update_time`,`deleted`) VALUES(115,102,'材料需求16','MAT-2024016',1,0,3,'/files/sample_15.pdf',NULL,NULL,2,'2026-05-29 22:11:26','2026-05-29 22:11:26',0);
INSERT INTO `t_item_material`(`id`,`item_id`,`material_name`,`material_code`,`material_type`,`is_required`,`source_type`,`sample_url`,`template_url`,`remark`,`sort`,`create_time`,`update_time`,`deleted`) VALUES(116,143,'材料需求17','MAT-2024017',2,1,3,'/files/sample_16.pdf',NULL,'备注16',1,'2026-05-29 22:11:26','2026-05-29 22:11:26',0);
INSERT INTO `t_item_material`(`id`,`item_id`,`material_name`,`material_code`,`material_type`,`is_required`,`source_type`,`sample_url`,`template_url`,`remark`,`sort`,`create_time`,`update_time`,`deleted`) VALUES(117,113,'材料需求18','MAT-2024018',3,0,3,'/files/sample_17.pdf','/files/tpl_17.docx',NULL,10,'2026-05-29 22:11:26','2026-05-29 22:11:26',0);
INSERT INTO `t_item_material`(`id`,`item_id`,`material_name`,`material_code`,`material_type`,`is_required`,`source_type`,`sample_url`,`template_url`,`remark`,`sort`,`create_time`,`update_time`,`deleted`) VALUES(118,115,'材料需求19','MAT-2024019',3,1,2,'/files/sample_18.pdf','/files/tpl_18.docx',NULL,3,'2026-05-29 22:11:26','2026-05-29 22:11:26',0);
INSERT INTO `t_item_material`(`id`,`item_id`,`material_name`,`material_code`,`material_type`,`is_required`,`source_type`,`sample_url`,`template_url`,`remark`,`sort`,`create_time`,`update_time`,`deleted`) VALUES(119,144,'材料需求20','MAT-2024020',3,0,3,'/files/sample_19.pdf',NULL,NULL,2,'2026-05-29 22:11:26','2026-05-29 22:11:26',0);
INSERT INTO `t_item_material`(`id`,`item_id`,`material_name`,`material_code`,`material_type`,`is_required`,`source_type`,`sample_url`,`template_url`,`remark`,`sort`,`create_time`,`update_time`,`deleted`) VALUES(120,121,'材料需求21','MAT-2024021',3,1,3,NULL,'/files/tpl_20.docx',NULL,5,'2026-05-29 22:11:26','2026-05-29 22:11:26',0);
INSERT INTO `t_item_material`(`id`,`item_id`,`material_name`,`material_code`,`material_type`,`is_required`,`source_type`,`sample_url`,`template_url`,`remark`,`sort`,`create_time`,`update_time`,`deleted`) VALUES(121,128,'材料需求22','MAT-2024022',2,0,3,'/files/sample_21.pdf',NULL,NULL,7,'2026-05-29 22:11:26','2026-05-29 22:11:26',0);
INSERT INTO `t_item_material`(`id`,`item_id`,`material_name`,`material_code`,`material_type`,`is_required`,`source_type`,`sample_url`,`template_url`,`remark`,`sort`,`create_time`,`update_time`,`deleted`) VALUES(122,105,'材料需求23','MAT-2024023',3,0,1,'/files/sample_22.pdf',NULL,NULL,3,'2026-05-29 22:11:26','2026-05-29 22:11:26',0);
INSERT INTO `t_item_material`(`id`,`item_id`,`material_name`,`material_code`,`material_type`,`is_required`,`source_type`,`sample_url`,`template_url`,`remark`,`sort`,`create_time`,`update_time`,`deleted`) VALUES(123,147,'材料需求24','MAT-2024024',2,1,1,NULL,'/files/tpl_23.docx',NULL,5,'2026-05-29 22:11:26','2026-05-29 22:11:26',0);
INSERT INTO `t_item_material`(`id`,`item_id`,`material_name`,`material_code`,`material_type`,`is_required`,`source_type`,`sample_url`,`template_url`,`remark`,`sort`,`create_time`,`update_time`,`deleted`) VALUES(124,106,'材料需求25','MAT-2024025',1,0,2,NULL,'/files/tpl_24.docx',NULL,1,'2026-05-29 22:11:26','2026-05-29 22:11:26',0);
INSERT INTO `t_item_material`(`id`,`item_id`,`material_name`,`material_code`,`material_type`,`is_required`,`source_type`,`sample_url`,`template_url`,`remark`,`sort`,`create_time`,`update_time`,`deleted`) VALUES(125,105,'材料需求26','MAT-2024026',2,1,3,'/files/sample_25.pdf',NULL,NULL,5,'2026-05-29 22:11:26','2026-05-29 22:11:26',0);
INSERT INTO `t_item_material`(`id`,`item_id`,`material_name`,`material_code`,`material_type`,`is_required`,`source_type`,`sample_url`,`template_url`,`remark`,`sort`,`create_time`,`update_time`,`deleted`) VALUES(126,126,'材料需求27','MAT-2024027',2,1,3,'/files/sample_26.pdf','/files/tpl_26.docx','备注26',10,'2026-05-29 22:11:26','2026-05-29 22:11:26',0);
INSERT INTO `t_item_material`(`id`,`item_id`,`material_name`,`material_code`,`material_type`,`is_required`,`source_type`,`sample_url`,`template_url`,`remark`,`sort`,`create_time`,`update_time`,`deleted`) VALUES(127,133,'材料需求28','MAT-2024028',1,1,1,NULL,NULL,NULL,2,'2026-05-29 22:11:26','2026-05-29 22:11:26',0);
INSERT INTO `t_item_material`(`id`,`item_id`,`material_name`,`material_code`,`material_type`,`is_required`,`source_type`,`sample_url`,`template_url`,`remark`,`sort`,`create_time`,`update_time`,`deleted`) VALUES(128,110,'材料需求29','MAT-2024029',2,0,2,NULL,NULL,NULL,4,'2026-05-29 22:11:26','2026-05-29 22:11:26',0);
INSERT INTO `t_item_material`(`id`,`item_id`,`material_name`,`material_code`,`material_type`,`is_required`,`source_type`,`sample_url`,`template_url`,`remark`,`sort`,`create_time`,`update_time`,`deleted`) VALUES(129,146,'材料需求30','MAT-2024030',3,1,3,NULL,NULL,NULL,7,'2026-05-29 22:11:26','2026-05-29 22:11:26',0);
INSERT INTO `t_item_material`(`id`,`item_id`,`material_name`,`material_code`,`material_type`,`is_required`,`source_type`,`sample_url`,`template_url`,`remark`,`sort`,`create_time`,`update_time`,`deleted`) VALUES(130,121,'材料需求31','MAT-2024031',3,1,2,NULL,NULL,'备注30',10,'2026-05-29 22:11:26','2026-05-29 22:11:26',0);
INSERT INTO `t_item_material`(`id`,`item_id`,`material_name`,`material_code`,`material_type`,`is_required`,`source_type`,`sample_url`,`template_url`,`remark`,`sort`,`create_time`,`update_time`,`deleted`) VALUES(131,108,'材料需求32','MAT-2024032',2,1,3,NULL,NULL,'备注31',6,'2026-05-29 22:11:26','2026-05-29 22:11:26',0);
INSERT INTO `t_item_material`(`id`,`item_id`,`material_name`,`material_code`,`material_type`,`is_required`,`source_type`,`sample_url`,`template_url`,`remark`,`sort`,`create_time`,`update_time`,`deleted`) VALUES(132,118,'材料需求33','MAT-2024033',3,1,2,'/files/sample_32.pdf','/files/tpl_32.docx',NULL,5,'2026-05-29 22:11:26','2026-05-29 22:11:26',0);
INSERT INTO `t_item_material`(`id`,`item_id`,`material_name`,`material_code`,`material_type`,`is_required`,`source_type`,`sample_url`,`template_url`,`remark`,`sort`,`create_time`,`update_time`,`deleted`) VALUES(133,125,'材料需求34','MAT-2024034',2,0,3,NULL,'/files/tpl_33.docx',NULL,9,'2026-05-29 22:11:26','2026-05-29 22:11:26',0);
INSERT INTO `t_item_material`(`id`,`item_id`,`material_name`,`material_code`,`material_type`,`is_required`,`source_type`,`sample_url`,`template_url`,`remark`,`sort`,`create_time`,`update_time`,`deleted`) VALUES(134,101,'材料需求35','MAT-2024035',3,1,3,NULL,'/files/tpl_34.docx','备注34',2,'2026-05-29 22:11:26','2026-05-29 22:11:26',0);
INSERT INTO `t_item_material`(`id`,`item_id`,`material_name`,`material_code`,`material_type`,`is_required`,`source_type`,`sample_url`,`template_url`,`remark`,`sort`,`create_time`,`update_time`,`deleted`) VALUES(135,126,'材料需求36','MAT-2024036',3,1,3,NULL,NULL,NULL,7,'2026-05-29 22:11:26','2026-05-29 22:11:26',0);
INSERT INTO `t_item_material`(`id`,`item_id`,`material_name`,`material_code`,`material_type`,`is_required`,`source_type`,`sample_url`,`template_url`,`remark`,`sort`,`create_time`,`update_time`,`deleted`) VALUES(136,124,'材料需求37','MAT-2024037',1,1,3,NULL,NULL,NULL,7,'2026-05-29 22:11:26','2026-05-29 22:11:26',0);
INSERT INTO `t_item_material`(`id`,`item_id`,`material_name`,`material_code`,`material_type`,`is_required`,`source_type`,`sample_url`,`template_url`,`remark`,`sort`,`create_time`,`update_time`,`deleted`) VALUES(137,134,'材料需求38','MAT-2024038',1,1,2,'/files/sample_37.pdf','/files/tpl_37.docx',NULL,2,'2026-05-29 22:11:26','2026-05-29 22:11:26',0);
INSERT INTO `t_item_material`(`id`,`item_id`,`material_name`,`material_code`,`material_type`,`is_required`,`source_type`,`sample_url`,`template_url`,`remark`,`sort`,`create_time`,`update_time`,`deleted`) VALUES(138,106,'材料需求39','MAT-2024039',1,1,2,NULL,'/files/tpl_38.docx',NULL,7,'2026-05-29 22:11:26','2026-05-29 22:11:26',0);
INSERT INTO `t_item_material`(`id`,`item_id`,`material_name`,`material_code`,`material_type`,`is_required`,`source_type`,`sample_url`,`template_url`,`remark`,`sort`,`create_time`,`update_time`,`deleted`) VALUES(139,148,'材料需求40','MAT-2024040',2,1,2,NULL,NULL,NULL,9,'2026-05-29 22:11:26','2026-05-29 22:11:26',0);
INSERT INTO `t_item_material`(`id`,`item_id`,`material_name`,`material_code`,`material_type`,`is_required`,`source_type`,`sample_url`,`template_url`,`remark`,`sort`,`create_time`,`update_time`,`deleted`) VALUES(140,135,'材料需求41','MAT-2024041',3,1,1,NULL,NULL,'备注40',10,'2026-05-29 22:11:26','2026-05-29 22:11:26',0);
INSERT INTO `t_item_material`(`id`,`item_id`,`material_name`,`material_code`,`material_type`,`is_required`,`source_type`,`sample_url`,`template_url`,`remark`,`sort`,`create_time`,`update_time`,`deleted`) VALUES(141,144,'材料需求42','MAT-2024042',3,0,1,NULL,NULL,'备注41',2,'2026-05-29 22:11:26','2026-05-29 22:11:26',0);
INSERT INTO `t_item_material`(`id`,`item_id`,`material_name`,`material_code`,`material_type`,`is_required`,`source_type`,`sample_url`,`template_url`,`remark`,`sort`,`create_time`,`update_time`,`deleted`) VALUES(142,107,'材料需求43','MAT-2024043',3,0,2,NULL,'/files/tpl_42.docx',NULL,6,'2026-05-29 22:11:26','2026-05-29 22:11:26',0);
INSERT INTO `t_item_material`(`id`,`item_id`,`material_name`,`material_code`,`material_type`,`is_required`,`source_type`,`sample_url`,`template_url`,`remark`,`sort`,`create_time`,`update_time`,`deleted`) VALUES(143,130,'材料需求44','MAT-2024044',1,1,3,NULL,NULL,NULL,2,'2026-05-29 22:11:26','2026-05-29 22:11:26',0);
INSERT INTO `t_item_material`(`id`,`item_id`,`material_name`,`material_code`,`material_type`,`is_required`,`source_type`,`sample_url`,`template_url`,`remark`,`sort`,`create_time`,`update_time`,`deleted`) VALUES(144,101,'材料需求45','MAT-2024045',2,1,3,'/files/sample_44.pdf','/files/tpl_44.docx','备注44',9,'2026-05-29 22:11:26','2026-05-29 22:11:26',0);
INSERT INTO `t_item_material`(`id`,`item_id`,`material_name`,`material_code`,`material_type`,`is_required`,`source_type`,`sample_url`,`template_url`,`remark`,`sort`,`create_time`,`update_time`,`deleted`) VALUES(145,111,'材料需求46','MAT-2024046',3,0,3,NULL,NULL,'备注45',3,'2026-05-29 22:11:26','2026-05-29 22:11:26',0);
INSERT INTO `t_item_material`(`id`,`item_id`,`material_name`,`material_code`,`material_type`,`is_required`,`source_type`,`sample_url`,`template_url`,`remark`,`sort`,`create_time`,`update_time`,`deleted`) VALUES(146,111,'材料需求47','MAT-2024047',3,1,2,NULL,'/files/tpl_46.docx',NULL,10,'2026-05-29 22:11:26','2026-05-29 22:11:26',0);
INSERT INTO `t_item_material`(`id`,`item_id`,`material_name`,`material_code`,`material_type`,`is_required`,`source_type`,`sample_url`,`template_url`,`remark`,`sort`,`create_time`,`update_time`,`deleted`) VALUES(147,127,'材料需求48','MAT-2024048',2,0,1,NULL,'/files/tpl_47.docx','备注47',2,'2026-05-29 22:11:26','2026-05-29 22:11:26',0);
INSERT INTO `t_item_material`(`id`,`item_id`,`material_name`,`material_code`,`material_type`,`is_required`,`source_type`,`sample_url`,`template_url`,`remark`,`sort`,`create_time`,`update_time`,`deleted`) VALUES(148,136,'材料需求49','MAT-2024049',1,1,3,NULL,NULL,NULL,5,'2026-05-29 22:11:26','2026-05-29 22:11:26',0);
INSERT INTO `t_item_material`(`id`,`item_id`,`material_name`,`material_code`,`material_type`,`is_required`,`source_type`,`sample_url`,`template_url`,`remark`,`sort`,`create_time`,`update_time`,`deleted`) VALUES(149,142,'材料需求50','MAT-2024050',2,1,3,NULL,NULL,NULL,2,'2026-05-29 22:11:26','2026-05-29 22:11:26',0);
INSERT INTO `t_item_material`(`id`,`item_id`,`material_name`,`material_code`,`material_type`,`is_required`,`source_type`,`sample_url`,`template_url`,`remark`,`sort`,`create_time`,`update_time`,`deleted`) VALUES(150,122,'材料需求51','MAT-2024051',2,1,3,NULL,'/files/tpl_50.docx','备注50',10,'2026-05-29 22:11:26','2026-05-29 22:11:26',0);
INSERT INTO `t_item_material`(`id`,`item_id`,`material_name`,`material_code`,`material_type`,`is_required`,`source_type`,`sample_url`,`template_url`,`remark`,`sort`,`create_time`,`update_time`,`deleted`) VALUES(151,137,'材料需求52','MAT-2024052',1,1,2,NULL,NULL,NULL,3,'2026-05-29 22:11:26','2026-05-29 22:11:26',0);
INSERT INTO `t_item_material`(`id`,`item_id`,`material_name`,`material_code`,`material_type`,`is_required`,`source_type`,`sample_url`,`template_url`,`remark`,`sort`,`create_time`,`update_time`,`deleted`) VALUES(152,132,'材料需求53','MAT-2024053',2,1,1,'/files/sample_52.pdf',NULL,NULL,9,'2026-05-29 22:11:26','2026-05-29 22:11:26',0);
INSERT INTO `t_item_material`(`id`,`item_id`,`material_name`,`material_code`,`material_type`,`is_required`,`source_type`,`sample_url`,`template_url`,`remark`,`sort`,`create_time`,`update_time`,`deleted`) VALUES(153,144,'材料需求54','MAT-2024054',3,1,1,'/files/sample_53.pdf',NULL,NULL,6,'2026-05-29 22:11:26','2026-05-29 22:11:26',0);
INSERT INTO `t_item_material`(`id`,`item_id`,`material_name`,`material_code`,`material_type`,`is_required`,`source_type`,`sample_url`,`template_url`,`remark`,`sort`,`create_time`,`update_time`,`deleted`) VALUES(154,128,'材料需求55','MAT-2024055',3,0,2,'/files/sample_54.pdf',NULL,NULL,7,'2026-05-29 22:11:26','2026-05-29 22:11:26',0);
INSERT INTO `t_item_material`(`id`,`item_id`,`material_name`,`material_code`,`material_type`,`is_required`,`source_type`,`sample_url`,`template_url`,`remark`,`sort`,`create_time`,`update_time`,`deleted`) VALUES(155,135,'材料需求56','MAT-2024056',3,1,2,'/files/sample_55.pdf',NULL,'备注55',8,'2026-05-29 22:11:26','2026-05-29 22:11:26',0);
INSERT INTO `t_item_material`(`id`,`item_id`,`material_name`,`material_code`,`material_type`,`is_required`,`source_type`,`sample_url`,`template_url`,`remark`,`sort`,`create_time`,`update_time`,`deleted`) VALUES(156,110,'材料需求57','MAT-2024057',1,1,1,NULL,NULL,NULL,3,'2026-05-29 22:11:26','2026-05-29 22:11:26',0);
INSERT INTO `t_item_material`(`id`,`item_id`,`material_name`,`material_code`,`material_type`,`is_required`,`source_type`,`sample_url`,`template_url`,`remark`,`sort`,`create_time`,`update_time`,`deleted`) VALUES(157,149,'材料需求58','MAT-2024058',2,1,2,'/files/sample_57.pdf',NULL,NULL,9,'2026-05-29 22:11:26','2026-05-29 22:11:26',0);
INSERT INTO `t_item_material`(`id`,`item_id`,`material_name`,`material_code`,`material_type`,`is_required`,`source_type`,`sample_url`,`template_url`,`remark`,`sort`,`create_time`,`update_time`,`deleted`) VALUES(158,123,'材料需求59','MAT-2024059',3,1,1,'/files/sample_58.pdf',NULL,NULL,7,'2026-05-29 22:11:26','2026-05-29 22:11:26',0);
INSERT INTO `t_item_material`(`id`,`item_id`,`material_name`,`material_code`,`material_type`,`is_required`,`source_type`,`sample_url`,`template_url`,`remark`,`sort`,`create_time`,`update_time`,`deleted`) VALUES(159,106,'材料需求60','MAT-2024060',3,1,1,NULL,'/files/tpl_59.docx',NULL,6,'2026-05-29 22:11:26','2026-05-29 22:11:26',0);
INSERT INTO `t_item_material`(`id`,`item_id`,`material_name`,`material_code`,`material_type`,`is_required`,`source_type`,`sample_url`,`template_url`,`remark`,`sort`,`create_time`,`update_time`,`deleted`) VALUES(160,105,'材料需求61','MAT-2024061',2,1,1,'/files/sample_60.pdf',NULL,'备注60',10,'2026-05-29 22:11:26','2026-05-29 22:11:26',0);
INSERT INTO `t_item_material`(`id`,`item_id`,`material_name`,`material_code`,`material_type`,`is_required`,`source_type`,`sample_url`,`template_url`,`remark`,`sort`,`create_time`,`update_time`,`deleted`) VALUES(161,144,'材料需求62','MAT-2024062',2,1,3,'/files/sample_61.pdf',NULL,NULL,4,'2026-05-29 22:11:26','2026-05-29 22:11:26',0);
INSERT INTO `t_item_material`(`id`,`item_id`,`material_name`,`material_code`,`material_type`,`is_required`,`source_type`,`sample_url`,`template_url`,`remark`,`sort`,`create_time`,`update_time`,`deleted`) VALUES(162,113,'材料需求63','MAT-2024063',1,1,3,NULL,'/files/tpl_62.docx',NULL,5,'2026-05-29 22:11:26','2026-05-29 22:11:26',0);
INSERT INTO `t_item_material`(`id`,`item_id`,`material_name`,`material_code`,`material_type`,`is_required`,`source_type`,`sample_url`,`template_url`,`remark`,`sort`,`create_time`,`update_time`,`deleted`) VALUES(163,118,'材料需求64','MAT-2024064',3,0,3,'/files/sample_63.pdf','/files/tpl_63.docx',NULL,7,'2026-05-29 22:11:26','2026-05-29 22:11:26',0);
INSERT INTO `t_item_material`(`id`,`item_id`,`material_name`,`material_code`,`material_type`,`is_required`,`source_type`,`sample_url`,`template_url`,`remark`,`sort`,`create_time`,`update_time`,`deleted`) VALUES(164,103,'材料需求65','MAT-2024065',2,1,1,'/files/sample_64.pdf',NULL,NULL,6,'2026-05-29 22:11:26','2026-05-29 22:11:26',0);
INSERT INTO `t_item_material`(`id`,`item_id`,`material_name`,`material_code`,`material_type`,`is_required`,`source_type`,`sample_url`,`template_url`,`remark`,`sort`,`create_time`,`update_time`,`deleted`) VALUES(165,115,'材料需求66','MAT-2024066',3,1,1,'/files/sample_65.pdf',NULL,NULL,8,'2026-05-29 22:11:26','2026-05-29 22:11:26',0);
INSERT INTO `t_item_material`(`id`,`item_id`,`material_name`,`material_code`,`material_type`,`is_required`,`source_type`,`sample_url`,`template_url`,`remark`,`sort`,`create_time`,`update_time`,`deleted`) VALUES(166,104,'材料需求67','MAT-2024067',3,1,1,NULL,'/files/tpl_66.docx',NULL,6,'2026-05-29 22:11:26','2026-05-29 22:11:26',0);
INSERT INTO `t_item_material`(`id`,`item_id`,`material_name`,`material_code`,`material_type`,`is_required`,`source_type`,`sample_url`,`template_url`,`remark`,`sort`,`create_time`,`update_time`,`deleted`) VALUES(167,129,'材料需求68','MAT-2024068',2,1,1,'/files/sample_67.pdf','/files/tpl_67.docx',NULL,8,'2026-05-29 22:11:26','2026-05-29 22:11:26',0);
INSERT INTO `t_item_material`(`id`,`item_id`,`material_name`,`material_code`,`material_type`,`is_required`,`source_type`,`sample_url`,`template_url`,`remark`,`sort`,`create_time`,`update_time`,`deleted`) VALUES(168,140,'材料需求69','MAT-2024069',3,1,1,'/files/sample_68.pdf',NULL,'备注68',4,'2026-05-29 22:11:26','2026-05-29 22:11:26',0);
INSERT INTO `t_item_material`(`id`,`item_id`,`material_name`,`material_code`,`material_type`,`is_required`,`source_type`,`sample_url`,`template_url`,`remark`,`sort`,`create_time`,`update_time`,`deleted`) VALUES(169,131,'材料需求70','MAT-2024070',2,1,2,NULL,'/files/tpl_69.docx',NULL,8,'2026-05-29 22:11:26','2026-05-29 22:11:26',0);
INSERT INTO `t_item_material`(`id`,`item_id`,`material_name`,`material_code`,`material_type`,`is_required`,`source_type`,`sample_url`,`template_url`,`remark`,`sort`,`create_time`,`update_time`,`deleted`) VALUES(170,121,'材料需求71','MAT-2024071',3,1,1,NULL,'/files/tpl_70.docx',NULL,2,'2026-05-29 22:11:26','2026-05-29 22:11:26',0);
INSERT INTO `t_item_material`(`id`,`item_id`,`material_name`,`material_code`,`material_type`,`is_required`,`source_type`,`sample_url`,`template_url`,`remark`,`sort`,`create_time`,`update_time`,`deleted`) VALUES(171,110,'材料需求72','MAT-2024072',2,1,2,NULL,'/files/tpl_71.docx',NULL,5,'2026-05-29 22:11:26','2026-05-29 22:11:26',0);
INSERT INTO `t_item_material`(`id`,`item_id`,`material_name`,`material_code`,`material_type`,`is_required`,`source_type`,`sample_url`,`template_url`,`remark`,`sort`,`create_time`,`update_time`,`deleted`) VALUES(172,110,'材料需求73','MAT-2024073',2,0,2,NULL,NULL,'备注72',3,'2026-05-29 22:11:26','2026-05-29 22:11:26',0);
INSERT INTO `t_item_material`(`id`,`item_id`,`material_name`,`material_code`,`material_type`,`is_required`,`source_type`,`sample_url`,`template_url`,`remark`,`sort`,`create_time`,`update_time`,`deleted`) VALUES(173,103,'材料需求74','MAT-2024074',2,1,3,'/files/sample_73.pdf',NULL,NULL,2,'2026-05-29 22:11:26','2026-05-29 22:11:26',0);
INSERT INTO `t_item_material`(`id`,`item_id`,`material_name`,`material_code`,`material_type`,`is_required`,`source_type`,`sample_url`,`template_url`,`remark`,`sort`,`create_time`,`update_time`,`deleted`) VALUES(174,100,'材料需求75','MAT-2024075',1,1,1,'/files/sample_74.pdf','/files/tpl_74.docx',NULL,1,'2026-05-29 22:11:26','2026-05-29 22:11:26',0);
INSERT INTO `t_item_material`(`id`,`item_id`,`material_name`,`material_code`,`material_type`,`is_required`,`source_type`,`sample_url`,`template_url`,`remark`,`sort`,`create_time`,`update_time`,`deleted`) VALUES(175,144,'材料需求76','MAT-2024076',2,1,2,'/files/sample_75.pdf',NULL,NULL,2,'2026-05-29 22:11:26','2026-05-29 22:11:26',0);
INSERT INTO `t_item_material`(`id`,`item_id`,`material_name`,`material_code`,`material_type`,`is_required`,`source_type`,`sample_url`,`template_url`,`remark`,`sort`,`create_time`,`update_time`,`deleted`) VALUES(176,146,'材料需求77','MAT-2024077',1,0,2,'/files/sample_76.pdf',NULL,'备注76',3,'2026-05-29 22:11:26','2026-05-29 22:11:26',0);
INSERT INTO `t_item_material`(`id`,`item_id`,`material_name`,`material_code`,`material_type`,`is_required`,`source_type`,`sample_url`,`template_url`,`remark`,`sort`,`create_time`,`update_time`,`deleted`) VALUES(177,141,'材料需求78','MAT-2024078',3,0,3,'/files/sample_77.pdf','/files/tpl_77.docx',NULL,6,'2026-05-29 22:11:26','2026-05-29 22:11:26',0);
INSERT INTO `t_item_material`(`id`,`item_id`,`material_name`,`material_code`,`material_type`,`is_required`,`source_type`,`sample_url`,`template_url`,`remark`,`sort`,`create_time`,`update_time`,`deleted`) VALUES(178,146,'材料需求79','MAT-2024079',1,1,1,'/files/sample_78.pdf','/files/tpl_78.docx',NULL,4,'2026-05-29 22:11:26','2026-05-29 22:11:26',0);
INSERT INTO `t_item_material`(`id`,`item_id`,`material_name`,`material_code`,`material_type`,`is_required`,`source_type`,`sample_url`,`template_url`,`remark`,`sort`,`create_time`,`update_time`,`deleted`) VALUES(179,105,'材料需求80','MAT-2024080',1,0,1,'/files/sample_79.pdf',NULL,'备注79',6,'2026-05-29 22:11:26','2026-05-29 22:11:26',0);
INSERT INTO `t_item_material`(`id`,`item_id`,`material_name`,`material_code`,`material_type`,`is_required`,`source_type`,`sample_url`,`template_url`,`remark`,`sort`,`create_time`,`update_time`,`deleted`) VALUES(180,108,'材料需求81','MAT-2024081',1,0,1,NULL,'/files/tpl_80.docx','备注80',5,'2026-05-29 22:11:26','2026-05-29 22:11:26',0);
INSERT INTO `t_item_material`(`id`,`item_id`,`material_name`,`material_code`,`material_type`,`is_required`,`source_type`,`sample_url`,`template_url`,`remark`,`sort`,`create_time`,`update_time`,`deleted`) VALUES(181,149,'材料需求82','MAT-2024082',3,0,3,'/files/sample_81.pdf',NULL,NULL,4,'2026-05-29 22:11:26','2026-05-29 22:11:26',0);
INSERT INTO `t_item_material`(`id`,`item_id`,`material_name`,`material_code`,`material_type`,`is_required`,`source_type`,`sample_url`,`template_url`,`remark`,`sort`,`create_time`,`update_time`,`deleted`) VALUES(182,147,'材料需求83','MAT-2024083',2,0,1,'/files/sample_82.pdf','/files/tpl_82.docx',NULL,7,'2026-05-29 22:11:26','2026-05-29 22:11:26',0);
INSERT INTO `t_item_material`(`id`,`item_id`,`material_name`,`material_code`,`material_type`,`is_required`,`source_type`,`sample_url`,`template_url`,`remark`,`sort`,`create_time`,`update_time`,`deleted`) VALUES(183,107,'材料需求84','MAT-2024084',1,1,3,NULL,'/files/tpl_83.docx',NULL,6,'2026-05-29 22:11:26','2026-05-29 22:11:26',0);
INSERT INTO `t_item_material`(`id`,`item_id`,`material_name`,`material_code`,`material_type`,`is_required`,`source_type`,`sample_url`,`template_url`,`remark`,`sort`,`create_time`,`update_time`,`deleted`) VALUES(184,120,'材料需求85','MAT-2024085',1,1,3,NULL,'/files/tpl_84.docx',NULL,8,'2026-05-29 22:11:26','2026-05-29 22:11:26',0);
INSERT INTO `t_item_material`(`id`,`item_id`,`material_name`,`material_code`,`material_type`,`is_required`,`source_type`,`sample_url`,`template_url`,`remark`,`sort`,`create_time`,`update_time`,`deleted`) VALUES(185,149,'材料需求86','MAT-2024086',1,0,1,NULL,NULL,'备注85',7,'2026-05-29 22:11:26','2026-05-29 22:11:26',0);
INSERT INTO `t_item_material`(`id`,`item_id`,`material_name`,`material_code`,`material_type`,`is_required`,`source_type`,`sample_url`,`template_url`,`remark`,`sort`,`create_time`,`update_time`,`deleted`) VALUES(186,132,'材料需求87','MAT-2024087',2,1,3,'/files/sample_86.pdf',NULL,NULL,9,'2026-05-29 22:11:26','2026-05-29 22:11:26',0);
INSERT INTO `t_item_material`(`id`,`item_id`,`material_name`,`material_code`,`material_type`,`is_required`,`source_type`,`sample_url`,`template_url`,`remark`,`sort`,`create_time`,`update_time`,`deleted`) VALUES(187,134,'材料需求88','MAT-2024088',3,0,1,NULL,'/files/tpl_87.docx',NULL,3,'2026-05-29 22:11:26','2026-05-29 22:11:26',0);
INSERT INTO `t_item_material`(`id`,`item_id`,`material_name`,`material_code`,`material_type`,`is_required`,`source_type`,`sample_url`,`template_url`,`remark`,`sort`,`create_time`,`update_time`,`deleted`) VALUES(188,134,'材料需求89','MAT-2024089',2,1,3,'/files/sample_88.pdf','/files/tpl_88.docx',NULL,5,'2026-05-29 22:11:26','2026-05-29 22:11:26',0);
INSERT INTO `t_item_material`(`id`,`item_id`,`material_name`,`material_code`,`material_type`,`is_required`,`source_type`,`sample_url`,`template_url`,`remark`,`sort`,`create_time`,`update_time`,`deleted`) VALUES(189,144,'材料需求90','MAT-2024090',2,1,1,NULL,NULL,NULL,8,'2026-05-29 22:11:26','2026-05-29 22:11:26',0);
INSERT INTO `t_item_material`(`id`,`item_id`,`material_name`,`material_code`,`material_type`,`is_required`,`source_type`,`sample_url`,`template_url`,`remark`,`sort`,`create_time`,`update_time`,`deleted`) VALUES(190,139,'材料需求91','MAT-2024091',3,0,3,'/files/sample_90.pdf','/files/tpl_90.docx',NULL,3,'2026-05-29 22:11:26','2026-05-29 22:11:26',0);
INSERT INTO `t_item_material`(`id`,`item_id`,`material_name`,`material_code`,`material_type`,`is_required`,`source_type`,`sample_url`,`template_url`,`remark`,`sort`,`create_time`,`update_time`,`deleted`) VALUES(191,144,'材料需求92','MAT-2024092',1,0,2,'/files/sample_91.pdf','/files/tpl_91.docx','备注91',3,'2026-05-29 22:11:26','2026-05-29 22:11:26',0);
INSERT INTO `t_item_material`(`id`,`item_id`,`material_name`,`material_code`,`material_type`,`is_required`,`source_type`,`sample_url`,`template_url`,`remark`,`sort`,`create_time`,`update_time`,`deleted`) VALUES(192,123,'材料需求93','MAT-2024093',1,1,2,'/files/sample_92.pdf',NULL,'备注92',6,'2026-05-29 22:11:26','2026-05-29 22:11:26',0);
INSERT INTO `t_item_material`(`id`,`item_id`,`material_name`,`material_code`,`material_type`,`is_required`,`source_type`,`sample_url`,`template_url`,`remark`,`sort`,`create_time`,`update_time`,`deleted`) VALUES(193,127,'材料需求94','MAT-2024094',2,1,2,'/files/sample_93.pdf','/files/tpl_93.docx',NULL,8,'2026-05-29 22:11:26','2026-05-29 22:11:26',0);
INSERT INTO `t_item_material`(`id`,`item_id`,`material_name`,`material_code`,`material_type`,`is_required`,`source_type`,`sample_url`,`template_url`,`remark`,`sort`,`create_time`,`update_time`,`deleted`) VALUES(194,132,'材料需求95','MAT-2024095',2,0,3,NULL,NULL,'备注94',10,'2026-05-29 22:11:26','2026-05-29 22:11:26',0);
INSERT INTO `t_item_material`(`id`,`item_id`,`material_name`,`material_code`,`material_type`,`is_required`,`source_type`,`sample_url`,`template_url`,`remark`,`sort`,`create_time`,`update_time`,`deleted`) VALUES(195,143,'材料需求96','MAT-2024096',3,0,3,'/files/sample_95.pdf',NULL,'备注95',4,'2026-05-29 22:11:26','2026-05-29 22:11:26',0);
INSERT INTO `t_item_material`(`id`,`item_id`,`material_name`,`material_code`,`material_type`,`is_required`,`source_type`,`sample_url`,`template_url`,`remark`,`sort`,`create_time`,`update_time`,`deleted`) VALUES(196,102,'材料需求97','MAT-2024097',2,1,1,NULL,'/files/tpl_96.docx',NULL,7,'2026-05-29 22:11:26','2026-05-29 22:11:26',0);
INSERT INTO `t_item_material`(`id`,`item_id`,`material_name`,`material_code`,`material_type`,`is_required`,`source_type`,`sample_url`,`template_url`,`remark`,`sort`,`create_time`,`update_time`,`deleted`) VALUES(197,114,'材料需求98','MAT-2024098',2,0,3,NULL,'/files/tpl_97.docx',NULL,2,'2026-05-29 22:11:26','2026-05-29 22:11:26',0);
INSERT INTO `t_item_material`(`id`,`item_id`,`material_name`,`material_code`,`material_type`,`is_required`,`source_type`,`sample_url`,`template_url`,`remark`,`sort`,`create_time`,`update_time`,`deleted`) VALUES(198,132,'材料需求99','MAT-2024099',3,1,1,NULL,'/files/tpl_98.docx',NULL,7,'2026-05-29 22:11:26','2026-05-29 22:11:26',0);
INSERT INTO `t_item_material`(`id`,`item_id`,`material_name`,`material_code`,`material_type`,`is_required`,`source_type`,`sample_url`,`template_url`,`remark`,`sort`,`create_time`,`update_time`,`deleted`) VALUES(199,104,'材料需求100','MAT-2024100',2,1,2,NULL,'/files/tpl_99.docx',NULL,4,'2026-05-29 22:11:26','2026-05-29 22:11:26',0);
INSERT INTO `t_item_material`(`id`,`item_id`,`material_name`,`material_code`,`material_type`,`is_required`,`source_type`,`sample_url`,`template_url`,`remark`,`sort`,`create_time`,`update_time`,`deleted`) VALUES(200,118,'材料需求101','MAT-2024101',3,1,3,'/files/sample_100.pdf',NULL,NULL,8,'2026-05-29 22:11:26','2026-05-29 22:11:26',0);
INSERT INTO `t_item_material`(`id`,`item_id`,`material_name`,`material_code`,`material_type`,`is_required`,`source_type`,`sample_url`,`template_url`,`remark`,`sort`,`create_time`,`update_time`,`deleted`) VALUES(201,149,'材料需求102','MAT-2024102',1,1,3,'/files/sample_101.pdf',NULL,NULL,7,'2026-05-29 22:11:26','2026-05-29 22:11:26',0);
INSERT INTO `t_item_material`(`id`,`item_id`,`material_name`,`material_code`,`material_type`,`is_required`,`source_type`,`sample_url`,`template_url`,`remark`,`sort`,`create_time`,`update_time`,`deleted`) VALUES(202,101,'材料需求103','MAT-2024103',1,1,3,'/files/sample_102.pdf','/files/tpl_102.docx','备注102',1,'2026-05-29 22:11:26','2026-05-29 22:11:26',0);
INSERT INTO `t_item_material`(`id`,`item_id`,`material_name`,`material_code`,`material_type`,`is_required`,`source_type`,`sample_url`,`template_url`,`remark`,`sort`,`create_time`,`update_time`,`deleted`) VALUES(203,148,'材料需求104','MAT-2024104',3,1,3,'/files/sample_103.pdf',NULL,NULL,4,'2026-05-29 22:11:26','2026-05-29 22:11:26',0);
INSERT INTO `t_item_material`(`id`,`item_id`,`material_name`,`material_code`,`material_type`,`is_required`,`source_type`,`sample_url`,`template_url`,`remark`,`sort`,`create_time`,`update_time`,`deleted`) VALUES(204,126,'材料需求105','MAT-2024105',2,1,1,'/files/sample_104.pdf',NULL,'备注104',9,'2026-05-29 22:11:26','2026-05-29 22:11:26',0);
INSERT INTO `t_item_material`(`id`,`item_id`,`material_name`,`material_code`,`material_type`,`is_required`,`source_type`,`sample_url`,`template_url`,`remark`,`sort`,`create_time`,`update_time`,`deleted`) VALUES(205,126,'材料需求106','MAT-2024106',3,1,2,'/files/sample_105.pdf',NULL,NULL,3,'2026-05-29 22:11:26','2026-05-29 22:11:26',0);
INSERT INTO `t_item_material`(`id`,`item_id`,`material_name`,`material_code`,`material_type`,`is_required`,`source_type`,`sample_url`,`template_url`,`remark`,`sort`,`create_time`,`update_time`,`deleted`) VALUES(206,140,'材料需求107','MAT-2024107',2,0,3,NULL,'/files/tpl_106.docx',NULL,5,'2026-05-29 22:11:26','2026-05-29 22:11:26',0);
INSERT INTO `t_item_material`(`id`,`item_id`,`material_name`,`material_code`,`material_type`,`is_required`,`source_type`,`sample_url`,`template_url`,`remark`,`sort`,`create_time`,`update_time`,`deleted`) VALUES(207,116,'材料需求108','MAT-2024108',2,1,2,'/files/sample_107.pdf','/files/tpl_107.docx',NULL,5,'2026-05-29 22:11:26','2026-05-29 22:11:26',0);
INSERT INTO `t_item_material`(`id`,`item_id`,`material_name`,`material_code`,`material_type`,`is_required`,`source_type`,`sample_url`,`template_url`,`remark`,`sort`,`create_time`,`update_time`,`deleted`) VALUES(208,114,'材料需求109','MAT-2024109',1,1,1,'/files/sample_108.pdf','/files/tpl_108.docx',NULL,3,'2026-05-29 22:11:26','2026-05-29 22:11:26',0);
INSERT INTO `t_item_material`(`id`,`item_id`,`material_name`,`material_code`,`material_type`,`is_required`,`source_type`,`sample_url`,`template_url`,`remark`,`sort`,`create_time`,`update_time`,`deleted`) VALUES(209,128,'材料需求110','MAT-2024110',2,1,1,'/files/sample_109.pdf','/files/tpl_109.docx',NULL,5,'2026-05-29 22:11:26','2026-05-29 22:11:26',0);
INSERT INTO `t_item_material`(`id`,`item_id`,`material_name`,`material_code`,`material_type`,`is_required`,`source_type`,`sample_url`,`template_url`,`remark`,`sort`,`create_time`,`update_time`,`deleted`) VALUES(210,129,'材料需求111','MAT-2024111',2,1,1,NULL,'/files/tpl_110.docx','备注110',10,'2026-05-29 22:11:26','2026-05-29 22:11:26',0);
INSERT INTO `t_item_material`(`id`,`item_id`,`material_name`,`material_code`,`material_type`,`is_required`,`source_type`,`sample_url`,`template_url`,`remark`,`sort`,`create_time`,`update_time`,`deleted`) VALUES(211,102,'材料需求112','MAT-2024112',1,1,2,NULL,'/files/tpl_111.docx','备注111',7,'2026-05-29 22:11:26','2026-05-29 22:11:26',0);
INSERT INTO `t_item_material`(`id`,`item_id`,`material_name`,`material_code`,`material_type`,`is_required`,`source_type`,`sample_url`,`template_url`,`remark`,`sort`,`create_time`,`update_time`,`deleted`) VALUES(212,132,'材料需求113','MAT-2024113',1,1,2,'/files/sample_112.pdf',NULL,'备注112',8,'2026-05-29 22:11:26','2026-05-29 22:11:26',0);
INSERT INTO `t_item_material`(`id`,`item_id`,`material_name`,`material_code`,`material_type`,`is_required`,`source_type`,`sample_url`,`template_url`,`remark`,`sort`,`create_time`,`update_time`,`deleted`) VALUES(213,135,'材料需求114','MAT-2024114',3,1,1,NULL,'/files/tpl_113.docx',NULL,1,'2026-05-29 22:11:26','2026-05-29 22:11:26',0);
INSERT INTO `t_item_material`(`id`,`item_id`,`material_name`,`material_code`,`material_type`,`is_required`,`source_type`,`sample_url`,`template_url`,`remark`,`sort`,`create_time`,`update_time`,`deleted`) VALUES(214,103,'材料需求115','MAT-2024115',1,0,2,NULL,'/files/tpl_114.docx',NULL,10,'2026-05-29 22:11:26','2026-05-29 22:11:26',0);
INSERT INTO `t_item_material`(`id`,`item_id`,`material_name`,`material_code`,`material_type`,`is_required`,`source_type`,`sample_url`,`template_url`,`remark`,`sort`,`create_time`,`update_time`,`deleted`) VALUES(215,137,'材料需求116','MAT-2024116',2,1,1,NULL,NULL,'备注115',8,'2026-05-29 22:11:26','2026-05-29 22:11:26',0);
INSERT INTO `t_item_material`(`id`,`item_id`,`material_name`,`material_code`,`material_type`,`is_required`,`source_type`,`sample_url`,`template_url`,`remark`,`sort`,`create_time`,`update_time`,`deleted`) VALUES(216,108,'材料需求117','MAT-2024117',1,1,2,NULL,'/files/tpl_116.docx',NULL,10,'2026-05-29 22:11:26','2026-05-29 22:11:26',0);
INSERT INTO `t_item_material`(`id`,`item_id`,`material_name`,`material_code`,`material_type`,`is_required`,`source_type`,`sample_url`,`template_url`,`remark`,`sort`,`create_time`,`update_time`,`deleted`) VALUES(217,127,'材料需求118','MAT-2024118',3,1,1,NULL,NULL,NULL,3,'2026-05-29 22:11:26','2026-05-29 22:11:26',0);
INSERT INTO `t_item_material`(`id`,`item_id`,`material_name`,`material_code`,`material_type`,`is_required`,`source_type`,`sample_url`,`template_url`,`remark`,`sort`,`create_time`,`update_time`,`deleted`) VALUES(218,117,'材料需求119','MAT-2024119',2,1,1,NULL,'/files/tpl_118.docx',NULL,5,'2026-05-29 22:11:26','2026-05-29 22:11:26',0);
INSERT INTO `t_item_material`(`id`,`item_id`,`material_name`,`material_code`,`material_type`,`is_required`,`source_type`,`sample_url`,`template_url`,`remark`,`sort`,`create_time`,`update_time`,`deleted`) VALUES(219,131,'材料需求120','MAT-2024120',2,1,2,NULL,NULL,NULL,4,'2026-05-29 22:11:26','2026-05-29 22:11:26',0);

USE `gov_item`;
DELETE FROM `t_item_process` WHERE id >= 100;
INSERT INTO `t_item_process`(`id`,`item_id`,`process_key`,`process_name`,`is_default`,`status`,`create_time`,`update_time`,`deleted`) VALUES(100,141,'PROC-001','领导审核',1,0,'2026-05-29 22:11:26','2026-05-29 22:11:26',0);
INSERT INTO `t_item_process`(`id`,`item_id`,`process_key`,`process_name`,`is_default`,`status`,`create_time`,`update_time`,`deleted`) VALUES(101,101,'PROC-002','多部门会签',1,1,'2026-05-29 22:11:26','2026-05-29 22:11:26',0);
INSERT INTO `t_item_process`(`id`,`item_id`,`process_key`,`process_name`,`is_default`,`status`,`create_time`,`update_time`,`deleted`) VALUES(102,130,'PROC-003','领导审核',1,1,'2026-05-29 22:11:26','2026-05-29 22:11:26',0);
INSERT INTO `t_item_process`(`id`,`item_id`,`process_key`,`process_name`,`is_default`,`status`,`create_time`,`update_time`,`deleted`) VALUES(103,136,'PROC-004','领导审核',1,1,'2026-05-29 22:11:26','2026-05-29 22:11:26',0);
INSERT INTO `t_item_process`(`id`,`item_id`,`process_key`,`process_name`,`is_default`,`status`,`create_time`,`update_time`,`deleted`) VALUES(104,111,'PROC-005','标准审批',1,1,'2026-05-29 22:11:26','2026-05-29 22:11:26',0);
INSERT INTO `t_item_process`(`id`,`item_id`,`process_key`,`process_name`,`is_default`,`status`,`create_time`,`update_time`,`deleted`) VALUES(105,101,'PROC-006','简易流程',0,1,'2026-05-29 22:11:26','2026-05-29 22:11:26',0);
INSERT INTO `t_item_process`(`id`,`item_id`,`process_key`,`process_name`,`is_default`,`status`,`create_time`,`update_time`,`deleted`) VALUES(106,133,'PROC-007','简易流程',1,1,'2026-05-29 22:11:26','2026-05-29 22:11:26',0);
INSERT INTO `t_item_process`(`id`,`item_id`,`process_key`,`process_name`,`is_default`,`status`,`create_time`,`update_time`,`deleted`) VALUES(107,110,'PROC-008','标准审批',1,1,'2026-05-29 22:11:26','2026-05-29 22:11:26',0);
INSERT INTO `t_item_process`(`id`,`item_id`,`process_key`,`process_name`,`is_default`,`status`,`create_time`,`update_time`,`deleted`) VALUES(108,117,'PROC-009','领导审核',1,0,'2026-05-29 22:11:26','2026-05-29 22:11:26',0);
INSERT INTO `t_item_process`(`id`,`item_id`,`process_key`,`process_name`,`is_default`,`status`,`create_time`,`update_time`,`deleted`) VALUES(109,103,'PROC-010','加速审批',1,1,'2026-05-29 22:11:26','2026-05-29 22:11:26',0);
INSERT INTO `t_item_process`(`id`,`item_id`,`process_key`,`process_name`,`is_default`,`status`,`create_time`,`update_time`,`deleted`) VALUES(110,122,'PROC-011','加速审批',0,0,'2026-05-29 22:11:26','2026-05-29 22:11:26',0);
INSERT INTO `t_item_process`(`id`,`item_id`,`process_key`,`process_name`,`is_default`,`status`,`create_time`,`update_time`,`deleted`) VALUES(111,120,'PROC-012','简易流程',1,1,'2026-05-29 22:11:26','2026-05-29 22:11:26',0);
INSERT INTO `t_item_process`(`id`,`item_id`,`process_key`,`process_name`,`is_default`,`status`,`create_time`,`update_time`,`deleted`) VALUES(112,145,'PROC-013','简易流程',1,0,'2026-05-29 22:11:26','2026-05-29 22:11:26',0);
INSERT INTO `t_item_process`(`id`,`item_id`,`process_key`,`process_name`,`is_default`,`status`,`create_time`,`update_time`,`deleted`) VALUES(113,109,'PROC-014','领导审核',1,1,'2026-05-29 22:11:26','2026-05-29 22:11:26',0);
INSERT INTO `t_item_process`(`id`,`item_id`,`process_key`,`process_name`,`is_default`,`status`,`create_time`,`update_time`,`deleted`) VALUES(114,134,'PROC-015','简易流程',0,1,'2026-05-29 22:11:26','2026-05-29 22:11:26',0);
INSERT INTO `t_item_process`(`id`,`item_id`,`process_key`,`process_name`,`is_default`,`status`,`create_time`,`update_time`,`deleted`) VALUES(115,105,'PROC-016','标准审批',1,1,'2026-05-29 22:11:26','2026-05-29 22:11:26',0);
INSERT INTO `t_item_process`(`id`,`item_id`,`process_key`,`process_name`,`is_default`,`status`,`create_time`,`update_time`,`deleted`) VALUES(116,101,'PROC-017','领导审核',1,1,'2026-05-29 22:11:26','2026-05-29 22:11:26',0);
INSERT INTO `t_item_process`(`id`,`item_id`,`process_key`,`process_name`,`is_default`,`status`,`create_time`,`update_time`,`deleted`) VALUES(117,139,'PROC-018','加速审批',1,1,'2026-05-29 22:11:26','2026-05-29 22:11:26',0);
INSERT INTO `t_item_process`(`id`,`item_id`,`process_key`,`process_name`,`is_default`,`status`,`create_time`,`update_time`,`deleted`) VALUES(118,145,'PROC-019','加速审批',1,1,'2026-05-29 22:11:26','2026-05-29 22:11:26',0);
INSERT INTO `t_item_process`(`id`,`item_id`,`process_key`,`process_name`,`is_default`,`status`,`create_time`,`update_time`,`deleted`) VALUES(119,103,'PROC-020','标准审批',0,0,'2026-05-29 22:11:26','2026-05-29 22:11:26',0);
INSERT INTO `t_item_process`(`id`,`item_id`,`process_key`,`process_name`,`is_default`,`status`,`create_time`,`update_time`,`deleted`) VALUES(120,109,'PROC-021','标准审批',1,1,'2026-05-29 22:11:26','2026-05-29 22:11:26',0);
INSERT INTO `t_item_process`(`id`,`item_id`,`process_key`,`process_name`,`is_default`,`status`,`create_time`,`update_time`,`deleted`) VALUES(121,104,'PROC-022','简易流程',1,0,'2026-05-29 22:11:26','2026-05-29 22:11:26',0);
INSERT INTO `t_item_process`(`id`,`item_id`,`process_key`,`process_name`,`is_default`,`status`,`create_time`,`update_time`,`deleted`) VALUES(122,125,'PROC-023','领导审核',0,1,'2026-05-29 22:11:26','2026-05-29 22:11:26',0);
INSERT INTO `t_item_process`(`id`,`item_id`,`process_key`,`process_name`,`is_default`,`status`,`create_time`,`update_time`,`deleted`) VALUES(123,120,'PROC-024','加速审批',1,0,'2026-05-29 22:11:26','2026-05-29 22:11:26',0);
INSERT INTO `t_item_process`(`id`,`item_id`,`process_key`,`process_name`,`is_default`,`status`,`create_time`,`update_time`,`deleted`) VALUES(124,127,'PROC-025','多部门会签',1,1,'2026-05-29 22:11:26','2026-05-29 22:11:26',0);
INSERT INTO `t_item_process`(`id`,`item_id`,`process_key`,`process_name`,`is_default`,`status`,`create_time`,`update_time`,`deleted`) VALUES(125,145,'PROC-026','领导审核',1,0,'2026-05-29 22:11:26','2026-05-29 22:11:26',0);
INSERT INTO `t_item_process`(`id`,`item_id`,`process_key`,`process_name`,`is_default`,`status`,`create_time`,`update_time`,`deleted`) VALUES(126,122,'PROC-027','加速审批',1,1,'2026-05-29 22:11:26','2026-05-29 22:11:26',0);
INSERT INTO `t_item_process`(`id`,`item_id`,`process_key`,`process_name`,`is_default`,`status`,`create_time`,`update_time`,`deleted`) VALUES(127,124,'PROC-028','简易流程',1,1,'2026-05-29 22:11:26','2026-05-29 22:11:26',0);
INSERT INTO `t_item_process`(`id`,`item_id`,`process_key`,`process_name`,`is_default`,`status`,`create_time`,`update_time`,`deleted`) VALUES(128,108,'PROC-029','加速审批',1,0,'2026-05-29 22:11:26','2026-05-29 22:11:26',0);
INSERT INTO `t_item_process`(`id`,`item_id`,`process_key`,`process_name`,`is_default`,`status`,`create_time`,`update_time`,`deleted`) VALUES(129,136,'PROC-030','多部门会签',1,0,'2026-05-29 22:11:26','2026-05-29 22:11:26',0);
INSERT INTO `t_item_process`(`id`,`item_id`,`process_key`,`process_name`,`is_default`,`status`,`create_time`,`update_time`,`deleted`) VALUES(130,102,'PROC-031','加速审批',1,0,'2026-05-29 22:11:26','2026-05-29 22:11:26',0);
INSERT INTO `t_item_process`(`id`,`item_id`,`process_key`,`process_name`,`is_default`,`status`,`create_time`,`update_time`,`deleted`) VALUES(131,114,'PROC-032','领导审核',0,1,'2026-05-29 22:11:26','2026-05-29 22:11:26',0);
INSERT INTO `t_item_process`(`id`,`item_id`,`process_key`,`process_name`,`is_default`,`status`,`create_time`,`update_time`,`deleted`) VALUES(132,109,'PROC-033','简易流程',1,1,'2026-05-29 22:11:26','2026-05-29 22:11:26',0);
INSERT INTO `t_item_process`(`id`,`item_id`,`process_key`,`process_name`,`is_default`,`status`,`create_time`,`update_time`,`deleted`) VALUES(133,122,'PROC-034','简易流程',0,1,'2026-05-29 22:11:26','2026-05-29 22:11:26',0);
INSERT INTO `t_item_process`(`id`,`item_id`,`process_key`,`process_name`,`is_default`,`status`,`create_time`,`update_time`,`deleted`) VALUES(134,145,'PROC-035','简易流程',1,1,'2026-05-29 22:11:26','2026-05-29 22:11:26',0);
INSERT INTO `t_item_process`(`id`,`item_id`,`process_key`,`process_name`,`is_default`,`status`,`create_time`,`update_time`,`deleted`) VALUES(135,113,'PROC-036','加速审批',1,1,'2026-05-29 22:11:26','2026-05-29 22:11:26',0);
INSERT INTO `t_item_process`(`id`,`item_id`,`process_key`,`process_name`,`is_default`,`status`,`create_time`,`update_time`,`deleted`) VALUES(136,116,'PROC-037','标准审批',1,1,'2026-05-29 22:11:26','2026-05-29 22:11:26',0);
INSERT INTO `t_item_process`(`id`,`item_id`,`process_key`,`process_name`,`is_default`,`status`,`create_time`,`update_time`,`deleted`) VALUES(137,124,'PROC-038','多部门会签',1,1,'2026-05-29 22:11:26','2026-05-29 22:11:26',0);
INSERT INTO `t_item_process`(`id`,`item_id`,`process_key`,`process_name`,`is_default`,`status`,`create_time`,`update_time`,`deleted`) VALUES(138,126,'PROC-039','多部门会签',1,1,'2026-05-29 22:11:26','2026-05-29 22:11:26',0);
INSERT INTO `t_item_process`(`id`,`item_id`,`process_key`,`process_name`,`is_default`,`status`,`create_time`,`update_time`,`deleted`) VALUES(139,134,'PROC-040','多部门会签',0,1,'2026-05-29 22:11:26','2026-05-29 22:11:26',0);
INSERT INTO `t_item_process`(`id`,`item_id`,`process_key`,`process_name`,`is_default`,`status`,`create_time`,`update_time`,`deleted`) VALUES(140,136,'PROC-041','加速审批',0,1,'2026-05-29 22:11:26','2026-05-29 22:11:26',0);
INSERT INTO `t_item_process`(`id`,`item_id`,`process_key`,`process_name`,`is_default`,`status`,`create_time`,`update_time`,`deleted`) VALUES(141,102,'PROC-042','简易流程',0,1,'2026-05-29 22:11:26','2026-05-29 22:11:26',0);
INSERT INTO `t_item_process`(`id`,`item_id`,`process_key`,`process_name`,`is_default`,`status`,`create_time`,`update_time`,`deleted`) VALUES(142,106,'PROC-043','标准审批',1,1,'2026-05-29 22:11:26','2026-05-29 22:11:26',0);
INSERT INTO `t_item_process`(`id`,`item_id`,`process_key`,`process_name`,`is_default`,`status`,`create_time`,`update_time`,`deleted`) VALUES(143,110,'PROC-044','标准审批',1,1,'2026-05-29 22:11:26','2026-05-29 22:11:26',0);
INSERT INTO `t_item_process`(`id`,`item_id`,`process_key`,`process_name`,`is_default`,`status`,`create_time`,`update_time`,`deleted`) VALUES(144,121,'PROC-045','领导审核',1,1,'2026-05-29 22:11:26','2026-05-29 22:11:26',0);
INSERT INTO `t_item_process`(`id`,`item_id`,`process_key`,`process_name`,`is_default`,`status`,`create_time`,`update_time`,`deleted`) VALUES(145,145,'PROC-046','标准审批',1,0,'2026-05-29 22:11:26','2026-05-29 22:11:26',0);
INSERT INTO `t_item_process`(`id`,`item_id`,`process_key`,`process_name`,`is_default`,`status`,`create_time`,`update_time`,`deleted`) VALUES(146,110,'PROC-047','领导审核',1,1,'2026-05-29 22:11:26','2026-05-29 22:11:26',0);
INSERT INTO `t_item_process`(`id`,`item_id`,`process_key`,`process_name`,`is_default`,`status`,`create_time`,`update_time`,`deleted`) VALUES(147,103,'PROC-048','标准审批',1,1,'2026-05-29 22:11:26','2026-05-29 22:11:26',0);
INSERT INTO `t_item_process`(`id`,`item_id`,`process_key`,`process_name`,`is_default`,`status`,`create_time`,`update_time`,`deleted`) VALUES(148,126,'PROC-049','领导审核',1,0,'2026-05-29 22:11:26','2026-05-29 22:11:26',0);
INSERT INTO `t_item_process`(`id`,`item_id`,`process_key`,`process_name`,`is_default`,`status`,`create_time`,`update_time`,`deleted`) VALUES(149,134,'PROC-050','简易流程',1,1,'2026-05-29 22:11:26','2026-05-29 22:11:26',0);
INSERT INTO `t_item_process`(`id`,`item_id`,`process_key`,`process_name`,`is_default`,`status`,`create_time`,`update_time`,`deleted`) VALUES(150,115,'PROC-051','标准审批',0,0,'2026-05-29 22:11:26','2026-05-29 22:11:26',0);
INSERT INTO `t_item_process`(`id`,`item_id`,`process_key`,`process_name`,`is_default`,`status`,`create_time`,`update_time`,`deleted`) VALUES(151,135,'PROC-052','多部门会签',0,1,'2026-05-29 22:11:26','2026-05-29 22:11:26',0);
INSERT INTO `t_item_process`(`id`,`item_id`,`process_key`,`process_name`,`is_default`,`status`,`create_time`,`update_time`,`deleted`) VALUES(152,100,'PROC-053','多部门会签',0,0,'2026-05-29 22:11:26','2026-05-29 22:11:26',0);
INSERT INTO `t_item_process`(`id`,`item_id`,`process_key`,`process_name`,`is_default`,`status`,`create_time`,`update_time`,`deleted`) VALUES(153,140,'PROC-054','领导审核',1,1,'2026-05-29 22:11:26','2026-05-29 22:11:26',0);
INSERT INTO `t_item_process`(`id`,`item_id`,`process_key`,`process_name`,`is_default`,`status`,`create_time`,`update_time`,`deleted`) VALUES(154,101,'PROC-055','加速审批',0,1,'2026-05-29 22:11:26','2026-05-29 22:11:26',0);
INSERT INTO `t_item_process`(`id`,`item_id`,`process_key`,`process_name`,`is_default`,`status`,`create_time`,`update_time`,`deleted`) VALUES(155,105,'PROC-056','多部门会签',1,1,'2026-05-29 22:11:26','2026-05-29 22:11:26',0);
INSERT INTO `t_item_process`(`id`,`item_id`,`process_key`,`process_name`,`is_default`,`status`,`create_time`,`update_time`,`deleted`) VALUES(156,125,'PROC-057','多部门会签',1,0,'2026-05-29 22:11:26','2026-05-29 22:11:26',0);
INSERT INTO `t_item_process`(`id`,`item_id`,`process_key`,`process_name`,`is_default`,`status`,`create_time`,`update_time`,`deleted`) VALUES(157,116,'PROC-058','标准审批',1,1,'2026-05-29 22:11:26','2026-05-29 22:11:26',0);
INSERT INTO `t_item_process`(`id`,`item_id`,`process_key`,`process_name`,`is_default`,`status`,`create_time`,`update_time`,`deleted`) VALUES(158,111,'PROC-059','简易流程',1,1,'2026-05-29 22:11:26','2026-05-29 22:11:26',0);
INSERT INTO `t_item_process`(`id`,`item_id`,`process_key`,`process_name`,`is_default`,`status`,`create_time`,`update_time`,`deleted`) VALUES(159,111,'PROC-060','多部门会签',0,1,'2026-05-29 22:11:26','2026-05-29 22:11:26',0);

USE `gov_item`;
DELETE FROM `t_item_version` WHERE id >= 100;
INSERT INTO `t_item_version`(`id`,`item_id`,`version_no`,`version_name`,`publish_time`,`publish_by`,`status`,`change_log`,`create_time`,`update_time`,`deleted`) VALUES(100,129,1,'版本1.0','2026-02-13 22:11:26',114,1,NULL,'2025-09-12 22:11:26','2026-06-26 22:11:26',0);
INSERT INTO `t_item_version`(`id`,`item_id`,`version_no`,`version_name`,`publish_time`,`publish_by`,`status`,`change_log`,`create_time`,`update_time`,`deleted`) VALUES(101,109,2,'版本2.0','2025-07-06 22:11:26',142,1,'变更内容2','2026-05-15 22:11:26','2026-06-06 22:11:26',0);
INSERT INTO `t_item_version`(`id`,`item_id`,`version_no`,`version_name`,`publish_time`,`publish_by`,`status`,`change_log`,`create_time`,`update_time`,`deleted`) VALUES(102,122,3,'版本3.0','2025-09-23 22:11:26',126,2,'变更内容3','2026-03-03 22:11:26','2026-06-10 22:11:26',0);
INSERT INTO `t_item_version`(`id`,`item_id`,`version_no`,`version_name`,`publish_time`,`publish_by`,`status`,`change_log`,`create_time`,`update_time`,`deleted`) VALUES(103,103,4,'版本4.0','2025-12-11 22:11:26',133,0,'变更内容4','2025-09-26 22:11:26','2026-06-06 22:11:26',0);
INSERT INTO `t_item_version`(`id`,`item_id`,`version_no`,`version_name`,`publish_time`,`publish_by`,`status`,`change_log`,`create_time`,`update_time`,`deleted`) VALUES(104,130,5,'版本5.0','2025-09-07 22:11:26',115,0,'变更内容5','2026-01-25 22:11:26','2026-06-25 22:11:26',0);
INSERT INTO `t_item_version`(`id`,`item_id`,`version_no`,`version_name`,`publish_time`,`publish_by`,`status`,`change_log`,`create_time`,`update_time`,`deleted`) VALUES(105,125,1,'版本1.0','2026-06-10 22:11:26',132,2,NULL,'2025-10-06 22:11:26','2026-06-02 22:11:26',0);
INSERT INTO `t_item_version`(`id`,`item_id`,`version_no`,`version_name`,`publish_time`,`publish_by`,`status`,`change_log`,`create_time`,`update_time`,`deleted`) VALUES(106,136,2,'版本2.0','2025-07-16 22:11:26',139,1,'变更内容2','2026-04-27 22:11:26','2026-06-03 22:11:26',0);
INSERT INTO `t_item_version`(`id`,`item_id`,`version_no`,`version_name`,`publish_time`,`publish_by`,`status`,`change_log`,`create_time`,`update_time`,`deleted`) VALUES(107,128,3,'版本3.0','2026-03-31 22:11:26',110,1,'变更内容3','2026-03-21 22:11:26','2026-06-23 22:11:26',0);
INSERT INTO `t_item_version`(`id`,`item_id`,`version_no`,`version_name`,`publish_time`,`publish_by`,`status`,`change_log`,`create_time`,`update_time`,`deleted`) VALUES(108,102,4,'版本4.0','2025-11-23 22:11:26',105,0,'变更内容4','2026-03-16 22:11:26','2026-06-01 22:11:26',0);
INSERT INTO `t_item_version`(`id`,`item_id`,`version_no`,`version_name`,`publish_time`,`publish_by`,`status`,`change_log`,`create_time`,`update_time`,`deleted`) VALUES(109,140,5,'版本5.0','2026-04-13 22:11:26',138,1,'变更内容5','2026-01-15 22:11:26','2026-05-29 22:11:26',0);
INSERT INTO `t_item_version`(`id`,`item_id`,`version_no`,`version_name`,`publish_time`,`publish_by`,`status`,`change_log`,`create_time`,`update_time`,`deleted`) VALUES(110,146,1,'版本1.0','2026-05-24 22:11:26',105,0,NULL,'2025-09-16 22:11:26','2026-06-15 22:11:26',0);
INSERT INTO `t_item_version`(`id`,`item_id`,`version_no`,`version_name`,`publish_time`,`publish_by`,`status`,`change_log`,`create_time`,`update_time`,`deleted`) VALUES(111,135,2,'版本2.0','2026-01-12 22:11:26',117,2,'变更内容2','2025-11-05 22:11:26','2026-05-29 22:11:26',0);
INSERT INTO `t_item_version`(`id`,`item_id`,`version_no`,`version_name`,`publish_time`,`publish_by`,`status`,`change_log`,`create_time`,`update_time`,`deleted`) VALUES(112,100,3,'版本3.0','2025-07-04 22:11:26',139,2,'变更内容3','2025-10-03 22:11:26','2026-06-02 22:11:26',0);
INSERT INTO `t_item_version`(`id`,`item_id`,`version_no`,`version_name`,`publish_time`,`publish_by`,`status`,`change_log`,`create_time`,`update_time`,`deleted`) VALUES(113,126,4,'版本4.0','2026-05-01 22:11:26',126,1,'变更内容4','2026-04-13 22:11:26','2026-06-09 22:11:26',0);
INSERT INTO `t_item_version`(`id`,`item_id`,`version_no`,`version_name`,`publish_time`,`publish_by`,`status`,`change_log`,`create_time`,`update_time`,`deleted`) VALUES(114,137,5,'版本5.0','2025-09-02 22:11:26',148,1,'变更内容5','2026-05-04 22:11:26','2026-06-09 22:11:26',0);
INSERT INTO `t_item_version`(`id`,`item_id`,`version_no`,`version_name`,`publish_time`,`publish_by`,`status`,`change_log`,`create_time`,`update_time`,`deleted`) VALUES(115,149,1,'版本1.0','2026-05-07 22:11:26',118,2,NULL,'2026-01-02 22:11:26','2026-05-30 22:11:26',0);
INSERT INTO `t_item_version`(`id`,`item_id`,`version_no`,`version_name`,`publish_time`,`publish_by`,`status`,`change_log`,`create_time`,`update_time`,`deleted`) VALUES(116,126,2,'版本2.0','2026-02-12 22:11:26',124,0,'变更内容2','2025-09-08 22:11:26','2026-06-08 22:11:26',0);
INSERT INTO `t_item_version`(`id`,`item_id`,`version_no`,`version_name`,`publish_time`,`publish_by`,`status`,`change_log`,`create_time`,`update_time`,`deleted`) VALUES(117,130,3,'版本3.0','2026-06-08 22:11:26',111,1,'变更内容3','2025-12-03 22:11:26','2026-06-23 22:11:26',0);
INSERT INTO `t_item_version`(`id`,`item_id`,`version_no`,`version_name`,`publish_time`,`publish_by`,`status`,`change_log`,`create_time`,`update_time`,`deleted`) VALUES(118,139,4,'版本4.0','2025-08-20 22:11:26',143,0,'变更内容4','2026-06-08 22:11:26','2026-06-15 22:11:26',0);
INSERT INTO `t_item_version`(`id`,`item_id`,`version_no`,`version_name`,`publish_time`,`publish_by`,`status`,`change_log`,`create_time`,`update_time`,`deleted`) VALUES(119,121,5,'版本5.0','2025-07-09 22:11:26',115,1,'变更内容5','2025-10-27 22:11:26','2026-05-29 22:11:26',0);
INSERT INTO `t_item_version`(`id`,`item_id`,`version_no`,`version_name`,`publish_time`,`publish_by`,`status`,`change_log`,`create_time`,`update_time`,`deleted`) VALUES(120,117,1,'版本1.0','2025-12-19 22:11:26',101,1,NULL,'2026-01-23 22:11:26','2026-06-18 22:11:26',0);
INSERT INTO `t_item_version`(`id`,`item_id`,`version_no`,`version_name`,`publish_time`,`publish_by`,`status`,`change_log`,`create_time`,`update_time`,`deleted`) VALUES(121,117,2,'版本2.0','2025-10-19 22:11:26',144,1,'变更内容2','2026-03-03 22:11:26','2026-06-23 22:11:26',0);
INSERT INTO `t_item_version`(`id`,`item_id`,`version_no`,`version_name`,`publish_time`,`publish_by`,`status`,`change_log`,`create_time`,`update_time`,`deleted`) VALUES(122,119,3,'版本3.0','2025-11-13 22:11:26',149,1,'变更内容3','2026-02-10 22:11:26','2026-06-04 22:11:26',0);
INSERT INTO `t_item_version`(`id`,`item_id`,`version_no`,`version_name`,`publish_time`,`publish_by`,`status`,`change_log`,`create_time`,`update_time`,`deleted`) VALUES(123,126,4,'版本4.0','2025-08-22 22:11:26',141,1,'变更内容4','2026-03-23 22:11:26','2026-06-13 22:11:26',0);
INSERT INTO `t_item_version`(`id`,`item_id`,`version_no`,`version_name`,`publish_time`,`publish_by`,`status`,`change_log`,`create_time`,`update_time`,`deleted`) VALUES(124,113,5,'版本5.0','2025-12-01 22:11:26',147,0,'变更内容5','2025-10-06 22:11:26','2026-05-31 22:11:26',0);
INSERT INTO `t_item_version`(`id`,`item_id`,`version_no`,`version_name`,`publish_time`,`publish_by`,`status`,`change_log`,`create_time`,`update_time`,`deleted`) VALUES(125,123,1,'版本1.0','2026-05-30 22:11:26',132,1,NULL,'2026-05-25 22:11:26','2026-06-18 22:11:26',0);
INSERT INTO `t_item_version`(`id`,`item_id`,`version_no`,`version_name`,`publish_time`,`publish_by`,`status`,`change_log`,`create_time`,`update_time`,`deleted`) VALUES(126,145,2,'版本2.0','2025-10-11 22:11:26',125,1,'变更内容2','2025-10-02 22:11:26','2026-05-30 22:11:26',0);
INSERT INTO `t_item_version`(`id`,`item_id`,`version_no`,`version_name`,`publish_time`,`publish_by`,`status`,`change_log`,`create_time`,`update_time`,`deleted`) VALUES(127,136,3,'版本3.0','2026-06-13 22:11:26',111,1,'变更内容3','2026-03-17 22:11:26','2026-06-01 22:11:26',0);
INSERT INTO `t_item_version`(`id`,`item_id`,`version_no`,`version_name`,`publish_time`,`publish_by`,`status`,`change_log`,`create_time`,`update_time`,`deleted`) VALUES(128,103,4,'版本4.0','2026-02-20 22:11:26',102,0,'变更内容4','2026-06-02 22:11:26','2026-05-29 22:11:26',0);
INSERT INTO `t_item_version`(`id`,`item_id`,`version_no`,`version_name`,`publish_time`,`publish_by`,`status`,`change_log`,`create_time`,`update_time`,`deleted`) VALUES(129,123,5,'版本5.0','2025-07-02 22:11:26',112,1,'变更内容5','2025-12-21 22:11:26','2026-06-01 22:11:26',0);
INSERT INTO `t_item_version`(`id`,`item_id`,`version_no`,`version_name`,`publish_time`,`publish_by`,`status`,`change_log`,`create_time`,`update_time`,`deleted`) VALUES(130,129,1,'版本1.0','2025-10-12 22:11:26',125,1,NULL,'2025-07-14 22:11:26','2026-06-27 22:11:26',0);
INSERT INTO `t_item_version`(`id`,`item_id`,`version_no`,`version_name`,`publish_time`,`publish_by`,`status`,`change_log`,`create_time`,`update_time`,`deleted`) VALUES(131,115,2,'版本2.0','2025-12-19 22:11:26',131,2,'变更内容2','2025-11-11 22:11:26','2026-06-22 22:11:26',0);
INSERT INTO `t_item_version`(`id`,`item_id`,`version_no`,`version_name`,`publish_time`,`publish_by`,`status`,`change_log`,`create_time`,`update_time`,`deleted`) VALUES(132,130,3,'版本3.0','2025-08-31 22:11:26',135,1,'变更内容3','2026-01-02 22:11:26','2026-06-22 22:11:26',0);
INSERT INTO `t_item_version`(`id`,`item_id`,`version_no`,`version_name`,`publish_time`,`publish_by`,`status`,`change_log`,`create_time`,`update_time`,`deleted`) VALUES(133,116,4,'版本4.0','2025-07-10 22:11:26',105,1,'变更内容4','2026-06-13 22:11:26','2026-06-15 22:11:26',0);
INSERT INTO `t_item_version`(`id`,`item_id`,`version_no`,`version_name`,`publish_time`,`publish_by`,`status`,`change_log`,`create_time`,`update_time`,`deleted`) VALUES(134,103,5,'版本5.0','2026-04-05 22:11:26',136,1,'变更内容5','2026-03-06 22:11:26','2026-06-07 22:11:26',0);
INSERT INTO `t_item_version`(`id`,`item_id`,`version_no`,`version_name`,`publish_time`,`publish_by`,`status`,`change_log`,`create_time`,`update_time`,`deleted`) VALUES(135,114,1,'版本1.0','2025-07-16 22:11:26',113,1,NULL,'2025-07-29 22:11:26','2026-06-14 22:11:26',0);
INSERT INTO `t_item_version`(`id`,`item_id`,`version_no`,`version_name`,`publish_time`,`publish_by`,`status`,`change_log`,`create_time`,`update_time`,`deleted`) VALUES(136,132,2,'版本2.0','2026-06-17 22:11:26',149,1,'变更内容2','2025-10-28 22:11:26','2026-05-29 22:11:26',0);
INSERT INTO `t_item_version`(`id`,`item_id`,`version_no`,`version_name`,`publish_time`,`publish_by`,`status`,`change_log`,`create_time`,`update_time`,`deleted`) VALUES(137,108,3,'版本3.0','2025-07-31 22:11:26',111,2,'变更内容3','2026-06-23 22:11:26','2026-06-20 22:11:26',0);
INSERT INTO `t_item_version`(`id`,`item_id`,`version_no`,`version_name`,`publish_time`,`publish_by`,`status`,`change_log`,`create_time`,`update_time`,`deleted`) VALUES(138,116,4,'版本4.0','2025-08-20 22:11:26',119,1,'变更内容4','2025-11-23 22:11:26','2026-05-30 22:11:26',0);
INSERT INTO `t_item_version`(`id`,`item_id`,`version_no`,`version_name`,`publish_time`,`publish_by`,`status`,`change_log`,`create_time`,`update_time`,`deleted`) VALUES(139,124,5,'版本5.0','2025-12-31 22:11:26',129,1,'变更内容5','2026-03-08 22:11:26','2026-06-13 22:11:26',0);

SET FOREIGN_KEY_CHECKS = 1;
