-- ============================================
-- 测试种子数据: gov_license (证照服务 (gov-license-service))
-- 负责: member-c
-- 从 98-test-seed-data.sql 拆分
-- ============================================
SET NAMES utf8mb4;
SET FOREIGN_KEY_CHECKS = 0;

USE `gov_license`;
DELETE FROM `t_license_catalog` WHERE id >= 100;
INSERT INTO `t_license_catalog`(`id`,`catalog_code`,`catalog_name`,`catalog_type`,`dept_id`,`dept_name`,`template_url`,`template_type`,`valid_years`,`sign_flag`,`qr_flag`,`status`,`create_time`,`update_time`,`create_by`,`update_by`,`deleted`) VALUES(100,'CAT-001','建设用地规划许可证','行政许可',100,'行政审批局',NULL,NULL,2,1,1,1,'2026-05-29 22:11:26','2026-05-29 22:11:26',1,1,0);
INSERT INTO `t_license_catalog`(`id`,`catalog_code`,`catalog_name`,`catalog_type`,`dept_id`,`dept_name`,`template_url`,`template_type`,`valid_years`,`sign_flag`,`qr_flag`,`status`,`create_time`,`update_time`,`create_by`,`update_by`,`deleted`) VALUES(101,'CAT-002','食品经营许可证','行政许可',100,'行政审批局',NULL,NULL,5,1,1,1,'2026-05-29 22:11:26','2026-05-29 22:11:26',1,1,0);
INSERT INTO `t_license_catalog`(`id`,`catalog_code`,`catalog_name`,`catalog_type`,`dept_id`,`dept_name`,`template_url`,`template_type`,`valid_years`,`sign_flag`,`qr_flag`,`status`,`create_time`,`update_time`,`create_by`,`update_by`,`deleted`) VALUES(102,'CAT-003','卫生许可证','行政许可',105,'卫健局',NULL,NULL,4,1,1,1,'2026-05-29 22:11:26','2026-05-29 22:11:26',1,1,0);
INSERT INTO `t_license_catalog`(`id`,`catalog_code`,`catalog_name`,`catalog_type`,`dept_id`,`dept_name`,`template_url`,`template_type`,`valid_years`,`sign_flag`,`qr_flag`,`status`,`create_time`,`update_time`,`create_by`,`update_by`,`deleted`) VALUES(103,'CAT-004','不动产登记证','行政确认',104,'自然资源局',NULL,NULL,0,1,1,1,'2026-05-29 22:11:26','2026-05-29 22:11:26',1,1,0);
INSERT INTO `t_license_catalog`(`id`,`catalog_code`,`catalog_name`,`catalog_type`,`dept_id`,`dept_name`,`template_url`,`template_type`,`valid_years`,`sign_flag`,`qr_flag`,`status`,`create_time`,`update_time`,`create_by`,`update_by`,`deleted`) VALUES(104,'CAT-005','居民身份证','公共服务',101,'公安局',NULL,NULL,10,0,1,1,'2026-05-29 22:11:26','2026-05-29 22:11:26',1,1,0);
INSERT INTO `t_license_catalog`(`id`,`catalog_code`,`catalog_name`,`catalog_type`,`dept_id`,`dept_name`,`template_url`,`template_type`,`valid_years`,`sign_flag`,`qr_flag`,`status`,`create_time`,`update_time`,`create_by`,`update_by`,`deleted`) VALUES(105,'CAT-006','驾驶证','公共服务',101,'公安局',NULL,NULL,6,0,1,1,'2026-05-29 22:11:26','2026-05-29 22:11:26',1,1,0);
INSERT INTO `t_license_catalog`(`id`,`catalog_code`,`catalog_name`,`catalog_type`,`dept_id`,`dept_name`,`template_url`,`template_type`,`valid_years`,`sign_flag`,`qr_flag`,`status`,`create_time`,`update_time`,`create_by`,`update_by`,`deleted`) VALUES(106,'CAT-007','营业执照','行政许可',103,'市场监管局',NULL,NULL,0,1,1,1,'2026-05-29 22:11:26','2026-05-29 22:11:26',1,1,0);
INSERT INTO `t_license_catalog`(`id`,`catalog_code`,`catalog_name`,`catalog_type`,`dept_id`,`dept_name`,`template_url`,`template_type`,`valid_years`,`sign_flag`,`qr_flag`,`status`,`create_time`,`update_time`,`create_by`,`update_by`,`deleted`) VALUES(107,'CAT-008','办学许可证','行政许可',108,'教育局',NULL,NULL,4,1,1,1,'2026-05-29 22:11:26','2026-05-29 22:11:26',1,1,0);

USE `gov_license`;
DELETE FROM `t_license_data` WHERE id >= 100;
INSERT INTO `t_license_data`(`id`,`license_no`,`catalog_id`,`catalog_name`,`user_id`,`user_name`,`user_id_card`,`apply_no`,`license_content`,`file_url`,`qr_code`,`qr_content`,`sign_time`,`sign_by`,`expire_time`,`status`,`cancel_time`,`cancel_reason`,`create_time`,`update_time`,`create_by`,`update_by`,`deleted`) VALUES(100,'LIC-2024001',101,'证照名称102',107,'用户122','11010119900101106281','BJ-100','{"info":"证照0"}','/files/lic0.pdf',NULL,'https://verify.gov.cn/LIC-2024001','2026-05-16 22:11:26',137,'2029-01-06 00:00:00','1','2026-06-27 22:11:26',NULL,'2026-05-22 22:11:26','2026-06-22 22:11:26',1,1,0);
INSERT INTO `t_license_data`(`id`,`license_no`,`catalog_id`,`catalog_name`,`user_id`,`user_name`,`user_id_card`,`apply_no`,`license_content`,`file_url`,`qr_code`,`qr_content`,`sign_time`,`sign_by`,`expire_time`,`status`,`cancel_time`,`cancel_reason`,`create_time`,`update_time`,`create_by`,`update_by`,`deleted`) VALUES(101,'LIC-2024002',106,'证照名称101',115,'用户149','11010119900101132793','BJ-101','{"info":"证照1"}','/files/lic1.pdf','QR-2024002',NULL,'2026-04-29 22:11:26',120,'2029-09-12 00:00:00','1',NULL,NULL,'2026-05-05 22:11:26','2026-06-05 22:11:26',1,1,0);
INSERT INTO `t_license_data`(`id`,`license_no`,`catalog_id`,`catalog_name`,`user_id`,`user_name`,`user_id_card`,`apply_no`,`license_content`,`file_url`,`qr_code`,`qr_content`,`sign_time`,`sign_by`,`expire_time`,`status`,`cancel_time`,`cancel_reason`,`create_time`,`update_time`,`create_by`,`update_by`,`deleted`) VALUES(102,'LIC-2024003',107,'证照名称107',140,'用户117','11010119900101139090','BJ-102','{"info":"证照2"}','/files/lic2.pdf','QR-2024003',NULL,'2026-05-12 22:11:26',136,'2030-01-10 00:00:00','1',NULL,'过期作废','2026-05-07 22:11:26','2026-06-07 22:11:26',1,1,0);
INSERT INTO `t_license_data`(`id`,`license_no`,`catalog_id`,`catalog_name`,`user_id`,`user_name`,`user_id_card`,`apply_no`,`license_content`,`file_url`,`qr_code`,`qr_content`,`sign_time`,`sign_by`,`expire_time`,`status`,`cancel_time`,`cancel_reason`,`create_time`,`update_time`,`create_by`,`update_by`,`deleted`) VALUES(103,'LIC-2024004',104,'证照名称105',103,'用户147','11010119900101104783','BJ-103','{"info":"证照3"}','/files/lic3.pdf','QR-2024004',NULL,NULL,125,'2028-06-26 00:00:00','1',NULL,'过期作废','2026-06-17 22:11:26','2026-06-15 22:11:26',1,1,0);
INSERT INTO `t_license_data`(`id`,`license_no`,`catalog_id`,`catalog_name`,`user_id`,`user_name`,`user_id_card`,`apply_no`,`license_content`,`file_url`,`qr_code`,`qr_content`,`sign_time`,`sign_by`,`expire_time`,`status`,`cancel_time`,`cancel_reason`,`create_time`,`update_time`,`create_by`,`update_by`,`deleted`) VALUES(104,'LIC-2024005',106,'证照名称104',141,'用户148','11010119900101143013','BJ-104','{"info":"证照4"}',NULL,NULL,'https://verify.gov.cn/LIC-2024005','2026-06-05 22:11:26',123,'2031-04-30 00:00:00','1',NULL,NULL,'2026-05-02 22:11:26','2026-06-15 22:11:26',1,1,0);
INSERT INTO `t_license_data`(`id`,`license_no`,`catalog_id`,`catalog_name`,`user_id`,`user_name`,`user_id_card`,`apply_no`,`license_content`,`file_url`,`qr_code`,`qr_content`,`sign_time`,`sign_by`,`expire_time`,`status`,`cancel_time`,`cancel_reason`,`create_time`,`update_time`,`create_by`,`update_by`,`deleted`) VALUES(105,'LIC-2024006',107,'证照名称104',136,'用户138','11010119900101127875','BJ-105','{"info":"证照5"}',NULL,'QR-2024006','https://verify.gov.cn/LIC-2024006','2026-06-22 22:11:26',NULL,'2029-12-03 00:00:00','1',NULL,NULL,'2026-06-13 22:11:26','2026-06-07 22:11:26',1,1,0);
INSERT INTO `t_license_data`(`id`,`license_no`,`catalog_id`,`catalog_name`,`user_id`,`user_name`,`user_id_card`,`apply_no`,`license_content`,`file_url`,`qr_code`,`qr_content`,`sign_time`,`sign_by`,`expire_time`,`status`,`cancel_time`,`cancel_reason`,`create_time`,`update_time`,`create_by`,`update_by`,`deleted`) VALUES(106,'LIC-2024007',102,'证照名称107',133,'用户140','11010119900101142565','BJ-106','{"info":"证照6"}','/files/lic6.pdf',NULL,'https://verify.gov.cn/LIC-2024007',NULL,NULL,'2029-03-04 00:00:00','1','2026-05-05 22:11:26',NULL,'2026-05-31 22:11:26','2026-06-18 22:11:26',1,1,0);
INSERT INTO `t_license_data`(`id`,`license_no`,`catalog_id`,`catalog_name`,`user_id`,`user_name`,`user_id_card`,`apply_no`,`license_content`,`file_url`,`qr_code`,`qr_content`,`sign_time`,`sign_by`,`expire_time`,`status`,`cancel_time`,`cancel_reason`,`create_time`,`update_time`,`create_by`,`update_by`,`deleted`) VALUES(107,'LIC-2024008',100,'证照名称101',102,'用户132','11010119900101107202','BJ-107','{"info":"证照7"}','/files/lic7.pdf','QR-2024008','https://verify.gov.cn/LIC-2024008','2026-05-21 22:11:26',NULL,'2028-11-27 00:00:00','1',NULL,NULL,'2026-05-16 22:11:26','2026-06-13 22:11:26',1,1,0);
INSERT INTO `t_license_data`(`id`,`license_no`,`catalog_id`,`catalog_name`,`user_id`,`user_name`,`user_id_card`,`apply_no`,`license_content`,`file_url`,`qr_code`,`qr_content`,`sign_time`,`sign_by`,`expire_time`,`status`,`cancel_time`,`cancel_reason`,`create_time`,`update_time`,`create_by`,`update_by`,`deleted`) VALUES(108,'LIC-2024009',102,'证照名称102',125,'用户102','11010119900101105607','BJ-108','{"info":"证照8"}','/files/lic8.pdf','QR-2024009','https://verify.gov.cn/LIC-2024009','2026-05-07 22:11:26',NULL,'2031-03-31 00:00:00','1','2026-05-03 22:11:26','过期作废','2026-06-14 22:11:26','2026-06-22 22:11:26',1,1,0);
INSERT INTO `t_license_data`(`id`,`license_no`,`catalog_id`,`catalog_name`,`user_id`,`user_name`,`user_id_card`,`apply_no`,`license_content`,`file_url`,`qr_code`,`qr_content`,`sign_time`,`sign_by`,`expire_time`,`status`,`cancel_time`,`cancel_reason`,`create_time`,`update_time`,`create_by`,`update_by`,`deleted`) VALUES(109,'LIC-2024010',101,'证照名称104',143,'用户106','11010119900101128578','BJ-109','{"info":"证照9"}','/files/lic9.pdf',NULL,NULL,'2026-05-14 22:11:26',NULL,'2031-03-02 00:00:00','1',NULL,'过期作废','2026-05-12 22:11:26','2026-06-12 22:11:26',1,1,0);
INSERT INTO `t_license_data`(`id`,`license_no`,`catalog_id`,`catalog_name`,`user_id`,`user_name`,`user_id_card`,`apply_no`,`license_content`,`file_url`,`qr_code`,`qr_content`,`sign_time`,`sign_by`,`expire_time`,`status`,`cancel_time`,`cancel_reason`,`create_time`,`update_time`,`create_by`,`update_by`,`deleted`) VALUES(110,'LIC-2024011',104,'证照名称105',144,'用户143','11010119900101145388','BJ-110','{"info":"证照10"}','/files/lic10.pdf','QR-2024011',NULL,NULL,144,'2027-07-26 00:00:00','1','2026-05-04 22:11:26',NULL,'2026-05-28 22:11:26','2026-06-07 22:11:26',1,1,0);
INSERT INTO `t_license_data`(`id`,`license_no`,`catalog_id`,`catalog_name`,`user_id`,`user_name`,`user_id_card`,`apply_no`,`license_content`,`file_url`,`qr_code`,`qr_content`,`sign_time`,`sign_by`,`expire_time`,`status`,`cancel_time`,`cancel_reason`,`create_time`,`update_time`,`create_by`,`update_by`,`deleted`) VALUES(111,'LIC-2024012',102,'证照名称103',127,'用户140','11010119900101135445','BJ-111','{"info":"证照11"}',NULL,'QR-2024012','https://verify.gov.cn/LIC-2024012',NULL,NULL,'2029-11-08 00:00:00','1',NULL,'过期作废','2026-05-27 22:11:26','2026-06-12 22:11:26',1,1,0);
INSERT INTO `t_license_data`(`id`,`license_no`,`catalog_id`,`catalog_name`,`user_id`,`user_name`,`user_id_card`,`apply_no`,`license_content`,`file_url`,`qr_code`,`qr_content`,`sign_time`,`sign_by`,`expire_time`,`status`,`cancel_time`,`cancel_reason`,`create_time`,`update_time`,`create_by`,`update_by`,`deleted`) VALUES(112,'LIC-2024013',100,'证照名称107',137,'用户115','11010119900101113343','BJ-112','{"info":"证照12"}','/files/lic12.pdf','QR-2024013','https://verify.gov.cn/LIC-2024013',NULL,127,'2027-07-14 00:00:00','1','2026-05-04 22:11:26',NULL,'2026-05-21 22:11:26','2026-06-08 22:11:26',1,1,0);
INSERT INTO `t_license_data`(`id`,`license_no`,`catalog_id`,`catalog_name`,`user_id`,`user_name`,`user_id_card`,`apply_no`,`license_content`,`file_url`,`qr_code`,`qr_content`,`sign_time`,`sign_by`,`expire_time`,`status`,`cancel_time`,`cancel_reason`,`create_time`,`update_time`,`create_by`,`update_by`,`deleted`) VALUES(113,'LIC-2024014',104,'证照名称100',131,'用户125','11010119900101132006','BJ-113','{"info":"证照13"}','/files/lic13.pdf','QR-2024014','https://verify.gov.cn/LIC-2024014','2026-05-25 22:11:26',NULL,'2028-10-14 00:00:00','1',NULL,NULL,'2026-06-10 22:11:26','2026-05-30 22:11:26',1,1,0);
INSERT INTO `t_license_data`(`id`,`license_no`,`catalog_id`,`catalog_name`,`user_id`,`user_name`,`user_id_card`,`apply_no`,`license_content`,`file_url`,`qr_code`,`qr_content`,`sign_time`,`sign_by`,`expire_time`,`status`,`cancel_time`,`cancel_reason`,`create_time`,`update_time`,`create_by`,`update_by`,`deleted`) VALUES(114,'LIC-2024015',106,'证照名称107',107,'用户131','11010119900101140958','BJ-114','{"info":"证照14"}','/files/lic14.pdf','QR-2024015','https://verify.gov.cn/LIC-2024015',NULL,NULL,'2028-05-23 00:00:00','1',NULL,NULL,'2026-06-13 22:11:26','2026-06-09 22:11:26',1,1,0);
INSERT INTO `t_license_data`(`id`,`license_no`,`catalog_id`,`catalog_name`,`user_id`,`user_name`,`user_id_card`,`apply_no`,`license_content`,`file_url`,`qr_code`,`qr_content`,`sign_time`,`sign_by`,`expire_time`,`status`,`cancel_time`,`cancel_reason`,`create_time`,`update_time`,`create_by`,`update_by`,`deleted`) VALUES(115,'LIC-2024016',105,'证照名称107',108,'用户118','11010119900101147531','BJ-115','{"info":"证照15"}','/files/lic15.pdf','QR-2024016','https://verify.gov.cn/LIC-2024016','2026-05-04 22:11:26',NULL,'2030-02-19 00:00:00','1',NULL,NULL,'2026-06-22 22:11:26','2026-06-06 22:11:26',1,1,0);
INSERT INTO `t_license_data`(`id`,`license_no`,`catalog_id`,`catalog_name`,`user_id`,`user_name`,`user_id_card`,`apply_no`,`license_content`,`file_url`,`qr_code`,`qr_content`,`sign_time`,`sign_by`,`expire_time`,`status`,`cancel_time`,`cancel_reason`,`create_time`,`update_time`,`create_by`,`update_by`,`deleted`) VALUES(116,'LIC-2024017',107,'证照名称102',111,'用户112','11010119900101110393','BJ-116','{"info":"证照16"}','/files/lic16.pdf',NULL,'https://verify.gov.cn/LIC-2024017',NULL,101,'2029-03-10 00:00:00','1',NULL,NULL,'2026-05-15 22:11:26','2026-06-22 22:11:26',1,1,0);
INSERT INTO `t_license_data`(`id`,`license_no`,`catalog_id`,`catalog_name`,`user_id`,`user_name`,`user_id_card`,`apply_no`,`license_content`,`file_url`,`qr_code`,`qr_content`,`sign_time`,`sign_by`,`expire_time`,`status`,`cancel_time`,`cancel_reason`,`create_time`,`update_time`,`create_by`,`update_by`,`deleted`) VALUES(117,'LIC-2024018',102,'证照名称100',104,'用户121','11010119900101128370','BJ-117','{"info":"证照17"}',NULL,NULL,'https://verify.gov.cn/LIC-2024018','2026-05-08 22:11:26',NULL,'2028-12-07 00:00:00','1',NULL,'过期作废','2026-06-10 22:11:26','2026-05-30 22:11:26',1,1,0);
INSERT INTO `t_license_data`(`id`,`license_no`,`catalog_id`,`catalog_name`,`user_id`,`user_name`,`user_id_card`,`apply_no`,`license_content`,`file_url`,`qr_code`,`qr_content`,`sign_time`,`sign_by`,`expire_time`,`status`,`cancel_time`,`cancel_reason`,`create_time`,`update_time`,`create_by`,`update_by`,`deleted`) VALUES(118,'LIC-2024019',102,'证照名称101',145,'用户103','11010119900101128842','BJ-118','{"info":"证照18"}','/files/lic18.pdf','QR-2024019','https://verify.gov.cn/LIC-2024019','2026-05-04 22:11:26',135,'2030-11-29 00:00:00','1',NULL,NULL,'2026-05-18 22:11:26','2026-06-24 22:11:26',1,1,0);
INSERT INTO `t_license_data`(`id`,`license_no`,`catalog_id`,`catalog_name`,`user_id`,`user_name`,`user_id_card`,`apply_no`,`license_content`,`file_url`,`qr_code`,`qr_content`,`sign_time`,`sign_by`,`expire_time`,`status`,`cancel_time`,`cancel_reason`,`create_time`,`update_time`,`create_by`,`update_by`,`deleted`) VALUES(119,'LIC-2024020',103,'证照名称105',110,'用户146','11010119900101119293','BJ-119','{"info":"证照19"}','/files/lic19.pdf','QR-2024020','https://verify.gov.cn/LIC-2024020','2026-06-06 22:11:26',107,'2028-05-08 00:00:00','1','2026-05-30 22:11:26','过期作废','2026-05-09 22:11:26','2026-06-03 22:11:26',1,1,0);
INSERT INTO `t_license_data`(`id`,`license_no`,`catalog_id`,`catalog_name`,`user_id`,`user_name`,`user_id_card`,`apply_no`,`license_content`,`file_url`,`qr_code`,`qr_content`,`sign_time`,`sign_by`,`expire_time`,`status`,`cancel_time`,`cancel_reason`,`create_time`,`update_time`,`create_by`,`update_by`,`deleted`) VALUES(120,'LIC-2024021',100,'证照名称103',130,'用户121','11010119900101118941','BJ-120','{"info":"证照20"}','/files/lic20.pdf',NULL,'https://verify.gov.cn/LIC-2024021','2026-06-12 22:11:26',NULL,'2029-07-05 00:00:00','1','2026-06-01 22:11:26','过期作废','2026-06-19 22:11:26','2026-06-02 22:11:26',1,1,0);
INSERT INTO `t_license_data`(`id`,`license_no`,`catalog_id`,`catalog_name`,`user_id`,`user_name`,`user_id_card`,`apply_no`,`license_content`,`file_url`,`qr_code`,`qr_content`,`sign_time`,`sign_by`,`expire_time`,`status`,`cancel_time`,`cancel_reason`,`create_time`,`update_time`,`create_by`,`update_by`,`deleted`) VALUES(121,'LIC-2024022',106,'证照名称106',126,'用户129','11010119900101133975','BJ-121','{"info":"证照21"}','/files/lic21.pdf','QR-2024022',NULL,'2026-05-25 22:11:26',105,'2027-07-18 00:00:00','1',NULL,NULL,'2026-05-09 22:11:26','2026-06-22 22:11:26',1,1,0);
INSERT INTO `t_license_data`(`id`,`license_no`,`catalog_id`,`catalog_name`,`user_id`,`user_name`,`user_id_card`,`apply_no`,`license_content`,`file_url`,`qr_code`,`qr_content`,`sign_time`,`sign_by`,`expire_time`,`status`,`cancel_time`,`cancel_reason`,`create_time`,`update_time`,`create_by`,`update_by`,`deleted`) VALUES(122,'LIC-2024023',106,'证照名称100',125,'用户148','11010119900101102579','BJ-122','{"info":"证照22"}','/files/lic22.pdf','QR-2024023','https://verify.gov.cn/LIC-2024023','2026-05-07 22:11:26',133,'2031-01-11 00:00:00','1','2026-06-01 22:11:26',NULL,'2026-05-15 22:11:26','2026-06-05 22:11:26',1,1,0);
INSERT INTO `t_license_data`(`id`,`license_no`,`catalog_id`,`catalog_name`,`user_id`,`user_name`,`user_id_card`,`apply_no`,`license_content`,`file_url`,`qr_code`,`qr_content`,`sign_time`,`sign_by`,`expire_time`,`status`,`cancel_time`,`cancel_reason`,`create_time`,`update_time`,`create_by`,`update_by`,`deleted`) VALUES(123,'LIC-2024024',104,'证照名称105',122,'用户100','11010119900101118484','BJ-123','{"info":"证照23"}','/files/lic23.pdf','QR-2024024',NULL,'2026-05-02 22:11:26',139,'2029-12-27 00:00:00','1',NULL,NULL,'2026-05-02 22:11:26','2026-06-02 22:11:26',1,1,0);
INSERT INTO `t_license_data`(`id`,`license_no`,`catalog_id`,`catalog_name`,`user_id`,`user_name`,`user_id_card`,`apply_no`,`license_content`,`file_url`,`qr_code`,`qr_content`,`sign_time`,`sign_by`,`expire_time`,`status`,`cancel_time`,`cancel_reason`,`create_time`,`update_time`,`create_by`,`update_by`,`deleted`) VALUES(124,'LIC-2024025',106,'证照名称103',119,'用户105','11010119900101102571','BJ-124','{"info":"证照24"}','/files/lic24.pdf','QR-2024025','https://verify.gov.cn/LIC-2024025','2026-06-09 22:11:26',NULL,'2030-05-28 00:00:00','1',NULL,NULL,'2026-06-06 22:11:26','2026-06-03 22:11:26',1,1,0);
INSERT INTO `t_license_data`(`id`,`license_no`,`catalog_id`,`catalog_name`,`user_id`,`user_name`,`user_id_card`,`apply_no`,`license_content`,`file_url`,`qr_code`,`qr_content`,`sign_time`,`sign_by`,`expire_time`,`status`,`cancel_time`,`cancel_reason`,`create_time`,`update_time`,`create_by`,`update_by`,`deleted`) VALUES(125,'LIC-2024026',102,'证照名称100',101,'用户134','11010119900101138979','BJ-125','{"info":"证照25"}','/files/lic25.pdf','QR-2024026','https://verify.gov.cn/LIC-2024026',NULL,NULL,'2030-04-27 00:00:00','1',NULL,NULL,'2026-06-05 22:11:26','2026-06-24 22:11:26',1,1,0);
INSERT INTO `t_license_data`(`id`,`license_no`,`catalog_id`,`catalog_name`,`user_id`,`user_name`,`user_id_card`,`apply_no`,`license_content`,`file_url`,`qr_code`,`qr_content`,`sign_time`,`sign_by`,`expire_time`,`status`,`cancel_time`,`cancel_reason`,`create_time`,`update_time`,`create_by`,`update_by`,`deleted`) VALUES(126,'LIC-2024027',100,'证照名称101',128,'用户119','11010119900101137664','BJ-126','{"info":"证照26"}','/files/lic26.pdf','QR-2024027','https://verify.gov.cn/LIC-2024027','2026-05-18 22:11:26',138,'2030-08-29 00:00:00','1',NULL,NULL,'2026-05-16 22:11:26','2026-06-02 22:11:26',1,1,0);
INSERT INTO `t_license_data`(`id`,`license_no`,`catalog_id`,`catalog_name`,`user_id`,`user_name`,`user_id_card`,`apply_no`,`license_content`,`file_url`,`qr_code`,`qr_content`,`sign_time`,`sign_by`,`expire_time`,`status`,`cancel_time`,`cancel_reason`,`create_time`,`update_time`,`create_by`,`update_by`,`deleted`) VALUES(127,'LIC-2024028',102,'证照名称106',133,'用户147','11010119900101116377','BJ-127','{"info":"证照27"}',NULL,'QR-2024028',NULL,NULL,126,'2030-01-13 00:00:00','1',NULL,NULL,'2026-05-02 22:11:26','2026-06-23 22:11:26',1,1,0);
INSERT INTO `t_license_data`(`id`,`license_no`,`catalog_id`,`catalog_name`,`user_id`,`user_name`,`user_id_card`,`apply_no`,`license_content`,`file_url`,`qr_code`,`qr_content`,`sign_time`,`sign_by`,`expire_time`,`status`,`cancel_time`,`cancel_reason`,`create_time`,`update_time`,`create_by`,`update_by`,`deleted`) VALUES(128,'LIC-2024029',107,'证照名称103',128,'用户104','11010119900101124351','BJ-128','{"info":"证照28"}','/files/lic28.pdf','QR-2024029','https://verify.gov.cn/LIC-2024029','2026-05-18 22:11:26',NULL,'2028-12-19 00:00:00','1',NULL,'过期作废','2026-05-27 22:11:26','2026-06-04 22:11:26',1,1,0);
INSERT INTO `t_license_data`(`id`,`license_no`,`catalog_id`,`catalog_name`,`user_id`,`user_name`,`user_id_card`,`apply_no`,`license_content`,`file_url`,`qr_code`,`qr_content`,`sign_time`,`sign_by`,`expire_time`,`status`,`cancel_time`,`cancel_reason`,`create_time`,`update_time`,`create_by`,`update_by`,`deleted`) VALUES(129,'LIC-2024030',106,'证照名称102',109,'用户132','11010119900101108480','BJ-129','{"info":"证照29"}','/files/lic29.pdf','QR-2024030','https://verify.gov.cn/LIC-2024030',NULL,NULL,'2030-06-15 00:00:00','1',NULL,'过期作废','2026-05-23 22:11:26','2026-06-16 22:11:26',1,1,0);

USE `gov_license`;
DELETE FROM `t_license_auth` WHERE id >= 100;
INSERT INTO `t_license_auth`(`id`,`license_id`,`auth_user_id`,`auth_target_id`,`auth_target_name`,`auth_type`,`auth_scope`,`auth_time`,`expire_time`,`cancel_time`,`status`,`create_time`,`update_time`,`create_by`,`update_by`,`deleted`) VALUES(100,129,107,138,'目标126','部门','全部','2026-06-04 22:11:26','2026-08-17 00:00:00',NULL,'1','2026-06-04 22:11:26','2026-06-18 22:11:26',1,1,0);
INSERT INTO `t_license_auth`(`id`,`license_id`,`auth_user_id`,`auth_target_id`,`auth_target_name`,`auth_type`,`auth_scope`,`auth_time`,`expire_time`,`cancel_time`,`status`,`create_time`,`update_time`,`create_by`,`update_by`,`deleted`) VALUES(101,111,119,118,'目标131','部门','全部','2026-06-18 22:11:26','2027-02-28 00:00:00',NULL,'1','2026-05-02 22:11:26','2026-06-18 22:11:26',1,1,0);
INSERT INTO `t_license_auth`(`id`,`license_id`,`auth_user_id`,`auth_target_id`,`auth_target_name`,`auth_type`,`auth_scope`,`auth_time`,`expire_time`,`cancel_time`,`status`,`create_time`,`update_time`,`create_by`,`update_by`,`deleted`) VALUES(102,106,111,147,'目标131','部门','全部','2026-05-23 22:11:26','2026-08-19 00:00:00',NULL,'2','2026-06-08 22:11:26','2026-06-09 22:11:26',1,1,0);
INSERT INTO `t_license_auth`(`id`,`license_id`,`auth_user_id`,`auth_target_id`,`auth_target_name`,`auth_type`,`auth_scope`,`auth_time`,`expire_time`,`cancel_time`,`status`,`create_time`,`update_time`,`create_by`,`update_by`,`deleted`) VALUES(103,114,121,124,'目标130','企业','全部','2026-05-26 22:11:26','2027-03-15 00:00:00',NULL,'1','2026-05-03 22:11:26','2026-06-04 22:11:26',1,1,0);
INSERT INTO `t_license_auth`(`id`,`license_id`,`auth_user_id`,`auth_target_id`,`auth_target_name`,`auth_type`,`auth_scope`,`auth_time`,`expire_time`,`cancel_time`,`status`,`create_time`,`update_time`,`create_by`,`update_by`,`deleted`) VALUES(104,110,105,139,'目标142','机构','脱敏','2026-06-13 22:11:26','2027-01-17 00:00:00',NULL,'0','2026-05-11 22:11:26','2026-06-19 22:11:26',1,1,0);
INSERT INTO `t_license_auth`(`id`,`license_id`,`auth_user_id`,`auth_target_id`,`auth_target_name`,`auth_type`,`auth_scope`,`auth_time`,`expire_time`,`cancel_time`,`status`,`create_time`,`update_time`,`create_by`,`update_by`,`deleted`) VALUES(105,120,105,110,'目标145','部门','摘要','2026-05-18 22:11:26','2027-01-02 00:00:00',NULL,'1','2026-05-17 22:11:26','2026-06-10 22:11:26',1,1,0);
INSERT INTO `t_license_auth`(`id`,`license_id`,`auth_user_id`,`auth_target_id`,`auth_target_name`,`auth_type`,`auth_scope`,`auth_time`,`expire_time`,`cancel_time`,`status`,`create_time`,`update_time`,`create_by`,`update_by`,`deleted`) VALUES(106,102,112,139,'目标134','部门','摘要','2026-05-25 22:11:26',NULL,NULL,'1','2026-06-20 22:11:26','2026-06-06 22:11:26',1,1,0);
INSERT INTO `t_license_auth`(`id`,`license_id`,`auth_user_id`,`auth_target_id`,`auth_target_name`,`auth_type`,`auth_scope`,`auth_time`,`expire_time`,`cancel_time`,`status`,`create_time`,`update_time`,`create_by`,`update_by`,`deleted`) VALUES(107,129,134,111,'目标101','个人','全部','2026-06-12 22:11:26','2027-05-20 00:00:00',NULL,'2','2026-05-20 22:11:26','2026-06-17 22:11:26',1,1,0);
INSERT INTO `t_license_auth`(`id`,`license_id`,`auth_user_id`,`auth_target_id`,`auth_target_name`,`auth_type`,`auth_scope`,`auth_time`,`expire_time`,`cancel_time`,`status`,`create_time`,`update_time`,`create_by`,`update_by`,`deleted`) VALUES(108,112,137,102,'目标131','部门','脱敏','2026-05-31 22:11:26',NULL,NULL,'2','2026-06-07 22:11:26','2026-06-15 22:11:26',1,1,0);
INSERT INTO `t_license_auth`(`id`,`license_id`,`auth_user_id`,`auth_target_id`,`auth_target_name`,`auth_type`,`auth_scope`,`auth_time`,`expire_time`,`cancel_time`,`status`,`create_time`,`update_time`,`create_by`,`update_by`,`deleted`) VALUES(109,108,105,107,'目标106','企业','脱敏','2026-06-18 22:11:26',NULL,'2026-06-23 22:11:26','1','2026-06-01 22:11:26','2026-06-06 22:11:26',1,1,0);
INSERT INTO `t_license_auth`(`id`,`license_id`,`auth_user_id`,`auth_target_id`,`auth_target_name`,`auth_type`,`auth_scope`,`auth_time`,`expire_time`,`cancel_time`,`status`,`create_time`,`update_time`,`create_by`,`update_by`,`deleted`) VALUES(110,105,103,139,'目标120','企业','全部','2026-05-13 22:11:26',NULL,NULL,'1','2026-06-18 22:11:26','2026-06-14 22:11:26',1,1,0);
INSERT INTO `t_license_auth`(`id`,`license_id`,`auth_user_id`,`auth_target_id`,`auth_target_name`,`auth_type`,`auth_scope`,`auth_time`,`expire_time`,`cancel_time`,`status`,`create_time`,`update_time`,`create_by`,`update_by`,`deleted`) VALUES(111,128,120,116,'目标124','部门','全部','2026-06-15 22:11:26',NULL,NULL,'1','2026-05-27 22:11:26','2026-06-11 22:11:26',1,1,0);
INSERT INTO `t_license_auth`(`id`,`license_id`,`auth_user_id`,`auth_target_id`,`auth_target_name`,`auth_type`,`auth_scope`,`auth_time`,`expire_time`,`cancel_time`,`status`,`create_time`,`update_time`,`create_by`,`update_by`,`deleted`) VALUES(112,124,132,124,'目标107','个人','全部','2026-06-07 22:11:26','2027-02-21 00:00:00',NULL,'1','2026-06-01 22:11:26','2026-06-07 22:11:26',1,1,0);
INSERT INTO `t_license_auth`(`id`,`license_id`,`auth_user_id`,`auth_target_id`,`auth_target_name`,`auth_type`,`auth_scope`,`auth_time`,`expire_time`,`cancel_time`,`status`,`create_time`,`update_time`,`create_by`,`update_by`,`deleted`) VALUES(113,107,101,117,'目标135','部门','全部','2026-05-10 22:11:26','2026-09-30 00:00:00',NULL,'0','2026-05-30 22:11:26','2026-06-25 22:11:26',1,1,0);
INSERT INTO `t_license_auth`(`id`,`license_id`,`auth_user_id`,`auth_target_id`,`auth_target_name`,`auth_type`,`auth_scope`,`auth_time`,`expire_time`,`cancel_time`,`status`,`create_time`,`update_time`,`create_by`,`update_by`,`deleted`) VALUES(114,127,140,132,'目标113','企业','脱敏','2026-05-24 22:11:26','2026-11-30 00:00:00',NULL,'0','2026-04-30 22:11:26','2026-06-10 22:11:26',1,1,0);
INSERT INTO `t_license_auth`(`id`,`license_id`,`auth_user_id`,`auth_target_id`,`auth_target_name`,`auth_type`,`auth_scope`,`auth_time`,`expire_time`,`cancel_time`,`status`,`create_time`,`update_time`,`create_by`,`update_by`,`deleted`) VALUES(115,114,102,100,'目标129','个人','摘要','2026-06-17 22:11:26',NULL,'2026-06-12 22:11:26','1','2026-05-20 22:11:26','2026-06-19 22:11:26',1,1,0);
INSERT INTO `t_license_auth`(`id`,`license_id`,`auth_user_id`,`auth_target_id`,`auth_target_name`,`auth_type`,`auth_scope`,`auth_time`,`expire_time`,`cancel_time`,`status`,`create_time`,`update_time`,`create_by`,`update_by`,`deleted`) VALUES(116,126,143,124,'目标122','企业','摘要','2026-05-05 22:11:26','2026-08-20 00:00:00',NULL,'2','2026-05-22 22:11:26','2026-06-25 22:11:26',1,1,0);
INSERT INTO `t_license_auth`(`id`,`license_id`,`auth_user_id`,`auth_target_id`,`auth_target_name`,`auth_type`,`auth_scope`,`auth_time`,`expire_time`,`cancel_time`,`status`,`create_time`,`update_time`,`create_by`,`update_by`,`deleted`) VALUES(117,109,105,125,'目标144','部门','全部','2026-05-12 22:11:26','2026-12-18 00:00:00','2026-06-21 22:11:26','2','2026-05-26 22:11:26','2026-06-02 22:11:26',1,1,0);
INSERT INTO `t_license_auth`(`id`,`license_id`,`auth_user_id`,`auth_target_id`,`auth_target_name`,`auth_type`,`auth_scope`,`auth_time`,`expire_time`,`cancel_time`,`status`,`create_time`,`update_time`,`create_by`,`update_by`,`deleted`) VALUES(118,110,143,121,'目标140','个人','摘要','2026-05-30 22:11:26',NULL,NULL,'1','2026-06-06 22:11:26','2026-06-21 22:11:26',1,1,0);
INSERT INTO `t_license_auth`(`id`,`license_id`,`auth_user_id`,`auth_target_id`,`auth_target_name`,`auth_type`,`auth_scope`,`auth_time`,`expire_time`,`cancel_time`,`status`,`create_time`,`update_time`,`create_by`,`update_by`,`deleted`) VALUES(119,114,138,121,'目标101','企业','摘要','2026-04-29 22:11:26',NULL,NULL,'1','2026-05-15 22:11:26','2026-06-22 22:11:26',1,1,0);

USE `gov_license`;
DELETE FROM `t_license_sign` WHERE id >= 100;
INSERT INTO `t_license_sign`(`id`,`license_id`,`sign_type`,`sign_user`,`sign_user_name`,`sign_time`,`sign_result`,`sign_cert_sn`,`sign_data`,`create_time`,`update_time`,`create_by`,`update_by`,`deleted`) VALUES(100,113,'手写签名',144,'用户145','2026-05-27 22:11:26','2','CA-20240001','{"sign":"data0"}','2026-05-17 22:11:26','2026-06-07 22:11:26',1,1,0);
INSERT INTO `t_license_sign`(`id`,`license_id`,`sign_type`,`sign_user`,`sign_user_name`,`sign_time`,`sign_result`,`sign_cert_sn`,`sign_data`,`create_time`,`update_time`,`create_by`,`update_by`,`deleted`) VALUES(101,102,'手写签名',101,'用户142','2026-05-30 22:11:26','1','CA-20240002','{"sign":"data1"}','2026-05-06 22:11:26','2026-06-08 22:11:26',1,1,0);
INSERT INTO `t_license_sign`(`id`,`license_id`,`sign_type`,`sign_user`,`sign_user_name`,`sign_time`,`sign_result`,`sign_cert_sn`,`sign_data`,`create_time`,`update_time`,`create_by`,`update_by`,`deleted`) VALUES(102,111,'数字签名',111,'用户149','2026-05-07 22:11:26','1',NULL,NULL,'2026-06-15 22:11:26','2026-06-13 22:11:26',1,1,0);
INSERT INTO `t_license_sign`(`id`,`license_id`,`sign_type`,`sign_user`,`sign_user_name`,`sign_time`,`sign_result`,`sign_cert_sn`,`sign_data`,`create_time`,`update_time`,`create_by`,`update_by`,`deleted`) VALUES(103,100,'电子签章',147,'用户101','2026-05-10 22:11:26','1','CA-20240004','{"sign":"data3"}','2026-06-15 22:11:26','2026-06-25 22:11:26',1,1,0);
INSERT INTO `t_license_sign`(`id`,`license_id`,`sign_type`,`sign_user`,`sign_user_name`,`sign_time`,`sign_result`,`sign_cert_sn`,`sign_data`,`create_time`,`update_time`,`create_by`,`update_by`,`deleted`) VALUES(104,126,'手写签名',140,'用户119','2026-05-07 22:11:26','1',NULL,NULL,'2026-06-04 22:11:26','2026-06-26 22:11:26',1,1,0);
INSERT INTO `t_license_sign`(`id`,`license_id`,`sign_type`,`sign_user`,`sign_user_name`,`sign_time`,`sign_result`,`sign_cert_sn`,`sign_data`,`create_time`,`update_time`,`create_by`,`update_by`,`deleted`) VALUES(105,108,'数字签名',145,'用户145','2026-05-20 22:11:26','1',NULL,'{"sign":"data5"}','2026-05-18 22:11:26','2026-06-15 22:11:26',1,1,0);
INSERT INTO `t_license_sign`(`id`,`license_id`,`sign_type`,`sign_user`,`sign_user_name`,`sign_time`,`sign_result`,`sign_cert_sn`,`sign_data`,`create_time`,`update_time`,`create_by`,`update_by`,`deleted`) VALUES(106,103,'数字签名',136,'用户132','2026-05-27 22:11:26','1','CA-20240007','{"sign":"data6"}','2026-05-22 22:11:26','2026-06-06 22:11:26',1,1,0);
INSERT INTO `t_license_sign`(`id`,`license_id`,`sign_type`,`sign_user`,`sign_user_name`,`sign_time`,`sign_result`,`sign_cert_sn`,`sign_data`,`create_time`,`update_time`,`create_by`,`update_by`,`deleted`) VALUES(107,121,'手写签名',136,'用户111','2026-06-23 22:11:26','',NULL,NULL,'2026-06-11 22:11:26','2026-05-29 22:11:26',1,1,0);
INSERT INTO `t_license_sign`(`id`,`license_id`,`sign_type`,`sign_user`,`sign_user_name`,`sign_time`,`sign_result`,`sign_cert_sn`,`sign_data`,`create_time`,`update_time`,`create_by`,`update_by`,`deleted`) VALUES(108,118,'电子签章',133,'用户146','2026-05-08 22:11:26','1',NULL,'{"sign":"data8"}','2026-05-14 22:11:26','2026-06-06 22:11:26',1,1,0);
INSERT INTO `t_license_sign`(`id`,`license_id`,`sign_type`,`sign_user`,`sign_user_name`,`sign_time`,`sign_result`,`sign_cert_sn`,`sign_data`,`create_time`,`update_time`,`create_by`,`update_by`,`deleted`) VALUES(109,117,'手写签名',116,'用户143','2026-05-23 22:11:26','2',NULL,NULL,'2026-05-15 22:11:26','2026-06-07 22:11:26',1,1,0);
INSERT INTO `t_license_sign`(`id`,`license_id`,`sign_type`,`sign_user`,`sign_user_name`,`sign_time`,`sign_result`,`sign_cert_sn`,`sign_data`,`create_time`,`update_time`,`create_by`,`update_by`,`deleted`) VALUES(110,101,'数字签名',127,'用户126','2026-06-10 22:11:26','1','CA-20240011',NULL,'2026-06-04 22:11:26','2026-06-11 22:11:26',1,1,0);
INSERT INTO `t_license_sign`(`id`,`license_id`,`sign_type`,`sign_user`,`sign_user_name`,`sign_time`,`sign_result`,`sign_cert_sn`,`sign_data`,`create_time`,`update_time`,`create_by`,`update_by`,`deleted`) VALUES(111,124,'电子签章',146,'用户114','2026-06-24 22:11:26','1','CA-20240012','{"sign":"data11"}','2026-06-07 22:11:26','2026-06-27 22:11:26',1,1,0);
INSERT INTO `t_license_sign`(`id`,`license_id`,`sign_type`,`sign_user`,`sign_user_name`,`sign_time`,`sign_result`,`sign_cert_sn`,`sign_data`,`create_time`,`update_time`,`create_by`,`update_by`,`deleted`) VALUES(112,112,'电子签章',121,'用户105','2026-05-02 22:11:26','','CA-20240013','{"sign":"data12"}','2026-06-13 22:11:26','2026-06-05 22:11:26',1,1,0);
INSERT INTO `t_license_sign`(`id`,`license_id`,`sign_type`,`sign_user`,`sign_user_name`,`sign_time`,`sign_result`,`sign_cert_sn`,`sign_data`,`create_time`,`update_time`,`create_by`,`update_by`,`deleted`) VALUES(113,113,'电子签章',115,'用户112','2026-06-17 22:11:26','1','CA-20240014','{"sign":"data13"}','2026-06-21 22:11:26','2026-06-27 22:11:26',1,1,0);
INSERT INTO `t_license_sign`(`id`,`license_id`,`sign_type`,`sign_user`,`sign_user_name`,`sign_time`,`sign_result`,`sign_cert_sn`,`sign_data`,`create_time`,`update_time`,`create_by`,`update_by`,`deleted`) VALUES(114,115,'数字签名',101,'用户137','2026-05-07 22:11:26','1','CA-20240015',NULL,'2026-05-28 22:11:26','2026-06-20 22:11:26',1,1,0);
INSERT INTO `t_license_sign`(`id`,`license_id`,`sign_type`,`sign_user`,`sign_user_name`,`sign_time`,`sign_result`,`sign_cert_sn`,`sign_data`,`create_time`,`update_time`,`create_by`,`update_by`,`deleted`) VALUES(115,110,'电子签章',121,'用户133','2026-05-08 22:11:26','1','CA-20240016','{"sign":"data15"}','2026-05-19 22:11:26','2026-06-13 22:11:26',1,1,0);
INSERT INTO `t_license_sign`(`id`,`license_id`,`sign_type`,`sign_user`,`sign_user_name`,`sign_time`,`sign_result`,`sign_cert_sn`,`sign_data`,`create_time`,`update_time`,`create_by`,`update_by`,`deleted`) VALUES(116,124,'电子签章',140,'用户128','2026-05-21 22:11:26','1',NULL,NULL,'2026-06-25 22:11:26','2026-06-15 22:11:26',1,1,0);
INSERT INTO `t_license_sign`(`id`,`license_id`,`sign_type`,`sign_user`,`sign_user_name`,`sign_time`,`sign_result`,`sign_cert_sn`,`sign_data`,`create_time`,`update_time`,`create_by`,`update_by`,`deleted`) VALUES(117,110,'手写签名',104,'用户108','2026-06-24 22:11:26','2',NULL,'{"sign":"data17"}','2026-05-31 22:11:26','2026-06-25 22:11:26',1,1,0);
INSERT INTO `t_license_sign`(`id`,`license_id`,`sign_type`,`sign_user`,`sign_user_name`,`sign_time`,`sign_result`,`sign_cert_sn`,`sign_data`,`create_time`,`update_time`,`create_by`,`update_by`,`deleted`) VALUES(118,103,'手写签名',103,'用户135','2026-06-24 22:11:26','1','CA-20240019',NULL,'2026-05-19 22:11:26','2026-06-03 22:11:26',1,1,0);
INSERT INTO `t_license_sign`(`id`,`license_id`,`sign_type`,`sign_user`,`sign_user_name`,`sign_time`,`sign_result`,`sign_cert_sn`,`sign_data`,`create_time`,`update_time`,`create_by`,`update_by`,`deleted`) VALUES(119,113,'电子签章',138,'用户142','2026-05-19 22:11:26','1','CA-20240020',NULL,'2026-05-31 22:11:26','2026-05-30 22:11:26',1,1,0);
INSERT INTO `t_license_sign`(`id`,`license_id`,`sign_type`,`sign_user`,`sign_user_name`,`sign_time`,`sign_result`,`sign_cert_sn`,`sign_data`,`create_time`,`update_time`,`create_by`,`update_by`,`deleted`) VALUES(120,119,'手写签名',106,'用户121','2026-05-17 22:11:26','1','CA-20240021',NULL,'2026-06-15 22:11:26','2026-06-24 22:11:26',1,1,0);
INSERT INTO `t_license_sign`(`id`,`license_id`,`sign_type`,`sign_user`,`sign_user_name`,`sign_time`,`sign_result`,`sign_cert_sn`,`sign_data`,`create_time`,`update_time`,`create_by`,`update_by`,`deleted`) VALUES(121,103,'电子签章',138,'用户145','2026-06-23 22:11:26','','CA-20240022',NULL,'2026-05-22 22:11:26','2026-06-23 22:11:26',1,1,0);
INSERT INTO `t_license_sign`(`id`,`license_id`,`sign_type`,`sign_user`,`sign_user_name`,`sign_time`,`sign_result`,`sign_cert_sn`,`sign_data`,`create_time`,`update_time`,`create_by`,`update_by`,`deleted`) VALUES(122,120,'手写签名',116,'用户122','2026-06-01 22:11:26','2','CA-20240023',NULL,'2026-06-12 22:11:26','2026-06-23 22:11:26',1,1,0);
INSERT INTO `t_license_sign`(`id`,`license_id`,`sign_type`,`sign_user`,`sign_user_name`,`sign_time`,`sign_result`,`sign_cert_sn`,`sign_data`,`create_time`,`update_time`,`create_by`,`update_by`,`deleted`) VALUES(123,125,'电子签章',103,'用户108','2026-06-08 22:11:26','','CA-20240024','{"sign":"data23"}','2026-05-10 22:11:26','2026-06-16 22:11:26',1,1,0);
INSERT INTO `t_license_sign`(`id`,`license_id`,`sign_type`,`sign_user`,`sign_user_name`,`sign_time`,`sign_result`,`sign_cert_sn`,`sign_data`,`create_time`,`update_time`,`create_by`,`update_by`,`deleted`) VALUES(124,109,'手写签名',134,'用户149','2026-06-18 22:11:26','1','CA-20240025','{"sign":"data24"}','2026-06-09 22:11:26','2026-06-16 22:11:26',1,1,0);

USE `gov_license`;
DELETE FROM `t_license_template` WHERE id >= 100;
INSERT INTO `t_license_template`(`id`,`catalog_id`,`template_name`,`template_url`,`template_type`,`field_config`,`sign_config`,`version`,`status`,`create_time`,`update_time`,`create_by`,`update_by`,`deleted`) VALUES(401,100,'模板-行政许可-V1','/templates/100_v1.pdf','OFD','{"fields":["name","date","content"]}','{"sign":"pos"}',1,'1','2026-05-29 22:11:26','2026-05-29 22:11:26',1,1,0);
INSERT INTO `t_license_template`(`id`,`catalog_id`,`template_name`,`template_url`,`template_type`,`field_config`,`sign_config`,`version`,`status`,`create_time`,`update_time`,`create_by`,`update_by`,`deleted`) VALUES(402,100,'模板-行政许可-V2','/templates/100_v2.pdf','HTML','{"fields":["name","date","content"]}','{"sign":"pos"}',2,'1','2026-05-29 22:11:26','2026-05-29 22:11:26',1,1,0);
INSERT INTO `t_license_template`(`id`,`catalog_id`,`template_name`,`template_url`,`template_type`,`field_config`,`sign_config`,`version`,`status`,`create_time`,`update_time`,`create_by`,`update_by`,`deleted`) VALUES(403,101,'模板-行政许可-V1','/templates/101_v1.pdf','HTML','{"fields":["name","date","content"]}','{"sign":"pos"}',1,'1','2026-05-29 22:11:26','2026-05-29 22:11:26',1,1,0);
INSERT INTO `t_license_template`(`id`,`catalog_id`,`template_name`,`template_url`,`template_type`,`field_config`,`sign_config`,`version`,`status`,`create_time`,`update_time`,`create_by`,`update_by`,`deleted`) VALUES(404,101,'模板-行政许可-V2','/templates/101_v2.pdf','HTML','{"fields":["name","date","content"]}','{"sign":"pos"}',2,'1','2026-05-29 22:11:26','2026-05-29 22:11:26',1,1,0);
INSERT INTO `t_license_template`(`id`,`catalog_id`,`template_name`,`template_url`,`template_type`,`field_config`,`sign_config`,`version`,`status`,`create_time`,`update_time`,`create_by`,`update_by`,`deleted`) VALUES(405,102,'模板-行政许可-V1','/templates/102_v1.pdf','HTML','{"fields":["name","date","content"]}','{"sign":"pos"}',1,'1','2026-05-29 22:11:26','2026-05-29 22:11:26',1,1,0);
INSERT INTO `t_license_template`(`id`,`catalog_id`,`template_name`,`template_url`,`template_type`,`field_config`,`sign_config`,`version`,`status`,`create_time`,`update_time`,`create_by`,`update_by`,`deleted`) VALUES(406,102,'模板-行政许可-V2','/templates/102_v2.pdf','OFD','{"fields":["name","date","content"]}','{"sign":"pos"}',2,'1','2026-05-29 22:11:26','2026-05-29 22:11:26',1,1,0);
INSERT INTO `t_license_template`(`id`,`catalog_id`,`template_name`,`template_url`,`template_type`,`field_config`,`sign_config`,`version`,`status`,`create_time`,`update_time`,`create_by`,`update_by`,`deleted`) VALUES(407,103,'模板-行政确认-V1','/templates/103_v1.pdf','OFD','{"fields":["name","date","content"]}','{"sign":"pos"}',1,'1','2026-05-29 22:11:26','2026-05-29 22:11:26',1,1,0);
INSERT INTO `t_license_template`(`id`,`catalog_id`,`template_name`,`template_url`,`template_type`,`field_config`,`sign_config`,`version`,`status`,`create_time`,`update_time`,`create_by`,`update_by`,`deleted`) VALUES(408,103,'模板-行政确认-V2','/templates/103_v2.pdf','OFD','{"fields":["name","date","content"]}','{"sign":"pos"}',2,'1','2026-05-29 22:11:26','2026-05-29 22:11:26',1,1,0);
INSERT INTO `t_license_template`(`id`,`catalog_id`,`template_name`,`template_url`,`template_type`,`field_config`,`sign_config`,`version`,`status`,`create_time`,`update_time`,`create_by`,`update_by`,`deleted`) VALUES(409,104,'模板-公共服务-V1','/templates/104_v1.pdf','HTML','{"fields":["name","date","content"]}','{"sign":"pos"}',1,'1','2026-05-29 22:11:26','2026-05-29 22:11:26',1,1,0);
INSERT INTO `t_license_template`(`id`,`catalog_id`,`template_name`,`template_url`,`template_type`,`field_config`,`sign_config`,`version`,`status`,`create_time`,`update_time`,`create_by`,`update_by`,`deleted`) VALUES(410,104,'模板-公共服务-V2','/templates/104_v2.pdf','HTML','{"fields":["name","date","content"]}','{"sign":"pos"}',2,'1','2026-05-29 22:11:26','2026-05-29 22:11:26',1,1,0);
INSERT INTO `t_license_template`(`id`,`catalog_id`,`template_name`,`template_url`,`template_type`,`field_config`,`sign_config`,`version`,`status`,`create_time`,`update_time`,`create_by`,`update_by`,`deleted`) VALUES(411,105,'模板-公共服务-V1','/templates/105_v1.pdf','OFD','{"fields":["name","date","content"]}','{"sign":"pos"}',1,'1','2026-05-29 22:11:26','2026-05-29 22:11:26',1,1,0);
INSERT INTO `t_license_template`(`id`,`catalog_id`,`template_name`,`template_url`,`template_type`,`field_config`,`sign_config`,`version`,`status`,`create_time`,`update_time`,`create_by`,`update_by`,`deleted`) VALUES(412,105,'模板-公共服务-V2','/templates/105_v2.pdf','PDF','{"fields":["name","date","content"]}','{"sign":"pos"}',2,'1','2026-05-29 22:11:26','2026-05-29 22:11:26',1,1,0);
INSERT INTO `t_license_template`(`id`,`catalog_id`,`template_name`,`template_url`,`template_type`,`field_config`,`sign_config`,`version`,`status`,`create_time`,`update_time`,`create_by`,`update_by`,`deleted`) VALUES(413,106,'模板-行政许可-V1','/templates/106_v1.pdf','PDF','{"fields":["name","date","content"]}','{"sign":"pos"}',1,'1','2026-05-29 22:11:26','2026-05-29 22:11:26',1,1,0);
INSERT INTO `t_license_template`(`id`,`catalog_id`,`template_name`,`template_url`,`template_type`,`field_config`,`sign_config`,`version`,`status`,`create_time`,`update_time`,`create_by`,`update_by`,`deleted`) VALUES(414,106,'模板-行政许可-V2','/templates/106_v2.pdf','OFD','{"fields":["name","date","content"]}','{"sign":"pos"}',2,'1','2026-05-29 22:11:26','2026-05-29 22:11:26',1,1,0);
INSERT INTO `t_license_template`(`id`,`catalog_id`,`template_name`,`template_url`,`template_type`,`field_config`,`sign_config`,`version`,`status`,`create_time`,`update_time`,`create_by`,`update_by`,`deleted`) VALUES(415,107,'模板-行政许可-V1','/templates/107_v1.pdf','OFD','{"fields":["name","date","content"]}','{"sign":"pos"}',1,'1','2026-05-29 22:11:26','2026-05-29 22:11:26',1,1,0);
INSERT INTO `t_license_template`(`id`,`catalog_id`,`template_name`,`template_url`,`template_type`,`field_config`,`sign_config`,`version`,`status`,`create_time`,`update_time`,`create_by`,`update_by`,`deleted`) VALUES(416,107,'模板-行政许可-V2','/templates/107_v2.pdf','HTML','{"fields":["name","date","content"]}','{"sign":"pos"}',2,'1','2026-05-29 22:11:26','2026-05-29 22:11:26',1,1,0);

USE `gov_license`;
DELETE FROM `t_license_verify` WHERE id >= 100;
INSERT INTO `t_license_verify`(`id`,`license_id`,`license_no`,`verify_user`,`verify_user_name`,`verify_time`,`verify_result`,`verify_scene`,`verify_ip`,`verify_remark`,`create_time`,`update_time`,`create_by`,`update_by`,`deleted`) VALUES(100,129,'LIC-2024001',112,'用户104','2026-06-06 22:11:26','1','执法检查','192.168.178.178','核验备注0','2026-05-20 22:11:26','2026-06-05 22:11:26',1,1,0);
INSERT INTO `t_license_verify`(`id`,`license_id`,`license_no`,`verify_user`,`verify_user_name`,`verify_time`,`verify_result`,`verify_scene`,`verify_ip`,`verify_remark`,`create_time`,`update_time`,`create_by`,`update_by`,`deleted`) VALUES(101,110,'LIC-2024002',137,'用户136','2026-06-06 22:11:26','2','个人查询','192.168.108.85',NULL,'2026-05-29 22:11:26','2026-05-30 22:11:26',1,1,0);
INSERT INTO `t_license_verify`(`id`,`license_id`,`license_no`,`verify_user`,`verify_user_name`,`verify_time`,`verify_result`,`verify_scene`,`verify_ip`,`verify_remark`,`create_time`,`update_time`,`create_by`,`update_by`,`deleted`) VALUES(102,125,'LIC-2024003',102,'用户131','2026-06-13 22:11:26','1','企业查验','192.168.178.59',NULL,'2026-06-14 22:11:26','2026-06-20 22:11:26',1,1,0);
INSERT INTO `t_license_verify`(`id`,`license_id`,`license_no`,`verify_user`,`verify_user_name`,`verify_time`,`verify_result`,`verify_scene`,`verify_ip`,`verify_remark`,`create_time`,`update_time`,`create_by`,`update_by`,`deleted`) VALUES(103,115,'LIC-2024004',147,'用户149','2026-05-06 22:11:26','1','执法检查','192.168.53.103',NULL,'2026-06-27 22:11:26','2026-06-16 22:11:26',1,1,0);
INSERT INTO `t_license_verify`(`id`,`license_id`,`license_no`,`verify_user`,`verify_user_name`,`verify_time`,`verify_result`,`verify_scene`,`verify_ip`,`verify_remark`,`create_time`,`update_time`,`create_by`,`update_by`,`deleted`) VALUES(104,100,'LIC-2024005',104,'用户122','2026-06-26 22:11:26','2','政务窗口','192.168.37.75',NULL,'2026-05-18 22:11:26','2026-06-09 22:11:26',1,1,0);
INSERT INTO `t_license_verify`(`id`,`license_id`,`license_no`,`verify_user`,`verify_user_name`,`verify_time`,`verify_result`,`verify_scene`,`verify_ip`,`verify_remark`,`create_time`,`update_time`,`create_by`,`update_by`,`deleted`) VALUES(105,129,'LIC-2024006',148,'用户123','2026-06-25 22:11:26','1','企业查验','192.168.51.73',NULL,'2026-05-02 22:11:26','2026-06-19 22:11:26',1,1,0);
INSERT INTO `t_license_verify`(`id`,`license_id`,`license_no`,`verify_user`,`verify_user_name`,`verify_time`,`verify_result`,`verify_scene`,`verify_ip`,`verify_remark`,`create_time`,`update_time`,`create_by`,`update_by`,`deleted`) VALUES(106,123,'LIC-2024007',111,'用户121','2026-05-04 22:11:26','2','企业查验','192.168.46.51',NULL,'2026-05-05 22:11:26','2026-06-19 22:11:26',1,1,0);
INSERT INTO `t_license_verify`(`id`,`license_id`,`license_no`,`verify_user`,`verify_user_name`,`verify_time`,`verify_result`,`verify_scene`,`verify_ip`,`verify_remark`,`create_time`,`update_time`,`create_by`,`update_by`,`deleted`) VALUES(107,129,'LIC-2024008',106,'用户101','2026-05-05 22:11:26','1','执法检查','192.168.168.202','核验备注7','2026-06-06 22:11:26','2026-05-29 22:11:26',1,1,0);
INSERT INTO `t_license_verify`(`id`,`license_id`,`license_no`,`verify_user`,`verify_user_name`,`verify_time`,`verify_result`,`verify_scene`,`verify_ip`,`verify_remark`,`create_time`,`update_time`,`create_by`,`update_by`,`deleted`) VALUES(108,106,'LIC-2024009',119,'用户129','2026-06-12 22:11:26','1','个人查询','192.168.170.44','核验备注8','2026-05-07 22:11:26','2026-06-08 22:11:26',1,1,0);
INSERT INTO `t_license_verify`(`id`,`license_id`,`license_no`,`verify_user`,`verify_user_name`,`verify_time`,`verify_result`,`verify_scene`,`verify_ip`,`verify_remark`,`create_time`,`update_time`,`create_by`,`update_by`,`deleted`) VALUES(109,128,'LIC-2024010',127,'用户145','2026-06-23 22:11:26','1','企业查验','192.168.226.237',NULL,'2026-06-15 22:11:26','2026-06-21 22:11:26',1,1,0);
INSERT INTO `t_license_verify`(`id`,`license_id`,`license_no`,`verify_user`,`verify_user_name`,`verify_time`,`verify_result`,`verify_scene`,`verify_ip`,`verify_remark`,`create_time`,`update_time`,`create_by`,`update_by`,`deleted`) VALUES(110,117,'LIC-2024011',124,'用户144','2026-06-04 22:11:26','1','银行开户','192.168.110.251','核验备注10','2026-04-30 22:11:26','2026-06-26 22:11:26',1,1,0);
INSERT INTO `t_license_verify`(`id`,`license_id`,`license_no`,`verify_user`,`verify_user_name`,`verify_time`,`verify_result`,`verify_scene`,`verify_ip`,`verify_remark`,`create_time`,`update_time`,`create_by`,`update_by`,`deleted`) VALUES(111,124,'LIC-2024012',139,'用户137','2026-06-15 22:11:26','2','个人查询','192.168.203.39',NULL,'2026-06-24 22:11:26','2026-06-07 22:11:26',1,1,0);
INSERT INTO `t_license_verify`(`id`,`license_id`,`license_no`,`verify_user`,`verify_user_name`,`verify_time`,`verify_result`,`verify_scene`,`verify_ip`,`verify_remark`,`create_time`,`update_time`,`create_by`,`update_by`,`deleted`) VALUES(112,125,'LIC-2024013',117,'用户108','2026-05-04 22:11:26','2','银行开户','192.168.227.126',NULL,'2026-06-22 22:11:26','2026-06-02 22:11:26',1,1,0);
INSERT INTO `t_license_verify`(`id`,`license_id`,`license_no`,`verify_user`,`verify_user_name`,`verify_time`,`verify_result`,`verify_scene`,`verify_ip`,`verify_remark`,`create_time`,`update_time`,`create_by`,`update_by`,`deleted`) VALUES(113,115,'LIC-2024014',142,'用户139','2026-06-23 22:11:26','1','银行开户','192.168.100.193','核验备注13','2026-05-10 22:11:26','2026-06-11 22:11:26',1,1,0);
INSERT INTO `t_license_verify`(`id`,`license_id`,`license_no`,`verify_user`,`verify_user_name`,`verify_time`,`verify_result`,`verify_scene`,`verify_ip`,`verify_remark`,`create_time`,`update_time`,`create_by`,`update_by`,`deleted`) VALUES(114,111,'LIC-2024015',131,'用户133','2026-05-29 22:11:26','1','个人查询','192.168.183.96','核验备注14','2026-05-28 22:11:26','2026-06-05 22:11:26',1,1,0);
INSERT INTO `t_license_verify`(`id`,`license_id`,`license_no`,`verify_user`,`verify_user_name`,`verify_time`,`verify_result`,`verify_scene`,`verify_ip`,`verify_remark`,`create_time`,`update_time`,`create_by`,`update_by`,`deleted`) VALUES(115,115,'LIC-2024016',130,'用户117','2026-05-21 22:11:26','0','银行开户','192.168.167.10',NULL,'2026-05-01 22:11:26','2026-06-21 22:11:26',1,1,0);
INSERT INTO `t_license_verify`(`id`,`license_id`,`license_no`,`verify_user`,`verify_user_name`,`verify_time`,`verify_result`,`verify_scene`,`verify_ip`,`verify_remark`,`create_time`,`update_time`,`create_by`,`update_by`,`deleted`) VALUES(116,114,'LIC-2024017',115,'用户125','2026-06-14 22:11:26','1','执法检查','192.168.228.97','核验备注16','2026-04-29 22:11:26','2026-06-01 22:11:26',1,1,0);
INSERT INTO `t_license_verify`(`id`,`license_id`,`license_no`,`verify_user`,`verify_user_name`,`verify_time`,`verify_result`,`verify_scene`,`verify_ip`,`verify_remark`,`create_time`,`update_time`,`create_by`,`update_by`,`deleted`) VALUES(117,111,'LIC-2024018',116,'用户135','2026-06-22 22:11:26','1','政务窗口','192.168.76.114','核验备注17','2026-06-13 22:11:26','2026-06-09 22:11:26',1,1,0);
INSERT INTO `t_license_verify`(`id`,`license_id`,`license_no`,`verify_user`,`verify_user_name`,`verify_time`,`verify_result`,`verify_scene`,`verify_ip`,`verify_remark`,`create_time`,`update_time`,`create_by`,`update_by`,`deleted`) VALUES(118,101,'LIC-2024019',129,'用户132','2026-05-19 22:11:26','1','执法检查','192.168.116.120',NULL,'2026-06-04 22:11:26','2026-06-02 22:11:26',1,1,0);
INSERT INTO `t_license_verify`(`id`,`license_id`,`license_no`,`verify_user`,`verify_user_name`,`verify_time`,`verify_result`,`verify_scene`,`verify_ip`,`verify_remark`,`create_time`,`update_time`,`create_by`,`update_by`,`deleted`) VALUES(119,115,'LIC-2024020',120,'用户117','2026-06-03 22:11:26','1','企业查验','192.168.114.60',NULL,'2026-06-23 22:11:26','2026-06-16 22:11:26',1,1,0);
INSERT INTO `t_license_verify`(`id`,`license_id`,`license_no`,`verify_user`,`verify_user_name`,`verify_time`,`verify_result`,`verify_scene`,`verify_ip`,`verify_remark`,`create_time`,`update_time`,`create_by`,`update_by`,`deleted`) VALUES(120,128,'LIC-2024021',105,'用户118','2026-05-05 22:11:26','2','银行开户','192.168.140.165',NULL,'2026-06-10 22:11:26','2026-05-29 22:11:26',1,1,0);
INSERT INTO `t_license_verify`(`id`,`license_id`,`license_no`,`verify_user`,`verify_user_name`,`verify_time`,`verify_result`,`verify_scene`,`verify_ip`,`verify_remark`,`create_time`,`update_time`,`create_by`,`update_by`,`deleted`) VALUES(121,107,'LIC-2024022',106,'用户107','2026-06-23 22:11:26','1','政务窗口','192.168.140.52',NULL,'2026-05-15 22:11:26','2026-06-17 22:11:26',1,1,0);
INSERT INTO `t_license_verify`(`id`,`license_id`,`license_no`,`verify_user`,`verify_user_name`,`verify_time`,`verify_result`,`verify_scene`,`verify_ip`,`verify_remark`,`create_time`,`update_time`,`create_by`,`update_by`,`deleted`) VALUES(122,108,'LIC-2024023',119,'用户147','2026-05-06 22:11:26','1','企业查验','192.168.181.155','核验备注22','2026-05-04 22:11:26','2026-06-03 22:11:26',1,1,0);
INSERT INTO `t_license_verify`(`id`,`license_id`,`license_no`,`verify_user`,`verify_user_name`,`verify_time`,`verify_result`,`verify_scene`,`verify_ip`,`verify_remark`,`create_time`,`update_time`,`create_by`,`update_by`,`deleted`) VALUES(123,122,'LIC-2024024',147,'用户134','2026-04-30 22:11:26','1','政务窗口','192.168.198.77',NULL,'2026-06-05 22:11:26','2026-06-02 22:11:26',1,1,0);
INSERT INTO `t_license_verify`(`id`,`license_id`,`license_no`,`verify_user`,`verify_user_name`,`verify_time`,`verify_result`,`verify_scene`,`verify_ip`,`verify_remark`,`create_time`,`update_time`,`create_by`,`update_by`,`deleted`) VALUES(124,112,'LIC-2024025',125,'用户137','2026-05-10 22:11:26','1','执法检查','192.168.168.132','核验备注24','2026-06-18 22:11:26','2026-05-31 22:11:26',1,1,0);
INSERT INTO `t_license_verify`(`id`,`license_id`,`license_no`,`verify_user`,`verify_user_name`,`verify_time`,`verify_result`,`verify_scene`,`verify_ip`,`verify_remark`,`create_time`,`update_time`,`create_by`,`update_by`,`deleted`) VALUES(125,112,'LIC-2024026',114,'用户114','2026-05-12 22:11:26','1','执法检查','192.168.60.133','核验备注25','2026-05-23 22:11:26','2026-06-03 22:11:26',1,1,0);
INSERT INTO `t_license_verify`(`id`,`license_id`,`license_no`,`verify_user`,`verify_user_name`,`verify_time`,`verify_result`,`verify_scene`,`verify_ip`,`verify_remark`,`create_time`,`update_time`,`create_by`,`update_by`,`deleted`) VALUES(126,114,'LIC-2024027',146,'用户129','2026-06-06 22:11:26','1','个人查询','192.168.217.49',NULL,'2026-05-14 22:11:26','2026-06-14 22:11:26',1,1,0);
INSERT INTO `t_license_verify`(`id`,`license_id`,`license_no`,`verify_user`,`verify_user_name`,`verify_time`,`verify_result`,`verify_scene`,`verify_ip`,`verify_remark`,`create_time`,`update_time`,`create_by`,`update_by`,`deleted`) VALUES(127,106,'LIC-2024028',128,'用户128','2026-05-04 22:11:26','2','政务窗口','192.168.96.36','核验备注27','2026-06-19 22:11:26','2026-06-18 22:11:26',1,1,0);
INSERT INTO `t_license_verify`(`id`,`license_id`,`license_no`,`verify_user`,`verify_user_name`,`verify_time`,`verify_result`,`verify_scene`,`verify_ip`,`verify_remark`,`create_time`,`update_time`,`create_by`,`update_by`,`deleted`) VALUES(128,123,'LIC-2024029',100,'用户131','2026-05-07 22:11:26','1','个人查询','192.168.58.108',NULL,'2026-05-10 22:11:26','2026-06-15 22:11:26',1,1,0);
INSERT INTO `t_license_verify`(`id`,`license_id`,`license_no`,`verify_user`,`verify_user_name`,`verify_time`,`verify_result`,`verify_scene`,`verify_ip`,`verify_remark`,`create_time`,`update_time`,`create_by`,`update_by`,`deleted`) VALUES(129,124,'LIC-2024030',149,'用户144','2026-05-24 22:11:26','1','个人查询','192.168.151.6','核验备注29','2026-06-25 22:11:26','2026-05-29 22:11:26',1,1,0);

SET FOREIGN_KEY_CHECKS = 1;
