-- ============================================
-- 测试种子数据: gov_open (政开服务 (gov-open-service))
-- 负责: member-b
-- 从 98-test-seed-data.sql 拆分
-- ============================================
SET NAMES utf8mb4;
SET FOREIGN_KEY_CHECKS = 0;

USE `gov_open`;
DELETE FROM `t_open_notice` WHERE id >= 100;
INSERT INTO `t_open_notice`(`id`,`notice_code`,`title`,`content`,`notice_type`,`publish_dept_id`,`publish_dept_name`,`publish_user_id`,`publish_user_name`,`publish_time`,`expire_time`,`top_flag`,`view_count`,`status`,`create_time`,`update_time`,`create_by`,`update_by`,`deleted`) VALUES(100,'N-2024001','通知标题0','通知内容0...','通知',101,'部门109',127,'发布人0','2026-05-23 22:11:26',NULL,0,1054,'1','2026-06-04 22:11:26','2026-05-09 22:11:26',1,1,0);
INSERT INTO `t_open_notice`(`id`,`notice_code`,`title`,`content`,`notice_type`,`publish_dept_id`,`publish_dept_name`,`publish_user_id`,`publish_user_name`,`publish_time`,`expire_time`,`top_flag`,`view_count`,`status`,`create_time`,`update_time`,`create_by`,`update_by`,`deleted`) VALUES(101,'N-2024002','通知标题1','通知内容1...','公告',105,'部门105',131,'发布人1','2026-05-04 22:11:26','2026-05-14 22:11:26',1,2741,'1','2026-06-10 22:11:26','2026-04-05 22:11:26',1,1,0);
INSERT INTO `t_open_notice`(`id`,`notice_code`,`title`,`content`,`notice_type`,`publish_dept_id`,`publish_dept_name`,`publish_user_id`,`publish_user_name`,`publish_time`,`expire_time`,`top_flag`,`view_count`,`status`,`create_time`,`update_time`,`create_by`,`update_by`,`deleted`) VALUES(102,'N-2024003','通知标题2','通知内容2...','公示',103,'部门106',126,'发布人2','2026-04-18 22:11:26','2026-04-13 22:11:26',0,4372,'1','2026-04-20 22:11:26','2026-05-29 22:11:26',1,1,0);
INSERT INTO `t_open_notice`(`id`,`notice_code`,`title`,`content`,`notice_type`,`publish_dept_id`,`publish_dept_name`,`publish_user_id`,`publish_user_name`,`publish_time`,`expire_time`,`top_flag`,`view_count`,`status`,`create_time`,`update_time`,`create_by`,`update_by`,`deleted`) VALUES(103,'N-2024004','通知标题3','通知内容3...','通知',106,'部门101',137,'发布人3','2026-05-05 22:11:26','2026-02-10 22:11:26',0,724,'1','2026-05-28 22:11:26','2026-05-12 22:11:26',1,1,0);
INSERT INTO `t_open_notice`(`id`,`notice_code`,`title`,`content`,`notice_type`,`publish_dept_id`,`publish_dept_name`,`publish_user_id`,`publish_user_name`,`publish_time`,`expire_time`,`top_flag`,`view_count`,`status`,`create_time`,`update_time`,`create_by`,`update_by`,`deleted`) VALUES(104,'N-2024005','通知标题4','通知内容4...','公告',100,'部门103',101,'发布人4','2026-05-12 22:11:26','2026-07-24 22:11:26',0,498,'0','2026-05-14 22:11:26','2026-05-12 22:11:26',1,1,0);
INSERT INTO `t_open_notice`(`id`,`notice_code`,`title`,`content`,`notice_type`,`publish_dept_id`,`publish_dept_name`,`publish_user_id`,`publish_user_name`,`publish_time`,`expire_time`,`top_flag`,`view_count`,`status`,`create_time`,`update_time`,`create_by`,`update_by`,`deleted`) VALUES(105,'N-2024006','通知标题5','通知内容5...','公示',102,'部门104',129,'发布人5','2026-06-09 22:11:26','2026-04-08 22:11:26',0,1996,'2','2026-06-01 22:11:26','2026-05-30 22:11:26',1,1,0);
INSERT INTO `t_open_notice`(`id`,`notice_code`,`title`,`content`,`notice_type`,`publish_dept_id`,`publish_dept_name`,`publish_user_id`,`publish_user_name`,`publish_time`,`expire_time`,`top_flag`,`view_count`,`status`,`create_time`,`update_time`,`create_by`,`update_by`,`deleted`) VALUES(106,'N-2024007','通知标题6','通知内容6...','通知',100,'部门102',107,'发布人6','2026-03-30 22:11:26','2026-05-23 22:11:26',0,3489,'1','2026-05-11 22:11:26','2026-06-21 22:11:26',1,1,0);
INSERT INTO `t_open_notice`(`id`,`notice_code`,`title`,`content`,`notice_type`,`publish_dept_id`,`publish_dept_name`,`publish_user_id`,`publish_user_name`,`publish_time`,`expire_time`,`top_flag`,`view_count`,`status`,`create_time`,`update_time`,`create_by`,`update_by`,`deleted`) VALUES(107,'N-2024008','通知标题7','通知内容7...','公告',101,'部门109',104,'发布人7','2026-04-27 22:11:26','2026-01-17 22:11:26',0,257,'1','2026-06-09 22:11:26','2026-05-12 22:11:26',1,1,0);
INSERT INTO `t_open_notice`(`id`,`notice_code`,`title`,`content`,`notice_type`,`publish_dept_id`,`publish_dept_name`,`publish_user_id`,`publish_user_name`,`publish_time`,`expire_time`,`top_flag`,`view_count`,`status`,`create_time`,`update_time`,`create_by`,`update_by`,`deleted`) VALUES(108,'N-2024009','通知标题8','通知内容8...','公示',102,'部门101',115,'发布人8','2026-06-18 22:11:26',NULL,0,1236,'1','2026-06-04 22:11:26','2026-04-28 22:11:26',1,1,0);
INSERT INTO `t_open_notice`(`id`,`notice_code`,`title`,`content`,`notice_type`,`publish_dept_id`,`publish_dept_name`,`publish_user_id`,`publish_user_name`,`publish_time`,`expire_time`,`top_flag`,`view_count`,`status`,`create_time`,`update_time`,`create_by`,`update_by`,`deleted`) VALUES(109,'N-2024010','通知标题9','通知内容9...','通知',102,'部门108',144,'发布人9','2026-05-20 22:11:26','2026-02-24 22:11:26',0,3647,'1','2026-04-06 22:11:26','2026-03-31 22:11:26',1,1,0);
INSERT INTO `t_open_notice`(`id`,`notice_code`,`title`,`content`,`notice_type`,`publish_dept_id`,`publish_dept_name`,`publish_user_id`,`publish_user_name`,`publish_time`,`expire_time`,`top_flag`,`view_count`,`status`,`create_time`,`update_time`,`create_by`,`update_by`,`deleted`) VALUES(110,'N-2024011','通知标题10','通知内容10...','公告',100,'部门104',107,'发布人10','2026-06-08 22:11:26',NULL,0,4959,'0','2026-06-05 22:11:26','2026-04-24 22:11:26',1,1,0);
INSERT INTO `t_open_notice`(`id`,`notice_code`,`title`,`content`,`notice_type`,`publish_dept_id`,`publish_dept_name`,`publish_user_id`,`publish_user_name`,`publish_time`,`expire_time`,`top_flag`,`view_count`,`status`,`create_time`,`update_time`,`create_by`,`update_by`,`deleted`) VALUES(111,'N-2024012','通知标题11','通知内容11...','公示',102,'部门100',125,'发布人11','2026-05-04 22:11:26','2026-01-15 22:11:26',0,4549,'2','2026-05-25 22:11:26','2026-04-15 22:11:26',1,1,0);
INSERT INTO `t_open_notice`(`id`,`notice_code`,`title`,`content`,`notice_type`,`publish_dept_id`,`publish_dept_name`,`publish_user_id`,`publish_user_name`,`publish_time`,`expire_time`,`top_flag`,`view_count`,`status`,`create_time`,`update_time`,`create_by`,`update_by`,`deleted`) VALUES(112,'N-2024013','通知标题12','通知内容12...','通知',108,'部门104',145,'发布人12','2026-05-29 22:11:26','2026-07-18 22:11:26',0,763,'1','2026-04-22 22:11:26','2026-05-10 22:11:26',1,1,0);
INSERT INTO `t_open_notice`(`id`,`notice_code`,`title`,`content`,`notice_type`,`publish_dept_id`,`publish_dept_name`,`publish_user_id`,`publish_user_name`,`publish_time`,`expire_time`,`top_flag`,`view_count`,`status`,`create_time`,`update_time`,`create_by`,`update_by`,`deleted`) VALUES(113,'N-2024014','通知标题13','通知内容13...','公告',102,'部门103',125,'发布人13','2026-04-09 22:11:26',NULL,0,1514,'1','2026-04-17 22:11:26','2026-04-11 22:11:26',1,1,0);
INSERT INTO `t_open_notice`(`id`,`notice_code`,`title`,`content`,`notice_type`,`publish_dept_id`,`publish_dept_name`,`publish_user_id`,`publish_user_name`,`publish_time`,`expire_time`,`top_flag`,`view_count`,`status`,`create_time`,`update_time`,`create_by`,`update_by`,`deleted`) VALUES(114,'N-2024015','通知标题14','通知内容14...','公示',101,'部门107',130,'发布人14','2026-05-18 22:11:26','2026-05-16 22:11:26',0,1360,'1','2026-06-21 22:11:26','2026-05-11 22:11:26',1,1,0);
INSERT INTO `t_open_notice`(`id`,`notice_code`,`title`,`content`,`notice_type`,`publish_dept_id`,`publish_dept_name`,`publish_user_id`,`publish_user_name`,`publish_time`,`expire_time`,`top_flag`,`view_count`,`status`,`create_time`,`update_time`,`create_by`,`update_by`,`deleted`) VALUES(115,'N-2024016','通知标题15','通知内容15...','通知',106,'部门103',117,'发布人15','2026-06-14 22:11:26',NULL,0,4951,'1','2026-05-16 22:11:26','2026-06-24 22:11:26',1,1,0);
INSERT INTO `t_open_notice`(`id`,`notice_code`,`title`,`content`,`notice_type`,`publish_dept_id`,`publish_dept_name`,`publish_user_id`,`publish_user_name`,`publish_time`,`expire_time`,`top_flag`,`view_count`,`status`,`create_time`,`update_time`,`create_by`,`update_by`,`deleted`) VALUES(116,'N-2024017','通知标题16','通知内容16...','公告',103,'部门104',110,'发布人16','2026-04-19 22:11:26',NULL,0,4901,'0','2026-06-26 22:11:26','2026-05-19 22:11:26',1,1,0);
INSERT INTO `t_open_notice`(`id`,`notice_code`,`title`,`content`,`notice_type`,`publish_dept_id`,`publish_dept_name`,`publish_user_id`,`publish_user_name`,`publish_time`,`expire_time`,`top_flag`,`view_count`,`status`,`create_time`,`update_time`,`create_by`,`update_by`,`deleted`) VALUES(117,'N-2024018','通知标题17','通知内容17...','公示',103,'部门108',112,'发布人17','2026-04-07 22:11:26','2026-06-27 22:11:26',0,706,'2','2026-04-16 22:11:26','2026-04-16 22:11:26',1,1,0);
INSERT INTO `t_open_notice`(`id`,`notice_code`,`title`,`content`,`notice_type`,`publish_dept_id`,`publish_dept_name`,`publish_user_id`,`publish_user_name`,`publish_time`,`expire_time`,`top_flag`,`view_count`,`status`,`create_time`,`update_time`,`create_by`,`update_by`,`deleted`) VALUES(118,'N-2024019','通知标题18','通知内容18...','通知',100,'部门109',130,'发布人18','2026-06-22 22:11:26',NULL,0,2538,'1','2026-06-26 22:11:26','2026-05-13 22:11:26',1,1,0);
INSERT INTO `t_open_notice`(`id`,`notice_code`,`title`,`content`,`notice_type`,`publish_dept_id`,`publish_dept_name`,`publish_user_id`,`publish_user_name`,`publish_time`,`expire_time`,`top_flag`,`view_count`,`status`,`create_time`,`update_time`,`create_by`,`update_by`,`deleted`) VALUES(119,'N-2024020','通知标题19','通知内容19...','公告',104,'部门106',132,'发布人19','2026-06-03 22:11:26','2026-05-19 22:11:26',0,1071,'1','2026-03-30 22:11:26','2026-04-02 22:11:26',1,1,0);
INSERT INTO `t_open_notice`(`id`,`notice_code`,`title`,`content`,`notice_type`,`publish_dept_id`,`publish_dept_name`,`publish_user_id`,`publish_user_name`,`publish_time`,`expire_time`,`top_flag`,`view_count`,`status`,`create_time`,`update_time`,`create_by`,`update_by`,`deleted`) VALUES(120,'N-2024021','通知标题20','通知内容20...','公示',101,'部门105',126,'发布人20','2026-04-24 22:11:26',NULL,0,204,'1','2026-04-13 22:11:26','2026-05-10 22:11:26',1,1,0);
INSERT INTO `t_open_notice`(`id`,`notice_code`,`title`,`content`,`notice_type`,`publish_dept_id`,`publish_dept_name`,`publish_user_id`,`publish_user_name`,`publish_time`,`expire_time`,`top_flag`,`view_count`,`status`,`create_time`,`update_time`,`create_by`,`update_by`,`deleted`) VALUES(121,'N-2024022','通知标题21','通知内容21...','通知',107,'部门109',102,'发布人21','2026-05-21 22:11:26',NULL,0,655,'1','2026-04-08 22:11:26','2026-06-16 22:11:26',1,1,0);
INSERT INTO `t_open_notice`(`id`,`notice_code`,`title`,`content`,`notice_type`,`publish_dept_id`,`publish_dept_name`,`publish_user_id`,`publish_user_name`,`publish_time`,`expire_time`,`top_flag`,`view_count`,`status`,`create_time`,`update_time`,`create_by`,`update_by`,`deleted`) VALUES(122,'N-2024023','通知标题22','通知内容22...','公告',103,'部门103',143,'发布人22','2026-04-05 22:11:26',NULL,0,4119,'0','2026-04-22 22:11:26','2026-04-11 22:11:26',1,1,0);
INSERT INTO `t_open_notice`(`id`,`notice_code`,`title`,`content`,`notice_type`,`publish_dept_id`,`publish_dept_name`,`publish_user_id`,`publish_user_name`,`publish_time`,`expire_time`,`top_flag`,`view_count`,`status`,`create_time`,`update_time`,`create_by`,`update_by`,`deleted`) VALUES(123,'N-2024024','通知标题23','通知内容23...','公示',108,'部门105',128,'发布人23','2026-06-11 22:11:26','2026-05-27 22:11:26',1,3539,'2','2026-06-22 22:11:26','2026-04-01 22:11:26',1,1,0);
INSERT INTO `t_open_notice`(`id`,`notice_code`,`title`,`content`,`notice_type`,`publish_dept_id`,`publish_dept_name`,`publish_user_id`,`publish_user_name`,`publish_time`,`expire_time`,`top_flag`,`view_count`,`status`,`create_time`,`update_time`,`create_by`,`update_by`,`deleted`) VALUES(124,'N-2024025','通知标题24','通知内容24...','通知',106,'部门103',113,'发布人24','2026-04-10 22:11:26','2026-07-19 22:11:26',1,4085,'1','2026-06-15 22:11:26','2026-06-26 22:11:26',1,1,0);
INSERT INTO `t_open_notice`(`id`,`notice_code`,`title`,`content`,`notice_type`,`publish_dept_id`,`publish_dept_name`,`publish_user_id`,`publish_user_name`,`publish_time`,`expire_time`,`top_flag`,`view_count`,`status`,`create_time`,`update_time`,`create_by`,`update_by`,`deleted`) VALUES(125,'N-2024026','通知标题25','通知内容25...','公告',102,'部门104',135,'发布人25','2026-06-16 22:11:26','2026-05-03 22:11:26',0,1400,'1','2026-05-21 22:11:26','2026-06-07 22:11:26',1,1,0);
INSERT INTO `t_open_notice`(`id`,`notice_code`,`title`,`content`,`notice_type`,`publish_dept_id`,`publish_dept_name`,`publish_user_id`,`publish_user_name`,`publish_time`,`expire_time`,`top_flag`,`view_count`,`status`,`create_time`,`update_time`,`create_by`,`update_by`,`deleted`) VALUES(126,'N-2024027','通知标题26','通知内容26...','公示',101,'部门104',136,'发布人26','2026-05-12 22:11:26','2026-08-09 22:11:26',0,3784,'1','2026-05-25 22:11:26','2026-04-28 22:11:26',1,1,0);
INSERT INTO `t_open_notice`(`id`,`notice_code`,`title`,`content`,`notice_type`,`publish_dept_id`,`publish_dept_name`,`publish_user_id`,`publish_user_name`,`publish_time`,`expire_time`,`top_flag`,`view_count`,`status`,`create_time`,`update_time`,`create_by`,`update_by`,`deleted`) VALUES(127,'N-2024028','通知标题27','通知内容27...','通知',104,'部门107',141,'发布人27','2026-06-10 22:11:26','2026-04-04 22:11:26',0,334,'1','2026-05-12 22:11:26','2026-05-22 22:11:26',1,1,0);
INSERT INTO `t_open_notice`(`id`,`notice_code`,`title`,`content`,`notice_type`,`publish_dept_id`,`publish_dept_name`,`publish_user_id`,`publish_user_name`,`publish_time`,`expire_time`,`top_flag`,`view_count`,`status`,`create_time`,`update_time`,`create_by`,`update_by`,`deleted`) VALUES(128,'N-2024029','通知标题28','通知内容28...','公告',106,'部门106',139,'发布人28','2026-04-01 22:11:26',NULL,0,4208,'0','2026-04-09 22:11:26','2026-05-18 22:11:26',1,1,0);
INSERT INTO `t_open_notice`(`id`,`notice_code`,`title`,`content`,`notice_type`,`publish_dept_id`,`publish_dept_name`,`publish_user_id`,`publish_user_name`,`publish_time`,`expire_time`,`top_flag`,`view_count`,`status`,`create_time`,`update_time`,`create_by`,`update_by`,`deleted`) VALUES(129,'N-2024030','通知标题29','通知内容29...','公示',105,'部门101',143,'发布人29','2026-05-06 22:11:26','2026-06-21 22:11:26',0,477,'2','2026-05-27 22:11:26','2026-03-30 22:11:26',1,1,0);

USE `gov_open`;
DELETE FROM `t_open_policy` WHERE id >= 100;
INSERT INTO `t_open_policy`(`id`,`policy_code`,`policy_name`,`policy_type`,`publish_dept_id`,`publish_dept_name`,`publish_date`,`implement_date`,`effective_status`,`content`,`file_url`,`keywords`,`view_count`,`status`,`create_time`,`update_time`,`create_by`,`update_by`,`deleted`) VALUES(100,'P-2024001','政策0','行政规范',100,'部门102','2026-06-01 22:11:26','2026-04-14 22:11:26','1','政策内容0','/files/p0.pdf','关键词0',1177,'1','2026-03-17 22:11:26','2026-06-09 22:11:26',1,1,0);
INSERT INTO `t_open_policy`(`id`,`policy_code`,`policy_name`,`policy_type`,`publish_dept_id`,`publish_dept_name`,`publish_date`,`implement_date`,`effective_status`,`content`,`file_url`,`keywords`,`view_count`,`status`,`create_time`,`update_time`,`create_by`,`update_by`,`deleted`) VALUES(101,'P-2024002','政策1','行政法规',106,'部门107','2026-01-07 22:11:26','2026-06-04 22:11:26','1','政策内容1','/files/p1.pdf','关键词1',969,'1','2026-01-14 22:11:26','2026-02-11 22:11:26',1,1,0);
INSERT INTO `t_open_policy`(`id`,`policy_code`,`policy_name`,`policy_type`,`publish_dept_id`,`publish_dept_name`,`publish_date`,`implement_date`,`effective_status`,`content`,`file_url`,`keywords`,`view_count`,`status`,`create_time`,`update_time`,`create_by`,`update_by`,`deleted`) VALUES(102,'P-2024003','政策2','部门规章',101,'部门101','2026-05-12 22:11:26',NULL,'1','政策内容2','/files/p2.pdf','关键词2',1888,'1','2026-03-18 22:11:26','2026-03-09 22:11:26',1,1,0);
INSERT INTO `t_open_policy`(`id`,`policy_code`,`policy_name`,`policy_type`,`publish_dept_id`,`publish_dept_name`,`publish_date`,`implement_date`,`effective_status`,`content`,`file_url`,`keywords`,`view_count`,`status`,`create_time`,`update_time`,`create_by`,`update_by`,`deleted`) VALUES(103,'P-2024004','政策3','行政法规',106,'部门105','2026-06-11 22:11:26','2026-04-07 22:11:26','2','政策内容3','/files/p3.pdf','关键词3',1247,'0','2026-02-23 22:11:26','2026-05-04 22:11:26',1,1,0);
INSERT INTO `t_open_policy`(`id`,`policy_code`,`policy_name`,`policy_type`,`publish_dept_id`,`publish_dept_name`,`publish_date`,`implement_date`,`effective_status`,`content`,`file_url`,`keywords`,`view_count`,`status`,`create_time`,`update_time`,`create_by`,`update_by`,`deleted`) VALUES(104,'P-2024005','政策4','行政规范',107,'部门101','2026-04-17 22:11:26','2026-03-03 22:11:26','3','政策内容4',NULL,'关键词4',328,'2','2026-02-27 22:11:26','2026-05-21 22:11:26',1,1,0);
INSERT INTO `t_open_policy`(`id`,`policy_code`,`policy_name`,`policy_type`,`publish_dept_id`,`publish_dept_name`,`publish_date`,`implement_date`,`effective_status`,`content`,`file_url`,`keywords`,`view_count`,`status`,`create_time`,`update_time`,`create_by`,`update_by`,`deleted`) VALUES(105,'P-2024006','政策5','行政规范',103,'部门105','2026-02-02 22:11:26','2026-06-19 22:11:26','1','政策内容5','/files/p5.pdf','关键词5',1595,'1','2026-03-22 22:11:26','2026-06-12 22:11:26',1,1,0);
INSERT INTO `t_open_policy`(`id`,`policy_code`,`policy_name`,`policy_type`,`publish_dept_id`,`publish_dept_name`,`publish_date`,`implement_date`,`effective_status`,`content`,`file_url`,`keywords`,`view_count`,`status`,`create_time`,`update_time`,`create_by`,`update_by`,`deleted`) VALUES(106,'P-2024007','政策6','部门规章',106,'部门107','2026-05-04 22:11:26','2026-06-14 22:11:26','1','政策内容6',NULL,'关键词6',56,'1','2026-01-03 22:11:26','2026-03-11 22:11:26',1,1,0);
INSERT INTO `t_open_policy`(`id`,`policy_code`,`policy_name`,`policy_type`,`publish_dept_id`,`publish_dept_name`,`publish_date`,`implement_date`,`effective_status`,`content`,`file_url`,`keywords`,`view_count`,`status`,`create_time`,`update_time`,`create_by`,`update_by`,`deleted`) VALUES(107,'P-2024008','政策7','部门规章',104,'部门102','2026-06-06 22:11:26',NULL,'1','政策内容7',NULL,'关键词7',570,'1','2026-03-16 22:11:26','2026-06-07 22:11:26',1,1,0);
INSERT INTO `t_open_policy`(`id`,`policy_code`,`policy_name`,`policy_type`,`publish_dept_id`,`publish_dept_name`,`publish_date`,`implement_date`,`effective_status`,`content`,`file_url`,`keywords`,`view_count`,`status`,`create_time`,`update_time`,`create_by`,`update_by`,`deleted`) VALUES(108,'P-2024009','政策8','部门规章',107,'部门106','2026-02-13 22:11:26','2026-05-04 22:11:26','2','政策内容8','/files/p8.pdf','关键词8',541,'0','2026-05-11 22:11:26','2026-06-14 22:11:26',1,1,0);
INSERT INTO `t_open_policy`(`id`,`policy_code`,`policy_name`,`policy_type`,`publish_dept_id`,`publish_dept_name`,`publish_date`,`implement_date`,`effective_status`,`content`,`file_url`,`keywords`,`view_count`,`status`,`create_time`,`update_time`,`create_by`,`update_by`,`deleted`) VALUES(109,'P-2024010','政策9','行政法规',106,'部门105','2026-04-12 22:11:26','2026-05-16 22:11:26','3','政策内容9',NULL,'关键词9',1939,'2','2026-03-12 22:11:26','2026-02-24 22:11:26',1,1,0);
INSERT INTO `t_open_policy`(`id`,`policy_code`,`policy_name`,`policy_type`,`publish_dept_id`,`publish_dept_name`,`publish_date`,`implement_date`,`effective_status`,`content`,`file_url`,`keywords`,`view_count`,`status`,`create_time`,`update_time`,`create_by`,`update_by`,`deleted`) VALUES(110,'P-2024011','政策10','部门规章',108,'部门102','2025-12-31 22:11:26','2026-03-08 22:11:26','1','政策内容10','/files/p10.pdf','关键词10',1429,'1','2026-02-01 22:11:26','2026-03-20 22:11:26',1,1,0);
INSERT INTO `t_open_policy`(`id`,`policy_code`,`policy_name`,`policy_type`,`publish_dept_id`,`publish_dept_name`,`publish_date`,`implement_date`,`effective_status`,`content`,`file_url`,`keywords`,`view_count`,`status`,`create_time`,`update_time`,`create_by`,`update_by`,`deleted`) VALUES(111,'P-2024012','政策11','行政法规',108,'部门109','2026-05-08 22:11:26','2026-06-08 22:11:26','1','政策内容11','/files/p11.pdf','关键词11',1194,'1','2026-01-21 22:11:26','2026-05-21 22:11:26',1,1,0);
INSERT INTO `t_open_policy`(`id`,`policy_code`,`policy_name`,`policy_type`,`publish_dept_id`,`publish_dept_name`,`publish_date`,`implement_date`,`effective_status`,`content`,`file_url`,`keywords`,`view_count`,`status`,`create_time`,`update_time`,`create_by`,`update_by`,`deleted`) VALUES(112,'P-2024013','政策12','部门规章',105,'部门100','2026-05-20 22:11:26',NULL,'1','政策内容12','/files/p12.pdf','关键词12',1922,'1','2026-05-21 22:11:26','2026-02-20 22:11:26',1,1,0);
INSERT INTO `t_open_policy`(`id`,`policy_code`,`policy_name`,`policy_type`,`publish_dept_id`,`publish_dept_name`,`publish_date`,`implement_date`,`effective_status`,`content`,`file_url`,`keywords`,`view_count`,`status`,`create_time`,`update_time`,`create_by`,`update_by`,`deleted`) VALUES(113,'P-2024014','政策13','部门规章',101,'部门106','2026-04-21 22:11:26','2026-02-14 22:11:26','2','政策内容13','/files/p13.pdf','关键词13',932,'0','2026-05-26 22:11:26','2026-01-16 22:11:26',1,1,0);
INSERT INTO `t_open_policy`(`id`,`policy_code`,`policy_name`,`policy_type`,`publish_dept_id`,`publish_dept_name`,`publish_date`,`implement_date`,`effective_status`,`content`,`file_url`,`keywords`,`view_count`,`status`,`create_time`,`update_time`,`create_by`,`update_by`,`deleted`) VALUES(114,'P-2024015','政策14','部门规章',109,'部门101','2026-06-18 22:11:26','2026-05-03 22:11:26','3','政策内容14','/files/p14.pdf','关键词14',394,'2','2026-03-12 22:11:26','2025-12-31 22:11:26',1,1,0);
INSERT INTO `t_open_policy`(`id`,`policy_code`,`policy_name`,`policy_type`,`publish_dept_id`,`publish_dept_name`,`publish_date`,`implement_date`,`effective_status`,`content`,`file_url`,`keywords`,`view_count`,`status`,`create_time`,`update_time`,`create_by`,`update_by`,`deleted`) VALUES(115,'P-2024016','政策15','行政规范',102,'部门109','2026-03-23 22:11:26','2026-05-03 22:11:26','1','政策内容15','/files/p15.pdf','关键词15',1960,'1','2026-05-10 22:11:26','2026-01-05 22:11:26',1,1,0);
INSERT INTO `t_open_policy`(`id`,`policy_code`,`policy_name`,`policy_type`,`publish_dept_id`,`publish_dept_name`,`publish_date`,`implement_date`,`effective_status`,`content`,`file_url`,`keywords`,`view_count`,`status`,`create_time`,`update_time`,`create_by`,`update_by`,`deleted`) VALUES(116,'P-2024017','政策16','行政规范',100,'部门105','2026-03-26 22:11:26','2026-06-23 22:11:26','1','政策内容16','/files/p16.pdf','关键词16',638,'1','2026-02-19 22:11:26','2026-05-27 22:11:26',1,1,0);
INSERT INTO `t_open_policy`(`id`,`policy_code`,`policy_name`,`policy_type`,`publish_dept_id`,`publish_dept_name`,`publish_date`,`implement_date`,`effective_status`,`content`,`file_url`,`keywords`,`view_count`,`status`,`create_time`,`update_time`,`create_by`,`update_by`,`deleted`) VALUES(117,'P-2024018','政策17','行政规范',107,'部门107','2026-03-14 22:11:26',NULL,'1','政策内容17','/files/p17.pdf','关键词17',731,'1','2026-02-09 22:11:26','2026-03-10 22:11:26',1,1,0);
INSERT INTO `t_open_policy`(`id`,`policy_code`,`policy_name`,`policy_type`,`publish_dept_id`,`publish_dept_name`,`publish_date`,`implement_date`,`effective_status`,`content`,`file_url`,`keywords`,`view_count`,`status`,`create_time`,`update_time`,`create_by`,`update_by`,`deleted`) VALUES(118,'P-2024019','政策18','行政规范',105,'部门101','2026-05-13 22:11:26','2026-03-02 22:11:26','2','政策内容18','/files/p18.pdf','关键词18',372,'0','2026-02-06 22:11:26','2026-01-26 22:11:26',1,1,0);
INSERT INTO `t_open_policy`(`id`,`policy_code`,`policy_name`,`policy_type`,`publish_dept_id`,`publish_dept_name`,`publish_date`,`implement_date`,`effective_status`,`content`,`file_url`,`keywords`,`view_count`,`status`,`create_time`,`update_time`,`create_by`,`update_by`,`deleted`) VALUES(119,'P-2024020','政策19','行政法规',108,'部门106','2026-03-22 22:11:26','2026-04-16 22:11:26','3','政策内容19','/files/p19.pdf','关键词19',1420,'2','2026-01-04 22:11:26','2026-03-08 22:11:26',1,1,0);

USE `gov_open`;
DELETE FROM `t_open_apply` WHERE id >= 100;
INSERT INTO `t_open_apply`(`id`,`apply_no`,`user_id`,`user_name`,`user_phone`,`user_id_card`,`apply_content`,`apply_reason`,`apply_type`,`dept_id`,`handler_id`,`status`,`apply_time`,`accept_time`,`reply_time`,`reply_content`,`reply_type`,`fee_flag`,`fee_amount`,`create_time`,`update_time`,`create_by`,`update_by`,`deleted`) VALUES(100,'AP-2024001',140,'用户118','13800000144','110101199001010139','申请内容0','生产生活需要','1',100,126,'0','2026-05-27 22:11:26','2026-05-19 22:11:26','2026-06-24 22:11:26','回复内容0','全文公开',0,NULL,'2026-05-09 22:11:26','2026-06-13 22:11:26',1,1,0);
INSERT INTO `t_open_apply`(`id`,`apply_no`,`user_id`,`user_name`,`user_phone`,`user_id_card`,`apply_content`,`apply_reason`,`apply_type`,`dept_id`,`handler_id`,`status`,`apply_time`,`accept_time`,`reply_time`,`reply_content`,`reply_type`,`fee_flag`,`fee_amount`,`create_time`,`update_time`,`create_by`,`update_by`,`deleted`) VALUES(101,'AP-2024002',135,'用户124','13800000107','110101199001010112','申请内容1','其他','2',106,141,'4','2026-05-08 22:11:26','2026-06-27 22:11:26','2026-06-02 22:11:26',NULL,NULL,0,NULL,'2026-05-01 22:11:26','2026-06-02 22:11:26',1,1,0);
INSERT INTO `t_open_apply`(`id`,`apply_no`,`user_id`,`user_name`,`user_phone`,`user_id_card`,`apply_content`,`apply_reason`,`apply_type`,`dept_id`,`handler_id`,`status`,`apply_time`,`accept_time`,`reply_time`,`reply_content`,`reply_type`,`fee_flag`,`fee_amount`,`create_time`,`update_time`,`create_by`,`update_by`,`deleted`) VALUES(102,'AP-2024003',126,'用户143','13800000115','110101199001010100','申请内容2','其他','1',102,133,'4','2026-05-20 22:11:26',NULL,NULL,'回复内容2',NULL,0,NULL,'2026-05-17 22:11:26','2026-06-15 22:11:26',1,1,0);
INSERT INTO `t_open_apply`(`id`,`apply_no`,`user_id`,`user_name`,`user_phone`,`user_id_card`,`apply_content`,`apply_reason`,`apply_type`,`dept_id`,`handler_id`,`status`,`apply_time`,`accept_time`,`reply_time`,`reply_content`,`reply_type`,`fee_flag`,`fee_amount`,`create_time`,`update_time`,`create_by`,`update_by`,`deleted`) VALUES(103,'AP-2024004',103,'用户136','13800000127','110101199001010108','申请内容3','其他','2',105,127,'1','2026-06-21 22:11:26','2026-06-19 22:11:26','2026-06-07 22:11:26','回复内容3',NULL,0,10,'2026-06-07 22:11:26','2026-06-21 22:11:26',1,1,0);
INSERT INTO `t_open_apply`(`id`,`apply_no`,`user_id`,`user_name`,`user_phone`,`user_id_card`,`apply_content`,`apply_reason`,`apply_type`,`dept_id`,`handler_id`,`status`,`apply_time`,`accept_time`,`reply_time`,`reply_content`,`reply_type`,`fee_flag`,`fee_amount`,`create_time`,`update_time`,`create_by`,`update_by`,`deleted`) VALUES(104,'AP-2024005',105,'用户105','13800000101','110101199001010127','申请内容4','生产生活需要','3',102,NULL,'4','2026-05-24 22:11:26','2026-06-22 22:11:26','2026-06-27 22:11:26','回复内容4',NULL,0,20,'2026-06-16 22:11:26','2026-06-20 22:11:26',1,1,0);
INSERT INTO `t_open_apply`(`id`,`apply_no`,`user_id`,`user_name`,`user_phone`,`user_id_card`,`apply_content`,`apply_reason`,`apply_type`,`dept_id`,`handler_id`,`status`,`apply_time`,`accept_time`,`reply_time`,`reply_content`,`reply_type`,`fee_flag`,`fee_amount`,`create_time`,`update_time`,`create_by`,`update_by`,`deleted`) VALUES(105,'AP-2024006',141,'用户114','13800000119','110101199001010112','申请内容5','科研需要','2',100,NULL,'1','2026-05-18 22:11:26',NULL,'2026-05-31 22:11:26',NULL,NULL,0,NULL,'2026-06-11 22:11:26','2026-05-30 22:11:26',1,1,0);
INSERT INTO `t_open_apply`(`id`,`apply_no`,`user_id`,`user_name`,`user_phone`,`user_id_card`,`apply_content`,`apply_reason`,`apply_type`,`dept_id`,`handler_id`,`status`,`apply_time`,`accept_time`,`reply_time`,`reply_content`,`reply_type`,`fee_flag`,`fee_amount`,`create_time`,`update_time`,`create_by`,`update_by`,`deleted`) VALUES(106,'AP-2024007',111,'用户105','13800000104','110101199001010131','申请内容6','自身利益','2',101,NULL,'0','2026-06-01 22:11:26',NULL,'2026-06-25 22:11:26',NULL,NULL,1,10,'2026-06-16 22:11:26','2026-06-18 22:11:26',1,1,0);
INSERT INTO `t_open_apply`(`id`,`apply_no`,`user_id`,`user_name`,`user_phone`,`user_id_card`,`apply_content`,`apply_reason`,`apply_type`,`dept_id`,`handler_id`,`status`,`apply_time`,`accept_time`,`reply_time`,`reply_content`,`reply_type`,`fee_flag`,`fee_amount`,`create_time`,`update_time`,`create_by`,`update_by`,`deleted`) VALUES(107,'AP-2024008',100,'用户111','13800000142','110101199001010136','申请内容7','生产生活需要','2',105,NULL,'3','2026-05-20 22:11:26','2026-06-17 22:11:26','2026-06-19 22:11:26','回复内容7',NULL,0,NULL,'2026-05-26 22:11:26','2026-06-03 22:11:26',1,1,0);
INSERT INTO `t_open_apply`(`id`,`apply_no`,`user_id`,`user_name`,`user_phone`,`user_id_card`,`apply_content`,`apply_reason`,`apply_type`,`dept_id`,`handler_id`,`status`,`apply_time`,`accept_time`,`reply_time`,`reply_content`,`reply_type`,`fee_flag`,`fee_amount`,`create_time`,`update_time`,`create_by`,`update_by`,`deleted`) VALUES(108,'AP-2024009',109,'用户113','13800000123','110101199001010107','申请内容8','科研需要','1',103,NULL,'4','2026-06-19 22:11:26',NULL,NULL,'回复内容8',NULL,0,NULL,'2026-05-07 22:11:26','2026-06-12 22:11:26',1,1,0);
INSERT INTO `t_open_apply`(`id`,`apply_no`,`user_id`,`user_name`,`user_phone`,`user_id_card`,`apply_content`,`apply_reason`,`apply_type`,`dept_id`,`handler_id`,`status`,`apply_time`,`accept_time`,`reply_time`,`reply_content`,`reply_type`,`fee_flag`,`fee_amount`,`create_time`,`update_time`,`create_by`,`update_by`,`deleted`) VALUES(109,'AP-2024010',127,'用户132','13800000125','110101199001010112','申请内容9','自身利益','3',104,106,'3','2026-05-08 22:11:26','2026-06-08 22:11:26',NULL,NULL,'部分公开',0,20,'2026-05-06 22:11:26','2026-06-17 22:11:26',1,1,0);
INSERT INTO `t_open_apply`(`id`,`apply_no`,`user_id`,`user_name`,`user_phone`,`user_id_card`,`apply_content`,`apply_reason`,`apply_type`,`dept_id`,`handler_id`,`status`,`apply_time`,`accept_time`,`reply_time`,`reply_content`,`reply_type`,`fee_flag`,`fee_amount`,`create_time`,`update_time`,`create_by`,`update_by`,`deleted`) VALUES(110,'AP-2024011',139,'用户106','13800000138','110101199001010124','申请内容10','其他','2',105,104,'2','2026-06-17 22:11:26','2026-05-26 22:11:26',NULL,NULL,'不予公开',1,NULL,'2026-06-26 22:11:26','2026-06-24 22:11:26',1,1,0);
INSERT INTO `t_open_apply`(`id`,`apply_no`,`user_id`,`user_name`,`user_phone`,`user_id_card`,`apply_content`,`apply_reason`,`apply_type`,`dept_id`,`handler_id`,`status`,`apply_time`,`accept_time`,`reply_time`,`reply_content`,`reply_type`,`fee_flag`,`fee_amount`,`create_time`,`update_time`,`create_by`,`update_by`,`deleted`) VALUES(111,'AP-2024012',111,'用户120','13800000127','110101199001010111','申请内容11','自身利益','1',105,NULL,'1','2026-06-20 22:11:26',NULL,'2026-06-05 22:11:26',NULL,NULL,0,50,'2026-06-09 22:11:26','2026-06-08 22:11:26',1,1,0);
INSERT INTO `t_open_apply`(`id`,`apply_no`,`user_id`,`user_name`,`user_phone`,`user_id_card`,`apply_content`,`apply_reason`,`apply_type`,`dept_id`,`handler_id`,`status`,`apply_time`,`accept_time`,`reply_time`,`reply_content`,`reply_type`,`fee_flag`,`fee_amount`,`create_time`,`update_time`,`create_by`,`update_by`,`deleted`) VALUES(112,'AP-2024013',113,'用户133','13800000113','110101199001010106','申请内容12','自身利益','3',106,127,'1','2026-05-06 22:11:26',NULL,NULL,'回复内容12',NULL,0,NULL,'2026-05-30 22:11:26','2026-06-22 22:11:26',1,1,0);
INSERT INTO `t_open_apply`(`id`,`apply_no`,`user_id`,`user_name`,`user_phone`,`user_id_card`,`apply_content`,`apply_reason`,`apply_type`,`dept_id`,`handler_id`,`status`,`apply_time`,`accept_time`,`reply_time`,`reply_content`,`reply_type`,`fee_flag`,`fee_amount`,`create_time`,`update_time`,`create_by`,`update_by`,`deleted`) VALUES(113,'AP-2024014',138,'用户120','13800000137','110101199001010124','申请内容13','科研需要','2',100,136,'0','2026-04-30 22:11:26',NULL,NULL,'回复内容13',NULL,1,NULL,'2026-05-17 22:11:26','2026-06-27 22:11:26',1,1,0);
INSERT INTO `t_open_apply`(`id`,`apply_no`,`user_id`,`user_name`,`user_phone`,`user_id_card`,`apply_content`,`apply_reason`,`apply_type`,`dept_id`,`handler_id`,`status`,`apply_time`,`accept_time`,`reply_time`,`reply_content`,`reply_type`,`fee_flag`,`fee_amount`,`create_time`,`update_time`,`create_by`,`update_by`,`deleted`) VALUES(114,'AP-2024015',104,'用户130','13800000106','110101199001010126','申请内容14','自身利益','2',106,NULL,'1','2026-05-27 22:11:26','2026-06-02 22:11:26',NULL,'回复内容14',NULL,0,0,'2026-06-26 22:11:26','2026-06-20 22:11:26',1,1,0);
INSERT INTO `t_open_apply`(`id`,`apply_no`,`user_id`,`user_name`,`user_phone`,`user_id_card`,`apply_content`,`apply_reason`,`apply_type`,`dept_id`,`handler_id`,`status`,`apply_time`,`accept_time`,`reply_time`,`reply_content`,`reply_type`,`fee_flag`,`fee_amount`,`create_time`,`update_time`,`create_by`,`update_by`,`deleted`) VALUES(115,'AP-2024016',103,'用户100','13800000108','110101199001010106','申请内容15','自身利益','1',102,NULL,'4','2026-05-01 22:11:26','2026-05-24 22:11:26','2026-05-29 22:11:26','回复内容15',NULL,0,NULL,'2026-06-08 22:11:26','2026-06-25 22:11:26',1,1,0);
INSERT INTO `t_open_apply`(`id`,`apply_no`,`user_id`,`user_name`,`user_phone`,`user_id_card`,`apply_content`,`apply_reason`,`apply_type`,`dept_id`,`handler_id`,`status`,`apply_time`,`accept_time`,`reply_time`,`reply_content`,`reply_type`,`fee_flag`,`fee_amount`,`create_time`,`update_time`,`create_by`,`update_by`,`deleted`) VALUES(116,'AP-2024017',116,'用户121','13800000144','110101199001010139','申请内容16','其他','1',102,107,'1','2026-06-07 22:11:26','2026-05-10 22:11:26','2026-05-31 22:11:26','回复内容16',NULL,0,NULL,'2026-05-25 22:11:26','2026-06-20 22:11:26',1,1,0);
INSERT INTO `t_open_apply`(`id`,`apply_no`,`user_id`,`user_name`,`user_phone`,`user_id_card`,`apply_content`,`apply_reason`,`apply_type`,`dept_id`,`handler_id`,`status`,`apply_time`,`accept_time`,`reply_time`,`reply_content`,`reply_type`,`fee_flag`,`fee_amount`,`create_time`,`update_time`,`create_by`,`update_by`,`deleted`) VALUES(117,'AP-2024018',136,'用户130','13800000142','110101199001010131','申请内容17','自身利益','3',107,NULL,'1','2026-05-09 22:11:26',NULL,NULL,'回复内容17','不予公开',0,0,'2026-05-27 22:11:26','2026-06-26 22:11:26',1,1,0);
INSERT INTO `t_open_apply`(`id`,`apply_no`,`user_id`,`user_name`,`user_phone`,`user_id_card`,`apply_content`,`apply_reason`,`apply_type`,`dept_id`,`handler_id`,`status`,`apply_time`,`accept_time`,`reply_time`,`reply_content`,`reply_type`,`fee_flag`,`fee_amount`,`create_time`,`update_time`,`create_by`,`update_by`,`deleted`) VALUES(118,'AP-2024019',113,'用户100','13800000142','110101199001010113','申请内容18','其他','2',101,NULL,'3','2026-05-10 22:11:26','2026-06-07 22:11:26','2026-06-18 22:11:26','回复内容18','不予公开',0,NULL,'2026-04-30 22:11:26','2026-06-16 22:11:26',1,1,0);
INSERT INTO `t_open_apply`(`id`,`apply_no`,`user_id`,`user_name`,`user_phone`,`user_id_card`,`apply_content`,`apply_reason`,`apply_type`,`dept_id`,`handler_id`,`status`,`apply_time`,`accept_time`,`reply_time`,`reply_content`,`reply_type`,`fee_flag`,`fee_amount`,`create_time`,`update_time`,`create_by`,`update_by`,`deleted`) VALUES(119,'AP-2024020',124,'用户128','13800000139','110101199001010132','申请内容19','科研需要','1',104,NULL,'4','2026-06-08 22:11:26','2026-05-22 22:11:26','2026-06-23 22:11:26',NULL,NULL,0,NULL,'2026-05-29 22:11:26','2026-06-22 22:11:26',1,1,0);
INSERT INTO `t_open_apply`(`id`,`apply_no`,`user_id`,`user_name`,`user_phone`,`user_id_card`,`apply_content`,`apply_reason`,`apply_type`,`dept_id`,`handler_id`,`status`,`apply_time`,`accept_time`,`reply_time`,`reply_content`,`reply_type`,`fee_flag`,`fee_amount`,`create_time`,`update_time`,`create_by`,`update_by`,`deleted`) VALUES(120,'AP-2024021',117,'用户101','13800000130','110101199001010142','申请内容20','其他','1',108,NULL,'2','2026-06-14 22:11:26',NULL,'2026-06-11 22:11:26',NULL,NULL,0,NULL,'2026-06-03 22:11:26','2026-06-04 22:11:26',1,1,0);
INSERT INTO `t_open_apply`(`id`,`apply_no`,`user_id`,`user_name`,`user_phone`,`user_id_card`,`apply_content`,`apply_reason`,`apply_type`,`dept_id`,`handler_id`,`status`,`apply_time`,`accept_time`,`reply_time`,`reply_content`,`reply_type`,`fee_flag`,`fee_amount`,`create_time`,`update_time`,`create_by`,`update_by`,`deleted`) VALUES(121,'AP-2024022',127,'用户112','13800000118','110101199001010112','申请内容21','其他','2',108,133,'2','2026-06-21 22:11:26','2026-05-17 22:11:26',NULL,NULL,NULL,1,NULL,'2026-06-23 22:11:26','2026-06-10 22:11:26',1,1,0);
INSERT INTO `t_open_apply`(`id`,`apply_no`,`user_id`,`user_name`,`user_phone`,`user_id_card`,`apply_content`,`apply_reason`,`apply_type`,`dept_id`,`handler_id`,`status`,`apply_time`,`accept_time`,`reply_time`,`reply_content`,`reply_type`,`fee_flag`,`fee_amount`,`create_time`,`update_time`,`create_by`,`update_by`,`deleted`) VALUES(122,'AP-2024023',106,'用户117','13800000114','110101199001010139','申请内容22','其他','1',103,144,'1','2026-05-27 22:11:26',NULL,'2026-06-16 22:11:26','回复内容22','部分公开',0,NULL,'2026-04-30 22:11:26','2026-06-05 22:11:26',1,1,0);
INSERT INTO `t_open_apply`(`id`,`apply_no`,`user_id`,`user_name`,`user_phone`,`user_id_card`,`apply_content`,`apply_reason`,`apply_type`,`dept_id`,`handler_id`,`status`,`apply_time`,`accept_time`,`reply_time`,`reply_content`,`reply_type`,`fee_flag`,`fee_amount`,`create_time`,`update_time`,`create_by`,`update_by`,`deleted`) VALUES(123,'AP-2024024',139,'用户130','13800000147','110101199001010119','申请内容23','科研需要','3',101,NULL,'1','2026-05-01 22:11:26',NULL,'2026-06-06 22:11:26',NULL,NULL,0,NULL,'2026-06-23 22:11:26','2026-06-22 22:11:26',1,1,0);
INSERT INTO `t_open_apply`(`id`,`apply_no`,`user_id`,`user_name`,`user_phone`,`user_id_card`,`apply_content`,`apply_reason`,`apply_type`,`dept_id`,`handler_id`,`status`,`apply_time`,`accept_time`,`reply_time`,`reply_content`,`reply_type`,`fee_flag`,`fee_amount`,`create_time`,`update_time`,`create_by`,`update_by`,`deleted`) VALUES(124,'AP-2024025',143,'用户148','13800000100','110101199001010138','申请内容24','自身利益','2',103,NULL,'0','2026-05-06 22:11:26',NULL,'2026-06-18 22:11:26','回复内容24','全文公开',0,NULL,'2026-05-07 22:11:26','2026-06-04 22:11:26',1,1,0);
INSERT INTO `t_open_apply`(`id`,`apply_no`,`user_id`,`user_name`,`user_phone`,`user_id_card`,`apply_content`,`apply_reason`,`apply_type`,`dept_id`,`handler_id`,`status`,`apply_time`,`accept_time`,`reply_time`,`reply_content`,`reply_type`,`fee_flag`,`fee_amount`,`create_time`,`update_time`,`create_by`,`update_by`,`deleted`) VALUES(125,'AP-2024026',121,'用户128','13800000131','110101199001010147','申请内容25','自身利益','3',107,NULL,'2','2026-06-27 22:11:26','2026-06-08 22:11:26','2026-05-30 22:11:26','回复内容25','不予公开',0,NULL,'2026-05-25 22:11:26','2026-06-04 22:11:26',1,1,0);
INSERT INTO `t_open_apply`(`id`,`apply_no`,`user_id`,`user_name`,`user_phone`,`user_id_card`,`apply_content`,`apply_reason`,`apply_type`,`dept_id`,`handler_id`,`status`,`apply_time`,`accept_time`,`reply_time`,`reply_content`,`reply_type`,`fee_flag`,`fee_amount`,`create_time`,`update_time`,`create_by`,`update_by`,`deleted`) VALUES(126,'AP-2024027',140,'用户101','13800000109','110101199001010126','申请内容26','科研需要','1',105,NULL,'1','2026-05-22 22:11:26','2026-05-31 22:11:26',NULL,'回复内容26',NULL,1,NULL,'2026-06-10 22:11:26','2026-05-30 22:11:26',1,1,0);
INSERT INTO `t_open_apply`(`id`,`apply_no`,`user_id`,`user_name`,`user_phone`,`user_id_card`,`apply_content`,`apply_reason`,`apply_type`,`dept_id`,`handler_id`,`status`,`apply_time`,`accept_time`,`reply_time`,`reply_content`,`reply_type`,`fee_flag`,`fee_amount`,`create_time`,`update_time`,`create_by`,`update_by`,`deleted`) VALUES(127,'AP-2024028',140,'用户143','13800000134','110101199001010128','申请内容27','科研需要','3',105,125,'3','2026-06-01 22:11:26','2026-06-10 22:11:26',NULL,NULL,'部分公开',0,NULL,'2026-05-29 22:11:26','2026-06-09 22:11:26',1,1,0);
INSERT INTO `t_open_apply`(`id`,`apply_no`,`user_id`,`user_name`,`user_phone`,`user_id_card`,`apply_content`,`apply_reason`,`apply_type`,`dept_id`,`handler_id`,`status`,`apply_time`,`accept_time`,`reply_time`,`reply_content`,`reply_type`,`fee_flag`,`fee_amount`,`create_time`,`update_time`,`create_by`,`update_by`,`deleted`) VALUES(128,'AP-2024029',122,'用户118','13800000107','110101199001010100','申请内容28','其他','2',102,118,'3','2026-05-23 22:11:26','2026-06-08 22:11:26',NULL,NULL,NULL,0,NULL,'2026-05-06 22:11:26','2026-06-09 22:11:26',1,1,0);
INSERT INTO `t_open_apply`(`id`,`apply_no`,`user_id`,`user_name`,`user_phone`,`user_id_card`,`apply_content`,`apply_reason`,`apply_type`,`dept_id`,`handler_id`,`status`,`apply_time`,`accept_time`,`reply_time`,`reply_content`,`reply_type`,`fee_flag`,`fee_amount`,`create_time`,`update_time`,`create_by`,`update_by`,`deleted`) VALUES(129,'AP-2024030',107,'用户103','13800000131','110101199001010119','申请内容29','生产生活需要','3',100,NULL,'1','2026-06-05 22:11:26','2026-05-26 22:11:26','2026-06-03 22:11:26','回复内容29','不予公开',0,10,'2026-05-31 22:11:26','2026-06-09 22:11:26',1,1,0);

USE `gov_open`;
DELETE FROM `t_open_content` WHERE id >= 100;
INSERT INTO `t_open_content`(`id`,`content_type`,`content_id`,`audit_status`,`audit_by`,`audit_time`,`audit_opinion`,`create_time`,`update_time`,`create_by`,`update_by`,`deleted`) VALUES(100,'notice',109,'1',NULL,'2026-06-20 22:11:26','审核意见0','2026-05-07 22:11:26','2026-06-06 22:11:26',1,1,0);
INSERT INTO `t_open_content`(`id`,`content_type`,`content_id`,`audit_status`,`audit_by`,`audit_time`,`audit_opinion`,`create_time`,`update_time`,`create_by`,`update_by`,`deleted`) VALUES(101,'policy',113,'0',106,'2026-05-29 22:11:26','审核意见1','2026-06-08 22:11:26','2026-06-08 22:11:26',1,1,0);
INSERT INTO `t_open_content`(`id`,`content_type`,`content_id`,`audit_status`,`audit_by`,`audit_time`,`audit_opinion`,`create_time`,`update_time`,`create_by`,`update_by`,`deleted`) VALUES(102,'policy',105,'2',NULL,'2026-06-02 22:11:26','审核意见2','2026-05-21 22:11:26','2026-06-23 22:11:26',1,1,0);
INSERT INTO `t_open_content`(`id`,`content_type`,`content_id`,`audit_status`,`audit_by`,`audit_time`,`audit_opinion`,`create_time`,`update_time`,`create_by`,`update_by`,`deleted`) VALUES(103,'notice',108,'1',NULL,NULL,'审核意见3','2026-06-08 22:11:26','2026-06-25 22:11:26',1,1,0);
INSERT INTO `t_open_content`(`id`,`content_type`,`content_id`,`audit_status`,`audit_by`,`audit_time`,`audit_opinion`,`create_time`,`update_time`,`create_by`,`update_by`,`deleted`) VALUES(104,'policy',118,'3',NULL,NULL,'审核意见4','2026-05-08 22:11:26','2026-05-30 22:11:26',1,1,0);
INSERT INTO `t_open_content`(`id`,`content_type`,`content_id`,`audit_status`,`audit_by`,`audit_time`,`audit_opinion`,`create_time`,`update_time`,`create_by`,`update_by`,`deleted`) VALUES(105,'policy',103,'1',144,NULL,'审核意见5','2026-04-29 22:11:26','2026-06-06 22:11:26',1,1,0);
INSERT INTO `t_open_content`(`id`,`content_type`,`content_id`,`audit_status`,`audit_by`,`audit_time`,`audit_opinion`,`create_time`,`update_time`,`create_by`,`update_by`,`deleted`) VALUES(106,'policy',114,'1',NULL,NULL,'审核意见6','2026-06-01 22:11:26','2026-06-13 22:11:26',1,1,0);
INSERT INTO `t_open_content`(`id`,`content_type`,`content_id`,`audit_status`,`audit_by`,`audit_time`,`audit_opinion`,`create_time`,`update_time`,`create_by`,`update_by`,`deleted`) VALUES(107,'notice',129,'2',NULL,'2026-06-25 22:11:26','审核意见7','2026-05-10 22:11:26','2026-06-23 22:11:26',1,1,0);
INSERT INTO `t_open_content`(`id`,`content_type`,`content_id`,`audit_status`,`audit_by`,`audit_time`,`audit_opinion`,`create_time`,`update_time`,`create_by`,`update_by`,`deleted`) VALUES(108,'policy',125,'1',123,NULL,'审核意见8','2026-05-24 22:11:26','2026-05-30 22:11:26',1,1,0);
INSERT INTO `t_open_content`(`id`,`content_type`,`content_id`,`audit_status`,`audit_by`,`audit_time`,`audit_opinion`,`create_time`,`update_time`,`create_by`,`update_by`,`deleted`) VALUES(109,'policy',101,'0',NULL,'2026-06-13 22:11:26','审核意见9','2026-05-07 22:11:26','2026-06-03 22:11:26',1,1,0);
INSERT INTO `t_open_content`(`id`,`content_type`,`content_id`,`audit_status`,`audit_by`,`audit_time`,`audit_opinion`,`create_time`,`update_time`,`create_by`,`update_by`,`deleted`) VALUES(110,'policy',126,'1',NULL,NULL,'审核意见10','2026-05-17 22:11:26','2026-06-24 22:11:26',1,1,0);
INSERT INTO `t_open_content`(`id`,`content_type`,`content_id`,`audit_status`,`audit_by`,`audit_time`,`audit_opinion`,`create_time`,`update_time`,`create_by`,`update_by`,`deleted`) VALUES(111,'policy',119,'1',136,NULL,'审核意见11','2026-06-06 22:11:26','2026-05-31 22:11:26',1,1,0);
INSERT INTO `t_open_content`(`id`,`content_type`,`content_id`,`audit_status`,`audit_by`,`audit_time`,`audit_opinion`,`create_time`,`update_time`,`create_by`,`update_by`,`deleted`) VALUES(112,'notice',103,'3',132,'2026-06-26 22:11:26','审核意见12','2026-05-14 22:11:26','2026-06-21 22:11:26',1,1,0);
INSERT INTO `t_open_content`(`id`,`content_type`,`content_id`,`audit_status`,`audit_by`,`audit_time`,`audit_opinion`,`create_time`,`update_time`,`create_by`,`update_by`,`deleted`) VALUES(113,'notice',117,'3',108,NULL,'审核意见13','2026-05-15 22:11:26','2026-06-07 22:11:26',1,1,0);
INSERT INTO `t_open_content`(`id`,`content_type`,`content_id`,`audit_status`,`audit_by`,`audit_time`,`audit_opinion`,`create_time`,`update_time`,`create_by`,`update_by`,`deleted`) VALUES(114,'notice',109,'3',NULL,'2026-06-27 22:11:26','审核意见14','2026-05-07 22:11:26','2026-06-12 22:11:26',1,1,0);
INSERT INTO `t_open_content`(`id`,`content_type`,`content_id`,`audit_status`,`audit_by`,`audit_time`,`audit_opinion`,`create_time`,`update_time`,`create_by`,`update_by`,`deleted`) VALUES(115,'notice',103,'1',NULL,'2026-06-24 22:11:26','审核意见15','2026-05-25 22:11:26','2026-06-24 22:11:26',1,1,0);
INSERT INTO `t_open_content`(`id`,`content_type`,`content_id`,`audit_status`,`audit_by`,`audit_time`,`audit_opinion`,`create_time`,`update_time`,`create_by`,`update_by`,`deleted`) VALUES(116,'notice',106,'1',NULL,'2026-06-13 22:11:26','审核意见16','2026-06-02 22:11:26','2026-06-26 22:11:26',1,1,0);
INSERT INTO `t_open_content`(`id`,`content_type`,`content_id`,`audit_status`,`audit_by`,`audit_time`,`audit_opinion`,`create_time`,`update_time`,`create_by`,`update_by`,`deleted`) VALUES(117,'notice',109,'0',NULL,NULL,'审核意见17','2026-06-12 22:11:26','2026-06-01 22:11:26',1,1,0);
INSERT INTO `t_open_content`(`id`,`content_type`,`content_id`,`audit_status`,`audit_by`,`audit_time`,`audit_opinion`,`create_time`,`update_time`,`create_by`,`update_by`,`deleted`) VALUES(118,'policy',126,'2',142,'2026-06-14 22:11:26','审核意见18','2026-06-18 22:11:26','2026-06-07 22:11:26',1,1,0);
INSERT INTO `t_open_content`(`id`,`content_type`,`content_id`,`audit_status`,`audit_by`,`audit_time`,`audit_opinion`,`create_time`,`update_time`,`create_by`,`update_by`,`deleted`) VALUES(119,'notice',105,'1',142,NULL,'审核意见19','2026-05-26 22:11:26','2026-06-04 22:11:26',1,1,0);
INSERT INTO `t_open_content`(`id`,`content_type`,`content_id`,`audit_status`,`audit_by`,`audit_time`,`audit_opinion`,`create_time`,`update_time`,`create_by`,`update_by`,`deleted`) VALUES(120,'notice',115,'0',NULL,'2026-06-09 22:11:26','审核意见20','2026-05-27 22:11:26','2026-06-16 22:11:26',1,1,0);
INSERT INTO `t_open_content`(`id`,`content_type`,`content_id`,`audit_status`,`audit_by`,`audit_time`,`audit_opinion`,`create_time`,`update_time`,`create_by`,`update_by`,`deleted`) VALUES(121,'policy',112,'0',106,NULL,'审核意见21','2026-05-06 22:11:26','2026-06-14 22:11:26',1,1,0);
INSERT INTO `t_open_content`(`id`,`content_type`,`content_id`,`audit_status`,`audit_by`,`audit_time`,`audit_opinion`,`create_time`,`update_time`,`create_by`,`update_by`,`deleted`) VALUES(122,'notice',100,'1',NULL,'2026-06-27 22:11:26','审核意见22','2026-05-21 22:11:26','2026-06-18 22:11:26',1,1,0);
INSERT INTO `t_open_content`(`id`,`content_type`,`content_id`,`audit_status`,`audit_by`,`audit_time`,`audit_opinion`,`create_time`,`update_time`,`create_by`,`update_by`,`deleted`) VALUES(123,'notice',119,'0',NULL,'2026-06-23 22:11:26','审核意见23','2026-05-29 22:11:26','2026-05-30 22:11:26',1,1,0);
INSERT INTO `t_open_content`(`id`,`content_type`,`content_id`,`audit_status`,`audit_by`,`audit_time`,`audit_opinion`,`create_time`,`update_time`,`create_by`,`update_by`,`deleted`) VALUES(124,'policy',108,'1',122,'2026-05-31 22:11:26','审核意见24','2026-05-26 22:11:26','2026-06-21 22:11:26',1,1,0);
INSERT INTO `t_open_content`(`id`,`content_type`,`content_id`,`audit_status`,`audit_by`,`audit_time`,`audit_opinion`,`create_time`,`update_time`,`create_by`,`update_by`,`deleted`) VALUES(125,'policy',116,'0',111,'2026-06-16 22:11:26','审核意见25','2026-05-17 22:11:26','2026-06-04 22:11:26',1,1,0);
INSERT INTO `t_open_content`(`id`,`content_type`,`content_id`,`audit_status`,`audit_by`,`audit_time`,`audit_opinion`,`create_time`,`update_time`,`create_by`,`update_by`,`deleted`) VALUES(126,'policy',114,'3',108,NULL,'审核意见26','2026-05-10 22:11:26','2026-06-06 22:11:26',1,1,0);
INSERT INTO `t_open_content`(`id`,`content_type`,`content_id`,`audit_status`,`audit_by`,`audit_time`,`audit_opinion`,`create_time`,`update_time`,`create_by`,`update_by`,`deleted`) VALUES(127,'policy',112,'1',141,NULL,'审核意见27','2026-05-28 22:11:26','2026-06-08 22:11:26',1,1,0);
INSERT INTO `t_open_content`(`id`,`content_type`,`content_id`,`audit_status`,`audit_by`,`audit_time`,`audit_opinion`,`create_time`,`update_time`,`create_by`,`update_by`,`deleted`) VALUES(128,'notice',118,'3',149,'2026-06-19 22:11:26','审核意见28','2026-06-19 22:11:26','2026-06-05 22:11:26',1,1,0);
INSERT INTO `t_open_content`(`id`,`content_type`,`content_id`,`audit_status`,`audit_by`,`audit_time`,`audit_opinion`,`create_time`,`update_time`,`create_by`,`update_by`,`deleted`) VALUES(129,'policy',118,'2',NULL,'2026-06-15 22:11:26','审核意见29','2026-06-23 22:11:26','2026-06-26 22:11:26',1,1,0);
INSERT INTO `t_open_content`(`id`,`content_type`,`content_id`,`audit_status`,`audit_by`,`audit_time`,`audit_opinion`,`create_time`,`update_time`,`create_by`,`update_by`,`deleted`) VALUES(130,'notice',105,'1',NULL,NULL,'审核意见30','2026-04-29 22:11:26','2026-06-06 22:11:26',1,1,0);
INSERT INTO `t_open_content`(`id`,`content_type`,`content_id`,`audit_status`,`audit_by`,`audit_time`,`audit_opinion`,`create_time`,`update_time`,`create_by`,`update_by`,`deleted`) VALUES(131,'policy',110,'1',146,'2026-06-24 22:11:26','审核意见31','2026-05-01 22:11:26','2026-05-30 22:11:26',1,1,0);
INSERT INTO `t_open_content`(`id`,`content_type`,`content_id`,`audit_status`,`audit_by`,`audit_time`,`audit_opinion`,`create_time`,`update_time`,`create_by`,`update_by`,`deleted`) VALUES(132,'notice',112,'0',103,'2026-06-24 22:11:26','审核意见32','2026-06-25 22:11:26','2026-05-31 22:11:26',1,1,0);
INSERT INTO `t_open_content`(`id`,`content_type`,`content_id`,`audit_status`,`audit_by`,`audit_time`,`audit_opinion`,`create_time`,`update_time`,`create_by`,`update_by`,`deleted`) VALUES(133,'notice',114,'1',101,'2026-06-17 22:11:26','审核意见33','2026-06-21 22:11:26','2026-06-05 22:11:26',1,1,0);
INSERT INTO `t_open_content`(`id`,`content_type`,`content_id`,`audit_status`,`audit_by`,`audit_time`,`audit_opinion`,`create_time`,`update_time`,`create_by`,`update_by`,`deleted`) VALUES(134,'policy',112,'1',136,'2026-06-21 22:11:26','审核意见34','2026-06-11 22:11:26','2026-06-12 22:11:26',1,1,0);
INSERT INTO `t_open_content`(`id`,`content_type`,`content_id`,`audit_status`,`audit_by`,`audit_time`,`audit_opinion`,`create_time`,`update_time`,`create_by`,`update_by`,`deleted`) VALUES(135,'policy',109,'1',NULL,NULL,'审核意见35','2026-05-06 22:11:26','2026-06-11 22:11:26',1,1,0);
INSERT INTO `t_open_content`(`id`,`content_type`,`content_id`,`audit_status`,`audit_by`,`audit_time`,`audit_opinion`,`create_time`,`update_time`,`create_by`,`update_by`,`deleted`) VALUES(136,'notice',102,'2',NULL,'2026-06-24 22:11:26','审核意见36','2026-06-14 22:11:26','2026-06-26 22:11:26',1,1,0);
INSERT INTO `t_open_content`(`id`,`content_type`,`content_id`,`audit_status`,`audit_by`,`audit_time`,`audit_opinion`,`create_time`,`update_time`,`create_by`,`update_by`,`deleted`) VALUES(137,'notice',100,'1',136,'2026-06-25 22:11:26','审核意见37','2026-06-06 22:11:26','2026-06-22 22:11:26',1,1,0);
INSERT INTO `t_open_content`(`id`,`content_type`,`content_id`,`audit_status`,`audit_by`,`audit_time`,`audit_opinion`,`create_time`,`update_time`,`create_by`,`update_by`,`deleted`) VALUES(138,'policy',106,'1',130,'2026-06-16 22:11:26','审核意见38','2026-05-19 22:11:26','2026-05-30 22:11:26',1,1,0);
INSERT INTO `t_open_content`(`id`,`content_type`,`content_id`,`audit_status`,`audit_by`,`audit_time`,`audit_opinion`,`create_time`,`update_time`,`create_by`,`update_by`,`deleted`) VALUES(139,'notice',102,'0',NULL,NULL,'审核意见39','2026-06-23 22:11:26','2026-06-09 22:11:26',1,1,0);

USE `gov_open`;
DELETE FROM `t_open_feedback` WHERE id >= 100;
INSERT INTO `t_open_feedback`(`id`,`content_type`,`content_id`,`user_id`,`user_name`,`feedback_type`,`feedback_content`,`status`,`handle_time`,`handle_result`,`create_time`,`update_time`,`create_by`,`update_by`,`deleted`) VALUES(100,'notice',104,133,'用户119','好评','反馈内容0','1',NULL,NULL,'2026-05-24 22:11:26','2026-06-17 22:11:26',1,1,0);
INSERT INTO `t_open_feedback`(`id`,`content_type`,`content_id`,`user_id`,`user_name`,`feedback_type`,`feedback_content`,`status`,`handle_time`,`handle_result`,`create_time`,`update_time`,`create_by`,`update_by`,`deleted`) VALUES(101,'notice',107,118,'用户116','纠错','反馈内容1','0',NULL,'处理结果1','2026-06-09 22:11:26','2026-06-25 22:11:26',1,1,0);
INSERT INTO `t_open_feedback`(`id`,`content_type`,`content_id`,`user_id`,`user_name`,`feedback_type`,`feedback_content`,`status`,`handle_time`,`handle_result`,`create_time`,`update_time`,`create_by`,`update_by`,`deleted`) VALUES(102,'notice',127,133,'用户139','咨询','反馈内容2','0',NULL,NULL,'2026-05-14 22:11:26','2026-05-30 22:11:26',1,1,0);
INSERT INTO `t_open_feedback`(`id`,`content_type`,`content_id`,`user_id`,`user_name`,`feedback_type`,`feedback_content`,`status`,`handle_time`,`handle_result`,`create_time`,`update_time`,`create_by`,`update_by`,`deleted`) VALUES(103,'notice',118,130,'用户116','好评','反馈内容3','1',NULL,NULL,'2026-06-06 22:11:26','2026-05-30 22:11:26',1,1,0);
INSERT INTO `t_open_feedback`(`id`,`content_type`,`content_id`,`user_id`,`user_name`,`feedback_type`,`feedback_content`,`status`,`handle_time`,`handle_result`,`create_time`,`update_time`,`create_by`,`update_by`,`deleted`) VALUES(104,'notice',104,113,'用户135','建议','反馈内容4','1',NULL,NULL,'2026-05-22 22:11:26','2026-05-30 22:11:26',1,1,0);
INSERT INTO `t_open_feedback`(`id`,`content_type`,`content_id`,`user_id`,`user_name`,`feedback_type`,`feedback_content`,`status`,`handle_time`,`handle_result`,`create_time`,`update_time`,`create_by`,`update_by`,`deleted`) VALUES(105,'notice',111,104,'用户126','咨询','反馈内容5','3','2026-06-13 22:11:26','处理结果5','2026-06-19 22:11:26','2026-06-19 22:11:26',1,1,0);
INSERT INTO `t_open_feedback`(`id`,`content_type`,`content_id`,`user_id`,`user_name`,`feedback_type`,`feedback_content`,`status`,`handle_time`,`handle_result`,`create_time`,`update_time`,`create_by`,`update_by`,`deleted`) VALUES(106,'notice',103,102,'用户131','咨询','反馈内容6','1','2026-06-21 22:11:26',NULL,'2026-05-08 22:11:26','2026-05-31 22:11:26',1,1,0);
INSERT INTO `t_open_feedback`(`id`,`content_type`,`content_id`,`user_id`,`user_name`,`feedback_type`,`feedback_content`,`status`,`handle_time`,`handle_result`,`create_time`,`update_time`,`create_by`,`update_by`,`deleted`) VALUES(107,'notice',100,103,'用户101','差评','反馈内容7','3','2026-06-21 22:11:26','处理结果7','2026-05-11 22:11:26','2026-06-27 22:11:26',1,1,0);
INSERT INTO `t_open_feedback`(`id`,`content_type`,`content_id`,`user_id`,`user_name`,`feedback_type`,`feedback_content`,`status`,`handle_time`,`handle_result`,`create_time`,`update_time`,`create_by`,`update_by`,`deleted`) VALUES(108,'policy',101,124,'用户149','纠错','反馈内容8','1',NULL,NULL,'2026-06-19 22:11:26','2026-06-24 22:11:26',1,1,0);
INSERT INTO `t_open_feedback`(`id`,`content_type`,`content_id`,`user_id`,`user_name`,`feedback_type`,`feedback_content`,`status`,`handle_time`,`handle_result`,`create_time`,`update_time`,`create_by`,`update_by`,`deleted`) VALUES(109,'policy',103,139,'用户123','建议','反馈内容9','1',NULL,'处理结果9','2026-06-12 22:11:26','2026-06-20 22:11:26',1,1,0);
INSERT INTO `t_open_feedback`(`id`,`content_type`,`content_id`,`user_id`,`user_name`,`feedback_type`,`feedback_content`,`status`,`handle_time`,`handle_result`,`create_time`,`update_time`,`create_by`,`update_by`,`deleted`) VALUES(110,'notice',118,100,'用户114','纠错','反馈内容10','3','2026-06-15 22:11:26',NULL,'2026-05-12 22:11:26','2026-06-20 22:11:26',1,1,0);
INSERT INTO `t_open_feedback`(`id`,`content_type`,`content_id`,`user_id`,`user_name`,`feedback_type`,`feedback_content`,`status`,`handle_time`,`handle_result`,`create_time`,`update_time`,`create_by`,`update_by`,`deleted`) VALUES(111,'notice',102,103,'用户108','纠错','反馈内容11','1',NULL,NULL,'2026-05-20 22:11:26','2026-06-07 22:11:26',1,1,0);
INSERT INTO `t_open_feedback`(`id`,`content_type`,`content_id`,`user_id`,`user_name`,`feedback_type`,`feedback_content`,`status`,`handle_time`,`handle_result`,`create_time`,`update_time`,`create_by`,`update_by`,`deleted`) VALUES(112,'notice',109,108,'用户138','纠错','反馈内容12','2','2026-06-17 22:11:26',NULL,'2026-06-11 22:11:26','2026-06-10 22:11:26',1,1,0);
INSERT INTO `t_open_feedback`(`id`,`content_type`,`content_id`,`user_id`,`user_name`,`feedback_type`,`feedback_content`,`status`,`handle_time`,`handle_result`,`create_time`,`update_time`,`create_by`,`update_by`,`deleted`) VALUES(113,'notice',115,145,'用户147','建议','反馈内容13','1',NULL,NULL,'2026-06-04 22:11:26','2026-06-03 22:11:26',1,1,0);
INSERT INTO `t_open_feedback`(`id`,`content_type`,`content_id`,`user_id`,`user_name`,`feedback_type`,`feedback_content`,`status`,`handle_time`,`handle_result`,`create_time`,`update_time`,`create_by`,`update_by`,`deleted`) VALUES(114,'policy',107,133,'用户117','建议','反馈内容14','3','2026-06-27 22:11:26',NULL,'2026-06-01 22:11:26','2026-06-05 22:11:26',1,1,0);
INSERT INTO `t_open_feedback`(`id`,`content_type`,`content_id`,`user_id`,`user_name`,`feedback_type`,`feedback_content`,`status`,`handle_time`,`handle_result`,`create_time`,`update_time`,`create_by`,`update_by`,`deleted`) VALUES(115,'policy',108,105,'用户113','差评','反馈内容15','3',NULL,'处理结果15','2026-06-14 22:11:26','2026-06-24 22:11:26',1,1,0);
INSERT INTO `t_open_feedback`(`id`,`content_type`,`content_id`,`user_id`,`user_name`,`feedback_type`,`feedback_content`,`status`,`handle_time`,`handle_result`,`create_time`,`update_time`,`create_by`,`update_by`,`deleted`) VALUES(116,'policy',104,102,'用户115','纠错','反馈内容16','2','2026-06-27 22:11:26',NULL,'2026-06-25 22:11:26','2026-06-19 22:11:26',1,1,0);
INSERT INTO `t_open_feedback`(`id`,`content_type`,`content_id`,`user_id`,`user_name`,`feedback_type`,`feedback_content`,`status`,`handle_time`,`handle_result`,`create_time`,`update_time`,`create_by`,`update_by`,`deleted`) VALUES(117,'policy',118,124,'用户119','好评','反馈内容17','1',NULL,'处理结果17','2026-05-27 22:11:26','2026-06-27 22:11:26',1,1,0);
INSERT INTO `t_open_feedback`(`id`,`content_type`,`content_id`,`user_id`,`user_name`,`feedback_type`,`feedback_content`,`status`,`handle_time`,`handle_result`,`create_time`,`update_time`,`create_by`,`update_by`,`deleted`) VALUES(118,'policy',112,128,'用户102','差评','反馈内容18','1',NULL,'处理结果18','2026-05-24 22:11:26','2026-06-26 22:11:26',1,1,0);
INSERT INTO `t_open_feedback`(`id`,`content_type`,`content_id`,`user_id`,`user_name`,`feedback_type`,`feedback_content`,`status`,`handle_time`,`handle_result`,`create_time`,`update_time`,`create_by`,`update_by`,`deleted`) VALUES(119,'policy',101,134,'用户148','建议','反馈内容19','1','2026-06-15 22:11:26','处理结果19','2026-04-29 22:11:26','2026-06-01 22:11:26',1,1,0);
INSERT INTO `t_open_feedback`(`id`,`content_type`,`content_id`,`user_id`,`user_name`,`feedback_type`,`feedback_content`,`status`,`handle_time`,`handle_result`,`create_time`,`update_time`,`create_by`,`update_by`,`deleted`) VALUES(120,'policy',118,113,'用户148','好评','反馈内容20','0','2026-06-18 22:11:26',NULL,'2026-05-31 22:11:26','2026-06-02 22:11:26',1,1,0);
INSERT INTO `t_open_feedback`(`id`,`content_type`,`content_id`,`user_id`,`user_name`,`feedback_type`,`feedback_content`,`status`,`handle_time`,`handle_result`,`create_time`,`update_time`,`create_by`,`update_by`,`deleted`) VALUES(121,'notice',103,135,'用户124','建议','反馈内容21','3',NULL,'处理结果21','2026-05-22 22:11:26','2026-06-03 22:11:26',1,1,0);
INSERT INTO `t_open_feedback`(`id`,`content_type`,`content_id`,`user_id`,`user_name`,`feedback_type`,`feedback_content`,`status`,`handle_time`,`handle_result`,`create_time`,`update_time`,`create_by`,`update_by`,`deleted`) VALUES(122,'policy',105,124,'用户129','差评','反馈内容22','1','2026-06-23 22:11:26','处理结果22','2026-06-10 22:11:26','2026-06-25 22:11:26',1,1,0);
INSERT INTO `t_open_feedback`(`id`,`content_type`,`content_id`,`user_id`,`user_name`,`feedback_type`,`feedback_content`,`status`,`handle_time`,`handle_result`,`create_time`,`update_time`,`create_by`,`update_by`,`deleted`) VALUES(123,'notice',117,118,'用户121','咨询','反馈内容23','2',NULL,NULL,'2026-06-10 22:11:26','2026-06-06 22:11:26',1,1,0);
INSERT INTO `t_open_feedback`(`id`,`content_type`,`content_id`,`user_id`,`user_name`,`feedback_type`,`feedback_content`,`status`,`handle_time`,`handle_result`,`create_time`,`update_time`,`create_by`,`update_by`,`deleted`) VALUES(124,'policy',119,100,'用户107','建议','反馈内容24','3','2026-06-14 22:11:26',NULL,'2026-06-16 22:11:26','2026-06-13 22:11:26',1,1,0);

SET FOREIGN_KEY_CHECKS = 1;
