-- ============================================
-- 全量测试种子数据 v4 — 基于实际表结构
-- 生成: 2026-06-28 22:11:26
-- 覆盖 72 张表
SET FOREIGN_KEY_CHECKS = 0;

USE `gov_user`;
DELETE FROM `t_dept_info` WHERE id >= 100;
INSERT INTO `t_dept_info`(`id`,`dept_name`,`dept_code`,`parent_id`,`dept_type`,`leader_id`,`phone`,`address`,`sort`,`status`,`create_time`,`update_time`,`create_by`,`update_by`,`deleted`) VALUES(100,'行政审批局','DEPT100',0,1,NULL,NULL,NULL,1,1,'2026-05-29 22:11:26','2026-05-29 22:11:26',1,1,0);
INSERT INTO `t_dept_info`(`id`,`dept_name`,`dept_code`,`parent_id`,`dept_type`,`leader_id`,`phone`,`address`,`sort`,`status`,`create_time`,`update_time`,`create_by`,`update_by`,`deleted`) VALUES(101,'公安局','DEPT101',0,1,NULL,NULL,NULL,2,1,'2026-05-29 22:11:26','2026-05-29 22:11:26',1,1,0);
INSERT INTO `t_dept_info`(`id`,`dept_name`,`dept_code`,`parent_id`,`dept_type`,`leader_id`,`phone`,`address`,`sort`,`status`,`create_time`,`update_time`,`create_by`,`update_by`,`deleted`) VALUES(102,'税务局','DEPT102',0,1,NULL,NULL,NULL,3,1,'2026-05-29 22:11:26','2026-05-29 22:11:26',1,1,0);
INSERT INTO `t_dept_info`(`id`,`dept_name`,`dept_code`,`parent_id`,`dept_type`,`leader_id`,`phone`,`address`,`sort`,`status`,`create_time`,`update_time`,`create_by`,`update_by`,`deleted`) VALUES(103,'市场监管局','DEPT103',0,1,NULL,NULL,NULL,4,1,'2026-05-29 22:11:26','2026-05-29 22:11:26',1,1,0);
INSERT INTO `t_dept_info`(`id`,`dept_name`,`dept_code`,`parent_id`,`dept_type`,`leader_id`,`phone`,`address`,`sort`,`status`,`create_time`,`update_time`,`create_by`,`update_by`,`deleted`) VALUES(104,'自然资源局','DEPT104',0,1,NULL,NULL,NULL,5,1,'2026-05-29 22:11:26','2026-05-29 22:11:26',1,1,0);
INSERT INTO `t_dept_info`(`id`,`dept_name`,`dept_code`,`parent_id`,`dept_type`,`leader_id`,`phone`,`address`,`sort`,`status`,`create_time`,`update_time`,`create_by`,`update_by`,`deleted`) VALUES(105,'卫健局','DEPT105',0,1,NULL,NULL,NULL,6,1,'2026-05-29 22:11:26','2026-05-29 22:11:26',1,1,0);
INSERT INTO `t_dept_info`(`id`,`dept_name`,`dept_code`,`parent_id`,`dept_type`,`leader_id`,`phone`,`address`,`sort`,`status`,`create_time`,`update_time`,`create_by`,`update_by`,`deleted`) VALUES(106,'住建局','DEPT106',0,1,NULL,NULL,NULL,7,1,'2026-05-29 22:11:26','2026-05-29 22:11:26',1,1,0);
INSERT INTO `t_dept_info`(`id`,`dept_name`,`dept_code`,`parent_id`,`dept_type`,`leader_id`,`phone`,`address`,`sort`,`status`,`create_time`,`update_time`,`create_by`,`update_by`,`deleted`) VALUES(107,'人社局','DEPT107',0,1,NULL,NULL,NULL,8,1,'2026-05-29 22:11:26','2026-05-29 22:11:26',1,1,0);
INSERT INTO `t_dept_info`(`id`,`dept_name`,`dept_code`,`parent_id`,`dept_type`,`leader_id`,`phone`,`address`,`sort`,`status`,`create_time`,`update_time`,`create_by`,`update_by`,`deleted`) VALUES(108,'教育局','DEPT108',0,1,NULL,NULL,NULL,9,1,'2026-05-29 22:11:26','2026-05-29 22:11:26',1,1,0);
INSERT INTO `t_dept_info`(`id`,`dept_name`,`dept_code`,`parent_id`,`dept_type`,`leader_id`,`phone`,`address`,`sort`,`status`,`create_time`,`update_time`,`create_by`,`update_by`,`deleted`) VALUES(109,'交通局','DEPT109',0,1,NULL,NULL,NULL,10,1,'2026-05-29 22:11:26','2026-05-29 22:11:26',1,1,0);

USE `gov_user`;
DELETE FROM `t_role_info` WHERE id >= 100;
INSERT INTO `t_role_info`(`id`,`role_name`,`role_code`,`status`,`remark`,`create_time`,`update_time`,`create_by`,`update_by`,`deleted`) VALUES(100,'系统管理员','ROLE_ADMIN',1,NULL,'2026-05-29 22:11:26','2026-05-29 22:11:26',1,1,0);
INSERT INTO `t_role_info`(`id`,`role_name`,`role_code`,`status`,`remark`,`create_time`,`update_time`,`create_by`,`update_by`,`deleted`) VALUES(101,'窗口人员','ROLE_WINDOW',1,NULL,'2026-05-29 22:11:26','2026-05-29 22:11:26',1,1,0);
INSERT INTO `t_role_info`(`id`,`role_name`,`role_code`,`status`,`remark`,`create_time`,`update_time`,`create_by`,`update_by`,`deleted`) VALUES(102,'审批人员','ROLE_APPROVER',1,NULL,'2026-05-29 22:11:26','2026-05-29 22:11:26',1,1,0);
INSERT INTO `t_role_info`(`id`,`role_name`,`role_code`,`status`,`remark`,`create_time`,`update_time`,`create_by`,`update_by`,`deleted`) VALUES(103,'部门领导','ROLE_LEADER',1,NULL,'2026-05-29 22:11:26','2026-05-29 22:11:26',1,1,0);
INSERT INTO `t_role_info`(`id`,`role_name`,`role_code`,`status`,`remark`,`create_time`,`update_time`,`create_by`,`update_by`,`deleted`) VALUES(104,'普通用户','ROLE_USER',1,NULL,'2026-05-29 22:11:26','2026-05-29 22:11:26',1,1,0);
INSERT INTO `t_role_info`(`id`,`role_name`,`role_code`,`status`,`remark`,`create_time`,`update_time`,`create_by`,`update_by`,`deleted`) VALUES(105,'督查人员','ROLE_SUPERVISOR',1,NULL,'2026-05-29 22:11:26','2026-05-29 22:11:26',1,1,0);
INSERT INTO `t_role_info`(`id`,`role_name`,`role_code`,`status`,`remark`,`create_time`,`update_time`,`create_by`,`update_by`,`deleted`) VALUES(106,'数据管理员','ROLE_DATA_ADMIN',1,NULL,'2026-05-29 22:11:26','2026-05-29 22:11:26',1,1,0);
INSERT INTO `t_role_info`(`id`,`role_name`,`role_code`,`status`,`remark`,`create_time`,`update_time`,`create_by`,`update_by`,`deleted`) VALUES(107,'系统审计员','ROLE_AUDITOR',1,NULL,'2026-05-29 22:11:26','2026-05-29 22:11:26',1,1,0);

USE `gov_user`;
DELETE FROM `t_user_info` WHERE id >= 100;
INSERT INTO `t_user_info`(`id`,`username`,`password`,`phone`,`real_name`,`id_card`,`email`,`avatar`,`gender`,`status`,`last_login_time`,`last_login_ip`,`create_time`,`update_time`,`create_by`,`update_by`,`deleted`) VALUES(100,'张100','$2a$10$placeholder','13800000100','张明','110101199001010100','张100@test.com',NULL,0,0,'2026-06-27 22:11:26','192.168.0.1','2026-05-29 22:11:26','2026-05-29 22:11:26',1,1,0);
INSERT INTO `t_user_info`(`id`,`username`,`password`,`phone`,`real_name`,`id_card`,`email`,`avatar`,`gender`,`status`,`last_login_time`,`last_login_ip`,`create_time`,`update_time`,`create_by`,`update_by`,`deleted`) VALUES(101,'李101','$2a$10$placeholder','13800000101','李华','110101199002020101','李101@test.com',NULL,1,0,'2026-06-20 22:11:26','192.168.1.1','2026-05-29 22:11:26','2026-05-29 22:11:26',1,1,0);
INSERT INTO `t_user_info`(`id`,`username`,`password`,`phone`,`real_name`,`id_card`,`email`,`avatar`,`gender`,`status`,`last_login_time`,`last_login_ip`,`create_time`,`update_time`,`create_by`,`update_by`,`deleted`) VALUES(102,'王102','$2a$10$placeholder','13800000102','王强','110101199003030102','王102@test.com',NULL,2,0,'2026-06-23 22:11:26','192.168.2.1','2026-05-29 22:11:26','2026-05-29 22:11:26',1,1,0);
INSERT INTO `t_user_info`(`id`,`username`,`password`,`phone`,`real_name`,`id_card`,`email`,`avatar`,`gender`,`status`,`last_login_time`,`last_login_ip`,`create_time`,`update_time`,`create_by`,`update_by`,`deleted`) VALUES(103,'赵103','$2a$10$placeholder','13800000103','赵伟','110101199004040103','赵103@test.com',NULL,0,0,'2026-06-06 22:11:26','192.168.3.1','2026-05-29 22:11:26','2026-05-29 22:11:26',1,1,0);
INSERT INTO `t_user_info`(`id`,`username`,`password`,`phone`,`real_name`,`id_card`,`email`,`avatar`,`gender`,`status`,`last_login_time`,`last_login_ip`,`create_time`,`update_time`,`create_by`,`update_by`,`deleted`) VALUES(104,'孙104','$2a$10$placeholder','13800000104','孙芳','110101199005050104','孙104@test.com',NULL,1,0,'2026-06-25 22:11:26','192.168.4.1','2026-05-29 22:11:26','2026-05-29 22:11:26',1,1,0);
INSERT INTO `t_user_info`(`id`,`username`,`password`,`phone`,`real_name`,`id_card`,`email`,`avatar`,`gender`,`status`,`last_login_time`,`last_login_ip`,`create_time`,`update_time`,`create_by`,`update_by`,`deleted`) VALUES(105,'周105','$2a$10$placeholder','13800000105','周丽','110101199006060105','周105@test.com',NULL,2,0,'2026-06-14 22:11:26','192.168.5.1','2026-05-29 22:11:26','2026-05-29 22:11:26',1,1,0);
INSERT INTO `t_user_info`(`id`,`username`,`password`,`phone`,`real_name`,`id_card`,`email`,`avatar`,`gender`,`status`,`last_login_time`,`last_login_ip`,`create_time`,`update_time`,`create_by`,`update_by`,`deleted`) VALUES(106,'吴106','$2a$10$placeholder','13800000106','吴军','110101199007070106','吴106@test.com',NULL,0,0,'2026-06-27 22:11:26','192.168.6.1','2026-05-29 22:11:26','2026-05-29 22:11:26',1,1,0);
INSERT INTO `t_user_info`(`id`,`username`,`password`,`phone`,`real_name`,`id_card`,`email`,`avatar`,`gender`,`status`,`last_login_time`,`last_login_ip`,`create_time`,`update_time`,`create_by`,`update_by`,`deleted`) VALUES(107,'郑107','$2a$10$placeholder','13800000107','郑勇','110101199008080107','郑107@test.com',NULL,1,0,'2026-06-21 22:11:26','192.168.7.1','2026-05-29 22:11:26','2026-05-29 22:11:26',1,1,0);
INSERT INTO `t_user_info`(`id`,`username`,`password`,`phone`,`real_name`,`id_card`,`email`,`avatar`,`gender`,`status`,`last_login_time`,`last_login_ip`,`create_time`,`update_time`,`create_by`,`update_by`,`deleted`) VALUES(108,'钱108','$2a$10$placeholder','13800000108','钱敏','110101199009090108','钱108@test.com',NULL,2,0,'2026-06-11 22:11:26','192.168.8.1','2026-05-29 22:11:26','2026-05-29 22:11:26',1,1,0);
INSERT INTO `t_user_info`(`id`,`username`,`password`,`phone`,`real_name`,`id_card`,`email`,`avatar`,`gender`,`status`,`last_login_time`,`last_login_ip`,`create_time`,`update_time`,`create_by`,`update_by`,`deleted`) VALUES(109,'陈109','$2a$10$placeholder','13800000109','陈静','110101199010100109','陈109@test.com',NULL,0,1,'2026-06-27 22:11:26','192.168.9.1','2026-05-29 22:11:26','2026-05-29 22:11:26',1,1,0);
INSERT INTO `t_user_info`(`id`,`username`,`password`,`phone`,`real_name`,`id_card`,`email`,`avatar`,`gender`,`status`,`last_login_time`,`last_login_ip`,`create_time`,`update_time`,`create_by`,`update_by`,`deleted`) VALUES(110,'刘110','$2a$10$placeholder','13800000110','刘明','110101199011110110','刘110@test.com',NULL,1,1,'2026-06-21 22:11:26','192.168.10.1','2026-05-29 22:11:26','2026-05-29 22:11:26',1,1,0);
INSERT INTO `t_user_info`(`id`,`username`,`password`,`phone`,`real_name`,`id_card`,`email`,`avatar`,`gender`,`status`,`last_login_time`,`last_login_ip`,`create_time`,`update_time`,`create_by`,`update_by`,`deleted`) VALUES(111,'黄111','$2a$10$placeholder','13800000111','黄华','110101199012120111','黄111@test.com',NULL,2,2,'2026-06-14 22:11:26','192.168.11.1','2026-05-29 22:11:26','2026-05-29 22:11:26',1,1,0);
INSERT INTO `t_user_info`(`id`,`username`,`password`,`phone`,`real_name`,`id_card`,`email`,`avatar`,`gender`,`status`,`last_login_time`,`last_login_ip`,`create_time`,`update_time`,`create_by`,`update_by`,`deleted`) VALUES(112,'user112','$2a$10$placeholder','13800000112','杨强','110101199001130112','user112@test.com',NULL,0,0,'2026-06-13 22:11:26','192.168.12.1','2026-05-29 22:11:26','2026-05-29 22:11:26',1,1,0);
INSERT INTO `t_user_info`(`id`,`username`,`password`,`phone`,`real_name`,`id_card`,`email`,`avatar`,`gender`,`status`,`last_login_time`,`last_login_ip`,`create_time`,`update_time`,`create_by`,`update_by`,`deleted`) VALUES(113,'user113','$2a$10$placeholder','13800000113','朱伟','110101199002140113','user113@test.com',NULL,1,0,'2026-06-19 22:11:26','192.168.13.1','2026-05-29 22:11:26','2026-05-29 22:11:26',1,1,0);
INSERT INTO `t_user_info`(`id`,`username`,`password`,`phone`,`real_name`,`id_card`,`email`,`avatar`,`gender`,`status`,`last_login_time`,`last_login_ip`,`create_time`,`update_time`,`create_by`,`update_by`,`deleted`) VALUES(114,'user114','$2a$10$placeholder','13800000114','马芳','110101199003150114','user114@test.com',NULL,2,0,'2026-06-03 22:11:26','192.168.14.1','2026-05-29 22:11:26','2026-05-29 22:11:26',1,1,0);
INSERT INTO `t_user_info`(`id`,`username`,`password`,`phone`,`real_name`,`id_card`,`email`,`avatar`,`gender`,`status`,`last_login_time`,`last_login_ip`,`create_time`,`update_time`,`create_by`,`update_by`,`deleted`) VALUES(115,'user115','$2a$10$placeholder','13800000115','胡丽','110101199004160115','user115@test.com',NULL,0,0,'2026-06-05 22:11:26','192.168.15.1','2026-05-29 22:11:26','2026-05-29 22:11:26',1,1,0);
INSERT INTO `t_user_info`(`id`,`username`,`password`,`phone`,`real_name`,`id_card`,`email`,`avatar`,`gender`,`status`,`last_login_time`,`last_login_ip`,`create_time`,`update_time`,`create_by`,`update_by`,`deleted`) VALUES(116,'user116','$2a$10$placeholder','13800000116','郭军','110101199005170116','user116@test.com',NULL,1,0,'2026-06-17 22:11:26','192.168.16.1','2026-05-29 22:11:26','2026-05-29 22:11:26',1,1,0);
INSERT INTO `t_user_info`(`id`,`username`,`password`,`phone`,`real_name`,`id_card`,`email`,`avatar`,`gender`,`status`,`last_login_time`,`last_login_ip`,`create_time`,`update_time`,`create_by`,`update_by`,`deleted`) VALUES(117,'user117','$2a$10$placeholder','13800000117','何勇','110101199006180117','user117@test.com',NULL,2,0,'2026-06-23 22:11:26','192.168.17.1','2026-05-29 22:11:26','2026-05-29 22:11:26',1,1,0);
INSERT INTO `t_user_info`(`id`,`username`,`password`,`phone`,`real_name`,`id_card`,`email`,`avatar`,`gender`,`status`,`last_login_time`,`last_login_ip`,`create_time`,`update_time`,`create_by`,`update_by`,`deleted`) VALUES(118,'user118','$2a$10$placeholder','13800000118','高敏','110101199007190118','user118@test.com',NULL,0,0,'2026-06-03 22:11:26','192.168.18.1','2026-05-29 22:11:26','2026-05-29 22:11:26',1,1,0);
INSERT INTO `t_user_info`(`id`,`username`,`password`,`phone`,`real_name`,`id_card`,`email`,`avatar`,`gender`,`status`,`last_login_time`,`last_login_ip`,`create_time`,`update_time`,`create_by`,`update_by`,`deleted`) VALUES(119,'user119','$2a$10$placeholder','13800000119','张静','110101199008200119','user119@test.com',NULL,1,0,'2026-06-24 22:11:26','192.168.19.1','2026-05-29 22:11:26','2026-05-29 22:11:26',1,1,0);
INSERT INTO `t_user_info`(`id`,`username`,`password`,`phone`,`real_name`,`id_card`,`email`,`avatar`,`gender`,`status`,`last_login_time`,`last_login_ip`,`create_time`,`update_time`,`create_by`,`update_by`,`deleted`) VALUES(120,'user120','$2a$10$placeholder','13800000120','李明','110101199009210120','user120@test.com',NULL,2,0,'2026-06-15 22:11:26','192.168.20.1','2026-05-29 22:11:26','2026-05-29 22:11:26',1,1,0);
INSERT INTO `t_user_info`(`id`,`username`,`password`,`phone`,`real_name`,`id_card`,`email`,`avatar`,`gender`,`status`,`last_login_time`,`last_login_ip`,`create_time`,`update_time`,`create_by`,`update_by`,`deleted`) VALUES(121,'user121','$2a$10$placeholder','13800000121','王华','110101199010220121','user121@test.com',NULL,0,1,'2026-06-16 22:11:26','192.168.21.1','2026-05-29 22:11:26','2026-05-29 22:11:26',1,1,0);
INSERT INTO `t_user_info`(`id`,`username`,`password`,`phone`,`real_name`,`id_card`,`email`,`avatar`,`gender`,`status`,`last_login_time`,`last_login_ip`,`create_time`,`update_time`,`create_by`,`update_by`,`deleted`) VALUES(122,'user122','$2a$10$placeholder','13800000122','赵强','110101199011230122','user122@test.com',NULL,1,1,'2026-06-08 22:11:26','192.168.22.1','2026-05-29 22:11:26','2026-05-29 22:11:26',1,1,0);
INSERT INTO `t_user_info`(`id`,`username`,`password`,`phone`,`real_name`,`id_card`,`email`,`avatar`,`gender`,`status`,`last_login_time`,`last_login_ip`,`create_time`,`update_time`,`create_by`,`update_by`,`deleted`) VALUES(123,'user123','$2a$10$placeholder','13800000123','孙伟','110101199012240123','user123@test.com',NULL,2,2,'2026-06-02 22:11:26','192.168.23.1','2026-05-29 22:11:26','2026-05-29 22:11:26',1,1,0);
INSERT INTO `t_user_info`(`id`,`username`,`password`,`phone`,`real_name`,`id_card`,`email`,`avatar`,`gender`,`status`,`last_login_time`,`last_login_ip`,`create_time`,`update_time`,`create_by`,`update_by`,`deleted`) VALUES(124,'user124','$2a$10$placeholder','13800000124','周芳','110101199001250124','user124@test.com',NULL,0,0,'2026-06-04 22:11:26','192.168.24.1','2026-05-29 22:11:26','2026-05-29 22:11:26',1,1,0);
INSERT INTO `t_user_info`(`id`,`username`,`password`,`phone`,`real_name`,`id_card`,`email`,`avatar`,`gender`,`status`,`last_login_time`,`last_login_ip`,`create_time`,`update_time`,`create_by`,`update_by`,`deleted`) VALUES(125,'user125','$2a$10$placeholder','13800000125','吴丽','110101199002260125','user125@test.com',NULL,1,0,'2026-06-10 22:11:26','192.168.25.1','2026-05-29 22:11:26','2026-05-29 22:11:26',1,1,0);
INSERT INTO `t_user_info`(`id`,`username`,`password`,`phone`,`real_name`,`id_card`,`email`,`avatar`,`gender`,`status`,`last_login_time`,`last_login_ip`,`create_time`,`update_time`,`create_by`,`update_by`,`deleted`) VALUES(126,'user126','$2a$10$placeholder','13800000126','郑军','110101199003270126','user126@test.com',NULL,2,0,'2026-05-29 22:11:26','192.168.26.1','2026-05-29 22:11:26','2026-05-29 22:11:26',1,1,0);
INSERT INTO `t_user_info`(`id`,`username`,`password`,`phone`,`real_name`,`id_card`,`email`,`avatar`,`gender`,`status`,`last_login_time`,`last_login_ip`,`create_time`,`update_time`,`create_by`,`update_by`,`deleted`) VALUES(127,'user127','$2a$10$placeholder','13800000127','钱勇','110101199004280127','user127@test.com',NULL,0,0,'2026-06-25 22:11:26','192.168.27.1','2026-05-29 22:11:26','2026-05-29 22:11:26',1,1,0);
INSERT INTO `t_user_info`(`id`,`username`,`password`,`phone`,`real_name`,`id_card`,`email`,`avatar`,`gender`,`status`,`last_login_time`,`last_login_ip`,`create_time`,`update_time`,`create_by`,`update_by`,`deleted`) VALUES(128,'user128','$2a$10$placeholder','13800000128','陈敏','110101199005010128','user128@test.com',NULL,1,0,'2026-06-18 22:11:26','192.168.28.1','2026-05-29 22:11:26','2026-05-29 22:11:26',1,1,0);
INSERT INTO `t_user_info`(`id`,`username`,`password`,`phone`,`real_name`,`id_card`,`email`,`avatar`,`gender`,`status`,`last_login_time`,`last_login_ip`,`create_time`,`update_time`,`create_by`,`update_by`,`deleted`) VALUES(129,'user129','$2a$10$placeholder','13800000129','刘静','110101199006020129','user129@test.com',NULL,2,0,'2026-05-30 22:11:26','192.168.29.1','2026-05-29 22:11:26','2026-05-29 22:11:26',1,1,0);
INSERT INTO `t_user_info`(`id`,`username`,`password`,`phone`,`real_name`,`id_card`,`email`,`avatar`,`gender`,`status`,`last_login_time`,`last_login_ip`,`create_time`,`update_time`,`create_by`,`update_by`,`deleted`) VALUES(130,'user130','$2a$10$placeholder','13800000130','黄明','110101199007030130','user130@test.com',NULL,0,0,'2026-06-09 22:11:26','192.168.30.1','2026-05-29 22:11:26','2026-05-29 22:11:26',1,1,0);
INSERT INTO `t_user_info`(`id`,`username`,`password`,`phone`,`real_name`,`id_card`,`email`,`avatar`,`gender`,`status`,`last_login_time`,`last_login_ip`,`create_time`,`update_time`,`create_by`,`update_by`,`deleted`) VALUES(131,'user131','$2a$10$placeholder','13800000131','杨华','110101199008040131','user131@test.com',NULL,1,0,'2026-06-05 22:11:26','192.168.31.1','2026-05-29 22:11:26','2026-05-29 22:11:26',1,1,0);
INSERT INTO `t_user_info`(`id`,`username`,`password`,`phone`,`real_name`,`id_card`,`email`,`avatar`,`gender`,`status`,`last_login_time`,`last_login_ip`,`create_time`,`update_time`,`create_by`,`update_by`,`deleted`) VALUES(132,'user132','$2a$10$placeholder','13800000132','朱强','110101199009050132','user132@test.com',NULL,2,0,'2026-06-26 22:11:26','192.168.32.1','2026-05-29 22:11:26','2026-05-29 22:11:26',1,1,0);
INSERT INTO `t_user_info`(`id`,`username`,`password`,`phone`,`real_name`,`id_card`,`email`,`avatar`,`gender`,`status`,`last_login_time`,`last_login_ip`,`create_time`,`update_time`,`create_by`,`update_by`,`deleted`) VALUES(133,'user133','$2a$10$placeholder','13800000133','马伟','110101199010060133','user133@test.com',NULL,0,1,'2026-06-03 22:11:26','192.168.33.1','2026-05-29 22:11:26','2026-05-29 22:11:26',1,1,0);
INSERT INTO `t_user_info`(`id`,`username`,`password`,`phone`,`real_name`,`id_card`,`email`,`avatar`,`gender`,`status`,`last_login_time`,`last_login_ip`,`create_time`,`update_time`,`create_by`,`update_by`,`deleted`) VALUES(134,'user134','$2a$10$placeholder','13800000134','胡芳','110101199011070134','user134@test.com',NULL,1,1,'2026-06-25 22:11:26','192.168.34.1','2026-05-29 22:11:26','2026-05-29 22:11:26',1,1,0);
INSERT INTO `t_user_info`(`id`,`username`,`password`,`phone`,`real_name`,`id_card`,`email`,`avatar`,`gender`,`status`,`last_login_time`,`last_login_ip`,`create_time`,`update_time`,`create_by`,`update_by`,`deleted`) VALUES(135,'user135','$2a$10$placeholder','13800000135','郭丽','110101199012080135','user135@test.com',NULL,2,2,'2026-05-31 22:11:26','192.168.35.1','2026-05-29 22:11:26','2026-05-29 22:11:26',1,1,0);
INSERT INTO `t_user_info`(`id`,`username`,`password`,`phone`,`real_name`,`id_card`,`email`,`avatar`,`gender`,`status`,`last_login_time`,`last_login_ip`,`create_time`,`update_time`,`create_by`,`update_by`,`deleted`) VALUES(136,'user136','$2a$10$placeholder','13800000136','何军','110101199001090136','user136@test.com',NULL,0,0,'2026-06-15 22:11:26','192.168.36.1','2026-05-29 22:11:26','2026-05-29 22:11:26',1,1,0);
INSERT INTO `t_user_info`(`id`,`username`,`password`,`phone`,`real_name`,`id_card`,`email`,`avatar`,`gender`,`status`,`last_login_time`,`last_login_ip`,`create_time`,`update_time`,`create_by`,`update_by`,`deleted`) VALUES(137,'user137','$2a$10$placeholder','13800000137','高勇','110101199002100137','user137@test.com',NULL,1,0,'2026-06-13 22:11:26','192.168.37.1','2026-05-29 22:11:26','2026-05-29 22:11:26',1,1,0);
INSERT INTO `t_user_info`(`id`,`username`,`password`,`phone`,`real_name`,`id_card`,`email`,`avatar`,`gender`,`status`,`last_login_time`,`last_login_ip`,`create_time`,`update_time`,`create_by`,`update_by`,`deleted`) VALUES(138,'user138','$2a$10$placeholder','13800000138','张敏','110101199003110138','user138@test.com',NULL,2,0,'2026-06-22 22:11:26','192.168.38.1','2026-05-29 22:11:26','2026-05-29 22:11:26',1,1,0);
INSERT INTO `t_user_info`(`id`,`username`,`password`,`phone`,`real_name`,`id_card`,`email`,`avatar`,`gender`,`status`,`last_login_time`,`last_login_ip`,`create_time`,`update_time`,`create_by`,`update_by`,`deleted`) VALUES(139,'user139','$2a$10$placeholder','13800000139','李静','110101199004120139','user139@test.com',NULL,0,0,'2026-06-16 22:11:26','192.168.39.1','2026-05-29 22:11:26','2026-05-29 22:11:26',1,1,0);
INSERT INTO `t_user_info`(`id`,`username`,`password`,`phone`,`real_name`,`id_card`,`email`,`avatar`,`gender`,`status`,`last_login_time`,`last_login_ip`,`create_time`,`update_time`,`create_by`,`update_by`,`deleted`) VALUES(140,'user140','$2a$10$placeholder','13800000140','王明','110101199005130140','user140@test.com',NULL,1,0,'2026-06-06 22:11:26','192.168.40.1','2026-05-29 22:11:26','2026-05-29 22:11:26',1,1,0);
INSERT INTO `t_user_info`(`id`,`username`,`password`,`phone`,`real_name`,`id_card`,`email`,`avatar`,`gender`,`status`,`last_login_time`,`last_login_ip`,`create_time`,`update_time`,`create_by`,`update_by`,`deleted`) VALUES(141,'user141','$2a$10$placeholder','13800000141','赵华','110101199006140141','user141@test.com',NULL,2,0,'2026-06-05 22:11:26','192.168.41.1','2026-05-29 22:11:26','2026-05-29 22:11:26',1,1,0);
INSERT INTO `t_user_info`(`id`,`username`,`password`,`phone`,`real_name`,`id_card`,`email`,`avatar`,`gender`,`status`,`last_login_time`,`last_login_ip`,`create_time`,`update_time`,`create_by`,`update_by`,`deleted`) VALUES(142,'user142','$2a$10$placeholder','13800000142','孙强','110101199007150142','user142@test.com',NULL,0,0,'2026-06-08 22:11:26','192.168.42.1','2026-05-29 22:11:26','2026-05-29 22:11:26',1,1,0);
INSERT INTO `t_user_info`(`id`,`username`,`password`,`phone`,`real_name`,`id_card`,`email`,`avatar`,`gender`,`status`,`last_login_time`,`last_login_ip`,`create_time`,`update_time`,`create_by`,`update_by`,`deleted`) VALUES(143,'user143','$2a$10$placeholder','13800000143','周伟','110101199008160143','user143@test.com',NULL,1,0,'2026-06-10 22:11:26','192.168.43.1','2026-05-29 22:11:26','2026-05-29 22:11:26',1,1,0);
INSERT INTO `t_user_info`(`id`,`username`,`password`,`phone`,`real_name`,`id_card`,`email`,`avatar`,`gender`,`status`,`last_login_time`,`last_login_ip`,`create_time`,`update_time`,`create_by`,`update_by`,`deleted`) VALUES(144,'user144','$2a$10$placeholder','13800000144','吴芳','110101199009170144','user144@test.com',NULL,2,0,'2026-06-22 22:11:26','192.168.44.1','2026-05-29 22:11:26','2026-05-29 22:11:26',1,1,0);
INSERT INTO `t_user_info`(`id`,`username`,`password`,`phone`,`real_name`,`id_card`,`email`,`avatar`,`gender`,`status`,`last_login_time`,`last_login_ip`,`create_time`,`update_time`,`create_by`,`update_by`,`deleted`) VALUES(145,'user145','$2a$10$placeholder','13800000145','郑丽','110101199010180145','user145@test.com',NULL,0,1,'2026-06-15 22:11:26','192.168.45.1','2026-05-29 22:11:26','2026-05-29 22:11:26',1,1,0);
INSERT INTO `t_user_info`(`id`,`username`,`password`,`phone`,`real_name`,`id_card`,`email`,`avatar`,`gender`,`status`,`last_login_time`,`last_login_ip`,`create_time`,`update_time`,`create_by`,`update_by`,`deleted`) VALUES(146,'user146','$2a$10$placeholder','13800000146','钱军','110101199011190146','user146@test.com',NULL,1,1,'2026-05-29 22:11:26','192.168.46.1','2026-05-29 22:11:26','2026-05-29 22:11:26',1,1,0);
INSERT INTO `t_user_info`(`id`,`username`,`password`,`phone`,`real_name`,`id_card`,`email`,`avatar`,`gender`,`status`,`last_login_time`,`last_login_ip`,`create_time`,`update_time`,`create_by`,`update_by`,`deleted`) VALUES(147,'user147','$2a$10$placeholder','13800000147','陈勇','110101199012200147','user147@test.com',NULL,2,2,'2026-06-20 22:11:26','192.168.47.1','2026-05-29 22:11:26','2026-05-29 22:11:26',1,1,0);
INSERT INTO `t_user_info`(`id`,`username`,`password`,`phone`,`real_name`,`id_card`,`email`,`avatar`,`gender`,`status`,`last_login_time`,`last_login_ip`,`create_time`,`update_time`,`create_by`,`update_by`,`deleted`) VALUES(148,'user148','$2a$10$placeholder','13800000148','刘敏','110101199001210148','user148@test.com',NULL,0,0,'2026-06-01 22:11:26','192.168.48.1','2026-05-29 22:11:26','2026-05-29 22:11:26',1,1,0);
INSERT INTO `t_user_info`(`id`,`username`,`password`,`phone`,`real_name`,`id_card`,`email`,`avatar`,`gender`,`status`,`last_login_time`,`last_login_ip`,`create_time`,`update_time`,`create_by`,`update_by`,`deleted`) VALUES(149,'user149','$2a$10$placeholder','13800000149','黄静','110101199002220149','user149@test.com',NULL,1,0,'2026-06-20 22:11:26','192.168.49.1','2026-05-29 22:11:26','2026-05-29 22:11:26',1,1,0);

USE `gov_user`;
DELETE FROM `t_user_role` WHERE id >= 100;
INSERT INTO `t_user_role`(`id`,`user_id`,`role_id`,`create_time`,`deleted`) VALUES(1000,100,100,'2026-05-29 22:11:26',0);
INSERT INTO `t_user_role`(`id`,`user_id`,`role_id`,`create_time`,`deleted`) VALUES(1003,101,101,'2026-05-29 22:11:26',0);
INSERT INTO `t_user_role`(`id`,`user_id`,`role_id`,`create_time`,`deleted`) VALUES(1004,101,102,'2026-05-29 22:11:26',0);
INSERT INTO `t_user_role`(`id`,`user_id`,`role_id`,`create_time`,`deleted`) VALUES(1006,102,102,'2026-05-29 22:11:26',0);
INSERT INTO `t_user_role`(`id`,`user_id`,`role_id`,`create_time`,`deleted`) VALUES(1007,102,103,'2026-05-29 22:11:26',0);
INSERT INTO `t_user_role`(`id`,`user_id`,`role_id`,`create_time`,`deleted`) VALUES(1008,102,104,'2026-05-29 22:11:26',0);
INSERT INTO `t_user_role`(`id`,`user_id`,`role_id`,`create_time`,`deleted`) VALUES(1009,103,103,'2026-05-29 22:11:26',0);
INSERT INTO `t_user_role`(`id`,`user_id`,`role_id`,`create_time`,`deleted`) VALUES(1012,104,104,'2026-05-29 22:11:26',0);
INSERT INTO `t_user_role`(`id`,`user_id`,`role_id`,`create_time`,`deleted`) VALUES(1013,104,105,'2026-05-29 22:11:26',0);
INSERT INTO `t_user_role`(`id`,`user_id`,`role_id`,`create_time`,`deleted`) VALUES(1015,105,105,'2026-05-29 22:11:26',0);
INSERT INTO `t_user_role`(`id`,`user_id`,`role_id`,`create_time`,`deleted`) VALUES(1016,105,106,'2026-05-29 22:11:26',0);
INSERT INTO `t_user_role`(`id`,`user_id`,`role_id`,`create_time`,`deleted`) VALUES(1017,105,107,'2026-05-29 22:11:26',0);
INSERT INTO `t_user_role`(`id`,`user_id`,`role_id`,`create_time`,`deleted`) VALUES(1018,106,106,'2026-05-29 22:11:26',0);
INSERT INTO `t_user_role`(`id`,`user_id`,`role_id`,`create_time`,`deleted`) VALUES(1021,107,107,'2026-05-29 22:11:26',0);
INSERT INTO `t_user_role`(`id`,`user_id`,`role_id`,`create_time`,`deleted`) VALUES(1022,107,100,'2026-05-29 22:11:26',0);
INSERT INTO `t_user_role`(`id`,`user_id`,`role_id`,`create_time`,`deleted`) VALUES(1024,108,100,'2026-05-29 22:11:26',0);
INSERT INTO `t_user_role`(`id`,`user_id`,`role_id`,`create_time`,`deleted`) VALUES(1025,108,101,'2026-05-29 22:11:26',0);
INSERT INTO `t_user_role`(`id`,`user_id`,`role_id`,`create_time`,`deleted`) VALUES(1026,108,102,'2026-05-29 22:11:26',0);
INSERT INTO `t_user_role`(`id`,`user_id`,`role_id`,`create_time`,`deleted`) VALUES(1027,109,101,'2026-05-29 22:11:26',0);
INSERT INTO `t_user_role`(`id`,`user_id`,`role_id`,`create_time`,`deleted`) VALUES(1030,110,102,'2026-05-29 22:11:26',0);
INSERT INTO `t_user_role`(`id`,`user_id`,`role_id`,`create_time`,`deleted`) VALUES(1031,110,103,'2026-05-29 22:11:26',0);
INSERT INTO `t_user_role`(`id`,`user_id`,`role_id`,`create_time`,`deleted`) VALUES(1033,111,103,'2026-05-29 22:11:26',0);
INSERT INTO `t_user_role`(`id`,`user_id`,`role_id`,`create_time`,`deleted`) VALUES(1034,111,104,'2026-05-29 22:11:26',0);
INSERT INTO `t_user_role`(`id`,`user_id`,`role_id`,`create_time`,`deleted`) VALUES(1035,111,105,'2026-05-29 22:11:26',0);
INSERT INTO `t_user_role`(`id`,`user_id`,`role_id`,`create_time`,`deleted`) VALUES(1036,112,104,'2026-05-29 22:11:26',0);
INSERT INTO `t_user_role`(`id`,`user_id`,`role_id`,`create_time`,`deleted`) VALUES(1039,113,105,'2026-05-29 22:11:26',0);
INSERT INTO `t_user_role`(`id`,`user_id`,`role_id`,`create_time`,`deleted`) VALUES(1040,113,106,'2026-05-29 22:11:26',0);
INSERT INTO `t_user_role`(`id`,`user_id`,`role_id`,`create_time`,`deleted`) VALUES(1042,114,106,'2026-05-29 22:11:26',0);
INSERT INTO `t_user_role`(`id`,`user_id`,`role_id`,`create_time`,`deleted`) VALUES(1043,114,107,'2026-05-29 22:11:26',0);
INSERT INTO `t_user_role`(`id`,`user_id`,`role_id`,`create_time`,`deleted`) VALUES(1044,114,100,'2026-05-29 22:11:26',0);
INSERT INTO `t_user_role`(`id`,`user_id`,`role_id`,`create_time`,`deleted`) VALUES(1045,115,107,'2026-05-29 22:11:26',0);
INSERT INTO `t_user_role`(`id`,`user_id`,`role_id`,`create_time`,`deleted`) VALUES(1048,116,100,'2026-05-29 22:11:26',0);
INSERT INTO `t_user_role`(`id`,`user_id`,`role_id`,`create_time`,`deleted`) VALUES(1049,116,101,'2026-05-29 22:11:26',0);
INSERT INTO `t_user_role`(`id`,`user_id`,`role_id`,`create_time`,`deleted`) VALUES(1051,117,101,'2026-05-29 22:11:26',0);
INSERT INTO `t_user_role`(`id`,`user_id`,`role_id`,`create_time`,`deleted`) VALUES(1052,117,102,'2026-05-29 22:11:26',0);
INSERT INTO `t_user_role`(`id`,`user_id`,`role_id`,`create_time`,`deleted`) VALUES(1053,117,103,'2026-05-29 22:11:26',0);
INSERT INTO `t_user_role`(`id`,`user_id`,`role_id`,`create_time`,`deleted`) VALUES(1054,118,102,'2026-05-29 22:11:26',0);
INSERT INTO `t_user_role`(`id`,`user_id`,`role_id`,`create_time`,`deleted`) VALUES(1057,119,103,'2026-05-29 22:11:26',0);
INSERT INTO `t_user_role`(`id`,`user_id`,`role_id`,`create_time`,`deleted`) VALUES(1058,119,104,'2026-05-29 22:11:26',0);
INSERT INTO `t_user_role`(`id`,`user_id`,`role_id`,`create_time`,`deleted`) VALUES(1060,120,104,'2026-05-29 22:11:26',0);
INSERT INTO `t_user_role`(`id`,`user_id`,`role_id`,`create_time`,`deleted`) VALUES(1061,120,105,'2026-05-29 22:11:26',0);
INSERT INTO `t_user_role`(`id`,`user_id`,`role_id`,`create_time`,`deleted`) VALUES(1062,120,106,'2026-05-29 22:11:26',0);
INSERT INTO `t_user_role`(`id`,`user_id`,`role_id`,`create_time`,`deleted`) VALUES(1063,121,105,'2026-05-29 22:11:26',0);
INSERT INTO `t_user_role`(`id`,`user_id`,`role_id`,`create_time`,`deleted`) VALUES(1066,122,106,'2026-05-29 22:11:26',0);
INSERT INTO `t_user_role`(`id`,`user_id`,`role_id`,`create_time`,`deleted`) VALUES(1067,122,107,'2026-05-29 22:11:26',0);
INSERT INTO `t_user_role`(`id`,`user_id`,`role_id`,`create_time`,`deleted`) VALUES(1069,123,107,'2026-05-29 22:11:26',0);
INSERT INTO `t_user_role`(`id`,`user_id`,`role_id`,`create_time`,`deleted`) VALUES(1070,123,100,'2026-05-29 22:11:26',0);
INSERT INTO `t_user_role`(`id`,`user_id`,`role_id`,`create_time`,`deleted`) VALUES(1071,123,101,'2026-05-29 22:11:26',0);
INSERT INTO `t_user_role`(`id`,`user_id`,`role_id`,`create_time`,`deleted`) VALUES(1072,124,100,'2026-05-29 22:11:26',0);
INSERT INTO `t_user_role`(`id`,`user_id`,`role_id`,`create_time`,`deleted`) VALUES(1075,125,101,'2026-05-29 22:11:26',0);
INSERT INTO `t_user_role`(`id`,`user_id`,`role_id`,`create_time`,`deleted`) VALUES(1076,125,102,'2026-05-29 22:11:26',0);
INSERT INTO `t_user_role`(`id`,`user_id`,`role_id`,`create_time`,`deleted`) VALUES(1078,126,102,'2026-05-29 22:11:26',0);
INSERT INTO `t_user_role`(`id`,`user_id`,`role_id`,`create_time`,`deleted`) VALUES(1079,126,103,'2026-05-29 22:11:26',0);
INSERT INTO `t_user_role`(`id`,`user_id`,`role_id`,`create_time`,`deleted`) VALUES(1080,126,104,'2026-05-29 22:11:26',0);
INSERT INTO `t_user_role`(`id`,`user_id`,`role_id`,`create_time`,`deleted`) VALUES(1081,127,103,'2026-05-29 22:11:26',0);
INSERT INTO `t_user_role`(`id`,`user_id`,`role_id`,`create_time`,`deleted`) VALUES(1084,128,104,'2026-05-29 22:11:26',0);
INSERT INTO `t_user_role`(`id`,`user_id`,`role_id`,`create_time`,`deleted`) VALUES(1085,128,105,'2026-05-29 22:11:26',0);
INSERT INTO `t_user_role`(`id`,`user_id`,`role_id`,`create_time`,`deleted`) VALUES(1087,129,105,'2026-05-29 22:11:26',0);
INSERT INTO `t_user_role`(`id`,`user_id`,`role_id`,`create_time`,`deleted`) VALUES(1088,129,106,'2026-05-29 22:11:26',0);
INSERT INTO `t_user_role`(`id`,`user_id`,`role_id`,`create_time`,`deleted`) VALUES(1089,129,107,'2026-05-29 22:11:26',0);
INSERT INTO `t_user_role`(`id`,`user_id`,`role_id`,`create_time`,`deleted`) VALUES(1090,130,106,'2026-05-29 22:11:26',0);
INSERT INTO `t_user_role`(`id`,`user_id`,`role_id`,`create_time`,`deleted`) VALUES(1093,131,107,'2026-05-29 22:11:26',0);
INSERT INTO `t_user_role`(`id`,`user_id`,`role_id`,`create_time`,`deleted`) VALUES(1094,131,100,'2026-05-29 22:11:26',0);
INSERT INTO `t_user_role`(`id`,`user_id`,`role_id`,`create_time`,`deleted`) VALUES(1096,132,100,'2026-05-29 22:11:26',0);
INSERT INTO `t_user_role`(`id`,`user_id`,`role_id`,`create_time`,`deleted`) VALUES(1097,132,101,'2026-05-29 22:11:26',0);
INSERT INTO `t_user_role`(`id`,`user_id`,`role_id`,`create_time`,`deleted`) VALUES(1098,132,102,'2026-05-29 22:11:26',0);
INSERT INTO `t_user_role`(`id`,`user_id`,`role_id`,`create_time`,`deleted`) VALUES(1099,133,101,'2026-05-29 22:11:26',0);
INSERT INTO `t_user_role`(`id`,`user_id`,`role_id`,`create_time`,`deleted`) VALUES(1102,134,102,'2026-05-29 22:11:26',0);
INSERT INTO `t_user_role`(`id`,`user_id`,`role_id`,`create_time`,`deleted`) VALUES(1103,134,103,'2026-05-29 22:11:26',0);
INSERT INTO `t_user_role`(`id`,`user_id`,`role_id`,`create_time`,`deleted`) VALUES(1105,135,103,'2026-05-29 22:11:26',0);
INSERT INTO `t_user_role`(`id`,`user_id`,`role_id`,`create_time`,`deleted`) VALUES(1106,135,104,'2026-05-29 22:11:26',0);
INSERT INTO `t_user_role`(`id`,`user_id`,`role_id`,`create_time`,`deleted`) VALUES(1107,135,105,'2026-05-29 22:11:26',0);
INSERT INTO `t_user_role`(`id`,`user_id`,`role_id`,`create_time`,`deleted`) VALUES(1108,136,104,'2026-05-29 22:11:26',0);
INSERT INTO `t_user_role`(`id`,`user_id`,`role_id`,`create_time`,`deleted`) VALUES(1111,137,105,'2026-05-29 22:11:26',0);
INSERT INTO `t_user_role`(`id`,`user_id`,`role_id`,`create_time`,`deleted`) VALUES(1112,137,106,'2026-05-29 22:11:26',0);
INSERT INTO `t_user_role`(`id`,`user_id`,`role_id`,`create_time`,`deleted`) VALUES(1114,138,106,'2026-05-29 22:11:26',0);
INSERT INTO `t_user_role`(`id`,`user_id`,`role_id`,`create_time`,`deleted`) VALUES(1115,138,107,'2026-05-29 22:11:26',0);
INSERT INTO `t_user_role`(`id`,`user_id`,`role_id`,`create_time`,`deleted`) VALUES(1116,138,100,'2026-05-29 22:11:26',0);
INSERT INTO `t_user_role`(`id`,`user_id`,`role_id`,`create_time`,`deleted`) VALUES(1117,139,107,'2026-05-29 22:11:26',0);
INSERT INTO `t_user_role`(`id`,`user_id`,`role_id`,`create_time`,`deleted`) VALUES(1120,140,100,'2026-05-29 22:11:26',0);
INSERT INTO `t_user_role`(`id`,`user_id`,`role_id`,`create_time`,`deleted`) VALUES(1121,140,101,'2026-05-29 22:11:26',0);
INSERT INTO `t_user_role`(`id`,`user_id`,`role_id`,`create_time`,`deleted`) VALUES(1123,141,101,'2026-05-29 22:11:26',0);
INSERT INTO `t_user_role`(`id`,`user_id`,`role_id`,`create_time`,`deleted`) VALUES(1124,141,102,'2026-05-29 22:11:26',0);
INSERT INTO `t_user_role`(`id`,`user_id`,`role_id`,`create_time`,`deleted`) VALUES(1125,141,103,'2026-05-29 22:11:26',0);
INSERT INTO `t_user_role`(`id`,`user_id`,`role_id`,`create_time`,`deleted`) VALUES(1126,142,102,'2026-05-29 22:11:26',0);
INSERT INTO `t_user_role`(`id`,`user_id`,`role_id`,`create_time`,`deleted`) VALUES(1129,143,103,'2026-05-29 22:11:26',0);
INSERT INTO `t_user_role`(`id`,`user_id`,`role_id`,`create_time`,`deleted`) VALUES(1130,143,104,'2026-05-29 22:11:26',0);
INSERT INTO `t_user_role`(`id`,`user_id`,`role_id`,`create_time`,`deleted`) VALUES(1132,144,104,'2026-05-29 22:11:26',0);
INSERT INTO `t_user_role`(`id`,`user_id`,`role_id`,`create_time`,`deleted`) VALUES(1133,144,105,'2026-05-29 22:11:26',0);
INSERT INTO `t_user_role`(`id`,`user_id`,`role_id`,`create_time`,`deleted`) VALUES(1134,144,106,'2026-05-29 22:11:26',0);
INSERT INTO `t_user_role`(`id`,`user_id`,`role_id`,`create_time`,`deleted`) VALUES(1135,145,105,'2026-05-29 22:11:26',0);
INSERT INTO `t_user_role`(`id`,`user_id`,`role_id`,`create_time`,`deleted`) VALUES(1138,146,106,'2026-05-29 22:11:26',0);
INSERT INTO `t_user_role`(`id`,`user_id`,`role_id`,`create_time`,`deleted`) VALUES(1139,146,107,'2026-05-29 22:11:26',0);
INSERT INTO `t_user_role`(`id`,`user_id`,`role_id`,`create_time`,`deleted`) VALUES(1141,147,107,'2026-05-29 22:11:26',0);
INSERT INTO `t_user_role`(`id`,`user_id`,`role_id`,`create_time`,`deleted`) VALUES(1142,147,100,'2026-05-29 22:11:26',0);
INSERT INTO `t_user_role`(`id`,`user_id`,`role_id`,`create_time`,`deleted`) VALUES(1143,147,101,'2026-05-29 22:11:26',0);
INSERT INTO `t_user_role`(`id`,`user_id`,`role_id`,`create_time`,`deleted`) VALUES(1144,148,100,'2026-05-29 22:11:26',0);
INSERT INTO `t_user_role`(`id`,`user_id`,`role_id`,`create_time`,`deleted`) VALUES(1147,149,101,'2026-05-29 22:11:26',0);
INSERT INTO `t_user_role`(`id`,`user_id`,`role_id`,`create_time`,`deleted`) VALUES(1148,149,102,'2026-05-29 22:11:26',0);

USE `gov_user`;
DELETE FROM `t_role_menu` WHERE id >= 100;
INSERT INTO `t_role_menu`(`id`,`role_id`,`menu_id`,`create_time`,`deleted`) VALUES(100,100,1,'2026-05-29 22:11:26',0);
INSERT INTO `t_role_menu`(`id`,`role_id`,`menu_id`,`create_time`,`deleted`) VALUES(101,101,2,'2026-05-29 22:11:26',0);
INSERT INTO `t_role_menu`(`id`,`role_id`,`menu_id`,`create_time`,`deleted`) VALUES(102,102,3,'2026-05-29 22:11:26',0);
INSERT INTO `t_role_menu`(`id`,`role_id`,`menu_id`,`create_time`,`deleted`) VALUES(103,103,4,'2026-05-29 22:11:26',0);
INSERT INTO `t_role_menu`(`id`,`role_id`,`menu_id`,`create_time`,`deleted`) VALUES(104,104,5,'2026-05-29 22:11:26',0);
INSERT INTO `t_role_menu`(`id`,`role_id`,`menu_id`,`create_time`,`deleted`) VALUES(105,105,6,'2026-05-29 22:11:26',0);
INSERT INTO `t_role_menu`(`id`,`role_id`,`menu_id`,`create_time`,`deleted`) VALUES(106,106,7,'2026-05-29 22:11:26',0);
INSERT INTO `t_role_menu`(`id`,`role_id`,`menu_id`,`create_time`,`deleted`) VALUES(107,107,8,'2026-05-29 22:11:26',0);
INSERT INTO `t_role_menu`(`id`,`role_id`,`menu_id`,`create_time`,`deleted`) VALUES(108,100,9,'2026-05-29 22:11:26',0);
INSERT INTO `t_role_menu`(`id`,`role_id`,`menu_id`,`create_time`,`deleted`) VALUES(109,101,10,'2026-05-29 22:11:26',0);
INSERT INTO `t_role_menu`(`id`,`role_id`,`menu_id`,`create_time`,`deleted`) VALUES(110,102,11,'2026-05-29 22:11:26',0);
INSERT INTO `t_role_menu`(`id`,`role_id`,`menu_id`,`create_time`,`deleted`) VALUES(111,103,12,'2026-05-29 22:11:26',0);
INSERT INTO `t_role_menu`(`id`,`role_id`,`menu_id`,`create_time`,`deleted`) VALUES(112,104,13,'2026-05-29 22:11:26',0);
INSERT INTO `t_role_menu`(`id`,`role_id`,`menu_id`,`create_time`,`deleted`) VALUES(113,105,1,'2026-05-29 22:11:26',0);
INSERT INTO `t_role_menu`(`id`,`role_id`,`menu_id`,`create_time`,`deleted`) VALUES(114,106,2,'2026-05-29 22:11:26',0);
INSERT INTO `t_role_menu`(`id`,`role_id`,`menu_id`,`create_time`,`deleted`) VALUES(115,107,3,'2026-05-29 22:11:26',0);
INSERT INTO `t_role_menu`(`id`,`role_id`,`menu_id`,`create_time`,`deleted`) VALUES(116,100,4,'2026-05-29 22:11:26',0);
INSERT INTO `t_role_menu`(`id`,`role_id`,`menu_id`,`create_time`,`deleted`) VALUES(117,101,5,'2026-05-29 22:11:26',0);
INSERT INTO `t_role_menu`(`id`,`role_id`,`menu_id`,`create_time`,`deleted`) VALUES(118,102,6,'2026-05-29 22:11:26',0);
INSERT INTO `t_role_menu`(`id`,`role_id`,`menu_id`,`create_time`,`deleted`) VALUES(119,103,7,'2026-05-29 22:11:26',0);
INSERT INTO `t_role_menu`(`id`,`role_id`,`menu_id`,`create_time`,`deleted`) VALUES(120,104,8,'2026-05-29 22:11:26',0);
INSERT INTO `t_role_menu`(`id`,`role_id`,`menu_id`,`create_time`,`deleted`) VALUES(121,105,9,'2026-05-29 22:11:26',0);
INSERT INTO `t_role_menu`(`id`,`role_id`,`menu_id`,`create_time`,`deleted`) VALUES(122,106,10,'2026-05-29 22:11:26',0);
INSERT INTO `t_role_menu`(`id`,`role_id`,`menu_id`,`create_time`,`deleted`) VALUES(123,107,11,'2026-05-29 22:11:26',0);
INSERT INTO `t_role_menu`(`id`,`role_id`,`menu_id`,`create_time`,`deleted`) VALUES(124,100,12,'2026-05-29 22:11:26',0);
INSERT INTO `t_role_menu`(`id`,`role_id`,`menu_id`,`create_time`,`deleted`) VALUES(125,101,13,'2026-05-29 22:11:26',0);
INSERT INTO `t_role_menu`(`id`,`role_id`,`menu_id`,`create_time`,`deleted`) VALUES(126,102,1,'2026-05-29 22:11:26',0);
INSERT INTO `t_role_menu`(`id`,`role_id`,`menu_id`,`create_time`,`deleted`) VALUES(127,103,2,'2026-05-29 22:11:26',0);
INSERT INTO `t_role_menu`(`id`,`role_id`,`menu_id`,`create_time`,`deleted`) VALUES(128,104,3,'2026-05-29 22:11:26',0);
INSERT INTO `t_role_menu`(`id`,`role_id`,`menu_id`,`create_time`,`deleted`) VALUES(129,105,4,'2026-05-29 22:11:26',0);
INSERT INTO `t_role_menu`(`id`,`role_id`,`menu_id`,`create_time`,`deleted`) VALUES(130,106,5,'2026-05-29 22:11:26',0);
INSERT INTO `t_role_menu`(`id`,`role_id`,`menu_id`,`create_time`,`deleted`) VALUES(131,107,6,'2026-05-29 22:11:26',0);
INSERT INTO `t_role_menu`(`id`,`role_id`,`menu_id`,`create_time`,`deleted`) VALUES(132,100,7,'2026-05-29 22:11:26',0);
INSERT INTO `t_role_menu`(`id`,`role_id`,`menu_id`,`create_time`,`deleted`) VALUES(133,101,8,'2026-05-29 22:11:26',0);
INSERT INTO `t_role_menu`(`id`,`role_id`,`menu_id`,`create_time`,`deleted`) VALUES(134,102,9,'2026-05-29 22:11:26',0);
INSERT INTO `t_role_menu`(`id`,`role_id`,`menu_id`,`create_time`,`deleted`) VALUES(135,103,10,'2026-05-29 22:11:26',0);
INSERT INTO `t_role_menu`(`id`,`role_id`,`menu_id`,`create_time`,`deleted`) VALUES(136,104,11,'2026-05-29 22:11:26',0);
INSERT INTO `t_role_menu`(`id`,`role_id`,`menu_id`,`create_time`,`deleted`) VALUES(137,105,12,'2026-05-29 22:11:26',0);
INSERT INTO `t_role_menu`(`id`,`role_id`,`menu_id`,`create_time`,`deleted`) VALUES(138,106,13,'2026-05-29 22:11:26',0);
INSERT INTO `t_role_menu`(`id`,`role_id`,`menu_id`,`create_time`,`deleted`) VALUES(139,107,1,'2026-05-29 22:11:26',0);
INSERT INTO `t_role_menu`(`id`,`role_id`,`menu_id`,`create_time`,`deleted`) VALUES(140,100,2,'2026-05-29 22:11:26',0);
INSERT INTO `t_role_menu`(`id`,`role_id`,`menu_id`,`create_time`,`deleted`) VALUES(141,101,3,'2026-05-29 22:11:26',0);
INSERT INTO `t_role_menu`(`id`,`role_id`,`menu_id`,`create_time`,`deleted`) VALUES(142,102,4,'2026-05-29 22:11:26',0);
INSERT INTO `t_role_menu`(`id`,`role_id`,`menu_id`,`create_time`,`deleted`) VALUES(143,103,5,'2026-05-29 22:11:26',0);
INSERT INTO `t_role_menu`(`id`,`role_id`,`menu_id`,`create_time`,`deleted`) VALUES(144,104,6,'2026-05-29 22:11:26',0);
INSERT INTO `t_role_menu`(`id`,`role_id`,`menu_id`,`create_time`,`deleted`) VALUES(145,105,7,'2026-05-29 22:11:26',0);
INSERT INTO `t_role_menu`(`id`,`role_id`,`menu_id`,`create_time`,`deleted`) VALUES(146,106,8,'2026-05-29 22:11:26',0);
INSERT INTO `t_role_menu`(`id`,`role_id`,`menu_id`,`create_time`,`deleted`) VALUES(147,107,9,'2026-05-29 22:11:26',0);
INSERT INTO `t_role_menu`(`id`,`role_id`,`menu_id`,`create_time`,`deleted`) VALUES(148,100,10,'2026-05-29 22:11:26',0);
INSERT INTO `t_role_menu`(`id`,`role_id`,`menu_id`,`create_time`,`deleted`) VALUES(149,101,11,'2026-05-29 22:11:26',0);
INSERT INTO `t_role_menu`(`id`,`role_id`,`menu_id`,`create_time`,`deleted`) VALUES(150,102,12,'2026-05-29 22:11:26',0);
INSERT INTO `t_role_menu`(`id`,`role_id`,`menu_id`,`create_time`,`deleted`) VALUES(151,103,13,'2026-05-29 22:11:26',0);
INSERT INTO `t_role_menu`(`id`,`role_id`,`menu_id`,`create_time`,`deleted`) VALUES(152,104,1,'2026-05-29 22:11:26',0);
INSERT INTO `t_role_menu`(`id`,`role_id`,`menu_id`,`create_time`,`deleted`) VALUES(153,105,2,'2026-05-29 22:11:26',0);
INSERT INTO `t_role_menu`(`id`,`role_id`,`menu_id`,`create_time`,`deleted`) VALUES(154,106,3,'2026-05-29 22:11:26',0);
INSERT INTO `t_role_menu`(`id`,`role_id`,`menu_id`,`create_time`,`deleted`) VALUES(155,107,4,'2026-05-29 22:11:26',0);
INSERT INTO `t_role_menu`(`id`,`role_id`,`menu_id`,`create_time`,`deleted`) VALUES(156,100,5,'2026-05-29 22:11:26',0);
INSERT INTO `t_role_menu`(`id`,`role_id`,`menu_id`,`create_time`,`deleted`) VALUES(157,101,6,'2026-05-29 22:11:26',0);
INSERT INTO `t_role_menu`(`id`,`role_id`,`menu_id`,`create_time`,`deleted`) VALUES(158,102,7,'2026-05-29 22:11:26',0);
INSERT INTO `t_role_menu`(`id`,`role_id`,`menu_id`,`create_time`,`deleted`) VALUES(159,103,8,'2026-05-29 22:11:26',0);
INSERT INTO `t_role_menu`(`id`,`role_id`,`menu_id`,`create_time`,`deleted`) VALUES(160,104,9,'2026-05-29 22:11:26',0);
INSERT INTO `t_role_menu`(`id`,`role_id`,`menu_id`,`create_time`,`deleted`) VALUES(161,105,10,'2026-05-29 22:11:26',0);
INSERT INTO `t_role_menu`(`id`,`role_id`,`menu_id`,`create_time`,`deleted`) VALUES(162,106,11,'2026-05-29 22:11:26',0);
INSERT INTO `t_role_menu`(`id`,`role_id`,`menu_id`,`create_time`,`deleted`) VALUES(163,107,12,'2026-05-29 22:11:26',0);
INSERT INTO `t_role_menu`(`id`,`role_id`,`menu_id`,`create_time`,`deleted`) VALUES(164,100,13,'2026-05-29 22:11:26',0);
INSERT INTO `t_role_menu`(`id`,`role_id`,`menu_id`,`create_time`,`deleted`) VALUES(165,101,1,'2026-05-29 22:11:26',0);
INSERT INTO `t_role_menu`(`id`,`role_id`,`menu_id`,`create_time`,`deleted`) VALUES(166,102,2,'2026-05-29 22:11:26',0);
INSERT INTO `t_role_menu`(`id`,`role_id`,`menu_id`,`create_time`,`deleted`) VALUES(167,103,3,'2026-05-29 22:11:26',0);
INSERT INTO `t_role_menu`(`id`,`role_id`,`menu_id`,`create_time`,`deleted`) VALUES(168,104,4,'2026-05-29 22:11:26',0);
INSERT INTO `t_role_menu`(`id`,`role_id`,`menu_id`,`create_time`,`deleted`) VALUES(169,105,5,'2026-05-29 22:11:26',0);
INSERT INTO `t_role_menu`(`id`,`role_id`,`menu_id`,`create_time`,`deleted`) VALUES(170,106,6,'2026-05-29 22:11:26',0);
INSERT INTO `t_role_menu`(`id`,`role_id`,`menu_id`,`create_time`,`deleted`) VALUES(171,107,7,'2026-05-29 22:11:26',0);
INSERT INTO `t_role_menu`(`id`,`role_id`,`menu_id`,`create_time`,`deleted`) VALUES(172,100,8,'2026-05-29 22:11:26',0);
INSERT INTO `t_role_menu`(`id`,`role_id`,`menu_id`,`create_time`,`deleted`) VALUES(173,101,9,'2026-05-29 22:11:26',0);
INSERT INTO `t_role_menu`(`id`,`role_id`,`menu_id`,`create_time`,`deleted`) VALUES(174,102,10,'2026-05-29 22:11:26',0);
INSERT INTO `t_role_menu`(`id`,`role_id`,`menu_id`,`create_time`,`deleted`) VALUES(175,103,11,'2026-05-29 22:11:26',0);
INSERT INTO `t_role_menu`(`id`,`role_id`,`menu_id`,`create_time`,`deleted`) VALUES(176,104,12,'2026-05-29 22:11:26',0);
INSERT INTO `t_role_menu`(`id`,`role_id`,`menu_id`,`create_time`,`deleted`) VALUES(177,105,13,'2026-05-29 22:11:26',0);
INSERT INTO `t_role_menu`(`id`,`role_id`,`menu_id`,`create_time`,`deleted`) VALUES(178,106,1,'2026-05-29 22:11:26',0);
INSERT INTO `t_role_menu`(`id`,`role_id`,`menu_id`,`create_time`,`deleted`) VALUES(179,107,2,'2026-05-29 22:11:26',0);

USE `gov_user`;
DELETE FROM `t_config` WHERE id >= 100;
INSERT INTO `t_config`(`id`,`config_key`,`config_value`,`config_type`,`remark`,`create_time`,`update_time`,`create_by`,`update_by`,`deleted`) VALUES(100,'SYS_NAME','智慧政务平台','system','系统名称','2025-06-28 22:11:26','2025-06-28 22:11:26',1,1,0);
INSERT INTO `t_config`(`id`,`config_key`,`config_value`,`config_type`,`remark`,`create_time`,`update_time`,`create_by`,`update_by`,`deleted`) VALUES(101,'SYS_LOGO','/logo.png','system','系统LOGO','2025-06-28 22:11:26','2025-06-28 22:11:26',1,1,0);
INSERT INTO `t_config`(`id`,`config_key`,`config_value`,`config_type`,`remark`,`create_time`,`update_time`,`create_by`,`update_by`,`deleted`) VALUES(102,'SMS_PROVIDER','aliyun','sms','短信通道','2025-06-28 22:11:26','2025-06-28 22:11:26',1,1,0);
INSERT INTO `t_config`(`id`,`config_key`,`config_value`,`config_type`,`remark`,`create_time`,`update_time`,`create_by`,`update_by`,`deleted`) VALUES(103,'EMAIL_HOST','smtp.gov.cn','email','邮件服务器','2025-06-28 22:11:26','2025-06-28 22:11:26',1,1,0);
INSERT INTO `t_config`(`id`,`config_key`,`config_value`,`config_type`,`remark`,`create_time`,`update_time`,`create_by`,`update_by`,`deleted`) VALUES(104,'AUDIT_TIMEOUT','72','workflow','审批超时','2025-06-28 22:11:26','2025-06-28 22:11:26',1,1,0);
INSERT INTO `t_config`(`id`,`config_key`,`config_value`,`config_type`,`remark`,`create_time`,`update_time`,`create_by`,`update_by`,`deleted`) VALUES(105,'QUEUE_MAX','50','reception','排队上限','2025-06-28 22:11:26','2025-06-28 22:11:26',1,1,0);
INSERT INTO `t_config`(`id`,`config_key`,`config_value`,`config_type`,`remark`,`create_time`,`update_time`,`create_by`,`update_by`,`deleted`) VALUES(106,'LICENSE_SEAL_KEY','seal_key_001','license','签章密钥','2025-06-28 22:11:26','2025-06-28 22:11:26',1,1,0);
INSERT INTO `t_config`(`id`,`config_key`,`config_value`,`config_type`,`remark`,`create_time`,`update_time`,`create_by`,`update_by`,`deleted`) VALUES(107,'FILE_MAX_SIZE','10485760','system','文件上限','2025-06-28 22:11:26','2025-06-28 22:11:26',1,1,0);
INSERT INTO `t_config`(`id`,`config_key`,`config_value`,`config_type`,`remark`,`create_time`,`update_time`,`create_by`,`update_by`,`deleted`) VALUES(108,'LOGIN_MAX_RETRY','5','security','重试上限','2025-06-28 22:11:26','2025-06-28 22:11:26',1,1,0);
INSERT INTO `t_config`(`id`,`config_key`,`config_value`,`config_type`,`remark`,`create_time`,`update_time`,`create_by`,`update_by`,`deleted`) VALUES(109,'TOKEN_EXPIRE','7200','security','过期秒数','2025-06-28 22:11:26','2025-06-28 22:11:26',1,1,0);

USE `gov_user`;
DELETE FROM `t_dict_data` WHERE id >= 100;
INSERT INTO `t_dict_data`(`id`,`dict_type`,`dict_code`,`dict_name`,`dict_value`,`parent_code`,`sort`,`remark`,`status`,`create_time`,`update_time`,`create_by`,`update_by`,`deleted`) VALUES(100,'ITEM_TYPE','ITEM_TYPE_1','ITEM_TYPE-值1','1','0',1,'ITEM_TYPE字典',1,'2026-05-29 22:11:26','2026-05-29 22:11:26',1,1,0);
INSERT INTO `t_dict_data`(`id`,`dict_type`,`dict_code`,`dict_name`,`dict_value`,`parent_code`,`sort`,`remark`,`status`,`create_time`,`update_time`,`create_by`,`update_by`,`deleted`) VALUES(101,'ITEM_TYPE','ITEM_TYPE_2','ITEM_TYPE-值2','2','0',2,'ITEM_TYPE字典',1,'2026-05-29 22:11:26','2026-05-29 22:11:26',1,1,0);
INSERT INTO `t_dict_data`(`id`,`dict_type`,`dict_code`,`dict_name`,`dict_value`,`parent_code`,`sort`,`remark`,`status`,`create_time`,`update_time`,`create_by`,`update_by`,`deleted`) VALUES(102,'ITEM_TYPE','ITEM_TYPE_3','ITEM_TYPE-值3','3','0',3,'ITEM_TYPE字典',1,'2026-05-29 22:11:26','2026-05-29 22:11:26',1,1,0);
INSERT INTO `t_dict_data`(`id`,`dict_type`,`dict_code`,`dict_name`,`dict_value`,`parent_code`,`sort`,`remark`,`status`,`create_time`,`update_time`,`create_by`,`update_by`,`deleted`) VALUES(103,'GENDER','GENDER_1','GENDER-值1','1','0',1,'GENDER字典',1,'2026-05-29 22:11:26','2026-05-29 22:11:26',1,1,0);
INSERT INTO `t_dict_data`(`id`,`dict_type`,`dict_code`,`dict_name`,`dict_value`,`parent_code`,`sort`,`remark`,`status`,`create_time`,`update_time`,`create_by`,`update_by`,`deleted`) VALUES(104,'GENDER','GENDER_2','GENDER-值2','2','0',2,'GENDER字典',1,'2026-05-29 22:11:26','2026-05-29 22:11:26',1,1,0);
INSERT INTO `t_dict_data`(`id`,`dict_type`,`dict_code`,`dict_name`,`dict_value`,`parent_code`,`sort`,`remark`,`status`,`create_time`,`update_time`,`create_by`,`update_by`,`deleted`) VALUES(105,'GENDER','GENDER_3','GENDER-值3','3','0',3,'GENDER字典',1,'2026-05-29 22:11:26','2026-05-29 22:11:26',1,1,0);
INSERT INTO `t_dict_data`(`id`,`dict_type`,`dict_code`,`dict_name`,`dict_value`,`parent_code`,`sort`,`remark`,`status`,`create_time`,`update_time`,`create_by`,`update_by`,`deleted`) VALUES(106,'COMPLAINT_TYPE','COMPLAINT_TYPE_1','COMPLAINT_TYPE-值1','1','0',1,'COMPLAINT_TYPE字典',1,'2026-05-29 22:11:26','2026-05-29 22:11:26',1,1,0);
INSERT INTO `t_dict_data`(`id`,`dict_type`,`dict_code`,`dict_name`,`dict_value`,`parent_code`,`sort`,`remark`,`status`,`create_time`,`update_time`,`create_by`,`update_by`,`deleted`) VALUES(107,'COMPLAINT_TYPE','COMPLAINT_TYPE_2','COMPLAINT_TYPE-值2','2','0',2,'COMPLAINT_TYPE字典',1,'2026-05-29 22:11:26','2026-05-29 22:11:26',1,1,0);
INSERT INTO `t_dict_data`(`id`,`dict_type`,`dict_code`,`dict_name`,`dict_value`,`parent_code`,`sort`,`remark`,`status`,`create_time`,`update_time`,`create_by`,`update_by`,`deleted`) VALUES(108,'COMPLAINT_TYPE','COMPLAINT_TYPE_3','COMPLAINT_TYPE-值3','3','0',3,'COMPLAINT_TYPE字典',1,'2026-05-29 22:11:26','2026-05-29 22:11:26',1,1,0);
INSERT INTO `t_dict_data`(`id`,`dict_type`,`dict_code`,`dict_name`,`dict_value`,`parent_code`,`sort`,`remark`,`status`,`create_time`,`update_time`,`create_by`,`update_by`,`deleted`) VALUES(109,'NOTICE_TYPE','NOTICE_TYPE_1','NOTICE_TYPE-值1','1','0',1,'NOTICE_TYPE字典',1,'2026-05-29 22:11:26','2026-05-29 22:11:26',1,1,0);
INSERT INTO `t_dict_data`(`id`,`dict_type`,`dict_code`,`dict_name`,`dict_value`,`parent_code`,`sort`,`remark`,`status`,`create_time`,`update_time`,`create_by`,`update_by`,`deleted`) VALUES(110,'NOTICE_TYPE','NOTICE_TYPE_2','NOTICE_TYPE-值2','2','0',2,'NOTICE_TYPE字典',1,'2026-05-29 22:11:26','2026-05-29 22:11:26',1,1,0);
INSERT INTO `t_dict_data`(`id`,`dict_type`,`dict_code`,`dict_name`,`dict_value`,`parent_code`,`sort`,`remark`,`status`,`create_time`,`update_time`,`create_by`,`update_by`,`deleted`) VALUES(111,'NOTICE_TYPE','NOTICE_TYPE_3','NOTICE_TYPE-值3','3','0',3,'NOTICE_TYPE字典',1,'2026-05-29 22:11:26','2026-05-29 22:11:26',1,1,0);
INSERT INTO `t_dict_data`(`id`,`dict_type`,`dict_code`,`dict_name`,`dict_value`,`parent_code`,`sort`,`remark`,`status`,`create_time`,`update_time`,`create_by`,`update_by`,`deleted`) VALUES(112,'POLICY_TYPE','POLICY_TYPE_1','POLICY_TYPE-值1','1','0',1,'POLICY_TYPE字典',1,'2026-05-29 22:11:26','2026-05-29 22:11:26',1,1,0);
INSERT INTO `t_dict_data`(`id`,`dict_type`,`dict_code`,`dict_name`,`dict_value`,`parent_code`,`sort`,`remark`,`status`,`create_time`,`update_time`,`create_by`,`update_by`,`deleted`) VALUES(113,'POLICY_TYPE','POLICY_TYPE_2','POLICY_TYPE-值2','2','0',2,'POLICY_TYPE字典',1,'2026-05-29 22:11:26','2026-05-29 22:11:26',1,1,0);
INSERT INTO `t_dict_data`(`id`,`dict_type`,`dict_code`,`dict_name`,`dict_value`,`parent_code`,`sort`,`remark`,`status`,`create_time`,`update_time`,`create_by`,`update_by`,`deleted`) VALUES(114,'POLICY_TYPE','POLICY_TYPE_3','POLICY_TYPE-值3','3','0',3,'POLICY_TYPE字典',1,'2026-05-29 22:11:26','2026-05-29 22:11:26',1,1,0);
INSERT INTO `t_dict_data`(`id`,`dict_type`,`dict_code`,`dict_name`,`dict_value`,`parent_code`,`sort`,`remark`,`status`,`create_time`,`update_time`,`create_by`,`update_by`,`deleted`) VALUES(115,'LICENSE_TYPE','LICENSE_TYPE_1','LICENSE_TYPE-值1','1','0',1,'LICENSE_TYPE字典',1,'2026-05-29 22:11:26','2026-05-29 22:11:26',1,1,0);
INSERT INTO `t_dict_data`(`id`,`dict_type`,`dict_code`,`dict_name`,`dict_value`,`parent_code`,`sort`,`remark`,`status`,`create_time`,`update_time`,`create_by`,`update_by`,`deleted`) VALUES(116,'LICENSE_TYPE','LICENSE_TYPE_2','LICENSE_TYPE-值2','2','0',2,'LICENSE_TYPE字典',1,'2026-05-29 22:11:26','2026-05-29 22:11:26',1,1,0);
INSERT INTO `t_dict_data`(`id`,`dict_type`,`dict_code`,`dict_name`,`dict_value`,`parent_code`,`sort`,`remark`,`status`,`create_time`,`update_time`,`create_by`,`update_by`,`deleted`) VALUES(117,'LICENSE_TYPE','LICENSE_TYPE_3','LICENSE_TYPE-值3','3','0',3,'LICENSE_TYPE字典',1,'2026-05-29 22:11:26','2026-05-29 22:11:26',1,1,0);
INSERT INTO `t_dict_data`(`id`,`dict_type`,`dict_code`,`dict_name`,`dict_value`,`parent_code`,`sort`,`remark`,`status`,`create_time`,`update_time`,`create_by`,`update_by`,`deleted`) VALUES(118,'QUEUE_STATUS','QUEUE_STATUS_1','QUEUE_STATUS-值1','1','0',1,'QUEUE_STATUS字典',1,'2026-05-29 22:11:26','2026-05-29 22:11:26',1,1,0);
INSERT INTO `t_dict_data`(`id`,`dict_type`,`dict_code`,`dict_name`,`dict_value`,`parent_code`,`sort`,`remark`,`status`,`create_time`,`update_time`,`create_by`,`update_by`,`deleted`) VALUES(119,'QUEUE_STATUS','QUEUE_STATUS_2','QUEUE_STATUS-值2','2','0',2,'QUEUE_STATUS字典',1,'2026-05-29 22:11:26','2026-05-29 22:11:26',1,1,0);
INSERT INTO `t_dict_data`(`id`,`dict_type`,`dict_code`,`dict_name`,`dict_value`,`parent_code`,`sort`,`remark`,`status`,`create_time`,`update_time`,`create_by`,`update_by`,`deleted`) VALUES(120,'QUEUE_STATUS','QUEUE_STATUS_3','QUEUE_STATUS-值3','3','0',3,'QUEUE_STATUS字典',1,'2026-05-29 22:11:26','2026-05-29 22:11:26',1,1,0);
INSERT INTO `t_dict_data`(`id`,`dict_type`,`dict_code`,`dict_name`,`dict_value`,`parent_code`,`sort`,`remark`,`status`,`create_time`,`update_time`,`create_by`,`update_by`,`deleted`) VALUES(121,'RECORD_STATUS','RECORD_STATUS_1','RECORD_STATUS-值1','1','0',1,'RECORD_STATUS字典',1,'2026-05-29 22:11:26','2026-05-29 22:11:26',1,1,0);
INSERT INTO `t_dict_data`(`id`,`dict_type`,`dict_code`,`dict_name`,`dict_value`,`parent_code`,`sort`,`remark`,`status`,`create_time`,`update_time`,`create_by`,`update_by`,`deleted`) VALUES(122,'RECORD_STATUS','RECORD_STATUS_2','RECORD_STATUS-值2','2','0',2,'RECORD_STATUS字典',1,'2026-05-29 22:11:26','2026-05-29 22:11:26',1,1,0);
INSERT INTO `t_dict_data`(`id`,`dict_type`,`dict_code`,`dict_name`,`dict_value`,`parent_code`,`sort`,`remark`,`status`,`create_time`,`update_time`,`create_by`,`update_by`,`deleted`) VALUES(123,'RECORD_STATUS','RECORD_STATUS_3','RECORD_STATUS-值3','3','0',3,'RECORD_STATUS字典',1,'2026-05-29 22:11:26','2026-05-29 22:11:26',1,1,0);
INSERT INTO `t_dict_data`(`id`,`dict_type`,`dict_code`,`dict_name`,`dict_value`,`parent_code`,`sort`,`remark`,`status`,`create_time`,`update_time`,`create_by`,`update_by`,`deleted`) VALUES(124,'WORK_STATUS','WORK_STATUS_1','WORK_STATUS-值1','1','0',1,'WORK_STATUS字典',1,'2026-05-29 22:11:26','2026-05-29 22:11:26',1,1,0);
INSERT INTO `t_dict_data`(`id`,`dict_type`,`dict_code`,`dict_name`,`dict_value`,`parent_code`,`sort`,`remark`,`status`,`create_time`,`update_time`,`create_by`,`update_by`,`deleted`) VALUES(125,'WORK_STATUS','WORK_STATUS_2','WORK_STATUS-值2','2','0',2,'WORK_STATUS字典',1,'2026-05-29 22:11:26','2026-05-29 22:11:26',1,1,0);
INSERT INTO `t_dict_data`(`id`,`dict_type`,`dict_code`,`dict_name`,`dict_value`,`parent_code`,`sort`,`remark`,`status`,`create_time`,`update_time`,`create_by`,`update_by`,`deleted`) VALUES(126,'WORK_STATUS','WORK_STATUS_3','WORK_STATUS-值3','3','0',3,'WORK_STATUS字典',1,'2026-05-29 22:11:26','2026-05-29 22:11:26',1,1,0);
INSERT INTO `t_dict_data`(`id`,`dict_type`,`dict_code`,`dict_name`,`dict_value`,`parent_code`,`sort`,`remark`,`status`,`create_time`,`update_time`,`create_by`,`update_by`,`deleted`) VALUES(127,'MSG_CHANNEL','MSG_CHANNEL_1','MSG_CHANNEL-值1','1','0',1,'MSG_CHANNEL字典',1,'2026-05-29 22:11:26','2026-05-29 22:11:26',1,1,0);
INSERT INTO `t_dict_data`(`id`,`dict_type`,`dict_code`,`dict_name`,`dict_value`,`parent_code`,`sort`,`remark`,`status`,`create_time`,`update_time`,`create_by`,`update_by`,`deleted`) VALUES(128,'MSG_CHANNEL','MSG_CHANNEL_2','MSG_CHANNEL-值2','2','0',2,'MSG_CHANNEL字典',1,'2026-05-29 22:11:26','2026-05-29 22:11:26',1,1,0);
INSERT INTO `t_dict_data`(`id`,`dict_type`,`dict_code`,`dict_name`,`dict_value`,`parent_code`,`sort`,`remark`,`status`,`create_time`,`update_time`,`create_by`,`update_by`,`deleted`) VALUES(129,'MSG_CHANNEL','MSG_CHANNEL_3','MSG_CHANNEL-值3','3','0',3,'MSG_CHANNEL字典',1,'2026-05-29 22:11:26','2026-05-29 22:11:26',1,1,0);

USE `gov_user`;
DELETE FROM `t_login_log` WHERE id >= 100;
INSERT INTO `t_login_log`(`id`,`user_id`,`username`,`login_ip`,`login_location`,`login_time`,`login_type`,`login_status`,`login_msg`,`create_time`,`deleted`) VALUES(100,102,'user120','192.168.69.17','北京','2026-06-16 22:11:26',3,1,NULL,'2026-06-12 22:11:26',0);
INSERT INTO `t_login_log`(`id`,`user_id`,`username`,`login_ip`,`login_location`,`login_time`,`login_type`,`login_status`,`login_msg`,`create_time`,`deleted`) VALUES(101,141,'user129','192.168.68.36','北京','2026-06-24 22:11:26',3,0,NULL,'2026-06-04 22:11:26',0);
INSERT INTO `t_login_log`(`id`,`user_id`,`username`,`login_ip`,`login_location`,`login_time`,`login_type`,`login_status`,`login_msg`,`create_time`,`deleted`) VALUES(102,127,'user137','192.168.93.57','北京','2026-06-16 22:11:26',3,1,'密码错误','2026-06-26 22:11:26',0);
INSERT INTO `t_login_log`(`id`,`user_id`,`username`,`login_ip`,`login_location`,`login_time`,`login_type`,`login_status`,`login_msg`,`create_time`,`deleted`) VALUES(103,107,'user109','192.168.41.203','广州','2026-06-08 22:11:26',3,1,NULL,'2026-06-08 22:11:26',0);
INSERT INTO `t_login_log`(`id`,`user_id`,`username`,`login_ip`,`login_location`,`login_time`,`login_type`,`login_status`,`login_msg`,`create_time`,`deleted`) VALUES(104,133,'user116','192.168.221.242','本地','2026-06-11 22:11:26',3,1,NULL,'2026-06-10 22:11:26',0);
INSERT INTO `t_login_log`(`id`,`user_id`,`username`,`login_ip`,`login_location`,`login_time`,`login_type`,`login_status`,`login_msg`,`create_time`,`deleted`) VALUES(105,117,'user149','192.168.88.29','上海','2026-06-08 22:11:26',2,1,NULL,'2026-06-04 22:11:26',0);
INSERT INTO `t_login_log`(`id`,`user_id`,`username`,`login_ip`,`login_location`,`login_time`,`login_type`,`login_status`,`login_msg`,`create_time`,`deleted`) VALUES(106,146,'user116','192.168.196.46','本地','2026-06-12 22:11:26',3,1,NULL,'2026-06-11 22:11:26',0);
INSERT INTO `t_login_log`(`id`,`user_id`,`username`,`login_ip`,`login_location`,`login_time`,`login_type`,`login_status`,`login_msg`,`create_time`,`deleted`) VALUES(107,112,'user109','192.168.196.42','本地','2026-06-17 22:11:26',3,1,NULL,'2026-06-24 22:11:26',0);
INSERT INTO `t_login_log`(`id`,`user_id`,`username`,`login_ip`,`login_location`,`login_time`,`login_type`,`login_status`,`login_msg`,`create_time`,`deleted`) VALUES(108,123,'user119','192.168.15.62','本地','2026-06-21 22:11:26',1,1,NULL,'2026-06-03 22:11:26',0);
INSERT INTO `t_login_log`(`id`,`user_id`,`username`,`login_ip`,`login_location`,`login_time`,`login_type`,`login_status`,`login_msg`,`create_time`,`deleted`) VALUES(109,149,'user108','192.168.169.122','北京','2026-06-24 22:11:26',2,0,NULL,'2026-06-14 22:11:26',0);
INSERT INTO `t_login_log`(`id`,`user_id`,`username`,`login_ip`,`login_location`,`login_time`,`login_type`,`login_status`,`login_msg`,`create_time`,`deleted`) VALUES(110,134,'user148','192.168.177.52','上海','2026-06-05 22:11:26',2,1,NULL,'2026-06-11 22:11:26',0);
INSERT INTO `t_login_log`(`id`,`user_id`,`username`,`login_ip`,`login_location`,`login_time`,`login_type`,`login_status`,`login_msg`,`create_time`,`deleted`) VALUES(111,107,'user115','192.168.17.87','本地','2026-06-21 22:11:26',3,0,NULL,'2026-06-20 22:11:26',0);
INSERT INTO `t_login_log`(`id`,`user_id`,`username`,`login_ip`,`login_location`,`login_time`,`login_type`,`login_status`,`login_msg`,`create_time`,`deleted`) VALUES(112,104,'user145','192.168.16.59','本地','2026-06-08 22:11:26',1,1,'密码错误','2026-06-20 22:11:26',0);
INSERT INTO `t_login_log`(`id`,`user_id`,`username`,`login_ip`,`login_location`,`login_time`,`login_type`,`login_status`,`login_msg`,`create_time`,`deleted`) VALUES(113,142,'user131','192.168.139.34','广州','2026-06-22 22:11:26',1,1,NULL,'2026-06-21 22:11:26',0);
INSERT INTO `t_login_log`(`id`,`user_id`,`username`,`login_ip`,`login_location`,`login_time`,`login_type`,`login_status`,`login_msg`,`create_time`,`deleted`) VALUES(114,106,'user142','192.168.91.109','广州','2026-06-15 22:11:26',2,1,NULL,'2026-06-07 22:11:26',0);
INSERT INTO `t_login_log`(`id`,`user_id`,`username`,`login_ip`,`login_location`,`login_time`,`login_type`,`login_status`,`login_msg`,`create_time`,`deleted`) VALUES(115,103,'user125','192.168.87.205','本地','2026-06-05 22:11:26',1,1,NULL,'2026-06-13 22:11:26',0);
INSERT INTO `t_login_log`(`id`,`user_id`,`username`,`login_ip`,`login_location`,`login_time`,`login_type`,`login_status`,`login_msg`,`create_time`,`deleted`) VALUES(116,127,'user111','192.168.119.64','本地','2026-06-20 22:11:26',2,0,'密码错误','2026-06-07 22:11:26',0);
INSERT INTO `t_login_log`(`id`,`user_id`,`username`,`login_ip`,`login_location`,`login_time`,`login_type`,`login_status`,`login_msg`,`create_time`,`deleted`) VALUES(117,100,'user105','192.168.193.218','北京','2026-05-30 22:11:26',1,1,NULL,'2026-06-21 22:11:26',0);
INSERT INTO `t_login_log`(`id`,`user_id`,`username`,`login_ip`,`login_location`,`login_time`,`login_type`,`login_status`,`login_msg`,`create_time`,`deleted`) VALUES(118,125,'user103','192.168.98.1','广州','2026-06-23 22:11:26',2,1,NULL,'2026-06-05 22:11:26',0);
INSERT INTO `t_login_log`(`id`,`user_id`,`username`,`login_ip`,`login_location`,`login_time`,`login_type`,`login_status`,`login_msg`,`create_time`,`deleted`) VALUES(119,135,'user142','192.168.125.40','北京','2026-06-06 22:11:26',2,1,NULL,'2026-06-09 22:11:26',0);
INSERT INTO `t_login_log`(`id`,`user_id`,`username`,`login_ip`,`login_location`,`login_time`,`login_type`,`login_status`,`login_msg`,`create_time`,`deleted`) VALUES(120,134,'user103','192.168.81.15','本地','2026-06-05 22:11:26',3,1,NULL,'2026-05-31 22:11:26',0);
INSERT INTO `t_login_log`(`id`,`user_id`,`username`,`login_ip`,`login_location`,`login_time`,`login_type`,`login_status`,`login_msg`,`create_time`,`deleted`) VALUES(121,110,'user103','192.168.131.21','北京','2026-05-29 22:11:26',1,0,'密码错误','2026-05-31 22:11:26',0);
INSERT INTO `t_login_log`(`id`,`user_id`,`username`,`login_ip`,`login_location`,`login_time`,`login_type`,`login_status`,`login_msg`,`create_time`,`deleted`) VALUES(122,125,'user107','192.168.228.146','北京','2026-05-29 22:11:26',3,0,'密码错误','2026-06-25 22:11:26',0);
INSERT INTO `t_login_log`(`id`,`user_id`,`username`,`login_ip`,`login_location`,`login_time`,`login_type`,`login_status`,`login_msg`,`create_time`,`deleted`) VALUES(123,142,'user137','192.168.134.81','上海','2026-06-10 22:11:26',1,1,NULL,'2026-06-15 22:11:26',0);
INSERT INTO `t_login_log`(`id`,`user_id`,`username`,`login_ip`,`login_location`,`login_time`,`login_type`,`login_status`,`login_msg`,`create_time`,`deleted`) VALUES(124,142,'user141','192.168.118.81','本地','2026-06-19 22:11:26',1,1,NULL,'2026-06-09 22:11:26',0);
INSERT INTO `t_login_log`(`id`,`user_id`,`username`,`login_ip`,`login_location`,`login_time`,`login_type`,`login_status`,`login_msg`,`create_time`,`deleted`) VALUES(125,104,'user134','192.168.130.68','北京','2026-06-22 22:11:26',2,1,NULL,'2026-06-16 22:11:26',0);
INSERT INTO `t_login_log`(`id`,`user_id`,`username`,`login_ip`,`login_location`,`login_time`,`login_type`,`login_status`,`login_msg`,`create_time`,`deleted`) VALUES(126,110,'user128','192.168.140.181','上海','2026-06-02 22:11:26',3,0,'密码错误','2026-06-01 22:11:26',0);
INSERT INTO `t_login_log`(`id`,`user_id`,`username`,`login_ip`,`login_location`,`login_time`,`login_type`,`login_status`,`login_msg`,`create_time`,`deleted`) VALUES(127,119,'user142','192.168.241.225','北京','2026-06-25 22:11:26',2,1,NULL,'2026-06-04 22:11:26',0);
INSERT INTO `t_login_log`(`id`,`user_id`,`username`,`login_ip`,`login_location`,`login_time`,`login_type`,`login_status`,`login_msg`,`create_time`,`deleted`) VALUES(128,109,'user117','192.168.155.54','上海','2026-06-19 22:11:26',1,1,NULL,'2026-06-19 22:11:26',0);
INSERT INTO `t_login_log`(`id`,`user_id`,`username`,`login_ip`,`login_location`,`login_time`,`login_type`,`login_status`,`login_msg`,`create_time`,`deleted`) VALUES(129,103,'user105','192.168.109.213','上海','2026-06-08 22:11:26',1,1,NULL,'2026-06-23 22:11:26',0);
INSERT INTO `t_login_log`(`id`,`user_id`,`username`,`login_ip`,`login_location`,`login_time`,`login_type`,`login_status`,`login_msg`,`create_time`,`deleted`) VALUES(130,116,'user110','192.168.114.142','广州','2026-06-05 22:11:26',3,1,NULL,'2026-05-30 22:11:26',0);
INSERT INTO `t_login_log`(`id`,`user_id`,`username`,`login_ip`,`login_location`,`login_time`,`login_type`,`login_status`,`login_msg`,`create_time`,`deleted`) VALUES(131,109,'user134','192.168.214.95','北京','2026-06-27 22:11:26',2,1,'密码错误','2026-06-16 22:11:26',0);
INSERT INTO `t_login_log`(`id`,`user_id`,`username`,`login_ip`,`login_location`,`login_time`,`login_type`,`login_status`,`login_msg`,`create_time`,`deleted`) VALUES(132,102,'user122','192.168.175.64','本地','2026-06-22 22:11:26',2,0,NULL,'2026-06-14 22:11:26',0);
INSERT INTO `t_login_log`(`id`,`user_id`,`username`,`login_ip`,`login_location`,`login_time`,`login_type`,`login_status`,`login_msg`,`create_time`,`deleted`) VALUES(133,147,'user109','192.168.239.61','北京','2026-05-30 22:11:26',1,1,'密码错误','2026-06-04 22:11:26',0);
INSERT INTO `t_login_log`(`id`,`user_id`,`username`,`login_ip`,`login_location`,`login_time`,`login_type`,`login_status`,`login_msg`,`create_time`,`deleted`) VALUES(134,121,'user126','192.168.172.222','北京','2026-06-03 22:11:26',2,1,NULL,'2026-06-24 22:11:26',0);
INSERT INTO `t_login_log`(`id`,`user_id`,`username`,`login_ip`,`login_location`,`login_time`,`login_type`,`login_status`,`login_msg`,`create_time`,`deleted`) VALUES(135,102,'user130','192.168.52.210','广州','2026-06-21 22:11:26',2,1,NULL,'2026-05-31 22:11:26',0);
INSERT INTO `t_login_log`(`id`,`user_id`,`username`,`login_ip`,`login_location`,`login_time`,`login_type`,`login_status`,`login_msg`,`create_time`,`deleted`) VALUES(136,114,'user101','192.168.50.103','上海','2026-06-07 22:11:26',2,1,NULL,'2026-06-19 22:11:26',0);
INSERT INTO `t_login_log`(`id`,`user_id`,`username`,`login_ip`,`login_location`,`login_time`,`login_type`,`login_status`,`login_msg`,`create_time`,`deleted`) VALUES(137,141,'user132','192.168.174.252','上海','2026-06-16 22:11:26',1,1,NULL,'2026-06-19 22:11:26',0);
INSERT INTO `t_login_log`(`id`,`user_id`,`username`,`login_ip`,`login_location`,`login_time`,`login_type`,`login_status`,`login_msg`,`create_time`,`deleted`) VALUES(138,137,'user116','192.168.28.153','广州','2026-06-27 22:11:26',2,1,NULL,'2026-06-11 22:11:26',0);
INSERT INTO `t_login_log`(`id`,`user_id`,`username`,`login_ip`,`login_location`,`login_time`,`login_type`,`login_status`,`login_msg`,`create_time`,`deleted`) VALUES(139,124,'user136','192.168.66.12','广州','2026-06-22 22:11:26',1,0,NULL,'2026-06-10 22:11:26',0);
INSERT INTO `t_login_log`(`id`,`user_id`,`username`,`login_ip`,`login_location`,`login_time`,`login_type`,`login_status`,`login_msg`,`create_time`,`deleted`) VALUES(140,146,'user147','192.168.172.51','上海','2026-06-05 22:11:26',2,1,NULL,'2026-05-29 22:11:26',0);
INSERT INTO `t_login_log`(`id`,`user_id`,`username`,`login_ip`,`login_location`,`login_time`,`login_type`,`login_status`,`login_msg`,`create_time`,`deleted`) VALUES(141,139,'user120','192.168.218.32','上海','2026-06-07 22:11:26',3,1,NULL,'2026-06-17 22:11:26',0);
INSERT INTO `t_login_log`(`id`,`user_id`,`username`,`login_ip`,`login_location`,`login_time`,`login_type`,`login_status`,`login_msg`,`create_time`,`deleted`) VALUES(142,144,'user118','192.168.33.50','广州','2026-06-11 22:11:26',3,1,NULL,'2026-05-30 22:11:26',0);
INSERT INTO `t_login_log`(`id`,`user_id`,`username`,`login_ip`,`login_location`,`login_time`,`login_type`,`login_status`,`login_msg`,`create_time`,`deleted`) VALUES(143,139,'user136','192.168.104.141','本地','2026-06-19 22:11:26',2,1,NULL,'2026-06-02 22:11:26',0);
INSERT INTO `t_login_log`(`id`,`user_id`,`username`,`login_ip`,`login_location`,`login_time`,`login_type`,`login_status`,`login_msg`,`create_time`,`deleted`) VALUES(144,138,'user141','192.168.120.114','广州','2026-06-18 22:11:26',3,1,NULL,'2026-06-02 22:11:26',0);
INSERT INTO `t_login_log`(`id`,`user_id`,`username`,`login_ip`,`login_location`,`login_time`,`login_type`,`login_status`,`login_msg`,`create_time`,`deleted`) VALUES(145,147,'user110','192.168.22.73','上海','2026-06-07 22:11:26',1,1,NULL,'2026-06-20 22:11:26',0);
INSERT INTO `t_login_log`(`id`,`user_id`,`username`,`login_ip`,`login_location`,`login_time`,`login_type`,`login_status`,`login_msg`,`create_time`,`deleted`) VALUES(146,112,'user109','192.168.12.63','广州','2026-06-28 22:11:26',3,1,NULL,'2026-05-30 22:11:26',0);
INSERT INTO `t_login_log`(`id`,`user_id`,`username`,`login_ip`,`login_location`,`login_time`,`login_type`,`login_status`,`login_msg`,`create_time`,`deleted`) VALUES(147,136,'user112','192.168.179.99','广州','2026-06-06 22:11:26',2,1,NULL,'2026-06-05 22:11:26',0);
INSERT INTO `t_login_log`(`id`,`user_id`,`username`,`login_ip`,`login_location`,`login_time`,`login_type`,`login_status`,`login_msg`,`create_time`,`deleted`) VALUES(148,148,'user149','192.168.28.200','广州','2026-05-31 22:11:26',1,1,NULL,'2026-06-05 22:11:26',0);
INSERT INTO `t_login_log`(`id`,`user_id`,`username`,`login_ip`,`login_location`,`login_time`,`login_type`,`login_status`,`login_msg`,`create_time`,`deleted`) VALUES(149,129,'user103','192.168.64.235','本地','2026-06-11 22:11:26',2,1,NULL,'2026-06-06 22:11:26',0);
INSERT INTO `t_login_log`(`id`,`user_id`,`username`,`login_ip`,`login_location`,`login_time`,`login_type`,`login_status`,`login_msg`,`create_time`,`deleted`) VALUES(150,135,'user138','192.168.244.194','广州','2026-06-18 22:11:26',3,0,NULL,'2026-05-29 22:11:26',0);
INSERT INTO `t_login_log`(`id`,`user_id`,`username`,`login_ip`,`login_location`,`login_time`,`login_type`,`login_status`,`login_msg`,`create_time`,`deleted`) VALUES(151,128,'user110','192.168.221.122','广州','2026-06-05 22:11:26',2,1,NULL,'2026-06-19 22:11:26',0);
INSERT INTO `t_login_log`(`id`,`user_id`,`username`,`login_ip`,`login_location`,`login_time`,`login_type`,`login_status`,`login_msg`,`create_time`,`deleted`) VALUES(152,149,'user133','192.168.161.62','上海','2026-06-13 22:11:26',2,1,NULL,'2026-06-20 22:11:26',0);
INSERT INTO `t_login_log`(`id`,`user_id`,`username`,`login_ip`,`login_location`,`login_time`,`login_type`,`login_status`,`login_msg`,`create_time`,`deleted`) VALUES(153,121,'user120','192.168.139.21','北京','2026-05-31 22:11:26',1,1,NULL,'2026-06-23 22:11:26',0);
INSERT INTO `t_login_log`(`id`,`user_id`,`username`,`login_ip`,`login_location`,`login_time`,`login_type`,`login_status`,`login_msg`,`create_time`,`deleted`) VALUES(154,113,'user104','192.168.105.85','广州','2026-06-15 22:11:26',2,1,NULL,'2026-06-14 22:11:26',0);
INSERT INTO `t_login_log`(`id`,`user_id`,`username`,`login_ip`,`login_location`,`login_time`,`login_type`,`login_status`,`login_msg`,`create_time`,`deleted`) VALUES(155,149,'user137','192.168.179.6','广州','2026-05-29 22:11:26',2,1,NULL,'2026-06-18 22:11:26',0);
INSERT INTO `t_login_log`(`id`,`user_id`,`username`,`login_ip`,`login_location`,`login_time`,`login_type`,`login_status`,`login_msg`,`create_time`,`deleted`) VALUES(156,124,'user126','192.168.192.189','北京','2026-06-11 22:11:26',2,1,NULL,'2026-06-12 22:11:26',0);
INSERT INTO `t_login_log`(`id`,`user_id`,`username`,`login_ip`,`login_location`,`login_time`,`login_type`,`login_status`,`login_msg`,`create_time`,`deleted`) VALUES(157,124,'user121','192.168.174.205','广州','2026-06-07 22:11:26',3,1,NULL,'2026-05-29 22:11:26',0);
INSERT INTO `t_login_log`(`id`,`user_id`,`username`,`login_ip`,`login_location`,`login_time`,`login_type`,`login_status`,`login_msg`,`create_time`,`deleted`) VALUES(158,139,'user134','192.168.233.101','本地','2026-06-28 22:11:26',1,1,NULL,'2026-06-13 22:11:26',0);
INSERT INTO `t_login_log`(`id`,`user_id`,`username`,`login_ip`,`login_location`,`login_time`,`login_type`,`login_status`,`login_msg`,`create_time`,`deleted`) VALUES(159,103,'user116','192.168.84.55','广州','2026-06-16 22:11:26',2,1,NULL,'2026-06-15 22:11:26',0);
INSERT INTO `t_login_log`(`id`,`user_id`,`username`,`login_ip`,`login_location`,`login_time`,`login_type`,`login_status`,`login_msg`,`create_time`,`deleted`) VALUES(160,148,'user126','192.168.214.21','广州','2026-06-20 22:11:26',1,0,'密码错误','2026-06-16 22:11:26',0);
INSERT INTO `t_login_log`(`id`,`user_id`,`username`,`login_ip`,`login_location`,`login_time`,`login_type`,`login_status`,`login_msg`,`create_time`,`deleted`) VALUES(161,141,'user104','192.168.246.167','本地','2026-06-04 22:11:26',1,1,NULL,'2026-06-27 22:11:26',0);
INSERT INTO `t_login_log`(`id`,`user_id`,`username`,`login_ip`,`login_location`,`login_time`,`login_type`,`login_status`,`login_msg`,`create_time`,`deleted`) VALUES(162,109,'user115','192.168.122.172','本地','2026-06-24 22:11:26',3,1,NULL,'2026-06-19 22:11:26',0);
INSERT INTO `t_login_log`(`id`,`user_id`,`username`,`login_ip`,`login_location`,`login_time`,`login_type`,`login_status`,`login_msg`,`create_time`,`deleted`) VALUES(163,123,'user110','192.168.156.247','本地','2026-06-09 22:11:26',1,1,NULL,'2026-06-27 22:11:26',0);
INSERT INTO `t_login_log`(`id`,`user_id`,`username`,`login_ip`,`login_location`,`login_time`,`login_type`,`login_status`,`login_msg`,`create_time`,`deleted`) VALUES(164,119,'user136','192.168.233.246','广州','2026-06-07 22:11:26',2,1,'密码错误','2026-06-05 22:11:26',0);
INSERT INTO `t_login_log`(`id`,`user_id`,`username`,`login_ip`,`login_location`,`login_time`,`login_type`,`login_status`,`login_msg`,`create_time`,`deleted`) VALUES(165,140,'user115','192.168.179.198','上海','2026-06-25 22:11:26',3,0,NULL,'2026-06-02 22:11:26',0);
INSERT INTO `t_login_log`(`id`,`user_id`,`username`,`login_ip`,`login_location`,`login_time`,`login_type`,`login_status`,`login_msg`,`create_time`,`deleted`) VALUES(166,102,'user122','192.168.110.170','上海','2026-06-11 22:11:26',1,0,NULL,'2026-06-27 22:11:26',0);
INSERT INTO `t_login_log`(`id`,`user_id`,`username`,`login_ip`,`login_location`,`login_time`,`login_type`,`login_status`,`login_msg`,`create_time`,`deleted`) VALUES(167,126,'user131','192.168.111.246','上海','2026-06-25 22:11:26',3,1,NULL,'2026-06-14 22:11:26',0);
INSERT INTO `t_login_log`(`id`,`user_id`,`username`,`login_ip`,`login_location`,`login_time`,`login_type`,`login_status`,`login_msg`,`create_time`,`deleted`) VALUES(168,146,'user133','192.168.167.70','广州','2026-05-29 22:11:26',2,1,NULL,'2026-06-09 22:11:26',0);
INSERT INTO `t_login_log`(`id`,`user_id`,`username`,`login_ip`,`login_location`,`login_time`,`login_type`,`login_status`,`login_msg`,`create_time`,`deleted`) VALUES(169,120,'user115','192.168.240.23','上海','2026-06-02 22:11:26',2,1,NULL,'2026-06-09 22:11:26',0);
INSERT INTO `t_login_log`(`id`,`user_id`,`username`,`login_ip`,`login_location`,`login_time`,`login_type`,`login_status`,`login_msg`,`create_time`,`deleted`) VALUES(170,142,'user124','192.168.8.127','上海','2026-06-18 22:11:26',1,1,NULL,'2026-06-02 22:11:26',0);
INSERT INTO `t_login_log`(`id`,`user_id`,`username`,`login_ip`,`login_location`,`login_time`,`login_type`,`login_status`,`login_msg`,`create_time`,`deleted`) VALUES(171,121,'user117','192.168.153.180','上海','2026-05-31 22:11:26',3,1,NULL,'2026-06-21 22:11:26',0);
INSERT INTO `t_login_log`(`id`,`user_id`,`username`,`login_ip`,`login_location`,`login_time`,`login_type`,`login_status`,`login_msg`,`create_time`,`deleted`) VALUES(172,115,'user146','192.168.126.143','北京','2026-06-15 22:11:26',3,1,NULL,'2026-06-12 22:11:26',0);
INSERT INTO `t_login_log`(`id`,`user_id`,`username`,`login_ip`,`login_location`,`login_time`,`login_type`,`login_status`,`login_msg`,`create_time`,`deleted`) VALUES(173,101,'user105','192.168.57.104','北京','2026-06-19 22:11:26',2,0,NULL,'2026-06-10 22:11:26',0);
INSERT INTO `t_login_log`(`id`,`user_id`,`username`,`login_ip`,`login_location`,`login_time`,`login_type`,`login_status`,`login_msg`,`create_time`,`deleted`) VALUES(174,122,'user127','192.168.141.85','上海','2026-06-05 22:11:26',3,1,NULL,'2026-06-19 22:11:26',0);
INSERT INTO `t_login_log`(`id`,`user_id`,`username`,`login_ip`,`login_location`,`login_time`,`login_type`,`login_status`,`login_msg`,`create_time`,`deleted`) VALUES(175,107,'user146','192.168.81.31','北京','2026-06-22 22:11:26',1,1,NULL,'2026-06-19 22:11:26',0);
INSERT INTO `t_login_log`(`id`,`user_id`,`username`,`login_ip`,`login_location`,`login_time`,`login_type`,`login_status`,`login_msg`,`create_time`,`deleted`) VALUES(176,137,'user148','192.168.153.73','本地','2026-06-12 22:11:26',1,1,NULL,'2026-06-22 22:11:26',0);
INSERT INTO `t_login_log`(`id`,`user_id`,`username`,`login_ip`,`login_location`,`login_time`,`login_type`,`login_status`,`login_msg`,`create_time`,`deleted`) VALUES(177,100,'user145','192.168.33.71','本地','2026-06-11 22:11:26',1,0,NULL,'2026-06-23 22:11:26',0);
INSERT INTO `t_login_log`(`id`,`user_id`,`username`,`login_ip`,`login_location`,`login_time`,`login_type`,`login_status`,`login_msg`,`create_time`,`deleted`) VALUES(178,148,'user131','192.168.224.4','上海','2026-06-25 22:11:26',2,1,NULL,'2026-06-22 22:11:26',0);
INSERT INTO `t_login_log`(`id`,`user_id`,`username`,`login_ip`,`login_location`,`login_time`,`login_type`,`login_status`,`login_msg`,`create_time`,`deleted`) VALUES(179,116,'user130','192.168.211.17','广州','2026-06-25 22:11:26',2,1,NULL,'2026-06-06 22:11:26',0);
INSERT INTO `t_login_log`(`id`,`user_id`,`username`,`login_ip`,`login_location`,`login_time`,`login_type`,`login_status`,`login_msg`,`create_time`,`deleted`) VALUES(180,109,'user109','192.168.145.243','上海','2026-06-03 22:11:26',1,1,NULL,'2026-06-03 22:11:26',0);
INSERT INTO `t_login_log`(`id`,`user_id`,`username`,`login_ip`,`login_location`,`login_time`,`login_type`,`login_status`,`login_msg`,`create_time`,`deleted`) VALUES(181,138,'user138','192.168.159.58','广州','2026-06-03 22:11:26',2,1,NULL,'2026-06-09 22:11:26',0);
INSERT INTO `t_login_log`(`id`,`user_id`,`username`,`login_ip`,`login_location`,`login_time`,`login_type`,`login_status`,`login_msg`,`create_time`,`deleted`) VALUES(182,119,'user136','192.168.16.157','本地','2026-06-09 22:11:26',1,1,NULL,'2026-06-25 22:11:26',0);
INSERT INTO `t_login_log`(`id`,`user_id`,`username`,`login_ip`,`login_location`,`login_time`,`login_type`,`login_status`,`login_msg`,`create_time`,`deleted`) VALUES(183,115,'user111','192.168.20.41','本地','2026-06-11 22:11:26',2,1,NULL,'2026-06-12 22:11:26',0);
INSERT INTO `t_login_log`(`id`,`user_id`,`username`,`login_ip`,`login_location`,`login_time`,`login_type`,`login_status`,`login_msg`,`create_time`,`deleted`) VALUES(184,102,'user114','192.168.181.73','广州','2026-06-19 22:11:26',1,1,NULL,'2026-06-02 22:11:26',0);
INSERT INTO `t_login_log`(`id`,`user_id`,`username`,`login_ip`,`login_location`,`login_time`,`login_type`,`login_status`,`login_msg`,`create_time`,`deleted`) VALUES(185,140,'user137','192.168.206.240','北京','2026-06-07 22:11:26',2,1,NULL,'2026-06-07 22:11:26',0);
INSERT INTO `t_login_log`(`id`,`user_id`,`username`,`login_ip`,`login_location`,`login_time`,`login_type`,`login_status`,`login_msg`,`create_time`,`deleted`) VALUES(186,117,'user109','192.168.16.43','上海','2026-06-26 22:11:26',3,0,NULL,'2026-06-13 22:11:26',0);
INSERT INTO `t_login_log`(`id`,`user_id`,`username`,`login_ip`,`login_location`,`login_time`,`login_type`,`login_status`,`login_msg`,`create_time`,`deleted`) VALUES(187,129,'user144','192.168.180.104','上海','2026-06-19 22:11:26',3,0,NULL,'2026-06-25 22:11:26',0);
INSERT INTO `t_login_log`(`id`,`user_id`,`username`,`login_ip`,`login_location`,`login_time`,`login_type`,`login_status`,`login_msg`,`create_time`,`deleted`) VALUES(188,102,'user127','192.168.83.155','上海','2026-06-05 22:11:26',1,1,NULL,'2026-06-06 22:11:26',0);
INSERT INTO `t_login_log`(`id`,`user_id`,`username`,`login_ip`,`login_location`,`login_time`,`login_type`,`login_status`,`login_msg`,`create_time`,`deleted`) VALUES(189,136,'user137','192.168.6.196','上海','2026-05-29 22:11:26',3,1,NULL,'2026-06-22 22:11:26',0);
INSERT INTO `t_login_log`(`id`,`user_id`,`username`,`login_ip`,`login_location`,`login_time`,`login_type`,`login_status`,`login_msg`,`create_time`,`deleted`) VALUES(190,133,'user141','192.168.235.72','北京','2026-06-14 22:11:26',3,1,NULL,'2026-06-12 22:11:26',0);
INSERT INTO `t_login_log`(`id`,`user_id`,`username`,`login_ip`,`login_location`,`login_time`,`login_type`,`login_status`,`login_msg`,`create_time`,`deleted`) VALUES(191,130,'user122','192.168.86.83','本地','2026-06-15 22:11:26',1,1,NULL,'2026-06-12 22:11:26',0);
INSERT INTO `t_login_log`(`id`,`user_id`,`username`,`login_ip`,`login_location`,`login_time`,`login_type`,`login_status`,`login_msg`,`create_time`,`deleted`) VALUES(192,142,'user125','192.168.195.141','本地','2026-06-02 22:11:26',2,1,NULL,'2026-06-17 22:11:26',0);
INSERT INTO `t_login_log`(`id`,`user_id`,`username`,`login_ip`,`login_location`,`login_time`,`login_type`,`login_status`,`login_msg`,`create_time`,`deleted`) VALUES(193,149,'user125','192.168.132.212','本地','2026-06-01 22:11:26',3,0,NULL,'2026-06-26 22:11:26',0);
INSERT INTO `t_login_log`(`id`,`user_id`,`username`,`login_ip`,`login_location`,`login_time`,`login_type`,`login_status`,`login_msg`,`create_time`,`deleted`) VALUES(194,133,'user123','192.168.194.128','广州','2026-06-09 22:11:26',1,1,NULL,'2026-06-23 22:11:26',0);
INSERT INTO `t_login_log`(`id`,`user_id`,`username`,`login_ip`,`login_location`,`login_time`,`login_type`,`login_status`,`login_msg`,`create_time`,`deleted`) VALUES(195,118,'user128','192.168.179.125','本地','2026-05-31 22:11:26',1,0,NULL,'2026-06-05 22:11:26',0);
INSERT INTO `t_login_log`(`id`,`user_id`,`username`,`login_ip`,`login_location`,`login_time`,`login_type`,`login_status`,`login_msg`,`create_time`,`deleted`) VALUES(196,119,'user135','192.168.142.105','本地','2026-06-28 22:11:26',1,1,NULL,'2026-06-24 22:11:26',0);
INSERT INTO `t_login_log`(`id`,`user_id`,`username`,`login_ip`,`login_location`,`login_time`,`login_type`,`login_status`,`login_msg`,`create_time`,`deleted`) VALUES(197,109,'user131','192.168.184.75','上海','2026-05-30 22:11:26',2,1,NULL,'2026-06-20 22:11:26',0);
INSERT INTO `t_login_log`(`id`,`user_id`,`username`,`login_ip`,`login_location`,`login_time`,`login_type`,`login_status`,`login_msg`,`create_time`,`deleted`) VALUES(198,135,'user109','192.168.49.236','北京','2026-06-16 22:11:26',1,1,NULL,'2026-05-31 22:11:26',0);
INSERT INTO `t_login_log`(`id`,`user_id`,`username`,`login_ip`,`login_location`,`login_time`,`login_type`,`login_status`,`login_msg`,`create_time`,`deleted`) VALUES(199,121,'user132','192.168.211.1','上海','2026-06-20 22:11:26',3,1,NULL,'2026-06-09 22:11:26',0);

USE `gov_user`;
DELETE FROM `t_file_info` WHERE id >= 100;
INSERT INTO `t_file_info`(`id`,`file_name`,`file_path`,`file_type`,`file_size`,`upload_user`,`upload_time`,`business_type`,`business_id`,`create_time`,`deleted`) VALUES(100,'文件1.pdf','/files/2024/1.pdf','jpg',2502656,128,'2026-04-20 22:11:26','apply',144,'2026-05-16 22:11:26',0);
INSERT INTO `t_file_info`(`id`,`file_name`,`file_path`,`file_type`,`file_size`,`upload_user`,`upload_time`,`business_type`,`business_id`,`create_time`,`deleted`) VALUES(101,'文件2.pdf','/files/2024/2.pdf','png',9126912,124,'2026-04-30 22:11:26','complaint',124,'2026-03-30 22:11:26',0);
INSERT INTO `t_file_info`(`id`,`file_name`,`file_path`,`file_type`,`file_size`,`upload_user`,`upload_time`,`business_type`,`business_id`,`create_time`,`deleted`) VALUES(102,'文件3.pdf','/files/2024/3.pdf','pdf',9603072,124,'2026-05-29 22:11:26','apply',105,'2026-05-18 22:11:26',0);
INSERT INTO `t_file_info`(`id`,`file_name`,`file_path`,`file_type`,`file_size`,`upload_user`,`upload_time`,`business_type`,`business_id`,`create_time`,`deleted`) VALUES(103,'文件4.pdf','/files/2024/4.pdf','png',7945216,145,'2026-05-10 22:11:26','apply',184,'2026-04-05 22:11:26',0);
INSERT INTO `t_file_info`(`id`,`file_name`,`file_path`,`file_type`,`file_size`,`upload_user`,`upload_time`,`business_type`,`business_id`,`create_time`,`deleted`) VALUES(104,'文件5.pdf','/files/2024/5.pdf','pdf',8320000,102,'2026-06-11 22:11:26','complaint',112,'2026-05-02 22:11:26',0);
INSERT INTO `t_file_info`(`id`,`file_name`,`file_path`,`file_type`,`file_size`,`upload_user`,`upload_time`,`business_type`,`business_id`,`create_time`,`deleted`) VALUES(105,'文件6.pdf','/files/2024/6.pdf','pdf',8834048,129,'2026-06-26 22:11:26','license',152,'2026-04-05 22:11:26',0);
INSERT INTO `t_file_info`(`id`,`file_name`,`file_path`,`file_type`,`file_size`,`upload_user`,`upload_time`,`business_type`,`business_id`,`create_time`,`deleted`) VALUES(106,'文件7.pdf','/files/2024/7.pdf','pdf',1264640,130,'2026-05-25 22:11:26','complaint',179,'2026-03-31 22:11:26',0);
INSERT INTO `t_file_info`(`id`,`file_name`,`file_path`,`file_type`,`file_size`,`upload_user`,`upload_time`,`business_type`,`business_id`,`create_time`,`deleted`) VALUES(107,'文件8.pdf','/files/2024/8.pdf','jpg',1356800,121,'2026-04-02 22:11:26','apply',140,'2026-04-08 22:11:26',0);
INSERT INTO `t_file_info`(`id`,`file_name`,`file_path`,`file_type`,`file_size`,`upload_user`,`upload_time`,`business_type`,`business_id`,`create_time`,`deleted`) VALUES(108,'文件9.pdf','/files/2024/9.pdf','png',8196096,134,'2026-06-23 22:11:26','record',130,'2026-04-08 22:11:26',0);
INSERT INTO `t_file_info`(`id`,`file_name`,`file_path`,`file_type`,`file_size`,`upload_user`,`upload_time`,`business_type`,`business_id`,`create_time`,`deleted`) VALUES(109,'文件10.pdf','/files/2024/10.pdf','png',4831232,114,'2026-06-16 22:11:26','apply',112,'2026-04-07 22:11:26',0);
INSERT INTO `t_file_info`(`id`,`file_name`,`file_path`,`file_type`,`file_size`,`upload_user`,`upload_time`,`business_type`,`business_id`,`create_time`,`deleted`) VALUES(110,'文件11.pdf','/files/2024/11.pdf','png',1695744,128,'2026-06-06 22:11:26','complaint',103,'2026-06-22 22:11:26',0);
INSERT INTO `t_file_info`(`id`,`file_name`,`file_path`,`file_type`,`file_size`,`upload_user`,`upload_time`,`business_type`,`business_id`,`create_time`,`deleted`) VALUES(111,'文件12.pdf','/files/2024/12.pdf','jpg',951296,118,'2026-05-13 22:11:26','complaint',155,'2026-06-09 22:11:26',0);
INSERT INTO `t_file_info`(`id`,`file_name`,`file_path`,`file_type`,`file_size`,`upload_user`,`upload_time`,`business_type`,`business_id`,`create_time`,`deleted`) VALUES(112,'文件13.pdf','/files/2024/13.pdf','pdf',8921088,126,'2026-04-16 22:11:26','license',121,'2026-06-05 22:11:26',0);
INSERT INTO `t_file_info`(`id`,`file_name`,`file_path`,`file_type`,`file_size`,`upload_user`,`upload_time`,`business_type`,`business_id`,`create_time`,`deleted`) VALUES(113,'文件14.pdf','/files/2024/14.pdf','pdf',10234880,124,'2026-04-09 22:11:26','license',163,'2026-04-14 22:11:26',0);
INSERT INTO `t_file_info`(`id`,`file_name`,`file_path`,`file_type`,`file_size`,`upload_user`,`upload_time`,`business_type`,`business_id`,`create_time`,`deleted`) VALUES(114,'文件15.pdf','/files/2024/15.pdf','pdf',3905536,129,'2026-04-07 22:11:26','complaint',158,'2026-05-26 22:11:26',0);
INSERT INTO `t_file_info`(`id`,`file_name`,`file_path`,`file_type`,`file_size`,`upload_user`,`upload_time`,`business_type`,`business_id`,`create_time`,`deleted`) VALUES(115,'文件16.pdf','/files/2024/16.pdf','png',166912,129,'2026-05-22 22:11:26','license',109,'2026-05-02 22:11:26',0);
INSERT INTO `t_file_info`(`id`,`file_name`,`file_path`,`file_type`,`file_size`,`upload_user`,`upload_time`,`business_type`,`business_id`,`create_time`,`deleted`) VALUES(116,'文件17.pdf','/files/2024/17.pdf','jpg',9867264,119,'2026-04-07 22:11:26','apply',188,'2026-05-26 22:11:26',0);
INSERT INTO `t_file_info`(`id`,`file_name`,`file_path`,`file_type`,`file_size`,`upload_user`,`upload_time`,`business_type`,`business_id`,`create_time`,`deleted`) VALUES(117,'文件18.pdf','/files/2024/18.pdf','jpg',5078016,112,'2026-05-09 22:11:26','apply',113,'2026-05-28 22:11:26',0);
INSERT INTO `t_file_info`(`id`,`file_name`,`file_path`,`file_type`,`file_size`,`upload_user`,`upload_time`,`business_type`,`business_id`,`create_time`,`deleted`) VALUES(118,'文件19.pdf','/files/2024/19.pdf','jpg',9605120,122,'2026-04-15 22:11:26','complaint',189,'2026-05-21 22:11:26',0);
INSERT INTO `t_file_info`(`id`,`file_name`,`file_path`,`file_type`,`file_size`,`upload_user`,`upload_time`,`business_type`,`business_id`,`create_time`,`deleted`) VALUES(119,'文件20.pdf','/files/2024/20.pdf','pdf',6649856,117,'2026-06-26 22:11:26','record',177,'2026-04-25 22:11:26',0);

USE `gov_user`;
DELETE FROM `t_ca_certificate` WHERE id >= 100;
INSERT INTO `t_ca_certificate`(`id`,`user_id`,`cert_sn`,`cert_content`,`cert_type`,`issuer`,`expire_time`,`status`,`create_time`,`update_time`,`create_by`,`update_by`,`deleted`) VALUES(100,100,'CA-20240001','证书内容0',2,'CA中心','2028-05-19 00:00:00',1,'2026-02-06 22:11:26','2026-06-07 22:11:26',1,1,0);
INSERT INTO `t_ca_certificate`(`id`,`user_id`,`cert_sn`,`cert_content`,`cert_type`,`issuer`,`expire_time`,`status`,`create_time`,`update_time`,`create_by`,`update_by`,`deleted`) VALUES(101,103,'CA-20240002','证书内容1',1,'第三方CA','2027-10-24 00:00:00',1,'2026-03-20 22:11:26','2026-06-07 22:11:26',1,1,0);
INSERT INTO `t_ca_certificate`(`id`,`user_id`,`cert_sn`,`cert_content`,`cert_type`,`issuer`,`expire_time`,`status`,`create_time`,`update_time`,`create_by`,`update_by`,`deleted`) VALUES(102,106,'CA-20240003','证书内容2',1,'第三方CA','2026-08-17 00:00:00',1,'2025-12-22 22:11:26','2026-06-02 22:11:26',1,1,0);
INSERT INTO `t_ca_certificate`(`id`,`user_id`,`cert_sn`,`cert_content`,`cert_type`,`issuer`,`expire_time`,`status`,`create_time`,`update_time`,`create_by`,`update_by`,`deleted`) VALUES(103,109,'CA-20240004','证书内容3',2,'CA中心','2028-06-14 00:00:00',1,'2026-03-23 22:11:26','2026-06-25 22:11:26',1,1,0);
INSERT INTO `t_ca_certificate`(`id`,`user_id`,`cert_sn`,`cert_content`,`cert_type`,`issuer`,`expire_time`,`status`,`create_time`,`update_time`,`create_by`,`update_by`,`deleted`) VALUES(104,112,'CA-20240005','证书内容4',2,'数安中心','2028-09-25 00:00:00',1,'2026-03-01 22:11:26','2026-06-21 22:11:26',1,1,0);
INSERT INTO `t_ca_certificate`(`id`,`user_id`,`cert_sn`,`cert_content`,`cert_type`,`issuer`,`expire_time`,`status`,`create_time`,`update_time`,`create_by`,`update_by`,`deleted`) VALUES(105,115,'CA-20240006','证书内容5',1,'第三方CA','2028-06-16 00:00:00',1,'2025-08-31 22:11:26','2026-06-11 22:11:26',1,1,0);
INSERT INTO `t_ca_certificate`(`id`,`user_id`,`cert_sn`,`cert_content`,`cert_type`,`issuer`,`expire_time`,`status`,`create_time`,`update_time`,`create_by`,`update_by`,`deleted`) VALUES(106,118,'CA-20240007','证书内容6',2,'CA中心','2027-11-06 00:00:00',1,'2025-09-25 22:11:26','2026-06-02 22:11:26',1,1,0);
INSERT INTO `t_ca_certificate`(`id`,`user_id`,`cert_sn`,`cert_content`,`cert_type`,`issuer`,`expire_time`,`status`,`create_time`,`update_time`,`create_by`,`update_by`,`deleted`) VALUES(107,121,'CA-20240008','证书内容7',2,'第三方CA','2028-04-21 00:00:00',1,'2026-04-01 22:11:26','2026-06-13 22:11:26',1,1,0);
INSERT INTO `t_ca_certificate`(`id`,`user_id`,`cert_sn`,`cert_content`,`cert_type`,`issuer`,`expire_time`,`status`,`create_time`,`update_time`,`create_by`,`update_by`,`deleted`) VALUES(108,124,'CA-20240009','证书内容8',1,'CA中心','2027-09-03 00:00:00',1,'2025-11-07 22:11:26','2026-05-31 22:11:26',1,1,0);
INSERT INTO `t_ca_certificate`(`id`,`user_id`,`cert_sn`,`cert_content`,`cert_type`,`issuer`,`expire_time`,`status`,`create_time`,`update_time`,`create_by`,`update_by`,`deleted`) VALUES(109,127,'CA-20240010','证书内容9',3,'数安中心','2026-11-29 00:00:00',1,'2025-11-08 22:11:26','2026-06-27 22:11:26',1,1,0);
INSERT INTO `t_ca_certificate`(`id`,`user_id`,`cert_sn`,`cert_content`,`cert_type`,`issuer`,`expire_time`,`status`,`create_time`,`update_time`,`create_by`,`update_by`,`deleted`) VALUES(110,130,'CA-20240011','证书内容10',2,'第三方CA','2027-02-06 00:00:00',1,'2025-10-09 22:11:26','2026-06-16 22:11:26',1,1,0);
INSERT INTO `t_ca_certificate`(`id`,`user_id`,`cert_sn`,`cert_content`,`cert_type`,`issuer`,`expire_time`,`status`,`create_time`,`update_time`,`create_by`,`update_by`,`deleted`) VALUES(111,133,'CA-20240012','证书内容11',3,'第三方CA','2027-11-16 00:00:00',1,'2025-08-03 22:11:26','2026-06-15 22:11:26',1,1,0);
INSERT INTO `t_ca_certificate`(`id`,`user_id`,`cert_sn`,`cert_content`,`cert_type`,`issuer`,`expire_time`,`status`,`create_time`,`update_time`,`create_by`,`update_by`,`deleted`) VALUES(112,136,'CA-20240013','证书内容12',3,'数安中心','2027-01-05 00:00:00',1,'2026-01-30 22:11:26','2026-06-12 22:11:26',1,1,0);
INSERT INTO `t_ca_certificate`(`id`,`user_id`,`cert_sn`,`cert_content`,`cert_type`,`issuer`,`expire_time`,`status`,`create_time`,`update_time`,`create_by`,`update_by`,`deleted`) VALUES(113,139,'CA-20240014','证书内容13',1,'第三方CA','2028-03-30 00:00:00',1,'2025-07-21 22:11:26','2026-06-20 22:11:26',1,1,0);
INSERT INTO `t_ca_certificate`(`id`,`user_id`,`cert_sn`,`cert_content`,`cert_type`,`issuer`,`expire_time`,`status`,`create_time`,`update_time`,`create_by`,`update_by`,`deleted`) VALUES(114,142,'CA-20240015','证书内容14',3,'CA中心','2029-01-03 00:00:00',1,'2025-12-26 22:11:26','2026-06-07 22:11:26',1,1,0);

USE `gov_user`;
DELETE FROM `t_user_realname` WHERE id >= 100;
INSERT INTO `t_user_realname`(`id`,`user_id`,`real_name`,`id_card`,`cert_type`,`cert_front_url`,`cert_back_url`,`verify_status`,`verify_time`,`verify_by`,`verify_remark`,`create_time`,`update_time`,`deleted`) VALUES(100,100,'用户100','110101199001010100',2,'/files/front_100.jpg',NULL,1,'2026-06-18 22:11:26',101,'信息不一致','2026-06-12 22:11:26','2026-05-30 22:11:26',0);
INSERT INTO `t_user_realname`(`id`,`user_id`,`real_name`,`id_card`,`cert_type`,`cert_front_url`,`cert_back_url`,`verify_status`,`verify_time`,`verify_by`,`verify_remark`,`create_time`,`update_time`,`deleted`) VALUES(101,101,'用户101','110101199001010101',3,'/files/front_101.jpg',NULL,1,NULL,101,'信息不一致','2026-05-24 22:11:26','2026-06-14 22:11:26',0);
INSERT INTO `t_user_realname`(`id`,`user_id`,`real_name`,`id_card`,`cert_type`,`cert_front_url`,`cert_back_url`,`verify_status`,`verify_time`,`verify_by`,`verify_remark`,`create_time`,`update_time`,`deleted`) VALUES(102,102,'用户102','110101199001010102',3,'/files/front_102.jpg','/files/back_102.jpg',1,'2026-06-07 22:11:26',NULL,'信息不一致','2026-06-01 22:11:26','2026-06-19 22:11:26',0);
INSERT INTO `t_user_realname`(`id`,`user_id`,`real_name`,`id_card`,`cert_type`,`cert_front_url`,`cert_back_url`,`verify_status`,`verify_time`,`verify_by`,`verify_remark`,`create_time`,`update_time`,`deleted`) VALUES(103,103,'用户103','110101199001010103',1,'/files/front_103.jpg','/files/back_103.jpg',1,NULL,101,NULL,'2026-06-21 22:11:26','2026-06-06 22:11:26',0);
INSERT INTO `t_user_realname`(`id`,`user_id`,`real_name`,`id_card`,`cert_type`,`cert_front_url`,`cert_back_url`,`verify_status`,`verify_time`,`verify_by`,`verify_remark`,`create_time`,`update_time`,`deleted`) VALUES(104,104,'用户104','110101199001010104',2,'/files/front_104.jpg','/files/back_104.jpg',2,NULL,NULL,'信息不一致','2026-06-20 22:11:26','2026-05-31 22:11:26',0);
INSERT INTO `t_user_realname`(`id`,`user_id`,`real_name`,`id_card`,`cert_type`,`cert_front_url`,`cert_back_url`,`verify_status`,`verify_time`,`verify_by`,`verify_remark`,`create_time`,`update_time`,`deleted`) VALUES(105,105,'用户105','110101199001010105',2,'/files/front_105.jpg',NULL,1,'2026-06-08 22:11:26',101,'信息不一致','2026-06-06 22:11:26','2026-06-20 22:11:26',0);
INSERT INTO `t_user_realname`(`id`,`user_id`,`real_name`,`id_card`,`cert_type`,`cert_front_url`,`cert_back_url`,`verify_status`,`verify_time`,`verify_by`,`verify_remark`,`create_time`,`update_time`,`deleted`) VALUES(106,106,'用户106','110101199001010106',1,'/files/front_106.jpg','/files/back_106.jpg',1,NULL,101,'信息不一致','2026-06-14 22:11:26','2026-06-01 22:11:26',0);
INSERT INTO `t_user_realname`(`id`,`user_id`,`real_name`,`id_card`,`cert_type`,`cert_front_url`,`cert_back_url`,`verify_status`,`verify_time`,`verify_by`,`verify_remark`,`create_time`,`update_time`,`deleted`) VALUES(107,107,'用户107','110101199001010107',1,'/files/front_107.jpg',NULL,1,'2026-06-08 22:11:26',NULL,NULL,'2026-06-18 22:11:26','2026-06-23 22:11:26',0);
INSERT INTO `t_user_realname`(`id`,`user_id`,`real_name`,`id_card`,`cert_type`,`cert_front_url`,`cert_back_url`,`verify_status`,`verify_time`,`verify_by`,`verify_remark`,`create_time`,`update_time`,`deleted`) VALUES(108,108,'用户108','110101199001010108',3,'/files/front_108.jpg',NULL,1,NULL,101,'信息不一致','2026-06-05 22:11:26','2026-06-02 22:11:26',0);
INSERT INTO `t_user_realname`(`id`,`user_id`,`real_name`,`id_card`,`cert_type`,`cert_front_url`,`cert_back_url`,`verify_status`,`verify_time`,`verify_by`,`verify_remark`,`create_time`,`update_time`,`deleted`) VALUES(109,109,'用户109','110101199001010109',1,'/files/front_109.jpg','/files/back_109.jpg',1,NULL,NULL,NULL,'2026-05-25 22:11:26','2026-06-24 22:11:26',0);
INSERT INTO `t_user_realname`(`id`,`user_id`,`real_name`,`id_card`,`cert_type`,`cert_front_url`,`cert_back_url`,`verify_status`,`verify_time`,`verify_by`,`verify_remark`,`create_time`,`update_time`,`deleted`) VALUES(110,110,'用户110','110101199001010110',3,'/files/front_110.jpg',NULL,1,'2026-06-11 22:11:26',101,'信息不一致','2026-06-13 22:11:26','2026-06-08 22:11:26',0);
INSERT INTO `t_user_realname`(`id`,`user_id`,`real_name`,`id_card`,`cert_type`,`cert_front_url`,`cert_back_url`,`verify_status`,`verify_time`,`verify_by`,`verify_remark`,`create_time`,`update_time`,`deleted`) VALUES(111,111,'用户111','110101199001010111',1,'/files/front_111.jpg','/files/back_111.jpg',3,'2026-06-18 22:11:26',NULL,NULL,'2026-06-24 22:11:26','2026-06-12 22:11:26',0);
INSERT INTO `t_user_realname`(`id`,`user_id`,`real_name`,`id_card`,`cert_type`,`cert_front_url`,`cert_back_url`,`verify_status`,`verify_time`,`verify_by`,`verify_remark`,`create_time`,`update_time`,`deleted`) VALUES(112,112,'用户112','110101199001010112',2,'/files/front_112.jpg',NULL,1,NULL,101,'信息不一致','2026-06-22 22:11:26','2026-06-17 22:11:26',0);
INSERT INTO `t_user_realname`(`id`,`user_id`,`real_name`,`id_card`,`cert_type`,`cert_front_url`,`cert_back_url`,`verify_status`,`verify_time`,`verify_by`,`verify_remark`,`create_time`,`update_time`,`deleted`) VALUES(113,113,'用户113','110101199001010113',3,'/files/front_113.jpg',NULL,1,NULL,101,'信息不一致','2026-06-07 22:11:26','2026-06-15 22:11:26',0);
INSERT INTO `t_user_realname`(`id`,`user_id`,`real_name`,`id_card`,`cert_type`,`cert_front_url`,`cert_back_url`,`verify_status`,`verify_time`,`verify_by`,`verify_remark`,`create_time`,`update_time`,`deleted`) VALUES(114,114,'用户114','110101199001010114',3,'/files/front_114.jpg','/files/back_114.jpg',1,'2026-06-14 22:11:26',NULL,NULL,'2026-05-04 22:11:26','2026-06-07 22:11:26',0);
INSERT INTO `t_user_realname`(`id`,`user_id`,`real_name`,`id_card`,`cert_type`,`cert_front_url`,`cert_back_url`,`verify_status`,`verify_time`,`verify_by`,`verify_remark`,`create_time`,`update_time`,`deleted`) VALUES(115,115,'用户115','110101199001010115',3,'/files/front_115.jpg','/files/back_115.jpg',0,'2026-06-21 22:11:26',NULL,NULL,'2026-06-01 22:11:26','2026-06-17 22:11:26',0);
INSERT INTO `t_user_realname`(`id`,`user_id`,`real_name`,`id_card`,`cert_type`,`cert_front_url`,`cert_back_url`,`verify_status`,`verify_time`,`verify_by`,`verify_remark`,`create_time`,`update_time`,`deleted`) VALUES(116,116,'用户116','110101199001010116',2,'/files/front_116.jpg',NULL,2,NULL,NULL,'信息不一致','2026-06-04 22:11:26','2026-06-23 22:11:26',0);
INSERT INTO `t_user_realname`(`id`,`user_id`,`real_name`,`id_card`,`cert_type`,`cert_front_url`,`cert_back_url`,`verify_status`,`verify_time`,`verify_by`,`verify_remark`,`create_time`,`update_time`,`deleted`) VALUES(117,117,'用户117','110101199001010117',3,'/files/front_117.jpg','/files/back_117.jpg',1,NULL,NULL,'信息不一致','2026-05-11 22:11:26','2026-06-04 22:11:26',0);
INSERT INTO `t_user_realname`(`id`,`user_id`,`real_name`,`id_card`,`cert_type`,`cert_front_url`,`cert_back_url`,`verify_status`,`verify_time`,`verify_by`,`verify_remark`,`create_time`,`update_time`,`deleted`) VALUES(118,118,'用户118','110101199001010118',2,'/files/front_118.jpg','/files/back_118.jpg',0,NULL,101,'信息不一致','2026-05-16 22:11:26','2026-06-24 22:11:26',0);
INSERT INTO `t_user_realname`(`id`,`user_id`,`real_name`,`id_card`,`cert_type`,`cert_front_url`,`cert_back_url`,`verify_status`,`verify_time`,`verify_by`,`verify_remark`,`create_time`,`update_time`,`deleted`) VALUES(119,119,'用户119','110101199001010119',2,'/files/front_119.jpg',NULL,2,'2026-06-14 22:11:26',101,NULL,'2026-06-09 22:11:26','2026-06-08 22:11:26',0);
INSERT INTO `t_user_realname`(`id`,`user_id`,`real_name`,`id_card`,`cert_type`,`cert_front_url`,`cert_back_url`,`verify_status`,`verify_time`,`verify_by`,`verify_remark`,`create_time`,`update_time`,`deleted`) VALUES(120,120,'用户120','110101199001010120',2,'/files/front_120.jpg',NULL,0,'2026-06-23 22:11:26',101,'信息不一致','2026-06-21 22:11:26','2026-06-16 22:11:26',0);
INSERT INTO `t_user_realname`(`id`,`user_id`,`real_name`,`id_card`,`cert_type`,`cert_front_url`,`cert_back_url`,`verify_status`,`verify_time`,`verify_by`,`verify_remark`,`create_time`,`update_time`,`deleted`) VALUES(121,121,'用户121','110101199001010121',3,'/files/front_121.jpg',NULL,3,NULL,NULL,'信息不一致','2026-05-23 22:11:26','2026-06-03 22:11:26',0);
INSERT INTO `t_user_realname`(`id`,`user_id`,`real_name`,`id_card`,`cert_type`,`cert_front_url`,`cert_back_url`,`verify_status`,`verify_time`,`verify_by`,`verify_remark`,`create_time`,`update_time`,`deleted`) VALUES(122,122,'用户122','110101199001010122',3,'/files/front_122.jpg','/files/back_122.jpg',2,'2026-06-08 22:11:26',101,NULL,'2026-06-10 22:11:26','2026-06-27 22:11:26',0);
INSERT INTO `t_user_realname`(`id`,`user_id`,`real_name`,`id_card`,`cert_type`,`cert_front_url`,`cert_back_url`,`verify_status`,`verify_time`,`verify_by`,`verify_remark`,`create_time`,`update_time`,`deleted`) VALUES(123,123,'用户123','110101199001010123',1,'/files/front_123.jpg',NULL,3,NULL,NULL,'信息不一致','2026-05-03 22:11:26','2026-06-23 22:11:26',0);
INSERT INTO `t_user_realname`(`id`,`user_id`,`real_name`,`id_card`,`cert_type`,`cert_front_url`,`cert_back_url`,`verify_status`,`verify_time`,`verify_by`,`verify_remark`,`create_time`,`update_time`,`deleted`) VALUES(124,124,'用户124','110101199001010124',3,'/files/front_124.jpg','/files/back_124.jpg',1,NULL,101,'信息不一致','2026-05-11 22:11:26','2026-06-11 22:11:26',0);
INSERT INTO `t_user_realname`(`id`,`user_id`,`real_name`,`id_card`,`cert_type`,`cert_front_url`,`cert_back_url`,`verify_status`,`verify_time`,`verify_by`,`verify_remark`,`create_time`,`update_time`,`deleted`) VALUES(125,125,'用户125','110101199001010125',1,'/files/front_125.jpg',NULL,1,NULL,NULL,NULL,'2026-05-09 22:11:26','2026-06-09 22:11:26',0);
INSERT INTO `t_user_realname`(`id`,`user_id`,`real_name`,`id_card`,`cert_type`,`cert_front_url`,`cert_back_url`,`verify_status`,`verify_time`,`verify_by`,`verify_remark`,`create_time`,`update_time`,`deleted`) VALUES(126,126,'用户126','110101199001010126',3,'/files/front_126.jpg',NULL,1,NULL,101,'信息不一致','2026-06-22 22:11:26','2026-06-19 22:11:26',0);
INSERT INTO `t_user_realname`(`id`,`user_id`,`real_name`,`id_card`,`cert_type`,`cert_front_url`,`cert_back_url`,`verify_status`,`verify_time`,`verify_by`,`verify_remark`,`create_time`,`update_time`,`deleted`) VALUES(127,127,'用户127','110101199001010127',2,'/files/front_127.jpg','/files/back_127.jpg',1,'2026-06-14 22:11:26',NULL,NULL,'2026-06-20 22:11:26','2026-06-16 22:11:26',0);
INSERT INTO `t_user_realname`(`id`,`user_id`,`real_name`,`id_card`,`cert_type`,`cert_front_url`,`cert_back_url`,`verify_status`,`verify_time`,`verify_by`,`verify_remark`,`create_time`,`update_time`,`deleted`) VALUES(128,128,'用户128','110101199001010128',2,'/files/front_128.jpg',NULL,2,'2026-06-12 22:11:26',101,'信息不一致','2026-06-13 22:11:26','2026-06-15 22:11:26',0);
INSERT INTO `t_user_realname`(`id`,`user_id`,`real_name`,`id_card`,`cert_type`,`cert_front_url`,`cert_back_url`,`verify_status`,`verify_time`,`verify_by`,`verify_remark`,`create_time`,`update_time`,`deleted`) VALUES(129,129,'用户129','110101199001010129',3,'/files/front_129.jpg',NULL,1,NULL,NULL,'信息不一致','2026-06-11 22:11:26','2026-06-18 22:11:26',0);

USE `gov_item`;
DELETE FROM `t_item_base` WHERE id >= 100;
INSERT INTO `t_item_base`(`id`,`item_code`,`item_name`,`dept_id`,`category_id`,`item_type`,`item_level`,`implement_type`,`time_limit`,`fee_flag`,`fee_standard`,`online_flag`,`window_flag`,`status`,`version`,`sort`,`create_time`,`update_time`,`create_by`,`update_by`,`deleted`) VALUES(100,'ITEM-2024001','建设用地规划许可证核发',105,1,1,1,1,3,0,'免费',0,1,1,1,1,'2026-05-29 22:11:26','2026-05-29 22:11:26',1,1,0);
INSERT INTO `t_item_base`(`id`,`item_code`,`item_name`,`dept_id`,`category_id`,`item_type`,`item_level`,`implement_type`,`time_limit`,`fee_flag`,`fee_standard`,`online_flag`,`window_flag`,`status`,`version`,`sort`,`create_time`,`update_time`,`create_by`,`update_by`,`deleted`) VALUES(101,'ITEM-2024002','食品经营许可',102,1,1,1,1,5,1,'免费',0,0,1,1,2,'2026-05-29 22:11:26','2026-05-29 22:11:26',1,1,0);
INSERT INTO `t_item_base`(`id`,`item_code`,`item_name`,`dept_id`,`category_id`,`item_type`,`item_level`,`implement_type`,`time_limit`,`fee_flag`,`fee_standard`,`online_flag`,`window_flag`,`status`,`version`,`sort`,`create_time`,`update_time`,`create_by`,`update_by`,`deleted`) VALUES(102,'ITEM-2024003','公共场所卫生许可',105,1,1,2,1,3,1,'免费',1,1,1,1,3,'2026-05-29 22:11:26','2026-05-29 22:11:26',1,1,0);
INSERT INTO `t_item_base`(`id`,`item_code`,`item_name`,`dept_id`,`category_id`,`item_type`,`item_level`,`implement_type`,`time_limit`,`fee_flag`,`fee_standard`,`online_flag`,`window_flag`,`status`,`version`,`sort`,`create_time`,`update_time`,`create_by`,`update_by`,`deleted`) VALUES(103,'ITEM-2024004','居民身份证办理',107,1,1,3,2,3,0,'按面积收费',0,1,1,1,4,'2026-05-29 22:11:26','2026-05-29 22:11:26',1,1,0);
INSERT INTO `t_item_base`(`id`,`item_code`,`item_name`,`dept_id`,`category_id`,`item_type`,`item_level`,`implement_type`,`time_limit`,`fee_flag`,`fee_standard`,`online_flag`,`window_flag`,`status`,`version`,`sort`,`create_time`,`update_time`,`create_by`,`update_by`,`deleted`) VALUES(104,'ITEM-2024005','不动产登记',106,1,1,1,3,10,0,'按项目收费',1,1,1,1,5,'2026-05-29 22:11:26','2026-05-29 22:11:26',1,1,0);
INSERT INTO `t_item_base`(`id`,`item_code`,`item_name`,`dept_id`,`category_id`,`item_type`,`item_level`,`implement_type`,`time_limit`,`fee_flag`,`fee_standard`,`online_flag`,`window_flag`,`status`,`version`,`sort`,`create_time`,`update_time`,`create_by`,`update_by`,`deleted`) VALUES(105,'ITEM-2024006','税务登记',102,1,2,1,1,30,0,'免费',1,1,0,1,6,'2026-05-29 22:11:26','2026-05-29 22:11:26',1,1,0);
INSERT INTO `t_item_base`(`id`,`item_code`,`item_name`,`dept_id`,`category_id`,`item_type`,`item_level`,`implement_type`,`time_limit`,`fee_flag`,`fee_standard`,`online_flag`,`window_flag`,`status`,`version`,`sort`,`create_time`,`update_time`,`create_by`,`update_by`,`deleted`) VALUES(106,'ITEM-2024007','房屋预售许可',103,1,2,2,1,20,1,'免费',1,1,2,1,7,'2026-05-29 22:11:26','2026-05-29 22:11:26',1,1,0);
INSERT INTO `t_item_base`(`id`,`item_code`,`item_name`,`dept_id`,`category_id`,`item_type`,`item_level`,`implement_type`,`time_limit`,`fee_flag`,`fee_standard`,`online_flag`,`window_flag`,`status`,`version`,`sort`,`create_time`,`update_time`,`create_by`,`update_by`,`deleted`) VALUES(107,'ITEM-2024008','学历认证',105,1,3,3,1,7,0,'免费',1,0,1,1,8,'2026-05-29 22:11:26','2026-05-29 22:11:26',1,1,0);
INSERT INTO `t_item_base`(`id`,`item_code`,`item_name`,`dept_id`,`category_id`,`item_type`,`item_level`,`implement_type`,`time_limit`,`fee_flag`,`fee_standard`,`online_flag`,`window_flag`,`status`,`version`,`sort`,`create_time`,`update_time`,`create_by`,`update_by`,`deleted`) VALUES(108,'ITEM-2024009','企业名称预先核准',101,1,1,1,2,7,0,'免费',0,1,1,1,9,'2026-05-29 22:11:26','2026-05-29 22:11:26',1,1,0);
INSERT INTO `t_item_base`(`id`,`item_code`,`item_name`,`dept_id`,`category_id`,`item_type`,`item_level`,`implement_type`,`time_limit`,`fee_flag`,`fee_standard`,`online_flag`,`window_flag`,`status`,`version`,`sort`,`create_time`,`update_time`,`create_by`,`update_by`,`deleted`) VALUES(109,'ITEM-2024010','建设工程规划验收',103,1,1,1,3,3,0,'免费',1,1,1,1,10,'2026-05-29 22:11:26','2026-05-29 22:11:26',1,1,0);
INSERT INTO `t_item_base`(`id`,`item_code`,`item_name`,`dept_id`,`category_id`,`item_type`,`item_level`,`implement_type`,`time_limit`,`fee_flag`,`fee_standard`,`online_flag`,`window_flag`,`status`,`version`,`sort`,`create_time`,`update_time`,`create_by`,`update_by`,`deleted`) VALUES(110,'ITEM-2024011','消防安全检查',109,1,1,2,1,5,0,'免费',0,1,1,1,11,'2026-05-29 22:11:26','2026-05-29 22:11:26',1,1,0);
INSERT INTO `t_item_base`(`id`,`item_code`,`item_name`,`dept_id`,`category_id`,`item_type`,`item_level`,`implement_type`,`time_limit`,`fee_flag`,`fee_standard`,`online_flag`,`window_flag`,`status`,`version`,`sort`,`create_time`,`update_time`,`create_by`,`update_by`,`deleted`) VALUES(111,'ITEM-2024012','环评审批',107,1,1,3,1,30,0,'免费',1,1,1,1,12,'2026-05-29 22:11:26','2026-05-29 22:11:26',1,1,0);
INSERT INTO `t_item_base`(`id`,`item_code`,`item_name`,`dept_id`,`category_id`,`item_type`,`item_level`,`implement_type`,`time_limit`,`fee_flag`,`fee_standard`,`online_flag`,`window_flag`,`status`,`version`,`sort`,`create_time`,`update_time`,`create_by`,`update_by`,`deleted`) VALUES(112,'ITEM-2024013','排污许可',101,1,1,1,1,30,1,'免费',1,0,0,1,13,'2026-05-29 22:11:26','2026-05-29 22:11:26',1,1,0);
INSERT INTO `t_item_base`(`id`,`item_code`,`item_name`,`dept_id`,`category_id`,`item_type`,`item_level`,`implement_type`,`time_limit`,`fee_flag`,`fee_standard`,`online_flag`,`window_flag`,`status`,`version`,`sort`,`create_time`,`update_time`,`create_by`,`update_by`,`deleted`) VALUES(113,'ITEM-2024014','取水许可',100,1,2,1,2,15,0,'免费',1,1,2,1,14,'2026-05-29 22:11:26','2026-05-29 22:11:26',1,1,0);
INSERT INTO `t_item_base`(`id`,`item_code`,`item_name`,`dept_id`,`category_id`,`item_type`,`item_level`,`implement_type`,`time_limit`,`fee_flag`,`fee_standard`,`online_flag`,`window_flag`,`status`,`version`,`sort`,`create_time`,`update_time`,`create_by`,`update_by`,`deleted`) VALUES(114,'ITEM-2024015','河道采砂许可',100,1,2,2,3,1,0,'免费',1,1,1,1,15,'2026-05-29 22:11:26','2026-05-29 22:11:26',1,1,0);
INSERT INTO `t_item_base`(`id`,`item_code`,`item_name`,`dept_id`,`category_id`,`item_type`,`item_level`,`implement_type`,`time_limit`,`fee_flag`,`fee_standard`,`online_flag`,`window_flag`,`status`,`version`,`sort`,`create_time`,`update_time`,`create_by`,`update_by`,`deleted`) VALUES(115,'ITEM-2024016','林木采伐许可',109,1,3,3,1,20,1,'免费',1,0,1,1,16,'2026-05-29 22:11:26','2026-05-29 22:11:26',1,1,0);
INSERT INTO `t_item_base`(`id`,`item_code`,`item_name`,`dept_id`,`category_id`,`item_type`,`item_level`,`implement_type`,`time_limit`,`fee_flag`,`fee_standard`,`online_flag`,`window_flag`,`status`,`version`,`sort`,`create_time`,`update_time`,`create_by`,`update_by`,`deleted`) VALUES(116,'ITEM-2024017','动物检疫',103,1,1,1,1,15,1,'免费',1,1,1,1,17,'2026-05-29 22:11:26','2026-05-29 22:11:26',1,1,0);
INSERT INTO `t_item_base`(`id`,`item_code`,`item_name`,`dept_id`,`category_id`,`item_type`,`item_level`,`implement_type`,`time_limit`,`fee_flag`,`fee_standard`,`online_flag`,`window_flag`,`status`,`version`,`sort`,`create_time`,`update_time`,`create_by`,`update_by`,`deleted`) VALUES(117,'ITEM-2024018','种畜禽经营许可',101,1,1,1,1,15,0,'免费',1,1,1,1,18,'2026-05-29 22:11:26','2026-05-29 22:11:26',1,1,0);
INSERT INTO `t_item_base`(`id`,`item_code`,`item_name`,`dept_id`,`category_id`,`item_type`,`item_level`,`implement_type`,`time_limit`,`fee_flag`,`fee_standard`,`online_flag`,`window_flag`,`status`,`version`,`sort`,`create_time`,`update_time`,`create_by`,`update_by`,`deleted`) VALUES(118,'ITEM-2024019','农药经营许可',107,1,1,2,2,30,0,'免费',1,1,1,1,19,'2026-05-29 22:11:26','2026-05-29 22:11:26',1,1,0);
INSERT INTO `t_item_base`(`id`,`item_code`,`item_name`,`dept_id`,`category_id`,`item_type`,`item_level`,`implement_type`,`time_limit`,`fee_flag`,`fee_standard`,`online_flag`,`window_flag`,`status`,`version`,`sort`,`create_time`,`update_time`,`create_by`,`update_by`,`deleted`) VALUES(119,'ITEM-2024020','兽药经营许可',106,1,1,3,3,20,0,'免费',0,1,0,1,20,'2026-05-29 22:11:26','2026-05-29 22:11:26',1,1,0);
INSERT INTO `t_item_base`(`id`,`item_code`,`item_name`,`dept_id`,`category_id`,`item_type`,`item_level`,`implement_type`,`time_limit`,`fee_flag`,`fee_standard`,`online_flag`,`window_flag`,`status`,`version`,`sort`,`create_time`,`update_time`,`create_by`,`update_by`,`deleted`) VALUES(120,'ITEM-2024021','道路货运许可',101,1,1,1,1,15,0,'免费',1,1,2,1,21,'2026-05-29 22:11:26','2026-05-29 22:11:26',1,1,0);
INSERT INTO `t_item_base`(`id`,`item_code`,`item_name`,`dept_id`,`category_id`,`item_type`,`item_level`,`implement_type`,`time_limit`,`fee_flag`,`fee_standard`,`online_flag`,`window_flag`,`status`,`version`,`sort`,`create_time`,`update_time`,`create_by`,`update_by`,`deleted`) VALUES(121,'ITEM-2024022','客运班线许可',109,1,2,1,1,5,0,'免费',0,1,1,1,22,'2026-05-29 22:11:26','2026-05-29 22:11:26',1,1,0);
INSERT INTO `t_item_base`(`id`,`item_code`,`item_name`,`dept_id`,`category_id`,`item_type`,`item_level`,`implement_type`,`time_limit`,`fee_flag`,`fee_standard`,`online_flag`,`window_flag`,`status`,`version`,`sort`,`create_time`,`update_time`,`create_by`,`update_by`,`deleted`) VALUES(122,'ITEM-2024023','驾校备案',105,1,2,2,1,10,1,'免费',0,1,1,1,23,'2026-05-29 22:11:26','2026-05-29 22:11:26',1,1,0);
INSERT INTO `t_item_base`(`id`,`item_code`,`item_name`,`dept_id`,`category_id`,`item_type`,`item_level`,`implement_type`,`time_limit`,`fee_flag`,`fee_standard`,`online_flag`,`window_flag`,`status`,`version`,`sort`,`create_time`,`update_time`,`create_by`,`update_by`,`deleted`) VALUES(123,'ITEM-2024024','网约车许可',104,1,3,3,2,20,0,'免费',0,0,1,1,24,'2026-05-29 22:11:26','2026-05-29 22:11:26',1,1,0);
INSERT INTO `t_item_base`(`id`,`item_code`,`item_name`,`dept_id`,`category_id`,`item_type`,`item_level`,`implement_type`,`time_limit`,`fee_flag`,`fee_standard`,`online_flag`,`window_flag`,`status`,`version`,`sort`,`create_time`,`update_time`,`create_by`,`update_by`,`deleted`) VALUES(124,'ITEM-2024025','危化品运输许可',101,1,1,1,3,20,0,'免费',1,1,1,1,25,'2026-05-29 22:11:26','2026-05-29 22:11:26',1,1,0);
INSERT INTO `t_item_base`(`id`,`item_code`,`item_name`,`dept_id`,`category_id`,`item_type`,`item_level`,`implement_type`,`time_limit`,`fee_flag`,`fee_standard`,`online_flag`,`window_flag`,`status`,`version`,`sort`,`create_time`,`update_time`,`create_by`,`update_by`,`deleted`) VALUES(125,'ITEM-2024026','医师执业注册',102,1,1,1,1,7,0,'免费',1,1,1,1,26,'2026-05-29 22:11:26','2026-05-29 22:11:26',1,1,0);
INSERT INTO `t_item_base`(`id`,`item_code`,`item_name`,`dept_id`,`category_id`,`item_type`,`item_level`,`implement_type`,`time_limit`,`fee_flag`,`fee_standard`,`online_flag`,`window_flag`,`status`,`version`,`sort`,`create_time`,`update_time`,`create_by`,`update_by`,`deleted`) VALUES(126,'ITEM-2024027','护士执业注册',102,1,1,2,1,5,0,'免费',1,0,0,1,27,'2026-05-29 22:11:26','2026-05-29 22:11:26',1,1,0);
INSERT INTO `t_item_base`(`id`,`item_code`,`item_name`,`dept_id`,`category_id`,`item_type`,`item_level`,`implement_type`,`time_limit`,`fee_flag`,`fee_standard`,`online_flag`,`window_flag`,`status`,`version`,`sort`,`create_time`,`update_time`,`create_by`,`update_by`,`deleted`) VALUES(127,'ITEM-2024028','医疗机构许可',108,1,1,3,1,1,0,'免费',0,1,2,1,28,'2026-05-29 22:11:26','2026-05-29 22:11:26',1,1,0);
INSERT INTO `t_item_base`(`id`,`item_code`,`item_name`,`dept_id`,`category_id`,`item_type`,`item_level`,`implement_type`,`time_limit`,`fee_flag`,`fee_standard`,`online_flag`,`window_flag`,`status`,`version`,`sort`,`create_time`,`update_time`,`create_by`,`update_by`,`deleted`) VALUES(128,'ITEM-2024029','母婴保健许可',102,1,1,1,2,5,0,'免费',0,1,1,1,29,'2026-05-29 22:11:26','2026-05-29 22:11:26',1,1,0);
INSERT INTO `t_item_base`(`id`,`item_code`,`item_name`,`dept_id`,`category_id`,`item_type`,`item_level`,`implement_type`,`time_limit`,`fee_flag`,`fee_standard`,`online_flag`,`window_flag`,`status`,`version`,`sort`,`create_time`,`update_time`,`create_by`,`update_by`,`deleted`) VALUES(129,'ITEM-2024030','放射诊疗许可',100,1,2,1,3,20,0,'免费',1,0,1,1,30,'2026-05-29 22:11:26','2026-05-29 22:11:26',1,1,0);
INSERT INTO `t_item_base`(`id`,`item_code`,`item_name`,`dept_id`,`category_id`,`item_type`,`item_level`,`implement_type`,`time_limit`,`fee_flag`,`fee_standard`,`online_flag`,`window_flag`,`status`,`version`,`sort`,`create_time`,`update_time`,`create_by`,`update_by`,`deleted`) VALUES(130,'ITEM-2024031','教师证认定',104,1,2,2,1,30,0,'免费',1,1,1,1,31,'2026-05-29 22:11:26','2026-05-29 22:11:26',1,1,0);
INSERT INTO `t_item_base`(`id`,`item_code`,`item_name`,`dept_id`,`category_id`,`item_type`,`item_level`,`implement_type`,`time_limit`,`fee_flag`,`fee_standard`,`online_flag`,`window_flag`,`status`,`version`,`sort`,`create_time`,`update_time`,`create_by`,`update_by`,`deleted`) VALUES(131,'ITEM-2024032','办学许可',103,1,3,3,1,15,1,'按标准收费',1,1,1,1,32,'2026-05-29 22:11:26','2026-05-29 22:11:26',1,1,0);
INSERT INTO `t_item_base`(`id`,`item_code`,`item_name`,`dept_id`,`category_id`,`item_type`,`item_level`,`implement_type`,`time_limit`,`fee_flag`,`fee_standard`,`online_flag`,`window_flag`,`status`,`version`,`sort`,`create_time`,`update_time`,`create_by`,`update_by`,`deleted`) VALUES(132,'ITEM-2024033','出版物经营许可',108,1,1,1,1,20,0,'免费',0,1,1,1,33,'2026-05-29 22:11:26','2026-05-29 22:11:26',1,1,0);
INSERT INTO `t_item_base`(`id`,`item_code`,`item_name`,`dept_id`,`category_id`,`item_type`,`item_level`,`implement_type`,`time_limit`,`fee_flag`,`fee_standard`,`online_flag`,`window_flag`,`status`,`version`,`sort`,`create_time`,`update_time`,`create_by`,`update_by`,`deleted`) VALUES(133,'ITEM-2024034','网吧许可',104,1,1,1,2,1,1,'免费',0,1,0,1,34,'2026-05-29 22:11:26','2026-05-29 22:11:26',1,1,0);
INSERT INTO `t_item_base`(`id`,`item_code`,`item_name`,`dept_id`,`category_id`,`item_type`,`item_level`,`implement_type`,`time_limit`,`fee_flag`,`fee_standard`,`online_flag`,`window_flag`,`status`,`version`,`sort`,`create_time`,`update_time`,`create_by`,`update_by`,`deleted`) VALUES(134,'ITEM-2024035','演出经纪许可',108,1,1,2,3,3,0,'免费',1,1,2,1,35,'2026-05-29 22:11:26','2026-05-29 22:11:26',1,1,0);
INSERT INTO `t_item_base`(`id`,`item_code`,`item_name`,`dept_id`,`category_id`,`item_type`,`item_level`,`implement_type`,`time_limit`,`fee_flag`,`fee_standard`,`online_flag`,`window_flag`,`status`,`version`,`sort`,`create_time`,`update_time`,`create_by`,`update_by`,`deleted`) VALUES(135,'ITEM-2024036','建筑施工许可',107,1,1,3,1,5,1,'免费',1,1,1,1,36,'2026-05-29 22:11:26','2026-05-29 22:11:26',1,1,0);
INSERT INTO `t_item_base`(`id`,`item_code`,`item_name`,`dept_id`,`category_id`,`item_type`,`item_level`,`implement_type`,`time_limit`,`fee_flag`,`fee_standard`,`online_flag`,`window_flag`,`status`,`version`,`sort`,`create_time`,`update_time`,`create_by`,`update_by`,`deleted`) VALUES(136,'ITEM-2024037','商品房预售许可',105,1,1,1,1,1,1,'免费',1,0,1,1,37,'2026-05-29 22:11:26','2026-05-29 22:11:26',1,1,0);
INSERT INTO `t_item_base`(`id`,`item_code`,`item_name`,`dept_id`,`category_id`,`item_type`,`item_level`,`implement_type`,`time_limit`,`fee_flag`,`fee_standard`,`online_flag`,`window_flag`,`status`,`version`,`sort`,`create_time`,`update_time`,`create_by`,`update_by`,`deleted`) VALUES(137,'ITEM-2024038','物业资质备案',105,1,2,1,1,7,1,'免费',1,1,1,1,38,'2026-05-29 22:11:26','2026-05-29 22:11:26',1,1,0);
INSERT INTO `t_item_base`(`id`,`item_code`,`item_name`,`dept_id`,`category_id`,`item_type`,`item_level`,`implement_type`,`time_limit`,`fee_flag`,`fee_standard`,`online_flag`,`window_flag`,`status`,`version`,`sort`,`create_time`,`update_time`,`create_by`,`update_by`,`deleted`) VALUES(138,'ITEM-2024039','燃气经营许可',100,1,2,2,2,15,0,'免费',1,1,1,1,39,'2026-05-29 22:11:26','2026-05-29 22:11:26',1,1,0);
INSERT INTO `t_item_base`(`id`,`item_code`,`item_name`,`dept_id`,`category_id`,`item_type`,`item_level`,`implement_type`,`time_limit`,`fee_flag`,`fee_standard`,`online_flag`,`window_flag`,`status`,`version`,`sort`,`create_time`,`update_time`,`create_by`,`update_by`,`deleted`) VALUES(139,'ITEM-2024040','垃圾清运许可',100,1,3,3,3,10,1,'免费',0,1,1,1,40,'2026-05-29 22:11:26','2026-05-29 22:11:26',1,1,0);
INSERT INTO `t_item_base`(`id`,`item_code`,`item_name`,`dept_id`,`category_id`,`item_type`,`item_level`,`implement_type`,`time_limit`,`fee_flag`,`fee_standard`,`online_flag`,`window_flag`,`status`,`version`,`sort`,`create_time`,`update_time`,`create_by`,`update_by`,`deleted`) VALUES(140,'ITEM-2024041','社保登记',107,1,1,1,1,1,0,'免费',1,1,0,1,41,'2026-05-29 22:11:26','2026-05-29 22:11:26',1,1,0);
INSERT INTO `t_item_base`(`id`,`item_code`,`item_name`,`dept_id`,`category_id`,`item_type`,`item_level`,`implement_type`,`time_limit`,`fee_flag`,`fee_standard`,`online_flag`,`window_flag`,`status`,`version`,`sort`,`create_time`,`update_time`,`create_by`,`update_by`,`deleted`) VALUES(141,'ITEM-2024042','医保定点',102,1,1,1,1,20,0,'免费',1,1,2,1,42,'2026-05-29 22:11:26','2026-05-29 22:11:26',1,1,0);
INSERT INTO `t_item_base`(`id`,`item_code`,`item_name`,`dept_id`,`category_id`,`item_type`,`item_level`,`implement_type`,`time_limit`,`fee_flag`,`fee_standard`,`online_flag`,`window_flag`,`status`,`version`,`sort`,`create_time`,`update_time`,`create_by`,`update_by`,`deleted`) VALUES(142,'ITEM-2024043','低保申请',101,1,1,2,1,1,0,'工本费20元',0,0,1,1,43,'2026-05-29 22:11:26','2026-05-29 22:11:26',1,1,0);
INSERT INTO `t_item_base`(`id`,`item_code`,`item_name`,`dept_id`,`category_id`,`item_type`,`item_level`,`implement_type`,`time_limit`,`fee_flag`,`fee_standard`,`online_flag`,`window_flag`,`status`,`version`,`sort`,`create_time`,`update_time`,`create_by`,`update_by`,`deleted`) VALUES(143,'ITEM-2024044','残疾人证',107,1,1,3,2,3,0,'按面积收费',0,0,1,1,44,'2026-05-29 22:11:26','2026-05-29 22:11:26',1,1,0);
INSERT INTO `t_item_base`(`id`,`item_code`,`item_name`,`dept_id`,`category_id`,`item_type`,`item_level`,`implement_type`,`time_limit`,`fee_flag`,`fee_standard`,`online_flag`,`window_flag`,`status`,`version`,`sort`,`create_time`,`update_time`,`create_by`,`update_by`,`deleted`) VALUES(144,'ITEM-2024045','老年人优待证',100,1,1,1,3,7,0,'免费',1,1,1,1,45,'2026-05-29 22:11:26','2026-05-29 22:11:26',1,1,0);
INSERT INTO `t_item_base`(`id`,`item_code`,`item_name`,`dept_id`,`category_id`,`item_type`,`item_level`,`implement_type`,`time_limit`,`fee_flag`,`fee_standard`,`online_flag`,`window_flag`,`status`,`version`,`sort`,`create_time`,`update_time`,`create_by`,`update_by`,`deleted`) VALUES(145,'ITEM-2024046','人才引进',109,1,2,1,1,15,0,'免费',1,1,1,1,46,'2026-05-29 22:11:26','2026-05-29 22:11:26',1,1,0);
INSERT INTO `t_item_base`(`id`,`item_code`,`item_name`,`dept_id`,`category_id`,`item_type`,`item_level`,`implement_type`,`time_limit`,`fee_flag`,`fee_standard`,`online_flag`,`window_flag`,`status`,`version`,`sort`,`create_time`,`update_time`,`create_by`,`update_by`,`deleted`) VALUES(146,'ITEM-2024047','档案转递',108,1,2,2,1,15,0,'免费',1,1,1,1,47,'2026-05-29 22:11:26','2026-05-29 22:11:26',1,1,0);
INSERT INTO `t_item_base`(`id`,`item_code`,`item_name`,`dept_id`,`category_id`,`item_type`,`item_level`,`implement_type`,`time_limit`,`fee_flag`,`fee_standard`,`online_flag`,`window_flag`,`status`,`version`,`sort`,`create_time`,`update_time`,`create_by`,`update_by`,`deleted`) VALUES(147,'ITEM-2024048','劳动争议',100,1,3,3,1,20,0,'免费',0,1,0,1,48,'2026-05-29 22:11:26','2026-05-29 22:11:26',1,1,0);
INSERT INTO `t_item_base`(`id`,`item_code`,`item_name`,`dept_id`,`category_id`,`item_type`,`item_level`,`implement_type`,`time_limit`,`fee_flag`,`fee_standard`,`online_flag`,`window_flag`,`status`,`version`,`sort`,`create_time`,`update_time`,`create_by`,`update_by`,`deleted`) VALUES(148,'ITEM-2024049','外国人工作许可',105,1,1,1,2,3,0,'免费',0,1,2,1,49,'2026-05-29 22:11:26','2026-05-29 22:11:26',1,1,0);
INSERT INTO `t_item_base`(`id`,`item_code`,`item_name`,`dept_id`,`category_id`,`item_type`,`item_level`,`implement_type`,`time_limit`,`fee_flag`,`fee_standard`,`online_flag`,`window_flag`,`status`,`version`,`sort`,`create_time`,`update_time`,`create_by`,`update_by`,`deleted`) VALUES(149,'ITEM-2024050','港澳通行证',109,1,1,1,3,15,0,'免费',1,0,1,1,50,'2026-05-29 22:11:26','2026-05-29 22:11:26',1,1,0);

USE `gov_item`;
DELETE FROM `t_item_category` WHERE id >= 100;
INSERT INTO `t_item_category`(`id`,`category_name`,`category_code`,`parent_id`,`category_level`,`sort`,`status`,`create_time`,`update_time`,`create_by`,`update_by`,`deleted`) VALUES(100,'行政许可','XZXK',0,1,1,1,'2026-05-29 22:11:26','2026-05-29 22:11:26',1,1,0);
INSERT INTO `t_item_category`(`id`,`category_name`,`category_code`,`parent_id`,`category_level`,`sort`,`status`,`create_time`,`update_time`,`create_by`,`update_by`,`deleted`) VALUES(101,'行政确认','XZQR',0,1,2,1,'2026-05-29 22:11:26','2026-05-29 22:11:26',1,1,0);
INSERT INTO `t_item_category`(`id`,`category_name`,`category_code`,`parent_id`,`category_level`,`sort`,`status`,`create_time`,`update_time`,`create_by`,`update_by`,`deleted`) VALUES(102,'公共服务','GGFW',0,1,3,1,'2026-05-29 22:11:26','2026-05-29 22:11:26',1,1,0);
INSERT INTO `t_item_category`(`id`,`category_name`,`category_code`,`parent_id`,`category_level`,`sort`,`status`,`create_time`,`update_time`,`create_by`,`update_by`,`deleted`) VALUES(103,'行政备案','XZBA',0,1,4,1,'2026-05-29 22:11:26','2026-05-29 22:11:26',1,1,0);
INSERT INTO `t_item_category`(`id`,`category_name`,`category_code`,`parent_id`,`category_level`,`sort`,`status`,`create_time`,`update_time`,`create_by`,`update_by`,`deleted`) VALUES(104,'建设规划','JSGH',100,2,1,1,'2026-05-29 22:11:26','2026-05-29 22:11:26',1,1,0);
INSERT INTO `t_item_category`(`id`,`category_name`,`category_code`,`parent_id`,`category_level`,`sort`,`status`,`create_time`,`update_time`,`create_by`,`update_by`,`deleted`) VALUES(105,'食品药品','SPYP',100,2,2,1,'2026-05-29 22:11:26','2026-05-29 22:11:26',1,1,0);
INSERT INTO `t_item_category`(`id`,`category_name`,`category_code`,`parent_id`,`category_level`,`sort`,`status`,`create_time`,`update_time`,`create_by`,`update_by`,`deleted`) VALUES(106,'社会事务','SHSW',102,2,1,1,'2026-05-29 22:11:26','2026-05-29 22:11:26',1,1,0);
INSERT INTO `t_item_category`(`id`,`category_name`,`category_code`,`parent_id`,`category_level`,`sort`,`status`,`create_time`,`update_time`,`create_by`,`update_by`,`deleted`) VALUES(107,'交通管理','JTGL',100,2,3,1,'2026-05-29 22:11:26','2026-05-29 22:11:26',1,1,0);
INSERT INTO `t_item_category`(`id`,`category_name`,`category_code`,`parent_id`,`category_level`,`sort`,`status`,`create_time`,`update_time`,`create_by`,`update_by`,`deleted`) VALUES(108,'自然资源','ZRZY',101,2,1,1,'2026-05-29 22:11:26','2026-05-29 22:11:26',1,1,0);
INSERT INTO `t_item_category`(`id`,`category_name`,`category_code`,`parent_id`,`category_level`,`sort`,`status`,`create_time`,`update_time`,`create_by`,`update_by`,`deleted`) VALUES(109,'教育科技','JYKJ',102,2,2,1,'2026-05-29 22:11:26','2026-05-29 22:11:26',1,1,0);
INSERT INTO `t_item_category`(`id`,`category_name`,`category_code`,`parent_id`,`category_level`,`sort`,`status`,`create_time`,`update_time`,`create_by`,`update_by`,`deleted`) VALUES(110,'公安消防','GAXF',100,2,4,1,'2026-05-29 22:11:26','2026-05-29 22:11:26',1,1,0);
INSERT INTO `t_item_category`(`id`,`category_name`,`category_code`,`parent_id`,`category_level`,`sort`,`status`,`create_time`,`update_time`,`create_by`,`update_by`,`deleted`) VALUES(111,'人力资源','RLZY',102,2,3,1,'2026-05-29 22:11:26','2026-05-29 22:11:26',1,1,0);

USE `gov_item`;
DELETE FROM `t_item_dept` WHERE id >= 100;
INSERT INTO `t_item_dept`(`id`,`item_id`,`dept_id`,`dept_type`,`sort`,`create_time`,`deleted`) VALUES(100,121,102,3,4,'2026-05-29 22:11:26',0);
INSERT INTO `t_item_dept`(`id`,`item_id`,`dept_id`,`dept_type`,`sort`,`create_time`,`deleted`) VALUES(101,144,107,3,2,'2026-05-29 22:11:26',0);
INSERT INTO `t_item_dept`(`id`,`item_id`,`dept_id`,`dept_type`,`sort`,`create_time`,`deleted`) VALUES(102,108,101,3,4,'2026-05-29 22:11:26',0);
INSERT INTO `t_item_dept`(`id`,`item_id`,`dept_id`,`dept_type`,`sort`,`create_time`,`deleted`) VALUES(103,102,104,1,1,'2026-05-29 22:11:26',0);
INSERT INTO `t_item_dept`(`id`,`item_id`,`dept_id`,`dept_type`,`sort`,`create_time`,`deleted`) VALUES(104,112,100,2,3,'2026-05-29 22:11:26',0);
INSERT INTO `t_item_dept`(`id`,`item_id`,`dept_id`,`dept_type`,`sort`,`create_time`,`deleted`) VALUES(105,132,106,3,4,'2026-05-29 22:11:26',0);
INSERT INTO `t_item_dept`(`id`,`item_id`,`dept_id`,`dept_type`,`sort`,`create_time`,`deleted`) VALUES(106,116,100,3,2,'2026-05-29 22:11:26',0);
INSERT INTO `t_item_dept`(`id`,`item_id`,`dept_id`,`dept_type`,`sort`,`create_time`,`deleted`) VALUES(107,118,105,1,3,'2026-05-29 22:11:26',0);
INSERT INTO `t_item_dept`(`id`,`item_id`,`dept_id`,`dept_type`,`sort`,`create_time`,`deleted`) VALUES(108,117,101,2,4,'2026-05-29 22:11:26',0);
INSERT INTO `t_item_dept`(`id`,`item_id`,`dept_id`,`dept_type`,`sort`,`create_time`,`deleted`) VALUES(109,125,107,2,3,'2026-05-29 22:11:26',0);
INSERT INTO `t_item_dept`(`id`,`item_id`,`dept_id`,`dept_type`,`sort`,`create_time`,`deleted`) VALUES(110,111,107,3,4,'2026-05-29 22:11:26',0);
INSERT INTO `t_item_dept`(`id`,`item_id`,`dept_id`,`dept_type`,`sort`,`create_time`,`deleted`) VALUES(111,123,108,2,1,'2026-05-29 22:11:26',0);
INSERT INTO `t_item_dept`(`id`,`item_id`,`dept_id`,`dept_type`,`sort`,`create_time`,`deleted`) VALUES(112,146,106,1,4,'2026-05-29 22:11:26',0);
INSERT INTO `t_item_dept`(`id`,`item_id`,`dept_id`,`dept_type`,`sort`,`create_time`,`deleted`) VALUES(113,138,102,3,3,'2026-05-29 22:11:26',0);
INSERT INTO `t_item_dept`(`id`,`item_id`,`dept_id`,`dept_type`,`sort`,`create_time`,`deleted`) VALUES(114,120,101,1,3,'2026-05-29 22:11:26',0);
INSERT INTO `t_item_dept`(`id`,`item_id`,`dept_id`,`dept_type`,`sort`,`create_time`,`deleted`) VALUES(115,142,104,2,4,'2026-05-29 22:11:26',0);
INSERT INTO `t_item_dept`(`id`,`item_id`,`dept_id`,`dept_type`,`sort`,`create_time`,`deleted`) VALUES(116,138,106,1,4,'2026-05-29 22:11:26',0);
INSERT INTO `t_item_dept`(`id`,`item_id`,`dept_id`,`dept_type`,`sort`,`create_time`,`deleted`) VALUES(117,122,107,1,3,'2026-05-29 22:11:26',0);
INSERT INTO `t_item_dept`(`id`,`item_id`,`dept_id`,`dept_type`,`sort`,`create_time`,`deleted`) VALUES(118,139,106,2,1,'2026-05-29 22:11:26',0);
INSERT INTO `t_item_dept`(`id`,`item_id`,`dept_id`,`dept_type`,`sort`,`create_time`,`deleted`) VALUES(119,104,106,2,5,'2026-05-29 22:11:26',0);
INSERT INTO `t_item_dept`(`id`,`item_id`,`dept_id`,`dept_type`,`sort`,`create_time`,`deleted`) VALUES(120,147,102,1,2,'2026-05-29 22:11:26',0);
INSERT INTO `t_item_dept`(`id`,`item_id`,`dept_id`,`dept_type`,`sort`,`create_time`,`deleted`) VALUES(121,138,107,1,2,'2026-05-29 22:11:26',0);
INSERT INTO `t_item_dept`(`id`,`item_id`,`dept_id`,`dept_type`,`sort`,`create_time`,`deleted`) VALUES(122,104,103,3,3,'2026-05-29 22:11:26',0);
INSERT INTO `t_item_dept`(`id`,`item_id`,`dept_id`,`dept_type`,`sort`,`create_time`,`deleted`) VALUES(123,123,106,3,1,'2026-05-29 22:11:26',0);
INSERT INTO `t_item_dept`(`id`,`item_id`,`dept_id`,`dept_type`,`sort`,`create_time`,`deleted`) VALUES(124,138,102,3,4,'2026-05-29 22:11:26',0);
INSERT INTO `t_item_dept`(`id`,`item_id`,`dept_id`,`dept_type`,`sort`,`create_time`,`deleted`) VALUES(125,123,105,2,1,'2026-05-29 22:11:26',0);
INSERT INTO `t_item_dept`(`id`,`item_id`,`dept_id`,`dept_type`,`sort`,`create_time`,`deleted`) VALUES(126,136,102,3,3,'2026-05-29 22:11:26',0);
INSERT INTO `t_item_dept`(`id`,`item_id`,`dept_id`,`dept_type`,`sort`,`create_time`,`deleted`) VALUES(127,125,105,3,3,'2026-05-29 22:11:26',0);
INSERT INTO `t_item_dept`(`id`,`item_id`,`dept_id`,`dept_type`,`sort`,`create_time`,`deleted`) VALUES(128,115,101,1,2,'2026-05-29 22:11:26',0);
INSERT INTO `t_item_dept`(`id`,`item_id`,`dept_id`,`dept_type`,`sort`,`create_time`,`deleted`) VALUES(129,131,108,2,5,'2026-05-29 22:11:26',0);
INSERT INTO `t_item_dept`(`id`,`item_id`,`dept_id`,`dept_type`,`sort`,`create_time`,`deleted`) VALUES(130,107,104,2,4,'2026-05-29 22:11:26',0);
INSERT INTO `t_item_dept`(`id`,`item_id`,`dept_id`,`dept_type`,`sort`,`create_time`,`deleted`) VALUES(131,113,109,2,4,'2026-05-29 22:11:26',0);
INSERT INTO `t_item_dept`(`id`,`item_id`,`dept_id`,`dept_type`,`sort`,`create_time`,`deleted`) VALUES(132,112,101,1,1,'2026-05-29 22:11:26',0);
INSERT INTO `t_item_dept`(`id`,`item_id`,`dept_id`,`dept_type`,`sort`,`create_time`,`deleted`) VALUES(133,128,102,3,4,'2026-05-29 22:11:26',0);
INSERT INTO `t_item_dept`(`id`,`item_id`,`dept_id`,`dept_type`,`sort`,`create_time`,`deleted`) VALUES(134,105,105,3,3,'2026-05-29 22:11:26',0);
INSERT INTO `t_item_dept`(`id`,`item_id`,`dept_id`,`dept_type`,`sort`,`create_time`,`deleted`) VALUES(135,145,101,3,5,'2026-05-29 22:11:26',0);
INSERT INTO `t_item_dept`(`id`,`item_id`,`dept_id`,`dept_type`,`sort`,`create_time`,`deleted`) VALUES(136,118,104,1,2,'2026-05-29 22:11:26',0);
INSERT INTO `t_item_dept`(`id`,`item_id`,`dept_id`,`dept_type`,`sort`,`create_time`,`deleted`) VALUES(137,123,108,1,1,'2026-05-29 22:11:26',0);
INSERT INTO `t_item_dept`(`id`,`item_id`,`dept_id`,`dept_type`,`sort`,`create_time`,`deleted`) VALUES(138,112,102,1,4,'2026-05-29 22:11:26',0);
INSERT INTO `t_item_dept`(`id`,`item_id`,`dept_id`,`dept_type`,`sort`,`create_time`,`deleted`) VALUES(139,101,105,3,5,'2026-05-29 22:11:26',0);
INSERT INTO `t_item_dept`(`id`,`item_id`,`dept_id`,`dept_type`,`sort`,`create_time`,`deleted`) VALUES(140,123,107,3,2,'2026-05-29 22:11:26',0);
INSERT INTO `t_item_dept`(`id`,`item_id`,`dept_id`,`dept_type`,`sort`,`create_time`,`deleted`) VALUES(141,139,101,1,3,'2026-05-29 22:11:26',0);
INSERT INTO `t_item_dept`(`id`,`item_id`,`dept_id`,`dept_type`,`sort`,`create_time`,`deleted`) VALUES(142,125,107,3,4,'2026-05-29 22:11:26',0);
INSERT INTO `t_item_dept`(`id`,`item_id`,`dept_id`,`dept_type`,`sort`,`create_time`,`deleted`) VALUES(143,149,106,3,1,'2026-05-29 22:11:26',0);
INSERT INTO `t_item_dept`(`id`,`item_id`,`dept_id`,`dept_type`,`sort`,`create_time`,`deleted`) VALUES(144,108,105,3,1,'2026-05-29 22:11:26',0);
INSERT INTO `t_item_dept`(`id`,`item_id`,`dept_id`,`dept_type`,`sort`,`create_time`,`deleted`) VALUES(145,128,107,3,5,'2026-05-29 22:11:26',0);
INSERT INTO `t_item_dept`(`id`,`item_id`,`dept_id`,`dept_type`,`sort`,`create_time`,`deleted`) VALUES(146,122,102,3,5,'2026-05-29 22:11:26',0);
INSERT INTO `t_item_dept`(`id`,`item_id`,`dept_id`,`dept_type`,`sort`,`create_time`,`deleted`) VALUES(147,111,102,2,5,'2026-05-29 22:11:26',0);
INSERT INTO `t_item_dept`(`id`,`item_id`,`dept_id`,`dept_type`,`sort`,`create_time`,`deleted`) VALUES(148,103,101,3,2,'2026-05-29 22:11:26',0);
INSERT INTO `t_item_dept`(`id`,`item_id`,`dept_id`,`dept_type`,`sort`,`create_time`,`deleted`) VALUES(149,119,102,1,3,'2026-05-29 22:11:26',0);
INSERT INTO `t_item_dept`(`id`,`item_id`,`dept_id`,`dept_type`,`sort`,`create_time`,`deleted`) VALUES(150,145,103,2,5,'2026-05-29 22:11:26',0);
INSERT INTO `t_item_dept`(`id`,`item_id`,`dept_id`,`dept_type`,`sort`,`create_time`,`deleted`) VALUES(151,118,101,2,2,'2026-05-29 22:11:26',0);
INSERT INTO `t_item_dept`(`id`,`item_id`,`dept_id`,`dept_type`,`sort`,`create_time`,`deleted`) VALUES(152,140,108,2,2,'2026-05-29 22:11:26',0);
INSERT INTO `t_item_dept`(`id`,`item_id`,`dept_id`,`dept_type`,`sort`,`create_time`,`deleted`) VALUES(153,140,104,3,5,'2026-05-29 22:11:26',0);
INSERT INTO `t_item_dept`(`id`,`item_id`,`dept_id`,`dept_type`,`sort`,`create_time`,`deleted`) VALUES(154,105,108,3,2,'2026-05-29 22:11:26',0);
INSERT INTO `t_item_dept`(`id`,`item_id`,`dept_id`,`dept_type`,`sort`,`create_time`,`deleted`) VALUES(155,137,109,1,2,'2026-05-29 22:11:26',0);
INSERT INTO `t_item_dept`(`id`,`item_id`,`dept_id`,`dept_type`,`sort`,`create_time`,`deleted`) VALUES(156,142,109,3,5,'2026-05-29 22:11:26',0);
INSERT INTO `t_item_dept`(`id`,`item_id`,`dept_id`,`dept_type`,`sort`,`create_time`,`deleted`) VALUES(157,121,109,1,1,'2026-05-29 22:11:26',0);
INSERT INTO `t_item_dept`(`id`,`item_id`,`dept_id`,`dept_type`,`sort`,`create_time`,`deleted`) VALUES(158,105,100,3,5,'2026-05-29 22:11:26',0);
INSERT INTO `t_item_dept`(`id`,`item_id`,`dept_id`,`dept_type`,`sort`,`create_time`,`deleted`) VALUES(159,116,103,3,4,'2026-05-29 22:11:26',0);
INSERT INTO `t_item_dept`(`id`,`item_id`,`dept_id`,`dept_type`,`sort`,`create_time`,`deleted`) VALUES(160,139,100,2,5,'2026-05-29 22:11:26',0);
INSERT INTO `t_item_dept`(`id`,`item_id`,`dept_id`,`dept_type`,`sort`,`create_time`,`deleted`) VALUES(161,118,104,2,2,'2026-05-29 22:11:26',0);
INSERT INTO `t_item_dept`(`id`,`item_id`,`dept_id`,`dept_type`,`sort`,`create_time`,`deleted`) VALUES(162,143,106,2,4,'2026-05-29 22:11:26',0);
INSERT INTO `t_item_dept`(`id`,`item_id`,`dept_id`,`dept_type`,`sort`,`create_time`,`deleted`) VALUES(163,104,100,1,4,'2026-05-29 22:11:26',0);
INSERT INTO `t_item_dept`(`id`,`item_id`,`dept_id`,`dept_type`,`sort`,`create_time`,`deleted`) VALUES(164,126,107,2,2,'2026-05-29 22:11:26',0);
INSERT INTO `t_item_dept`(`id`,`item_id`,`dept_id`,`dept_type`,`sort`,`create_time`,`deleted`) VALUES(165,121,109,1,3,'2026-05-29 22:11:26',0);
INSERT INTO `t_item_dept`(`id`,`item_id`,`dept_id`,`dept_type`,`sort`,`create_time`,`deleted`) VALUES(166,145,105,3,3,'2026-05-29 22:11:26',0);
INSERT INTO `t_item_dept`(`id`,`item_id`,`dept_id`,`dept_type`,`sort`,`create_time`,`deleted`) VALUES(167,125,102,2,5,'2026-05-29 22:11:26',0);
INSERT INTO `t_item_dept`(`id`,`item_id`,`dept_id`,`dept_type`,`sort`,`create_time`,`deleted`) VALUES(168,135,101,2,2,'2026-05-29 22:11:26',0);
INSERT INTO `t_item_dept`(`id`,`item_id`,`dept_id`,`dept_type`,`sort`,`create_time`,`deleted`) VALUES(169,129,101,2,4,'2026-05-29 22:11:26',0);
INSERT INTO `t_item_dept`(`id`,`item_id`,`dept_id`,`dept_type`,`sort`,`create_time`,`deleted`) VALUES(170,115,102,1,1,'2026-05-29 22:11:26',0);
INSERT INTO `t_item_dept`(`id`,`item_id`,`dept_id`,`dept_type`,`sort`,`create_time`,`deleted`) VALUES(171,118,106,3,4,'2026-05-29 22:11:26',0);
INSERT INTO `t_item_dept`(`id`,`item_id`,`dept_id`,`dept_type`,`sort`,`create_time`,`deleted`) VALUES(172,115,102,2,5,'2026-05-29 22:11:26',0);
INSERT INTO `t_item_dept`(`id`,`item_id`,`dept_id`,`dept_type`,`sort`,`create_time`,`deleted`) VALUES(173,146,105,1,2,'2026-05-29 22:11:26',0);
INSERT INTO `t_item_dept`(`id`,`item_id`,`dept_id`,`dept_type`,`sort`,`create_time`,`deleted`) VALUES(174,131,108,2,4,'2026-05-29 22:11:26',0);
INSERT INTO `t_item_dept`(`id`,`item_id`,`dept_id`,`dept_type`,`sort`,`create_time`,`deleted`) VALUES(175,119,107,1,1,'2026-05-29 22:11:26',0);
INSERT INTO `t_item_dept`(`id`,`item_id`,`dept_id`,`dept_type`,`sort`,`create_time`,`deleted`) VALUES(176,125,108,2,2,'2026-05-29 22:11:26',0);
INSERT INTO `t_item_dept`(`id`,`item_id`,`dept_id`,`dept_type`,`sort`,`create_time`,`deleted`) VALUES(177,113,109,2,1,'2026-05-29 22:11:26',0);
INSERT INTO `t_item_dept`(`id`,`item_id`,`dept_id`,`dept_type`,`sort`,`create_time`,`deleted`) VALUES(178,103,104,2,5,'2026-05-29 22:11:26',0);
INSERT INTO `t_item_dept`(`id`,`item_id`,`dept_id`,`dept_type`,`sort`,`create_time`,`deleted`) VALUES(179,141,107,2,5,'2026-05-29 22:11:26',0);

USE `gov_item`;
DELETE FROM `t_item_form` WHERE id >= 100;
INSERT INTO `t_item_form`(`id`,`item_id`,`form_name`,`form_schema`,`form_type`,`is_required`,`create_time`,`update_time`,`deleted`) VALUES(100,100,'表单1','{"fields":["f1","f2","f3"]}',1,1,'2026-05-29 22:11:26','2026-05-29 22:11:26',0);
INSERT INTO `t_item_form`(`id`,`item_id`,`form_name`,`form_schema`,`form_type`,`is_required`,`create_time`,`update_time`,`deleted`) VALUES(101,116,'表单2','{"fields":["f1","f2","f3"]}',3,1,'2026-05-29 22:11:26','2026-05-29 22:11:26',0);
INSERT INTO `t_item_form`(`id`,`item_id`,`form_name`,`form_schema`,`form_type`,`is_required`,`create_time`,`update_time`,`deleted`) VALUES(102,125,'表单3','{"fields":["f1","f2","f3"]}',2,0,'2026-05-29 22:11:26','2026-05-29 22:11:26',0);
INSERT INTO `t_item_form`(`id`,`item_id`,`form_name`,`form_schema`,`form_type`,`is_required`,`create_time`,`update_time`,`deleted`) VALUES(103,103,'表单4','{"fields":["f1","f2","f3"]}',3,1,'2026-05-29 22:11:26','2026-05-29 22:11:26',0);
INSERT INTO `t_item_form`(`id`,`item_id`,`form_name`,`form_schema`,`form_type`,`is_required`,`create_time`,`update_time`,`deleted`) VALUES(104,123,'表单5','{"fields":["f1","f2","f3"]}',3,1,'2026-05-29 22:11:26','2026-05-29 22:11:26',0);
INSERT INTO `t_item_form`(`id`,`item_id`,`form_name`,`form_schema`,`form_type`,`is_required`,`create_time`,`update_time`,`deleted`) VALUES(105,124,'表单6','{"fields":["f1","f2","f3"]}',3,1,'2026-05-29 22:11:26','2026-05-29 22:11:26',0);
INSERT INTO `t_item_form`(`id`,`item_id`,`form_name`,`form_schema`,`form_type`,`is_required`,`create_time`,`update_time`,`deleted`) VALUES(106,135,'表单7','{"fields":["f1","f2","f3"]}',2,1,'2026-05-29 22:11:26','2026-05-29 22:11:26',0);
INSERT INTO `t_item_form`(`id`,`item_id`,`form_name`,`form_schema`,`form_type`,`is_required`,`create_time`,`update_time`,`deleted`) VALUES(107,139,'表单8','{"fields":["f1","f2","f3"]}',3,1,'2026-05-29 22:11:26','2026-05-29 22:11:26',0);
INSERT INTO `t_item_form`(`id`,`item_id`,`form_name`,`form_schema`,`form_type`,`is_required`,`create_time`,`update_time`,`deleted`) VALUES(108,108,'表单9','{"fields":["f1","f2","f3"]}',1,1,'2026-05-29 22:11:26','2026-05-29 22:11:26',0);
INSERT INTO `t_item_form`(`id`,`item_id`,`form_name`,`form_schema`,`form_type`,`is_required`,`create_time`,`update_time`,`deleted`) VALUES(109,121,'表单10','{"fields":["f1","f2","f3"]}',3,1,'2026-05-29 22:11:26','2026-05-29 22:11:26',0);
INSERT INTO `t_item_form`(`id`,`item_id`,`form_name`,`form_schema`,`form_type`,`is_required`,`create_time`,`update_time`,`deleted`) VALUES(110,148,'表单11','{"fields":["f1","f2","f3"]}',1,0,'2026-05-29 22:11:26','2026-05-29 22:11:26',0);
INSERT INTO `t_item_form`(`id`,`item_id`,`form_name`,`form_schema`,`form_type`,`is_required`,`create_time`,`update_time`,`deleted`) VALUES(111,132,'表单12','{"fields":["f1","f2","f3"]}',2,1,'2026-05-29 22:11:26','2026-05-29 22:11:26',0);
INSERT INTO `t_item_form`(`id`,`item_id`,`form_name`,`form_schema`,`form_type`,`is_required`,`create_time`,`update_time`,`deleted`) VALUES(112,102,'表单13','{"fields":["f1","f2","f3"]}',1,0,'2026-05-29 22:11:26','2026-05-29 22:11:26',0);
INSERT INTO `t_item_form`(`id`,`item_id`,`form_name`,`form_schema`,`form_type`,`is_required`,`create_time`,`update_time`,`deleted`) VALUES(113,121,'表单14','{"fields":["f1","f2","f3"]}',2,1,'2026-05-29 22:11:26','2026-05-29 22:11:26',0);
INSERT INTO `t_item_form`(`id`,`item_id`,`form_name`,`form_schema`,`form_type`,`is_required`,`create_time`,`update_time`,`deleted`) VALUES(114,109,'表单15','{"fields":["f1","f2","f3"]}',3,1,'2026-05-29 22:11:26','2026-05-29 22:11:26',0);
INSERT INTO `t_item_form`(`id`,`item_id`,`form_name`,`form_schema`,`form_type`,`is_required`,`create_time`,`update_time`,`deleted`) VALUES(115,108,'表单16','{"fields":["f1","f2","f3"]}',2,1,'2026-05-29 22:11:26','2026-05-29 22:11:26',0);
INSERT INTO `t_item_form`(`id`,`item_id`,`form_name`,`form_schema`,`form_type`,`is_required`,`create_time`,`update_time`,`deleted`) VALUES(116,120,'表单17','{"fields":["f1","f2","f3"]}',1,1,'2026-05-29 22:11:26','2026-05-29 22:11:26',0);
INSERT INTO `t_item_form`(`id`,`item_id`,`form_name`,`form_schema`,`form_type`,`is_required`,`create_time`,`update_time`,`deleted`) VALUES(117,139,'表单18','{"fields":["f1","f2","f3"]}',3,1,'2026-05-29 22:11:26','2026-05-29 22:11:26',0);
INSERT INTO `t_item_form`(`id`,`item_id`,`form_name`,`form_schema`,`form_type`,`is_required`,`create_time`,`update_time`,`deleted`) VALUES(118,137,'表单19','{"fields":["f1","f2","f3"]}',2,1,'2026-05-29 22:11:26','2026-05-29 22:11:26',0);
INSERT INTO `t_item_form`(`id`,`item_id`,`form_name`,`form_schema`,`form_type`,`is_required`,`create_time`,`update_time`,`deleted`) VALUES(119,132,'表单20','{"fields":["f1","f2","f3"]}',3,1,'2026-05-29 22:11:26','2026-05-29 22:11:26',0);
INSERT INTO `t_item_form`(`id`,`item_id`,`form_name`,`form_schema`,`form_type`,`is_required`,`create_time`,`update_time`,`deleted`) VALUES(120,136,'表单21','{"fields":["f1","f2","f3"]}',2,1,'2026-05-29 22:11:26','2026-05-29 22:11:26',0);
INSERT INTO `t_item_form`(`id`,`item_id`,`form_name`,`form_schema`,`form_type`,`is_required`,`create_time`,`update_time`,`deleted`) VALUES(121,101,'表单22','{"fields":["f1","f2","f3"]}',2,1,'2026-05-29 22:11:26','2026-05-29 22:11:26',0);
INSERT INTO `t_item_form`(`id`,`item_id`,`form_name`,`form_schema`,`form_type`,`is_required`,`create_time`,`update_time`,`deleted`) VALUES(122,107,'表单23','{"fields":["f1","f2","f3"]}',2,1,'2026-05-29 22:11:26','2026-05-29 22:11:26',0);
INSERT INTO `t_item_form`(`id`,`item_id`,`form_name`,`form_schema`,`form_type`,`is_required`,`create_time`,`update_time`,`deleted`) VALUES(123,146,'表单24','{"fields":["f1","f2","f3"]}',3,1,'2026-05-29 22:11:26','2026-05-29 22:11:26',0);
INSERT INTO `t_item_form`(`id`,`item_id`,`form_name`,`form_schema`,`form_type`,`is_required`,`create_time`,`update_time`,`deleted`) VALUES(124,138,'表单25','{"fields":["f1","f2","f3"]}',2,1,'2026-05-29 22:11:26','2026-05-29 22:11:26',0);
INSERT INTO `t_item_form`(`id`,`item_id`,`form_name`,`form_schema`,`form_type`,`is_required`,`create_time`,`update_time`,`deleted`) VALUES(125,141,'表单26','{"fields":["f1","f2","f3"]}',3,1,'2026-05-29 22:11:26','2026-05-29 22:11:26',0);
INSERT INTO `t_item_form`(`id`,`item_id`,`form_name`,`form_schema`,`form_type`,`is_required`,`create_time`,`update_time`,`deleted`) VALUES(126,146,'表单27','{"fields":["f1","f2","f3"]}',1,1,'2026-05-29 22:11:26','2026-05-29 22:11:26',0);
INSERT INTO `t_item_form`(`id`,`item_id`,`form_name`,`form_schema`,`form_type`,`is_required`,`create_time`,`update_time`,`deleted`) VALUES(127,110,'表单28','{"fields":["f1","f2","f3"]}',3,1,'2026-05-29 22:11:26','2026-05-29 22:11:26',0);
INSERT INTO `t_item_form`(`id`,`item_id`,`form_name`,`form_schema`,`form_type`,`is_required`,`create_time`,`update_time`,`deleted`) VALUES(128,139,'表单29','{"fields":["f1","f2","f3"]}',2,0,'2026-05-29 22:11:26','2026-05-29 22:11:26',0);
INSERT INTO `t_item_form`(`id`,`item_id`,`form_name`,`form_schema`,`form_type`,`is_required`,`create_time`,`update_time`,`deleted`) VALUES(129,143,'表单30','{"fields":["f1","f2","f3"]}',1,0,'2026-05-29 22:11:26','2026-05-29 22:11:26',0);
INSERT INTO `t_item_form`(`id`,`item_id`,`form_name`,`form_schema`,`form_type`,`is_required`,`create_time`,`update_time`,`deleted`) VALUES(130,144,'表单31','{"fields":["f1","f2","f3"]}',1,0,'2026-05-29 22:11:26','2026-05-29 22:11:26',0);
INSERT INTO `t_item_form`(`id`,`item_id`,`form_name`,`form_schema`,`form_type`,`is_required`,`create_time`,`update_time`,`deleted`) VALUES(131,128,'表单32','{"fields":["f1","f2","f3"]}',2,1,'2026-05-29 22:11:26','2026-05-29 22:11:26',0);
INSERT INTO `t_item_form`(`id`,`item_id`,`form_name`,`form_schema`,`form_type`,`is_required`,`create_time`,`update_time`,`deleted`) VALUES(132,126,'表单33','{"fields":["f1","f2","f3"]}',3,1,'2026-05-29 22:11:26','2026-05-29 22:11:26',0);
INSERT INTO `t_item_form`(`id`,`item_id`,`form_name`,`form_schema`,`form_type`,`is_required`,`create_time`,`update_time`,`deleted`) VALUES(133,132,'表单34','{"fields":["f1","f2","f3"]}',3,1,'2026-05-29 22:11:26','2026-05-29 22:11:26',0);
INSERT INTO `t_item_form`(`id`,`item_id`,`form_name`,`form_schema`,`form_type`,`is_required`,`create_time`,`update_time`,`deleted`) VALUES(134,147,'表单35','{"fields":["f1","f2","f3"]}',3,0,'2026-05-29 22:11:26','2026-05-29 22:11:26',0);
INSERT INTO `t_item_form`(`id`,`item_id`,`form_name`,`form_schema`,`form_type`,`is_required`,`create_time`,`update_time`,`deleted`) VALUES(135,108,'表单36','{"fields":["f1","f2","f3"]}',3,1,'2026-05-29 22:11:26','2026-05-29 22:11:26',0);
INSERT INTO `t_item_form`(`id`,`item_id`,`form_name`,`form_schema`,`form_type`,`is_required`,`create_time`,`update_time`,`deleted`) VALUES(136,120,'表单37','{"fields":["f1","f2","f3"]}',3,1,'2026-05-29 22:11:26','2026-05-29 22:11:26',0);
INSERT INTO `t_item_form`(`id`,`item_id`,`form_name`,`form_schema`,`form_type`,`is_required`,`create_time`,`update_time`,`deleted`) VALUES(137,124,'表单38','{"fields":["f1","f2","f3"]}',2,1,'2026-05-29 22:11:26','2026-05-29 22:11:26',0);
INSERT INTO `t_item_form`(`id`,`item_id`,`form_name`,`form_schema`,`form_type`,`is_required`,`create_time`,`update_time`,`deleted`) VALUES(138,129,'表单39','{"fields":["f1","f2","f3"]}',3,1,'2026-05-29 22:11:26','2026-05-29 22:11:26',0);
INSERT INTO `t_item_form`(`id`,`item_id`,`form_name`,`form_schema`,`form_type`,`is_required`,`create_time`,`update_time`,`deleted`) VALUES(139,122,'表单40','{"fields":["f1","f2","f3"]}',3,1,'2026-05-29 22:11:26','2026-05-29 22:11:26',0);
INSERT INTO `t_item_form`(`id`,`item_id`,`form_name`,`form_schema`,`form_type`,`is_required`,`create_time`,`update_time`,`deleted`) VALUES(140,146,'表单41','{"fields":["f1","f2","f3"]}',3,1,'2026-05-29 22:11:26','2026-05-29 22:11:26',0);
INSERT INTO `t_item_form`(`id`,`item_id`,`form_name`,`form_schema`,`form_type`,`is_required`,`create_time`,`update_time`,`deleted`) VALUES(141,144,'表单42','{"fields":["f1","f2","f3"]}',2,1,'2026-05-29 22:11:26','2026-05-29 22:11:26',0);
INSERT INTO `t_item_form`(`id`,`item_id`,`form_name`,`form_schema`,`form_type`,`is_required`,`create_time`,`update_time`,`deleted`) VALUES(142,112,'表单43','{"fields":["f1","f2","f3"]}',1,1,'2026-05-29 22:11:26','2026-05-29 22:11:26',0);
INSERT INTO `t_item_form`(`id`,`item_id`,`form_name`,`form_schema`,`form_type`,`is_required`,`create_time`,`update_time`,`deleted`) VALUES(143,119,'表单44','{"fields":["f1","f2","f3"]}',1,1,'2026-05-29 22:11:26','2026-05-29 22:11:26',0);
INSERT INTO `t_item_form`(`id`,`item_id`,`form_name`,`form_schema`,`form_type`,`is_required`,`create_time`,`update_time`,`deleted`) VALUES(144,119,'表单45','{"fields":["f1","f2","f3"]}',2,1,'2026-05-29 22:11:26','2026-05-29 22:11:26',0);
INSERT INTO `t_item_form`(`id`,`item_id`,`form_name`,`form_schema`,`form_type`,`is_required`,`create_time`,`update_time`,`deleted`) VALUES(145,144,'表单46','{"fields":["f1","f2","f3"]}',3,1,'2026-05-29 22:11:26','2026-05-29 22:11:26',0);
INSERT INTO `t_item_form`(`id`,`item_id`,`form_name`,`form_schema`,`form_type`,`is_required`,`create_time`,`update_time`,`deleted`) VALUES(146,130,'表单47','{"fields":["f1","f2","f3"]}',2,1,'2026-05-29 22:11:26','2026-05-29 22:11:26',0);
INSERT INTO `t_item_form`(`id`,`item_id`,`form_name`,`form_schema`,`form_type`,`is_required`,`create_time`,`update_time`,`deleted`) VALUES(147,146,'表单48','{"fields":["f1","f2","f3"]}',2,1,'2026-05-29 22:11:26','2026-05-29 22:11:26',0);
INSERT INTO `t_item_form`(`id`,`item_id`,`form_name`,`form_schema`,`form_type`,`is_required`,`create_time`,`update_time`,`deleted`) VALUES(148,136,'表单49','{"fields":["f1","f2","f3"]}',3,1,'2026-05-29 22:11:26','2026-05-29 22:11:26',0);
INSERT INTO `t_item_form`(`id`,`item_id`,`form_name`,`form_schema`,`form_type`,`is_required`,`create_time`,`update_time`,`deleted`) VALUES(149,125,'表单50','{"fields":["f1","f2","f3"]}',2,1,'2026-05-29 22:11:26','2026-05-29 22:11:26',0);
INSERT INTO `t_item_form`(`id`,`item_id`,`form_name`,`form_schema`,`form_type`,`is_required`,`create_time`,`update_time`,`deleted`) VALUES(150,109,'表单51','{"fields":["f1","f2","f3"]}',2,0,'2026-05-29 22:11:26','2026-05-29 22:11:26',0);
INSERT INTO `t_item_form`(`id`,`item_id`,`form_name`,`form_schema`,`form_type`,`is_required`,`create_time`,`update_time`,`deleted`) VALUES(151,145,'表单52','{"fields":["f1","f2","f3"]}',1,1,'2026-05-29 22:11:26','2026-05-29 22:11:26',0);
INSERT INTO `t_item_form`(`id`,`item_id`,`form_name`,`form_schema`,`form_type`,`is_required`,`create_time`,`update_time`,`deleted`) VALUES(152,128,'表单53','{"fields":["f1","f2","f3"]}',3,1,'2026-05-29 22:11:26','2026-05-29 22:11:26',0);
INSERT INTO `t_item_form`(`id`,`item_id`,`form_name`,`form_schema`,`form_type`,`is_required`,`create_time`,`update_time`,`deleted`) VALUES(153,130,'表单54','{"fields":["f1","f2","f3"]}',1,1,'2026-05-29 22:11:26','2026-05-29 22:11:26',0);
INSERT INTO `t_item_form`(`id`,`item_id`,`form_name`,`form_schema`,`form_type`,`is_required`,`create_time`,`update_time`,`deleted`) VALUES(154,134,'表单55','{"fields":["f1","f2","f3"]}',2,1,'2026-05-29 22:11:26','2026-05-29 22:11:26',0);
INSERT INTO `t_item_form`(`id`,`item_id`,`form_name`,`form_schema`,`form_type`,`is_required`,`create_time`,`update_time`,`deleted`) VALUES(155,144,'表单56','{"fields":["f1","f2","f3"]}',2,0,'2026-05-29 22:11:26','2026-05-29 22:11:26',0);
INSERT INTO `t_item_form`(`id`,`item_id`,`form_name`,`form_schema`,`form_type`,`is_required`,`create_time`,`update_time`,`deleted`) VALUES(156,139,'表单57','{"fields":["f1","f2","f3"]}',3,1,'2026-05-29 22:11:26','2026-05-29 22:11:26',0);
INSERT INTO `t_item_form`(`id`,`item_id`,`form_name`,`form_schema`,`form_type`,`is_required`,`create_time`,`update_time`,`deleted`) VALUES(157,115,'表单58','{"fields":["f1","f2","f3"]}',1,1,'2026-05-29 22:11:26','2026-05-29 22:11:26',0);
INSERT INTO `t_item_form`(`id`,`item_id`,`form_name`,`form_schema`,`form_type`,`is_required`,`create_time`,`update_time`,`deleted`) VALUES(158,133,'表单59','{"fields":["f1","f2","f3"]}',1,1,'2026-05-29 22:11:26','2026-05-29 22:11:26',0);
INSERT INTO `t_item_form`(`id`,`item_id`,`form_name`,`form_schema`,`form_type`,`is_required`,`create_time`,`update_time`,`deleted`) VALUES(159,103,'表单60','{"fields":["f1","f2","f3"]}',1,1,'2026-05-29 22:11:26','2026-05-29 22:11:26',0);
INSERT INTO `t_item_form`(`id`,`item_id`,`form_name`,`form_schema`,`form_type`,`is_required`,`create_time`,`update_time`,`deleted`) VALUES(160,145,'表单61','{"fields":["f1","f2","f3"]}',2,0,'2026-05-29 22:11:26','2026-05-29 22:11:26',0);
INSERT INTO `t_item_form`(`id`,`item_id`,`form_name`,`form_schema`,`form_type`,`is_required`,`create_time`,`update_time`,`deleted`) VALUES(161,149,'表单62','{"fields":["f1","f2","f3"]}',1,0,'2026-05-29 22:11:26','2026-05-29 22:11:26',0);
INSERT INTO `t_item_form`(`id`,`item_id`,`form_name`,`form_schema`,`form_type`,`is_required`,`create_time`,`update_time`,`deleted`) VALUES(162,135,'表单63','{"fields":["f1","f2","f3"]}',1,1,'2026-05-29 22:11:26','2026-05-29 22:11:26',0);
INSERT INTO `t_item_form`(`id`,`item_id`,`form_name`,`form_schema`,`form_type`,`is_required`,`create_time`,`update_time`,`deleted`) VALUES(163,130,'表单64','{"fields":["f1","f2","f3"]}',2,1,'2026-05-29 22:11:26','2026-05-29 22:11:26',0);
INSERT INTO `t_item_form`(`id`,`item_id`,`form_name`,`form_schema`,`form_type`,`is_required`,`create_time`,`update_time`,`deleted`) VALUES(164,148,'表单65','{"fields":["f1","f2","f3"]}',2,1,'2026-05-29 22:11:26','2026-05-29 22:11:26',0);
INSERT INTO `t_item_form`(`id`,`item_id`,`form_name`,`form_schema`,`form_type`,`is_required`,`create_time`,`update_time`,`deleted`) VALUES(165,141,'表单66','{"fields":["f1","f2","f3"]}',1,1,'2026-05-29 22:11:26','2026-05-29 22:11:26',0);
INSERT INTO `t_item_form`(`id`,`item_id`,`form_name`,`form_schema`,`form_type`,`is_required`,`create_time`,`update_time`,`deleted`) VALUES(166,105,'表单67','{"fields":["f1","f2","f3"]}',3,1,'2026-05-29 22:11:26','2026-05-29 22:11:26',0);
INSERT INTO `t_item_form`(`id`,`item_id`,`form_name`,`form_schema`,`form_type`,`is_required`,`create_time`,`update_time`,`deleted`) VALUES(167,134,'表单68','{"fields":["f1","f2","f3"]}',3,1,'2026-05-29 22:11:26','2026-05-29 22:11:26',0);
INSERT INTO `t_item_form`(`id`,`item_id`,`form_name`,`form_schema`,`form_type`,`is_required`,`create_time`,`update_time`,`deleted`) VALUES(168,102,'表单69','{"fields":["f1","f2","f3"]}',1,1,'2026-05-29 22:11:26','2026-05-29 22:11:26',0);
INSERT INTO `t_item_form`(`id`,`item_id`,`form_name`,`form_schema`,`form_type`,`is_required`,`create_time`,`update_time`,`deleted`) VALUES(169,111,'表单70','{"fields":["f1","f2","f3"]}',1,1,'2026-05-29 22:11:26','2026-05-29 22:11:26',0);
INSERT INTO `t_item_form`(`id`,`item_id`,`form_name`,`form_schema`,`form_type`,`is_required`,`create_time`,`update_time`,`deleted`) VALUES(170,125,'表单71','{"fields":["f1","f2","f3"]}',2,0,'2026-05-29 22:11:26','2026-05-29 22:11:26',0);
INSERT INTO `t_item_form`(`id`,`item_id`,`form_name`,`form_schema`,`form_type`,`is_required`,`create_time`,`update_time`,`deleted`) VALUES(171,147,'表单72','{"fields":["f1","f2","f3"]}',2,1,'2026-05-29 22:11:26','2026-05-29 22:11:26',0);
INSERT INTO `t_item_form`(`id`,`item_id`,`form_name`,`form_schema`,`form_type`,`is_required`,`create_time`,`update_time`,`deleted`) VALUES(172,100,'表单73','{"fields":["f1","f2","f3"]}',2,1,'2026-05-29 22:11:26','2026-05-29 22:11:26',0);
INSERT INTO `t_item_form`(`id`,`item_id`,`form_name`,`form_schema`,`form_type`,`is_required`,`create_time`,`update_time`,`deleted`) VALUES(173,106,'表单74','{"fields":["f1","f2","f3"]}',2,1,'2026-05-29 22:11:26','2026-05-29 22:11:26',0);
INSERT INTO `t_item_form`(`id`,`item_id`,`form_name`,`form_schema`,`form_type`,`is_required`,`create_time`,`update_time`,`deleted`) VALUES(174,141,'表单75','{"fields":["f1","f2","f3"]}',3,1,'2026-05-29 22:11:26','2026-05-29 22:11:26',0);
INSERT INTO `t_item_form`(`id`,`item_id`,`form_name`,`form_schema`,`form_type`,`is_required`,`create_time`,`update_time`,`deleted`) VALUES(175,108,'表单76','{"fields":["f1","f2","f3"]}',3,1,'2026-05-29 22:11:26','2026-05-29 22:11:26',0);
INSERT INTO `t_item_form`(`id`,`item_id`,`form_name`,`form_schema`,`form_type`,`is_required`,`create_time`,`update_time`,`deleted`) VALUES(176,112,'表单77','{"fields":["f1","f2","f3"]}',1,1,'2026-05-29 22:11:26','2026-05-29 22:11:26',0);
INSERT INTO `t_item_form`(`id`,`item_id`,`form_name`,`form_schema`,`form_type`,`is_required`,`create_time`,`update_time`,`deleted`) VALUES(177,146,'表单78','{"fields":["f1","f2","f3"]}',2,1,'2026-05-29 22:11:26','2026-05-29 22:11:26',0);
INSERT INTO `t_item_form`(`id`,`item_id`,`form_name`,`form_schema`,`form_type`,`is_required`,`create_time`,`update_time`,`deleted`) VALUES(178,145,'表单79','{"fields":["f1","f2","f3"]}',1,0,'2026-05-29 22:11:26','2026-05-29 22:11:26',0);
INSERT INTO `t_item_form`(`id`,`item_id`,`form_name`,`form_schema`,`form_type`,`is_required`,`create_time`,`update_time`,`deleted`) VALUES(179,121,'表单80','{"fields":["f1","f2","f3"]}',2,1,'2026-05-29 22:11:26','2026-05-29 22:11:26',0);
INSERT INTO `t_item_form`(`id`,`item_id`,`form_name`,`form_schema`,`form_type`,`is_required`,`create_time`,`update_time`,`deleted`) VALUES(180,148,'表单81','{"fields":["f1","f2","f3"]}',1,0,'2026-05-29 22:11:26','2026-05-29 22:11:26',0);
INSERT INTO `t_item_form`(`id`,`item_id`,`form_name`,`form_schema`,`form_type`,`is_required`,`create_time`,`update_time`,`deleted`) VALUES(181,140,'表单82','{"fields":["f1","f2","f3"]}',2,1,'2026-05-29 22:11:26','2026-05-29 22:11:26',0);
INSERT INTO `t_item_form`(`id`,`item_id`,`form_name`,`form_schema`,`form_type`,`is_required`,`create_time`,`update_time`,`deleted`) VALUES(182,132,'表单83','{"fields":["f1","f2","f3"]}',2,0,'2026-05-29 22:11:26','2026-05-29 22:11:26',0);
INSERT INTO `t_item_form`(`id`,`item_id`,`form_name`,`form_schema`,`form_type`,`is_required`,`create_time`,`update_time`,`deleted`) VALUES(183,142,'表单84','{"fields":["f1","f2","f3"]}',1,0,'2026-05-29 22:11:26','2026-05-29 22:11:26',0);
INSERT INTO `t_item_form`(`id`,`item_id`,`form_name`,`form_schema`,`form_type`,`is_required`,`create_time`,`update_time`,`deleted`) VALUES(184,108,'表单85','{"fields":["f1","f2","f3"]}',2,1,'2026-05-29 22:11:26','2026-05-29 22:11:26',0);
INSERT INTO `t_item_form`(`id`,`item_id`,`form_name`,`form_schema`,`form_type`,`is_required`,`create_time`,`update_time`,`deleted`) VALUES(185,115,'表单86','{"fields":["f1","f2","f3"]}',1,1,'2026-05-29 22:11:26','2026-05-29 22:11:26',0);
INSERT INTO `t_item_form`(`id`,`item_id`,`form_name`,`form_schema`,`form_type`,`is_required`,`create_time`,`update_time`,`deleted`) VALUES(186,115,'表单87','{"fields":["f1","f2","f3"]}',2,1,'2026-05-29 22:11:26','2026-05-29 22:11:26',0);
INSERT INTO `t_item_form`(`id`,`item_id`,`form_name`,`form_schema`,`form_type`,`is_required`,`create_time`,`update_time`,`deleted`) VALUES(187,121,'表单88','{"fields":["f1","f2","f3"]}',2,1,'2026-05-29 22:11:26','2026-05-29 22:11:26',0);
INSERT INTO `t_item_form`(`id`,`item_id`,`form_name`,`form_schema`,`form_type`,`is_required`,`create_time`,`update_time`,`deleted`) VALUES(188,136,'表单89','{"fields":["f1","f2","f3"]}',1,1,'2026-05-29 22:11:26','2026-05-29 22:11:26',0);
INSERT INTO `t_item_form`(`id`,`item_id`,`form_name`,`form_schema`,`form_type`,`is_required`,`create_time`,`update_time`,`deleted`) VALUES(189,123,'表单90','{"fields":["f1","f2","f3"]}',3,1,'2026-05-29 22:11:26','2026-05-29 22:11:26',0);
INSERT INTO `t_item_form`(`id`,`item_id`,`form_name`,`form_schema`,`form_type`,`is_required`,`create_time`,`update_time`,`deleted`) VALUES(190,142,'表单91','{"fields":["f1","f2","f3"]}',1,1,'2026-05-29 22:11:26','2026-05-29 22:11:26',0);
INSERT INTO `t_item_form`(`id`,`item_id`,`form_name`,`form_schema`,`form_type`,`is_required`,`create_time`,`update_time`,`deleted`) VALUES(191,110,'表单92','{"fields":["f1","f2","f3"]}',2,1,'2026-05-29 22:11:26','2026-05-29 22:11:26',0);
INSERT INTO `t_item_form`(`id`,`item_id`,`form_name`,`form_schema`,`form_type`,`is_required`,`create_time`,`update_time`,`deleted`) VALUES(192,145,'表单93','{"fields":["f1","f2","f3"]}',2,1,'2026-05-29 22:11:26','2026-05-29 22:11:26',0);
INSERT INTO `t_item_form`(`id`,`item_id`,`form_name`,`form_schema`,`form_type`,`is_required`,`create_time`,`update_time`,`deleted`) VALUES(193,140,'表单94','{"fields":["f1","f2","f3"]}',2,1,'2026-05-29 22:11:26','2026-05-29 22:11:26',0);
INSERT INTO `t_item_form`(`id`,`item_id`,`form_name`,`form_schema`,`form_type`,`is_required`,`create_time`,`update_time`,`deleted`) VALUES(194,114,'表单95','{"fields":["f1","f2","f3"]}',1,1,'2026-05-29 22:11:26','2026-05-29 22:11:26',0);
INSERT INTO `t_item_form`(`id`,`item_id`,`form_name`,`form_schema`,`form_type`,`is_required`,`create_time`,`update_time`,`deleted`) VALUES(195,130,'表单96','{"fields":["f1","f2","f3"]}',1,1,'2026-05-29 22:11:26','2026-05-29 22:11:26',0);
INSERT INTO `t_item_form`(`id`,`item_id`,`form_name`,`form_schema`,`form_type`,`is_required`,`create_time`,`update_time`,`deleted`) VALUES(196,138,'表单97','{"fields":["f1","f2","f3"]}',2,1,'2026-05-29 22:11:26','2026-05-29 22:11:26',0);
INSERT INTO `t_item_form`(`id`,`item_id`,`form_name`,`form_schema`,`form_type`,`is_required`,`create_time`,`update_time`,`deleted`) VALUES(197,135,'表单98','{"fields":["f1","f2","f3"]}',2,1,'2026-05-29 22:11:26','2026-05-29 22:11:26',0);
INSERT INTO `t_item_form`(`id`,`item_id`,`form_name`,`form_schema`,`form_type`,`is_required`,`create_time`,`update_time`,`deleted`) VALUES(198,142,'表单99','{"fields":["f1","f2","f3"]}',1,1,'2026-05-29 22:11:26','2026-05-29 22:11:26',0);
INSERT INTO `t_item_form`(`id`,`item_id`,`form_name`,`form_schema`,`form_type`,`is_required`,`create_time`,`update_time`,`deleted`) VALUES(199,143,'表单100','{"fields":["f1","f2","f3"]}',3,1,'2026-05-29 22:11:26','2026-05-29 22:11:26',0);

USE `gov_item`;
DELETE FROM `t_item_guide` WHERE id >= 100;
INSERT INTO `t_item_guide`(`id`,`item_id`,`guide_content`,`accept_condition`,`reject_condition`,`time_limit`,`fee_info`,`result_type`,`process_desc`,`consult_phone`,`consult_address`,`create_time`,`update_time`,`deleted`) VALUES(100,100,'办事指南内容0','符合法定条件,材料齐全,在有效期范围内','材料不全,不符合条件,存在违规记录',3,'免费','证明文件','办理流程描述0','010-88800000','某某路1号政务大厅1号窗口','2026-05-29 22:11:26','2026-05-29 22:11:26',0);
INSERT INTO `t_item_guide`(`id`,`item_id`,`guide_content`,`accept_condition`,`reject_condition`,`time_limit`,`fee_info`,`result_type`,`process_desc`,`consult_phone`,`consult_address`,`create_time`,`update_time`,`deleted`) VALUES(101,101,'办事指南内容1','符合法定条件,材料齐全,在有效期范围内','材料不全,不符合条件,存在违规记录',3,'免费','批文','办理流程描述1','010-88800001','某某路2号政务大厅2号窗口','2026-05-29 22:11:26','2026-05-29 22:11:26',0);
INSERT INTO `t_item_guide`(`id`,`item_id`,`guide_content`,`accept_condition`,`reject_condition`,`time_limit`,`fee_info`,`result_type`,`process_desc`,`consult_phone`,`consult_address`,`create_time`,`update_time`,`deleted`) VALUES(102,102,'办事指南内容2','符合法定条件,材料齐全,在有效期范围内','材料不全,不符合条件,存在违规记录',1,'免费','证照','办理流程描述2','010-88800002','某某路3号政务大厅3号窗口','2026-05-29 22:11:26','2026-05-29 22:11:26',0);
INSERT INTO `t_item_guide`(`id`,`item_id`,`guide_content`,`accept_condition`,`reject_condition`,`time_limit`,`fee_info`,`result_type`,`process_desc`,`consult_phone`,`consult_address`,`create_time`,`update_time`,`deleted`) VALUES(103,103,'办事指南内容3','符合法定条件,材料齐全,在有效期范围内','材料不全,不符合条件,存在违规记录',5,'收费447元','电子证照','办理流程描述3','010-88800003','某某路4号政务大厅4号窗口','2026-05-29 22:11:26','2026-05-29 22:11:26',0);
INSERT INTO `t_item_guide`(`id`,`item_id`,`guide_content`,`accept_condition`,`reject_condition`,`time_limit`,`fee_info`,`result_type`,`process_desc`,`consult_phone`,`consult_address`,`create_time`,`update_time`,`deleted`) VALUES(104,104,'办事指南内容4','符合法定条件,材料齐全,在有效期范围内','材料不全,不符合条件,存在违规记录',3,'免费','电子证照','办理流程描述4','010-88800004','某某路5号政务大厅5号窗口','2026-05-29 22:11:26','2026-05-29 22:11:26',0);
INSERT INTO `t_item_guide`(`id`,`item_id`,`guide_content`,`accept_condition`,`reject_condition`,`time_limit`,`fee_info`,`result_type`,`process_desc`,`consult_phone`,`consult_address`,`create_time`,`update_time`,`deleted`) VALUES(105,105,'办事指南内容5','符合法定条件,材料齐全,在有效期范围内','材料不全,不符合条件,存在违规记录',3,'免费','电子证照','办理流程描述5','010-88800005','某某路6号政务大厅6号窗口','2026-05-29 22:11:26','2026-05-29 22:11:26',0);
INSERT INTO `t_item_guide`(`id`,`item_id`,`guide_content`,`accept_condition`,`reject_condition`,`time_limit`,`fee_info`,`result_type`,`process_desc`,`consult_phone`,`consult_address`,`create_time`,`update_time`,`deleted`) VALUES(106,106,'办事指南内容6','符合法定条件,材料齐全,在有效期范围内','材料不全,不符合条件,存在违规记录',1,'免费','电子证照','办理流程描述6','010-88800006','某某路7号政务大厅7号窗口','2026-05-29 22:11:26','2026-05-29 22:11:26',0);
INSERT INTO `t_item_guide`(`id`,`item_id`,`guide_content`,`accept_condition`,`reject_condition`,`time_limit`,`fee_info`,`result_type`,`process_desc`,`consult_phone`,`consult_address`,`create_time`,`update_time`,`deleted`) VALUES(107,107,'办事指南内容7','符合法定条件,材料齐全,在有效期范围内','材料不全,不符合条件,存在违规记录',30,'免费','电子证照','办理流程描述7','010-88800007','某某路8号政务大厅8号窗口','2026-05-29 22:11:26','2026-05-29 22:11:26',0);
INSERT INTO `t_item_guide`(`id`,`item_id`,`guide_content`,`accept_condition`,`reject_condition`,`time_limit`,`fee_info`,`result_type`,`process_desc`,`consult_phone`,`consult_address`,`create_time`,`update_time`,`deleted`) VALUES(108,108,'办事指南内容8','符合法定条件,材料齐全,在有效期范围内','材料不全,不符合条件,存在违规记录',10,'免费','电子证照','办理流程描述8','010-88800008','某某路9号政务大厅9号窗口','2026-05-29 22:11:26','2026-05-29 22:11:26',0);
INSERT INTO `t_item_guide`(`id`,`item_id`,`guide_content`,`accept_condition`,`reject_condition`,`time_limit`,`fee_info`,`result_type`,`process_desc`,`consult_phone`,`consult_address`,`create_time`,`update_time`,`deleted`) VALUES(109,109,'办事指南内容9','符合法定条件,材料齐全,在有效期范围内','材料不全,不符合条件,存在违规记录',10,'免费','证照','办理流程描述9','010-88800009','某某路10号政务大厅10号窗口','2026-05-29 22:11:26','2026-05-29 22:11:26',0);
INSERT INTO `t_item_guide`(`id`,`item_id`,`guide_content`,`accept_condition`,`reject_condition`,`time_limit`,`fee_info`,`result_type`,`process_desc`,`consult_phone`,`consult_address`,`create_time`,`update_time`,`deleted`) VALUES(110,110,'办事指南内容10','符合法定条件,材料齐全,在有效期范围内','材料不全,不符合条件,存在违规记录',3,'收费186元','批文','办理流程描述10','010-88800010','某某路11号政务大厅11号窗口','2026-05-29 22:11:26','2026-05-29 22:11:26',0);
INSERT INTO `t_item_guide`(`id`,`item_id`,`guide_content`,`accept_condition`,`reject_condition`,`time_limit`,`fee_info`,`result_type`,`process_desc`,`consult_phone`,`consult_address`,`create_time`,`update_time`,`deleted`) VALUES(111,111,'办事指南内容11','符合法定条件,材料齐全,在有效期范围内','材料不全,不符合条件,存在违规记录',1,'免费','批文','办理流程描述11','010-88800011','某某路12号政务大厅12号窗口','2026-05-29 22:11:26','2026-05-29 22:11:26',0);
INSERT INTO `t_item_guide`(`id`,`item_id`,`guide_content`,`accept_condition`,`reject_condition`,`time_limit`,`fee_info`,`result_type`,`process_desc`,`consult_phone`,`consult_address`,`create_time`,`update_time`,`deleted`) VALUES(112,112,'办事指南内容12','符合法定条件,材料齐全,在有效期范围内','材料不全,不符合条件,存在违规记录',30,'收费219元','证照','办理流程描述12','010-88800012','某某路13号政务大厅13号窗口','2026-05-29 22:11:26','2026-05-29 22:11:26',0);
INSERT INTO `t_item_guide`(`id`,`item_id`,`guide_content`,`accept_condition`,`reject_condition`,`time_limit`,`fee_info`,`result_type`,`process_desc`,`consult_phone`,`consult_address`,`create_time`,`update_time`,`deleted`) VALUES(113,113,'办事指南内容13','符合法定条件,材料齐全,在有效期范围内','材料不全,不符合条件,存在违规记录',5,'免费','电子证照','办理流程描述13','010-88800013','某某路14号政务大厅14号窗口','2026-05-29 22:11:26','2026-05-29 22:11:26',0);
INSERT INTO `t_item_guide`(`id`,`item_id`,`guide_content`,`accept_condition`,`reject_condition`,`time_limit`,`fee_info`,`result_type`,`process_desc`,`consult_phone`,`consult_address`,`create_time`,`update_time`,`deleted`) VALUES(114,114,'办事指南内容14','符合法定条件,材料齐全,在有效期范围内','材料不全,不符合条件,存在违规记录',15,'免费','电子证照','办理流程描述14','010-88800014','某某路15号政务大厅15号窗口','2026-05-29 22:11:26','2026-05-29 22:11:26',0);
INSERT INTO `t_item_guide`(`id`,`item_id`,`guide_content`,`accept_condition`,`reject_condition`,`time_limit`,`fee_info`,`result_type`,`process_desc`,`consult_phone`,`consult_address`,`create_time`,`update_time`,`deleted`) VALUES(115,115,'办事指南内容15','符合法定条件,材料齐全,在有效期范围内','材料不全,不符合条件,存在违规记录',30,'免费','电子证照','办理流程描述15','010-88800015','某某路16号政务大厅16号窗口','2026-05-29 22:11:26','2026-05-29 22:11:26',0);
INSERT INTO `t_item_guide`(`id`,`item_id`,`guide_content`,`accept_condition`,`reject_condition`,`time_limit`,`fee_info`,`result_type`,`process_desc`,`consult_phone`,`consult_address`,`create_time`,`update_time`,`deleted`) VALUES(116,116,'办事指南内容16','符合法定条件,材料齐全,在有效期范围内','材料不全,不符合条件,存在违规记录',20,'收费348元','证照','办理流程描述16','010-88800016','某某路17号政务大厅17号窗口','2026-05-29 22:11:26','2026-05-29 22:11:26',0);
INSERT INTO `t_item_guide`(`id`,`item_id`,`guide_content`,`accept_condition`,`reject_condition`,`time_limit`,`fee_info`,`result_type`,`process_desc`,`consult_phone`,`consult_address`,`create_time`,`update_time`,`deleted`) VALUES(117,117,'办事指南内容17','符合法定条件,材料齐全,在有效期范围内','材料不全,不符合条件,存在违规记录',15,'收费285元','电子证照','办理流程描述17','010-88800017','某某路18号政务大厅18号窗口','2026-05-29 22:11:26','2026-05-29 22:11:26',0);
INSERT INTO `t_item_guide`(`id`,`item_id`,`guide_content`,`accept_condition`,`reject_condition`,`time_limit`,`fee_info`,`result_type`,`process_desc`,`consult_phone`,`consult_address`,`create_time`,`update_time`,`deleted`) VALUES(118,118,'办事指南内容18','符合法定条件,材料齐全,在有效期范围内','材料不全,不符合条件,存在违规记录',5,'免费','证照','办理流程描述18','010-88800018','某某路19号政务大厅19号窗口','2026-05-29 22:11:26','2026-05-29 22:11:26',0);
INSERT INTO `t_item_guide`(`id`,`item_id`,`guide_content`,`accept_condition`,`reject_condition`,`time_limit`,`fee_info`,`result_type`,`process_desc`,`consult_phone`,`consult_address`,`create_time`,`update_time`,`deleted`) VALUES(119,119,'办事指南内容19','符合法定条件,材料齐全,在有效期范围内','材料不全,不符合条件,存在违规记录',1,'免费','证明文件','办理流程描述19','010-88800019','某某路20号政务大厅20号窗口','2026-05-29 22:11:26','2026-05-29 22:11:26',0);
INSERT INTO `t_item_guide`(`id`,`item_id`,`guide_content`,`accept_condition`,`reject_condition`,`time_limit`,`fee_info`,`result_type`,`process_desc`,`consult_phone`,`consult_address`,`create_time`,`update_time`,`deleted`) VALUES(120,120,'办事指南内容20','符合法定条件,材料齐全,在有效期范围内','材料不全,不符合条件,存在违规记录',30,'免费','电子证照','办理流程描述20','010-88800020','某某路21号政务大厅21号窗口','2026-05-29 22:11:26','2026-05-29 22:11:26',0);
INSERT INTO `t_item_guide`(`id`,`item_id`,`guide_content`,`accept_condition`,`reject_condition`,`time_limit`,`fee_info`,`result_type`,`process_desc`,`consult_phone`,`consult_address`,`create_time`,`update_time`,`deleted`) VALUES(121,121,'办事指南内容21','符合法定条件,材料齐全,在有效期范围内','材料不全,不符合条件,存在违规记录',20,'免费','证照','办理流程描述21','010-88800021','某某路22号政务大厅22号窗口','2026-05-29 22:11:26','2026-05-29 22:11:26',0);
INSERT INTO `t_item_guide`(`id`,`item_id`,`guide_content`,`accept_condition`,`reject_condition`,`time_limit`,`fee_info`,`result_type`,`process_desc`,`consult_phone`,`consult_address`,`create_time`,`update_time`,`deleted`) VALUES(122,122,'办事指南内容22','符合法定条件,材料齐全,在有效期范围内','材料不全,不符合条件,存在违规记录',30,'免费','证明文件','办理流程描述22','010-88800022','某某路23号政务大厅23号窗口','2026-05-29 22:11:26','2026-05-29 22:11:26',0);
INSERT INTO `t_item_guide`(`id`,`item_id`,`guide_content`,`accept_condition`,`reject_condition`,`time_limit`,`fee_info`,`result_type`,`process_desc`,`consult_phone`,`consult_address`,`create_time`,`update_time`,`deleted`) VALUES(123,123,'办事指南内容23','符合法定条件,材料齐全,在有效期范围内','材料不全,不符合条件,存在违规记录',7,'免费','批文','办理流程描述23','010-88800023','某某路24号政务大厅24号窗口','2026-05-29 22:11:26','2026-05-29 22:11:26',0);
INSERT INTO `t_item_guide`(`id`,`item_id`,`guide_content`,`accept_condition`,`reject_condition`,`time_limit`,`fee_info`,`result_type`,`process_desc`,`consult_phone`,`consult_address`,`create_time`,`update_time`,`deleted`) VALUES(124,124,'办事指南内容24','符合法定条件,材料齐全,在有效期范围内','材料不全,不符合条件,存在违规记录',1,'免费','电子证照','办理流程描述24','010-88800024','某某路25号政务大厅25号窗口','2026-05-29 22:11:26','2026-05-29 22:11:26',0);
INSERT INTO `t_item_guide`(`id`,`item_id`,`guide_content`,`accept_condition`,`reject_condition`,`time_limit`,`fee_info`,`result_type`,`process_desc`,`consult_phone`,`consult_address`,`create_time`,`update_time`,`deleted`) VALUES(125,125,'办事指南内容25','符合法定条件,材料齐全,在有效期范围内','材料不全,不符合条件,存在违规记录',1,'收费44元','批文','办理流程描述25','010-88800025','某某路26号政务大厅26号窗口','2026-05-29 22:11:26','2026-05-29 22:11:26',0);
INSERT INTO `t_item_guide`(`id`,`item_id`,`guide_content`,`accept_condition`,`reject_condition`,`time_limit`,`fee_info`,`result_type`,`process_desc`,`consult_phone`,`consult_address`,`create_time`,`update_time`,`deleted`) VALUES(126,126,'办事指南内容26','符合法定条件,材料齐全,在有效期范围内','材料不全,不符合条件,存在违规记录',1,'免费','批文','办理流程描述26','010-88800026','某某路27号政务大厅27号窗口','2026-05-29 22:11:26','2026-05-29 22:11:26',0);
INSERT INTO `t_item_guide`(`id`,`item_id`,`guide_content`,`accept_condition`,`reject_condition`,`time_limit`,`fee_info`,`result_type`,`process_desc`,`consult_phone`,`consult_address`,`create_time`,`update_time`,`deleted`) VALUES(127,127,'办事指南内容27','符合法定条件,材料齐全,在有效期范围内','材料不全,不符合条件,存在违规记录',7,'免费','电子证照','办理流程描述27','010-88800027','某某路28号政务大厅28号窗口','2026-05-29 22:11:26','2026-05-29 22:11:26',0);
INSERT INTO `t_item_guide`(`id`,`item_id`,`guide_content`,`accept_condition`,`reject_condition`,`time_limit`,`fee_info`,`result_type`,`process_desc`,`consult_phone`,`consult_address`,`create_time`,`update_time`,`deleted`) VALUES(128,128,'办事指南内容28','符合法定条件,材料齐全,在有效期范围内','材料不全,不符合条件,存在违规记录',30,'收费121元','批文','办理流程描述28','010-88800028','某某路29号政务大厅29号窗口','2026-05-29 22:11:26','2026-05-29 22:11:26',0);
INSERT INTO `t_item_guide`(`id`,`item_id`,`guide_content`,`accept_condition`,`reject_condition`,`time_limit`,`fee_info`,`result_type`,`process_desc`,`consult_phone`,`consult_address`,`create_time`,`update_time`,`deleted`) VALUES(129,129,'办事指南内容29','符合法定条件,材料齐全,在有效期范围内','材料不全,不符合条件,存在违规记录',5,'免费','证明文件','办理流程描述29','010-88800029','某某路30号政务大厅30号窗口','2026-05-29 22:11:26','2026-05-29 22:11:26',0);
INSERT INTO `t_item_guide`(`id`,`item_id`,`guide_content`,`accept_condition`,`reject_condition`,`time_limit`,`fee_info`,`result_type`,`process_desc`,`consult_phone`,`consult_address`,`create_time`,`update_time`,`deleted`) VALUES(130,130,'办事指南内容30','符合法定条件,材料齐全,在有效期范围内','材料不全,不符合条件,存在违规记录',7,'免费','证明文件','办理流程描述30','010-88800030','某某路31号政务大厅31号窗口','2026-05-29 22:11:26','2026-05-29 22:11:26',0);
INSERT INTO `t_item_guide`(`id`,`item_id`,`guide_content`,`accept_condition`,`reject_condition`,`time_limit`,`fee_info`,`result_type`,`process_desc`,`consult_phone`,`consult_address`,`create_time`,`update_time`,`deleted`) VALUES(131,131,'办事指南内容31','符合法定条件,材料齐全,在有效期范围内','材料不全,不符合条件,存在违规记录',15,'收费458元','证照','办理流程描述31','010-88800031','某某路32号政务大厅32号窗口','2026-05-29 22:11:26','2026-05-29 22:11:26',0);
INSERT INTO `t_item_guide`(`id`,`item_id`,`guide_content`,`accept_condition`,`reject_condition`,`time_limit`,`fee_info`,`result_type`,`process_desc`,`consult_phone`,`consult_address`,`create_time`,`update_time`,`deleted`) VALUES(132,132,'办事指南内容32','符合法定条件,材料齐全,在有效期范围内','材料不全,不符合条件,存在违规记录',7,'免费','证明文件','办理流程描述32','010-88800032','某某路33号政务大厅33号窗口','2026-05-29 22:11:26','2026-05-29 22:11:26',0);
INSERT INTO `t_item_guide`(`id`,`item_id`,`guide_content`,`accept_condition`,`reject_condition`,`time_limit`,`fee_info`,`result_type`,`process_desc`,`consult_phone`,`consult_address`,`create_time`,`update_time`,`deleted`) VALUES(133,133,'办事指南内容33','符合法定条件,材料齐全,在有效期范围内','材料不全,不符合条件,存在违规记录',1,'免费','证照','办理流程描述33','010-88800033','某某路34号政务大厅34号窗口','2026-05-29 22:11:26','2026-05-29 22:11:26',0);
INSERT INTO `t_item_guide`(`id`,`item_id`,`guide_content`,`accept_condition`,`reject_condition`,`time_limit`,`fee_info`,`result_type`,`process_desc`,`consult_phone`,`consult_address`,`create_time`,`update_time`,`deleted`) VALUES(134,134,'办事指南内容34','符合法定条件,材料齐全,在有效期范围内','材料不全,不符合条件,存在违规记录',20,'免费','批文','办理流程描述34','010-88800034','某某路35号政务大厅35号窗口','2026-05-29 22:11:26','2026-05-29 22:11:26',0);
INSERT INTO `t_item_guide`(`id`,`item_id`,`guide_content`,`accept_condition`,`reject_condition`,`time_limit`,`fee_info`,`result_type`,`process_desc`,`consult_phone`,`consult_address`,`create_time`,`update_time`,`deleted`) VALUES(135,135,'办事指南内容35','符合法定条件,材料齐全,在有效期范围内','材料不全,不符合条件,存在违规记录',15,'免费','电子证照','办理流程描述35','010-88800035','某某路36号政务大厅36号窗口','2026-05-29 22:11:26','2026-05-29 22:11:26',0);
INSERT INTO `t_item_guide`(`id`,`item_id`,`guide_content`,`accept_condition`,`reject_condition`,`time_limit`,`fee_info`,`result_type`,`process_desc`,`consult_phone`,`consult_address`,`create_time`,`update_time`,`deleted`) VALUES(136,136,'办事指南内容36','符合法定条件,材料齐全,在有效期范围内','材料不全,不符合条件,存在违规记录',15,'免费','电子证照','办理流程描述36','010-88800036','某某路37号政务大厅37号窗口','2026-05-29 22:11:26','2026-05-29 22:11:26',0);
INSERT INTO `t_item_guide`(`id`,`item_id`,`guide_content`,`accept_condition`,`reject_condition`,`time_limit`,`fee_info`,`result_type`,`process_desc`,`consult_phone`,`consult_address`,`create_time`,`update_time`,`deleted`) VALUES(137,137,'办事指南内容37','符合法定条件,材料齐全,在有效期范围内','材料不全,不符合条件,存在违规记录',5,'收费104元','电子证照','办理流程描述37','010-88800037','某某路38号政务大厅38号窗口','2026-05-29 22:11:26','2026-05-29 22:11:26',0);
INSERT INTO `t_item_guide`(`id`,`item_id`,`guide_content`,`accept_condition`,`reject_condition`,`time_limit`,`fee_info`,`result_type`,`process_desc`,`consult_phone`,`consult_address`,`create_time`,`update_time`,`deleted`) VALUES(138,138,'办事指南内容38','符合法定条件,材料齐全,在有效期范围内','材料不全,不符合条件,存在违规记录',7,'免费','证明文件','办理流程描述38','010-88800038','某某路39号政务大厅39号窗口','2026-05-29 22:11:26','2026-05-29 22:11:26',0);
INSERT INTO `t_item_guide`(`id`,`item_id`,`guide_content`,`accept_condition`,`reject_condition`,`time_limit`,`fee_info`,`result_type`,`process_desc`,`consult_phone`,`consult_address`,`create_time`,`update_time`,`deleted`) VALUES(139,139,'办事指南内容39','符合法定条件,材料齐全,在有效期范围内','材料不全,不符合条件,存在违规记录',5,'免费','批文','办理流程描述39','010-88800039','某某路40号政务大厅40号窗口','2026-05-29 22:11:26','2026-05-29 22:11:26',0);
INSERT INTO `t_item_guide`(`id`,`item_id`,`guide_content`,`accept_condition`,`reject_condition`,`time_limit`,`fee_info`,`result_type`,`process_desc`,`consult_phone`,`consult_address`,`create_time`,`update_time`,`deleted`) VALUES(140,140,'办事指南内容40','符合法定条件,材料齐全,在有效期范围内','材料不全,不符合条件,存在违规记录',20,'免费','证照','办理流程描述40','010-88800040','某某路41号政务大厅41号窗口','2026-05-29 22:11:26','2026-05-29 22:11:26',0);
INSERT INTO `t_item_guide`(`id`,`item_id`,`guide_content`,`accept_condition`,`reject_condition`,`time_limit`,`fee_info`,`result_type`,`process_desc`,`consult_phone`,`consult_address`,`create_time`,`update_time`,`deleted`) VALUES(141,141,'办事指南内容41','符合法定条件,材料齐全,在有效期范围内','材料不全,不符合条件,存在违规记录',20,'收费114元','证明文件','办理流程描述41','010-88800041','某某路42号政务大厅42号窗口','2026-05-29 22:11:26','2026-05-29 22:11:26',0);
INSERT INTO `t_item_guide`(`id`,`item_id`,`guide_content`,`accept_condition`,`reject_condition`,`time_limit`,`fee_info`,`result_type`,`process_desc`,`consult_phone`,`consult_address`,`create_time`,`update_time`,`deleted`) VALUES(142,142,'办事指南内容42','符合法定条件,材料齐全,在有效期范围内','材料不全,不符合条件,存在违规记录',3,'免费','证明文件','办理流程描述42','010-88800042','某某路43号政务大厅43号窗口','2026-05-29 22:11:26','2026-05-29 22:11:26',0);
INSERT INTO `t_item_guide`(`id`,`item_id`,`guide_content`,`accept_condition`,`reject_condition`,`time_limit`,`fee_info`,`result_type`,`process_desc`,`consult_phone`,`consult_address`,`create_time`,`update_time`,`deleted`) VALUES(143,143,'办事指南内容43','符合法定条件,材料齐全,在有效期范围内','材料不全,不符合条件,存在违规记录',3,'免费','证照','办理流程描述43','010-88800043','某某路44号政务大厅44号窗口','2026-05-29 22:11:26','2026-05-29 22:11:26',0);
INSERT INTO `t_item_guide`(`id`,`item_id`,`guide_content`,`accept_condition`,`reject_condition`,`time_limit`,`fee_info`,`result_type`,`process_desc`,`consult_phone`,`consult_address`,`create_time`,`update_time`,`deleted`) VALUES(144,144,'办事指南内容44','符合法定条件,材料齐全,在有效期范围内','材料不全,不符合条件,存在违规记录',1,'收费354元','批文','办理流程描述44','010-88800044','某某路45号政务大厅45号窗口','2026-05-29 22:11:26','2026-05-29 22:11:26',0);
INSERT INTO `t_item_guide`(`id`,`item_id`,`guide_content`,`accept_condition`,`reject_condition`,`time_limit`,`fee_info`,`result_type`,`process_desc`,`consult_phone`,`consult_address`,`create_time`,`update_time`,`deleted`) VALUES(145,145,'办事指南内容45','符合法定条件,材料齐全,在有效期范围内','材料不全,不符合条件,存在违规记录',3,'收费399元','证照','办理流程描述45','010-88800045','某某路46号政务大厅46号窗口','2026-05-29 22:11:26','2026-05-29 22:11:26',0);
INSERT INTO `t_item_guide`(`id`,`item_id`,`guide_content`,`accept_condition`,`reject_condition`,`time_limit`,`fee_info`,`result_type`,`process_desc`,`consult_phone`,`consult_address`,`create_time`,`update_time`,`deleted`) VALUES(146,146,'办事指南内容46','符合法定条件,材料齐全,在有效期范围内','材料不全,不符合条件,存在违规记录',30,'收费474元','证明文件','办理流程描述46','010-88800046','某某路47号政务大厅47号窗口','2026-05-29 22:11:26','2026-05-29 22:11:26',0);
INSERT INTO `t_item_guide`(`id`,`item_id`,`guide_content`,`accept_condition`,`reject_condition`,`time_limit`,`fee_info`,`result_type`,`process_desc`,`consult_phone`,`consult_address`,`create_time`,`update_time`,`deleted`) VALUES(147,147,'办事指南内容47','符合法定条件,材料齐全,在有效期范围内','材料不全,不符合条件,存在违规记录',10,'免费','批文','办理流程描述47','010-88800047','某某路48号政务大厅48号窗口','2026-05-29 22:11:26','2026-05-29 22:11:26',0);
INSERT INTO `t_item_guide`(`id`,`item_id`,`guide_content`,`accept_condition`,`reject_condition`,`time_limit`,`fee_info`,`result_type`,`process_desc`,`consult_phone`,`consult_address`,`create_time`,`update_time`,`deleted`) VALUES(148,148,'办事指南内容48','符合法定条件,材料齐全,在有效期范围内','材料不全,不符合条件,存在违规记录',7,'免费','批文','办理流程描述48','010-88800048','某某路49号政务大厅49号窗口','2026-05-29 22:11:26','2026-05-29 22:11:26',0);
INSERT INTO `t_item_guide`(`id`,`item_id`,`guide_content`,`accept_condition`,`reject_condition`,`time_limit`,`fee_info`,`result_type`,`process_desc`,`consult_phone`,`consult_address`,`create_time`,`update_time`,`deleted`) VALUES(149,149,'办事指南内容49','符合法定条件,材料齐全,在有效期范围内','材料不全,不符合条件,存在违规记录',30,'免费','证照','办理流程描述49','010-88800049','某某路50号政务大厅50号窗口','2026-05-29 22:11:26','2026-05-29 22:11:26',0);

USE `gov_item`;
DELETE FROM `t_item_material` WHERE id >= 100;
INSERT INTO `t_item_material`(`id`,`item_id`,`material_name`,`material_code`,`material_type`,`is_required`,`source_type`,`sample_url`,`template_url`,`remark`,`sort`,`create_time`,`update_time`,`deleted`) VALUES(100,125,'材料需求1','MAT-2024001',1,1,2,NULL,'/files/tpl_0.docx',NULL,5,'2026-05-29 22:11:26','2026-05-29 22:11:26',0);
INSERT INTO `t_item_material`(`id`,`item_id`,`material_name`,`material_code`,`material_type`,`is_required`,`source_type`,`sample_url`,`template_url`,`remark`,`sort`,`create_time`,`update_time`,`deleted`) VALUES(101,123,'材料需求2','MAT-2024002',3,1,2,NULL,'/files/tpl_1.docx',NULL,6,'2026-05-29 22:11:26','2026-05-29 22:11:26',0);
INSERT INTO `t_item_material`(`id`,`item_id`,`material_name`,`material_code`,`material_type`,`is_required`,`source_type`,`sample_url`,`template_url`,`remark`,`sort`,`create_time`,`update_time`,`deleted`) VALUES(102,113,'材料需求3','MAT-2024003',2,1,1,'/files/sample_2.pdf',NULL,NULL,5,'2026-05-29 22:11:26','2026-05-29 22:11:26',0);
INSERT INTO `t_item_material`(`id`,`item_id`,`material_name`,`material_code`,`material_type`,`is_required`,`source_type`,`sample_url`,`template_url`,`remark`,`sort`,`create_time`,`update_time`,`deleted`) VALUES(103,135,'材料需求4','MAT-2024004',3,1,2,NULL,NULL,NULL,10,'2026-05-29 22:11:26','2026-05-29 22:11:26',0);
INSERT INTO `t_item_material`(`id`,`item_id`,`material_name`,`material_code`,`material_type`,`is_required`,`source_type`,`sample_url`,`template_url`,`remark`,`sort`,`create_time`,`update_time`,`deleted`) VALUES(104,115,'材料需求5','MAT-2024005',2,1,3,NULL,'/files/tpl_4.docx',NULL,8,'2026-05-29 22:11:26','2026-05-29 22:11:26',0);
INSERT INTO `t_item_material`(`id`,`item_id`,`material_name`,`material_code`,`material_type`,`is_required`,`source_type`,`sample_url`,`template_url`,`remark`,`sort`,`create_time`,`update_time`,`deleted`) VALUES(105,129,'材料需求6','MAT-2024006',1,1,2,NULL,'/files/tpl_5.docx',NULL,9,'2026-05-29 22:11:26','2026-05-29 22:11:26',0);
INSERT INTO `t_item_material`(`id`,`item_id`,`material_name`,`material_code`,`material_type`,`is_required`,`source_type`,`sample_url`,`template_url`,`remark`,`sort`,`create_time`,`update_time`,`deleted`) VALUES(106,141,'材料需求7','MAT-2024007',1,1,1,'/files/sample_6.pdf','/files/tpl_6.docx','备注6',7,'2026-05-29 22:11:26','2026-05-29 22:11:26',0);
INSERT INTO `t_item_material`(`id`,`item_id`,`material_name`,`material_code`,`material_type`,`is_required`,`source_type`,`sample_url`,`template_url`,`remark`,`sort`,`create_time`,`update_time`,`deleted`) VALUES(107,108,'材料需求8','MAT-2024008',3,0,3,NULL,NULL,NULL,1,'2026-05-29 22:11:26','2026-05-29 22:11:26',0);
INSERT INTO `t_item_material`(`id`,`item_id`,`material_name`,`material_code`,`material_type`,`is_required`,`source_type`,`sample_url`,`template_url`,`remark`,`sort`,`create_time`,`update_time`,`deleted`) VALUES(108,139,'材料需求9','MAT-2024009',3,1,3,'/files/sample_8.pdf','/files/tpl_8.docx',NULL,9,'2026-05-29 22:11:26','2026-05-29 22:11:26',0);
INSERT INTO `t_item_material`(`id`,`item_id`,`material_name`,`material_code`,`material_type`,`is_required`,`source_type`,`sample_url`,`template_url`,`remark`,`sort`,`create_time`,`update_time`,`deleted`) VALUES(109,135,'材料需求10','MAT-2024010',2,0,3,'/files/sample_9.pdf','/files/tpl_9.docx',NULL,9,'2026-05-29 22:11:26','2026-05-29 22:11:26',0);
INSERT INTO `t_item_material`(`id`,`item_id`,`material_name`,`material_code`,`material_type`,`is_required`,`source_type`,`sample_url`,`template_url`,`remark`,`sort`,`create_time`,`update_time`,`deleted`) VALUES(110,144,'材料需求11','MAT-2024011',3,1,1,NULL,NULL,NULL,4,'2026-05-29 22:11:26','2026-05-29 22:11:26',0);
INSERT INTO `t_item_material`(`id`,`item_id`,`material_name`,`material_code`,`material_type`,`is_required`,`source_type`,`sample_url`,`template_url`,`remark`,`sort`,`create_time`,`update_time`,`deleted`) VALUES(111,139,'材料需求12','MAT-2024012',3,0,2,NULL,NULL,NULL,7,'2026-05-29 22:11:26','2026-05-29 22:11:26',0);
INSERT INTO `t_item_material`(`id`,`item_id`,`material_name`,`material_code`,`material_type`,`is_required`,`source_type`,`sample_url`,`template_url`,`remark`,`sort`,`create_time`,`update_time`,`deleted`) VALUES(112,129,'材料需求13','MAT-2024013',3,0,3,NULL,'/files/tpl_12.docx','备注12',1,'2026-05-29 22:11:26','2026-05-29 22:11:26',0);
INSERT INTO `t_item_material`(`id`,`item_id`,`material_name`,`material_code`,`material_type`,`is_required`,`source_type`,`sample_url`,`template_url`,`remark`,`sort`,`create_time`,`update_time`,`deleted`) VALUES(113,105,'材料需求14','MAT-2024014',2,1,3,NULL,'/files/tpl_13.docx','备注13',2,'2026-05-29 22:11:26','2026-05-29 22:11:26',0);
INSERT INTO `t_item_material`(`id`,`item_id`,`material_name`,`material_code`,`material_type`,`is_required`,`source_type`,`sample_url`,`template_url`,`remark`,`sort`,`create_time`,`update_time`,`deleted`) VALUES(114,131,'材料需求15','MAT-2024015',2,1,2,'/files/sample_14.pdf','/files/tpl_14.docx',NULL,9,'2026-05-29 22:11:26','2026-05-29 22:11:26',0);
INSERT INTO `t_item_material`(`id`,`item_id`,`material_name`,`material_code`,`material_type`,`is_required`,`source_type`,`sample_url`,`template_url`,`remark`,`sort`,`create_time`,`update_time`,`deleted`) VALUES(115,102,'材料需求16','MAT-2024016',1,0,3,'/files/sample_15.pdf',NULL,NULL,2,'2026-05-29 22:11:26','2026-05-29 22:11:26',0);
INSERT INTO `t_item_material`(`id`,`item_id`,`material_name`,`material_code`,`material_type`,`is_required`,`source_type`,`sample_url`,`template_url`,`remark`,`sort`,`create_time`,`update_time`,`deleted`) VALUES(116,143,'材料需求17','MAT-2024017',2,1,3,'/files/sample_16.pdf',NULL,'备注16',1,'2026-05-29 22:11:26','2026-05-29 22:11:26',0);
INSERT INTO `t_item_material`(`id`,`item_id`,`material_name`,`material_code`,`material_type`,`is_required`,`source_type`,`sample_url`,`template_url`,`remark`,`sort`,`create_time`,`update_time`,`deleted`) VALUES(117,113,'材料需求18','MAT-2024018',3,0,3,'/files/sample_17.pdf','/files/tpl_17.docx',NULL,10,'2026-05-29 22:11:26','2026-05-29 22:11:26',0);
INSERT INTO `t_item_material`(`id`,`item_id`,`material_name`,`material_code`,`material_type`,`is_required`,`source_type`,`sample_url`,`template_url`,`remark`,`sort`,`create_time`,`update_time`,`deleted`) VALUES(118,115,'材料需求19','MAT-2024019',3,1,2,'/files/sample_18.pdf','/files/tpl_18.docx',NULL,3,'2026-05-29 22:11:26','2026-05-29 22:11:26',0);
INSERT INTO `t_item_material`(`id`,`item_id`,`material_name`,`material_code`,`material_type`,`is_required`,`source_type`,`sample_url`,`template_url`,`remark`,`sort`,`create_time`,`update_time`,`deleted`) VALUES(119,144,'材料需求20','MAT-2024020',3,0,3,'/files/sample_19.pdf',NULL,NULL,2,'2026-05-29 22:11:26','2026-05-29 22:11:26',0);
INSERT INTO `t_item_material`(`id`,`item_id`,`material_name`,`material_code`,`material_type`,`is_required`,`source_type`,`sample_url`,`template_url`,`remark`,`sort`,`create_time`,`update_time`,`deleted`) VALUES(120,121,'材料需求21','MAT-2024021',3,1,3,NULL,'/files/tpl_20.docx',NULL,5,'2026-05-29 22:11:26','2026-05-29 22:11:26',0);
INSERT INTO `t_item_material`(`id`,`item_id`,`material_name`,`material_code`,`material_type`,`is_required`,`source_type`,`sample_url`,`template_url`,`remark`,`sort`,`create_time`,`update_time`,`deleted`) VALUES(121,128,'材料需求22','MAT-2024022',2,0,3,'/files/sample_21.pdf',NULL,NULL,7,'2026-05-29 22:11:26','2026-05-29 22:11:26',0);
INSERT INTO `t_item_material`(`id`,`item_id`,`material_name`,`material_code`,`material_type`,`is_required`,`source_type`,`sample_url`,`template_url`,`remark`,`sort`,`create_time`,`update_time`,`deleted`) VALUES(122,105,'材料需求23','MAT-2024023',3,0,1,'/files/sample_22.pdf',NULL,NULL,3,'2026-05-29 22:11:26','2026-05-29 22:11:26',0);
INSERT INTO `t_item_material`(`id`,`item_id`,`material_name`,`material_code`,`material_type`,`is_required`,`source_type`,`sample_url`,`template_url`,`remark`,`sort`,`create_time`,`update_time`,`deleted`) VALUES(123,147,'材料需求24','MAT-2024024',2,1,1,NULL,'/files/tpl_23.docx',NULL,5,'2026-05-29 22:11:26','2026-05-29 22:11:26',0);
INSERT INTO `t_item_material`(`id`,`item_id`,`material_name`,`material_code`,`material_type`,`is_required`,`source_type`,`sample_url`,`template_url`,`remark`,`sort`,`create_time`,`update_time`,`deleted`) VALUES(124,106,'材料需求25','MAT-2024025',1,0,2,NULL,'/files/tpl_24.docx',NULL,1,'2026-05-29 22:11:26','2026-05-29 22:11:26',0);
INSERT INTO `t_item_material`(`id`,`item_id`,`material_name`,`material_code`,`material_type`,`is_required`,`source_type`,`sample_url`,`template_url`,`remark`,`sort`,`create_time`,`update_time`,`deleted`) VALUES(125,105,'材料需求26','MAT-2024026',2,1,3,'/files/sample_25.pdf',NULL,NULL,5,'2026-05-29 22:11:26','2026-05-29 22:11:26',0);
INSERT INTO `t_item_material`(`id`,`item_id`,`material_name`,`material_code`,`material_type`,`is_required`,`source_type`,`sample_url`,`template_url`,`remark`,`sort`,`create_time`,`update_time`,`deleted`) VALUES(126,126,'材料需求27','MAT-2024027',2,1,3,'/files/sample_26.pdf','/files/tpl_26.docx','备注26',10,'2026-05-29 22:11:26','2026-05-29 22:11:26',0);
INSERT INTO `t_item_material`(`id`,`item_id`,`material_name`,`material_code`,`material_type`,`is_required`,`source_type`,`sample_url`,`template_url`,`remark`,`sort`,`create_time`,`update_time`,`deleted`) VALUES(127,133,'材料需求28','MAT-2024028',1,1,1,NULL,NULL,NULL,2,'2026-05-29 22:11:26','2026-05-29 22:11:26',0);
INSERT INTO `t_item_material`(`id`,`item_id`,`material_name`,`material_code`,`material_type`,`is_required`,`source_type`,`sample_url`,`template_url`,`remark`,`sort`,`create_time`,`update_time`,`deleted`) VALUES(128,110,'材料需求29','MAT-2024029',2,0,2,NULL,NULL,NULL,4,'2026-05-29 22:11:26','2026-05-29 22:11:26',0);
INSERT INTO `t_item_material`(`id`,`item_id`,`material_name`,`material_code`,`material_type`,`is_required`,`source_type`,`sample_url`,`template_url`,`remark`,`sort`,`create_time`,`update_time`,`deleted`) VALUES(129,146,'材料需求30','MAT-2024030',3,1,3,NULL,NULL,NULL,7,'2026-05-29 22:11:26','2026-05-29 22:11:26',0);
INSERT INTO `t_item_material`(`id`,`item_id`,`material_name`,`material_code`,`material_type`,`is_required`,`source_type`,`sample_url`,`template_url`,`remark`,`sort`,`create_time`,`update_time`,`deleted`) VALUES(130,121,'材料需求31','MAT-2024031',3,1,2,NULL,NULL,'备注30',10,'2026-05-29 22:11:26','2026-05-29 22:11:26',0);
INSERT INTO `t_item_material`(`id`,`item_id`,`material_name`,`material_code`,`material_type`,`is_required`,`source_type`,`sample_url`,`template_url`,`remark`,`sort`,`create_time`,`update_time`,`deleted`) VALUES(131,108,'材料需求32','MAT-2024032',2,1,3,NULL,NULL,'备注31',6,'2026-05-29 22:11:26','2026-05-29 22:11:26',0);
INSERT INTO `t_item_material`(`id`,`item_id`,`material_name`,`material_code`,`material_type`,`is_required`,`source_type`,`sample_url`,`template_url`,`remark`,`sort`,`create_time`,`update_time`,`deleted`) VALUES(132,118,'材料需求33','MAT-2024033',3,1,2,'/files/sample_32.pdf','/files/tpl_32.docx',NULL,5,'2026-05-29 22:11:26','2026-05-29 22:11:26',0);
INSERT INTO `t_item_material`(`id`,`item_id`,`material_name`,`material_code`,`material_type`,`is_required`,`source_type`,`sample_url`,`template_url`,`remark`,`sort`,`create_time`,`update_time`,`deleted`) VALUES(133,125,'材料需求34','MAT-2024034',2,0,3,NULL,'/files/tpl_33.docx',NULL,9,'2026-05-29 22:11:26','2026-05-29 22:11:26',0);
INSERT INTO `t_item_material`(`id`,`item_id`,`material_name`,`material_code`,`material_type`,`is_required`,`source_type`,`sample_url`,`template_url`,`remark`,`sort`,`create_time`,`update_time`,`deleted`) VALUES(134,101,'材料需求35','MAT-2024035',3,1,3,NULL,'/files/tpl_34.docx','备注34',2,'2026-05-29 22:11:26','2026-05-29 22:11:26',0);
INSERT INTO `t_item_material`(`id`,`item_id`,`material_name`,`material_code`,`material_type`,`is_required`,`source_type`,`sample_url`,`template_url`,`remark`,`sort`,`create_time`,`update_time`,`deleted`) VALUES(135,126,'材料需求36','MAT-2024036',3,1,3,NULL,NULL,NULL,7,'2026-05-29 22:11:26','2026-05-29 22:11:26',0);
INSERT INTO `t_item_material`(`id`,`item_id`,`material_name`,`material_code`,`material_type`,`is_required`,`source_type`,`sample_url`,`template_url`,`remark`,`sort`,`create_time`,`update_time`,`deleted`) VALUES(136,124,'材料需求37','MAT-2024037',1,1,3,NULL,NULL,NULL,7,'2026-05-29 22:11:26','2026-05-29 22:11:26',0);
INSERT INTO `t_item_material`(`id`,`item_id`,`material_name`,`material_code`,`material_type`,`is_required`,`source_type`,`sample_url`,`template_url`,`remark`,`sort`,`create_time`,`update_time`,`deleted`) VALUES(137,134,'材料需求38','MAT-2024038',1,1,2,'/files/sample_37.pdf','/files/tpl_37.docx',NULL,2,'2026-05-29 22:11:26','2026-05-29 22:11:26',0);
INSERT INTO `t_item_material`(`id`,`item_id`,`material_name`,`material_code`,`material_type`,`is_required`,`source_type`,`sample_url`,`template_url`,`remark`,`sort`,`create_time`,`update_time`,`deleted`) VALUES(138,106,'材料需求39','MAT-2024039',1,1,2,NULL,'/files/tpl_38.docx',NULL,7,'2026-05-29 22:11:26','2026-05-29 22:11:26',0);
INSERT INTO `t_item_material`(`id`,`item_id`,`material_name`,`material_code`,`material_type`,`is_required`,`source_type`,`sample_url`,`template_url`,`remark`,`sort`,`create_time`,`update_time`,`deleted`) VALUES(139,148,'材料需求40','MAT-2024040',2,1,2,NULL,NULL,NULL,9,'2026-05-29 22:11:26','2026-05-29 22:11:26',0);
INSERT INTO `t_item_material`(`id`,`item_id`,`material_name`,`material_code`,`material_type`,`is_required`,`source_type`,`sample_url`,`template_url`,`remark`,`sort`,`create_time`,`update_time`,`deleted`) VALUES(140,135,'材料需求41','MAT-2024041',3,1,1,NULL,NULL,'备注40',10,'2026-05-29 22:11:26','2026-05-29 22:11:26',0);
INSERT INTO `t_item_material`(`id`,`item_id`,`material_name`,`material_code`,`material_type`,`is_required`,`source_type`,`sample_url`,`template_url`,`remark`,`sort`,`create_time`,`update_time`,`deleted`) VALUES(141,144,'材料需求42','MAT-2024042',3,0,1,NULL,NULL,'备注41',2,'2026-05-29 22:11:26','2026-05-29 22:11:26',0);
INSERT INTO `t_item_material`(`id`,`item_id`,`material_name`,`material_code`,`material_type`,`is_required`,`source_type`,`sample_url`,`template_url`,`remark`,`sort`,`create_time`,`update_time`,`deleted`) VALUES(142,107,'材料需求43','MAT-2024043',3,0,2,NULL,'/files/tpl_42.docx',NULL,6,'2026-05-29 22:11:26','2026-05-29 22:11:26',0);
INSERT INTO `t_item_material`(`id`,`item_id`,`material_name`,`material_code`,`material_type`,`is_required`,`source_type`,`sample_url`,`template_url`,`remark`,`sort`,`create_time`,`update_time`,`deleted`) VALUES(143,130,'材料需求44','MAT-2024044',1,1,3,NULL,NULL,NULL,2,'2026-05-29 22:11:26','2026-05-29 22:11:26',0);
INSERT INTO `t_item_material`(`id`,`item_id`,`material_name`,`material_code`,`material_type`,`is_required`,`source_type`,`sample_url`,`template_url`,`remark`,`sort`,`create_time`,`update_time`,`deleted`) VALUES(144,101,'材料需求45','MAT-2024045',2,1,3,'/files/sample_44.pdf','/files/tpl_44.docx','备注44',9,'2026-05-29 22:11:26','2026-05-29 22:11:26',0);
INSERT INTO `t_item_material`(`id`,`item_id`,`material_name`,`material_code`,`material_type`,`is_required`,`source_type`,`sample_url`,`template_url`,`remark`,`sort`,`create_time`,`update_time`,`deleted`) VALUES(145,111,'材料需求46','MAT-2024046',3,0,3,NULL,NULL,'备注45',3,'2026-05-29 22:11:26','2026-05-29 22:11:26',0);
INSERT INTO `t_item_material`(`id`,`item_id`,`material_name`,`material_code`,`material_type`,`is_required`,`source_type`,`sample_url`,`template_url`,`remark`,`sort`,`create_time`,`update_time`,`deleted`) VALUES(146,111,'材料需求47','MAT-2024047',3,1,2,NULL,'/files/tpl_46.docx',NULL,10,'2026-05-29 22:11:26','2026-05-29 22:11:26',0);
INSERT INTO `t_item_material`(`id`,`item_id`,`material_name`,`material_code`,`material_type`,`is_required`,`source_type`,`sample_url`,`template_url`,`remark`,`sort`,`create_time`,`update_time`,`deleted`) VALUES(147,127,'材料需求48','MAT-2024048',2,0,1,NULL,'/files/tpl_47.docx','备注47',2,'2026-05-29 22:11:26','2026-05-29 22:11:26',0);
INSERT INTO `t_item_material`(`id`,`item_id`,`material_name`,`material_code`,`material_type`,`is_required`,`source_type`,`sample_url`,`template_url`,`remark`,`sort`,`create_time`,`update_time`,`deleted`) VALUES(148,136,'材料需求49','MAT-2024049',1,1,3,NULL,NULL,NULL,5,'2026-05-29 22:11:26','2026-05-29 22:11:26',0);
INSERT INTO `t_item_material`(`id`,`item_id`,`material_name`,`material_code`,`material_type`,`is_required`,`source_type`,`sample_url`,`template_url`,`remark`,`sort`,`create_time`,`update_time`,`deleted`) VALUES(149,142,'材料需求50','MAT-2024050',2,1,3,NULL,NULL,NULL,2,'2026-05-29 22:11:26','2026-05-29 22:11:26',0);
INSERT INTO `t_item_material`(`id`,`item_id`,`material_name`,`material_code`,`material_type`,`is_required`,`source_type`,`sample_url`,`template_url`,`remark`,`sort`,`create_time`,`update_time`,`deleted`) VALUES(150,122,'材料需求51','MAT-2024051',2,1,3,NULL,'/files/tpl_50.docx','备注50',10,'2026-05-29 22:11:26','2026-05-29 22:11:26',0);
INSERT INTO `t_item_material`(`id`,`item_id`,`material_name`,`material_code`,`material_type`,`is_required`,`source_type`,`sample_url`,`template_url`,`remark`,`sort`,`create_time`,`update_time`,`deleted`) VALUES(151,137,'材料需求52','MAT-2024052',1,1,2,NULL,NULL,NULL,3,'2026-05-29 22:11:26','2026-05-29 22:11:26',0);
INSERT INTO `t_item_material`(`id`,`item_id`,`material_name`,`material_code`,`material_type`,`is_required`,`source_type`,`sample_url`,`template_url`,`remark`,`sort`,`create_time`,`update_time`,`deleted`) VALUES(152,132,'材料需求53','MAT-2024053',2,1,1,'/files/sample_52.pdf',NULL,NULL,9,'2026-05-29 22:11:26','2026-05-29 22:11:26',0);
INSERT INTO `t_item_material`(`id`,`item_id`,`material_name`,`material_code`,`material_type`,`is_required`,`source_type`,`sample_url`,`template_url`,`remark`,`sort`,`create_time`,`update_time`,`deleted`) VALUES(153,144,'材料需求54','MAT-2024054',3,1,1,'/files/sample_53.pdf',NULL,NULL,6,'2026-05-29 22:11:26','2026-05-29 22:11:26',0);
INSERT INTO `t_item_material`(`id`,`item_id`,`material_name`,`material_code`,`material_type`,`is_required`,`source_type`,`sample_url`,`template_url`,`remark`,`sort`,`create_time`,`update_time`,`deleted`) VALUES(154,128,'材料需求55','MAT-2024055',3,0,2,'/files/sample_54.pdf',NULL,NULL,7,'2026-05-29 22:11:26','2026-05-29 22:11:26',0);
INSERT INTO `t_item_material`(`id`,`item_id`,`material_name`,`material_code`,`material_type`,`is_required`,`source_type`,`sample_url`,`template_url`,`remark`,`sort`,`create_time`,`update_time`,`deleted`) VALUES(155,135,'材料需求56','MAT-2024056',3,1,2,'/files/sample_55.pdf',NULL,'备注55',8,'2026-05-29 22:11:26','2026-05-29 22:11:26',0);
INSERT INTO `t_item_material`(`id`,`item_id`,`material_name`,`material_code`,`material_type`,`is_required`,`source_type`,`sample_url`,`template_url`,`remark`,`sort`,`create_time`,`update_time`,`deleted`) VALUES(156,110,'材料需求57','MAT-2024057',1,1,1,NULL,NULL,NULL,3,'2026-05-29 22:11:26','2026-05-29 22:11:26',0);
INSERT INTO `t_item_material`(`id`,`item_id`,`material_name`,`material_code`,`material_type`,`is_required`,`source_type`,`sample_url`,`template_url`,`remark`,`sort`,`create_time`,`update_time`,`deleted`) VALUES(157,149,'材料需求58','MAT-2024058',2,1,2,'/files/sample_57.pdf',NULL,NULL,9,'2026-05-29 22:11:26','2026-05-29 22:11:26',0);
INSERT INTO `t_item_material`(`id`,`item_id`,`material_name`,`material_code`,`material_type`,`is_required`,`source_type`,`sample_url`,`template_url`,`remark`,`sort`,`create_time`,`update_time`,`deleted`) VALUES(158,123,'材料需求59','MAT-2024059',3,1,1,'/files/sample_58.pdf',NULL,NULL,7,'2026-05-29 22:11:26','2026-05-29 22:11:26',0);
INSERT INTO `t_item_material`(`id`,`item_id`,`material_name`,`material_code`,`material_type`,`is_required`,`source_type`,`sample_url`,`template_url`,`remark`,`sort`,`create_time`,`update_time`,`deleted`) VALUES(159,106,'材料需求60','MAT-2024060',3,1,1,NULL,'/files/tpl_59.docx',NULL,6,'2026-05-29 22:11:26','2026-05-29 22:11:26',0);
INSERT INTO `t_item_material`(`id`,`item_id`,`material_name`,`material_code`,`material_type`,`is_required`,`source_type`,`sample_url`,`template_url`,`remark`,`sort`,`create_time`,`update_time`,`deleted`) VALUES(160,105,'材料需求61','MAT-2024061',2,1,1,'/files/sample_60.pdf',NULL,'备注60',10,'2026-05-29 22:11:26','2026-05-29 22:11:26',0);
INSERT INTO `t_item_material`(`id`,`item_id`,`material_name`,`material_code`,`material_type`,`is_required`,`source_type`,`sample_url`,`template_url`,`remark`,`sort`,`create_time`,`update_time`,`deleted`) VALUES(161,144,'材料需求62','MAT-2024062',2,1,3,'/files/sample_61.pdf',NULL,NULL,4,'2026-05-29 22:11:26','2026-05-29 22:11:26',0);
INSERT INTO `t_item_material`(`id`,`item_id`,`material_name`,`material_code`,`material_type`,`is_required`,`source_type`,`sample_url`,`template_url`,`remark`,`sort`,`create_time`,`update_time`,`deleted`) VALUES(162,113,'材料需求63','MAT-2024063',1,1,3,NULL,'/files/tpl_62.docx',NULL,5,'2026-05-29 22:11:26','2026-05-29 22:11:26',0);
INSERT INTO `t_item_material`(`id`,`item_id`,`material_name`,`material_code`,`material_type`,`is_required`,`source_type`,`sample_url`,`template_url`,`remark`,`sort`,`create_time`,`update_time`,`deleted`) VALUES(163,118,'材料需求64','MAT-2024064',3,0,3,'/files/sample_63.pdf','/files/tpl_63.docx',NULL,7,'2026-05-29 22:11:26','2026-05-29 22:11:26',0);
INSERT INTO `t_item_material`(`id`,`item_id`,`material_name`,`material_code`,`material_type`,`is_required`,`source_type`,`sample_url`,`template_url`,`remark`,`sort`,`create_time`,`update_time`,`deleted`) VALUES(164,103,'材料需求65','MAT-2024065',2,1,1,'/files/sample_64.pdf',NULL,NULL,6,'2026-05-29 22:11:26','2026-05-29 22:11:26',0);
INSERT INTO `t_item_material`(`id`,`item_id`,`material_name`,`material_code`,`material_type`,`is_required`,`source_type`,`sample_url`,`template_url`,`remark`,`sort`,`create_time`,`update_time`,`deleted`) VALUES(165,115,'材料需求66','MAT-2024066',3,1,1,'/files/sample_65.pdf',NULL,NULL,8,'2026-05-29 22:11:26','2026-05-29 22:11:26',0);
INSERT INTO `t_item_material`(`id`,`item_id`,`material_name`,`material_code`,`material_type`,`is_required`,`source_type`,`sample_url`,`template_url`,`remark`,`sort`,`create_time`,`update_time`,`deleted`) VALUES(166,104,'材料需求67','MAT-2024067',3,1,1,NULL,'/files/tpl_66.docx',NULL,6,'2026-05-29 22:11:26','2026-05-29 22:11:26',0);
INSERT INTO `t_item_material`(`id`,`item_id`,`material_name`,`material_code`,`material_type`,`is_required`,`source_type`,`sample_url`,`template_url`,`remark`,`sort`,`create_time`,`update_time`,`deleted`) VALUES(167,129,'材料需求68','MAT-2024068',2,1,1,'/files/sample_67.pdf','/files/tpl_67.docx',NULL,8,'2026-05-29 22:11:26','2026-05-29 22:11:26',0);
INSERT INTO `t_item_material`(`id`,`item_id`,`material_name`,`material_code`,`material_type`,`is_required`,`source_type`,`sample_url`,`template_url`,`remark`,`sort`,`create_time`,`update_time`,`deleted`) VALUES(168,140,'材料需求69','MAT-2024069',3,1,1,'/files/sample_68.pdf',NULL,'备注68',4,'2026-05-29 22:11:26','2026-05-29 22:11:26',0);
INSERT INTO `t_item_material`(`id`,`item_id`,`material_name`,`material_code`,`material_type`,`is_required`,`source_type`,`sample_url`,`template_url`,`remark`,`sort`,`create_time`,`update_time`,`deleted`) VALUES(169,131,'材料需求70','MAT-2024070',2,1,2,NULL,'/files/tpl_69.docx',NULL,8,'2026-05-29 22:11:26','2026-05-29 22:11:26',0);
INSERT INTO `t_item_material`(`id`,`item_id`,`material_name`,`material_code`,`material_type`,`is_required`,`source_type`,`sample_url`,`template_url`,`remark`,`sort`,`create_time`,`update_time`,`deleted`) VALUES(170,121,'材料需求71','MAT-2024071',3,1,1,NULL,'/files/tpl_70.docx',NULL,2,'2026-05-29 22:11:26','2026-05-29 22:11:26',0);
INSERT INTO `t_item_material`(`id`,`item_id`,`material_name`,`material_code`,`material_type`,`is_required`,`source_type`,`sample_url`,`template_url`,`remark`,`sort`,`create_time`,`update_time`,`deleted`) VALUES(171,110,'材料需求72','MAT-2024072',2,1,2,NULL,'/files/tpl_71.docx',NULL,5,'2026-05-29 22:11:26','2026-05-29 22:11:26',0);
INSERT INTO `t_item_material`(`id`,`item_id`,`material_name`,`material_code`,`material_type`,`is_required`,`source_type`,`sample_url`,`template_url`,`remark`,`sort`,`create_time`,`update_time`,`deleted`) VALUES(172,110,'材料需求73','MAT-2024073',2,0,2,NULL,NULL,'备注72',3,'2026-05-29 22:11:26','2026-05-29 22:11:26',0);
INSERT INTO `t_item_material`(`id`,`item_id`,`material_name`,`material_code`,`material_type`,`is_required`,`source_type`,`sample_url`,`template_url`,`remark`,`sort`,`create_time`,`update_time`,`deleted`) VALUES(173,103,'材料需求74','MAT-2024074',2,1,3,'/files/sample_73.pdf',NULL,NULL,2,'2026-05-29 22:11:26','2026-05-29 22:11:26',0);
INSERT INTO `t_item_material`(`id`,`item_id`,`material_name`,`material_code`,`material_type`,`is_required`,`source_type`,`sample_url`,`template_url`,`remark`,`sort`,`create_time`,`update_time`,`deleted`) VALUES(174,100,'材料需求75','MAT-2024075',1,1,1,'/files/sample_74.pdf','/files/tpl_74.docx',NULL,1,'2026-05-29 22:11:26','2026-05-29 22:11:26',0);
INSERT INTO `t_item_material`(`id`,`item_id`,`material_name`,`material_code`,`material_type`,`is_required`,`source_type`,`sample_url`,`template_url`,`remark`,`sort`,`create_time`,`update_time`,`deleted`) VALUES(175,144,'材料需求76','MAT-2024076',2,1,2,'/files/sample_75.pdf',NULL,NULL,2,'2026-05-29 22:11:26','2026-05-29 22:11:26',0);
INSERT INTO `t_item_material`(`id`,`item_id`,`material_name`,`material_code`,`material_type`,`is_required`,`source_type`,`sample_url`,`template_url`,`remark`,`sort`,`create_time`,`update_time`,`deleted`) VALUES(176,146,'材料需求77','MAT-2024077',1,0,2,'/files/sample_76.pdf',NULL,'备注76',3,'2026-05-29 22:11:26','2026-05-29 22:11:26',0);
INSERT INTO `t_item_material`(`id`,`item_id`,`material_name`,`material_code`,`material_type`,`is_required`,`source_type`,`sample_url`,`template_url`,`remark`,`sort`,`create_time`,`update_time`,`deleted`) VALUES(177,141,'材料需求78','MAT-2024078',3,0,3,'/files/sample_77.pdf','/files/tpl_77.docx',NULL,6,'2026-05-29 22:11:26','2026-05-29 22:11:26',0);
INSERT INTO `t_item_material`(`id`,`item_id`,`material_name`,`material_code`,`material_type`,`is_required`,`source_type`,`sample_url`,`template_url`,`remark`,`sort`,`create_time`,`update_time`,`deleted`) VALUES(178,146,'材料需求79','MAT-2024079',1,1,1,'/files/sample_78.pdf','/files/tpl_78.docx',NULL,4,'2026-05-29 22:11:26','2026-05-29 22:11:26',0);
INSERT INTO `t_item_material`(`id`,`item_id`,`material_name`,`material_code`,`material_type`,`is_required`,`source_type`,`sample_url`,`template_url`,`remark`,`sort`,`create_time`,`update_time`,`deleted`) VALUES(179,105,'材料需求80','MAT-2024080',1,0,1,'/files/sample_79.pdf',NULL,'备注79',6,'2026-05-29 22:11:26','2026-05-29 22:11:26',0);
INSERT INTO `t_item_material`(`id`,`item_id`,`material_name`,`material_code`,`material_type`,`is_required`,`source_type`,`sample_url`,`template_url`,`remark`,`sort`,`create_time`,`update_time`,`deleted`) VALUES(180,108,'材料需求81','MAT-2024081',1,0,1,NULL,'/files/tpl_80.docx','备注80',5,'2026-05-29 22:11:26','2026-05-29 22:11:26',0);
INSERT INTO `t_item_material`(`id`,`item_id`,`material_name`,`material_code`,`material_type`,`is_required`,`source_type`,`sample_url`,`template_url`,`remark`,`sort`,`create_time`,`update_time`,`deleted`) VALUES(181,149,'材料需求82','MAT-2024082',3,0,3,'/files/sample_81.pdf',NULL,NULL,4,'2026-05-29 22:11:26','2026-05-29 22:11:26',0);
INSERT INTO `t_item_material`(`id`,`item_id`,`material_name`,`material_code`,`material_type`,`is_required`,`source_type`,`sample_url`,`template_url`,`remark`,`sort`,`create_time`,`update_time`,`deleted`) VALUES(182,147,'材料需求83','MAT-2024083',2,0,1,'/files/sample_82.pdf','/files/tpl_82.docx',NULL,7,'2026-05-29 22:11:26','2026-05-29 22:11:26',0);
INSERT INTO `t_item_material`(`id`,`item_id`,`material_name`,`material_code`,`material_type`,`is_required`,`source_type`,`sample_url`,`template_url`,`remark`,`sort`,`create_time`,`update_time`,`deleted`) VALUES(183,107,'材料需求84','MAT-2024084',1,1,3,NULL,'/files/tpl_83.docx',NULL,6,'2026-05-29 22:11:26','2026-05-29 22:11:26',0);
INSERT INTO `t_item_material`(`id`,`item_id`,`material_name`,`material_code`,`material_type`,`is_required`,`source_type`,`sample_url`,`template_url`,`remark`,`sort`,`create_time`,`update_time`,`deleted`) VALUES(184,120,'材料需求85','MAT-2024085',1,1,3,NULL,'/files/tpl_84.docx',NULL,8,'2026-05-29 22:11:26','2026-05-29 22:11:26',0);
INSERT INTO `t_item_material`(`id`,`item_id`,`material_name`,`material_code`,`material_type`,`is_required`,`source_type`,`sample_url`,`template_url`,`remark`,`sort`,`create_time`,`update_time`,`deleted`) VALUES(185,149,'材料需求86','MAT-2024086',1,0,1,NULL,NULL,'备注85',7,'2026-05-29 22:11:26','2026-05-29 22:11:26',0);
INSERT INTO `t_item_material`(`id`,`item_id`,`material_name`,`material_code`,`material_type`,`is_required`,`source_type`,`sample_url`,`template_url`,`remark`,`sort`,`create_time`,`update_time`,`deleted`) VALUES(186,132,'材料需求87','MAT-2024087',2,1,3,'/files/sample_86.pdf',NULL,NULL,9,'2026-05-29 22:11:26','2026-05-29 22:11:26',0);
INSERT INTO `t_item_material`(`id`,`item_id`,`material_name`,`material_code`,`material_type`,`is_required`,`source_type`,`sample_url`,`template_url`,`remark`,`sort`,`create_time`,`update_time`,`deleted`) VALUES(187,134,'材料需求88','MAT-2024088',3,0,1,NULL,'/files/tpl_87.docx',NULL,3,'2026-05-29 22:11:26','2026-05-29 22:11:26',0);
INSERT INTO `t_item_material`(`id`,`item_id`,`material_name`,`material_code`,`material_type`,`is_required`,`source_type`,`sample_url`,`template_url`,`remark`,`sort`,`create_time`,`update_time`,`deleted`) VALUES(188,134,'材料需求89','MAT-2024089',2,1,3,'/files/sample_88.pdf','/files/tpl_88.docx',NULL,5,'2026-05-29 22:11:26','2026-05-29 22:11:26',0);
INSERT INTO `t_item_material`(`id`,`item_id`,`material_name`,`material_code`,`material_type`,`is_required`,`source_type`,`sample_url`,`template_url`,`remark`,`sort`,`create_time`,`update_time`,`deleted`) VALUES(189,144,'材料需求90','MAT-2024090',2,1,1,NULL,NULL,NULL,8,'2026-05-29 22:11:26','2026-05-29 22:11:26',0);
INSERT INTO `t_item_material`(`id`,`item_id`,`material_name`,`material_code`,`material_type`,`is_required`,`source_type`,`sample_url`,`template_url`,`remark`,`sort`,`create_time`,`update_time`,`deleted`) VALUES(190,139,'材料需求91','MAT-2024091',3,0,3,'/files/sample_90.pdf','/files/tpl_90.docx',NULL,3,'2026-05-29 22:11:26','2026-05-29 22:11:26',0);
INSERT INTO `t_item_material`(`id`,`item_id`,`material_name`,`material_code`,`material_type`,`is_required`,`source_type`,`sample_url`,`template_url`,`remark`,`sort`,`create_time`,`update_time`,`deleted`) VALUES(191,144,'材料需求92','MAT-2024092',1,0,2,'/files/sample_91.pdf','/files/tpl_91.docx','备注91',3,'2026-05-29 22:11:26','2026-05-29 22:11:26',0);
INSERT INTO `t_item_material`(`id`,`item_id`,`material_name`,`material_code`,`material_type`,`is_required`,`source_type`,`sample_url`,`template_url`,`remark`,`sort`,`create_time`,`update_time`,`deleted`) VALUES(192,123,'材料需求93','MAT-2024093',1,1,2,'/files/sample_92.pdf',NULL,'备注92',6,'2026-05-29 22:11:26','2026-05-29 22:11:26',0);
INSERT INTO `t_item_material`(`id`,`item_id`,`material_name`,`material_code`,`material_type`,`is_required`,`source_type`,`sample_url`,`template_url`,`remark`,`sort`,`create_time`,`update_time`,`deleted`) VALUES(193,127,'材料需求94','MAT-2024094',2,1,2,'/files/sample_93.pdf','/files/tpl_93.docx',NULL,8,'2026-05-29 22:11:26','2026-05-29 22:11:26',0);
INSERT INTO `t_item_material`(`id`,`item_id`,`material_name`,`material_code`,`material_type`,`is_required`,`source_type`,`sample_url`,`template_url`,`remark`,`sort`,`create_time`,`update_time`,`deleted`) VALUES(194,132,'材料需求95','MAT-2024095',2,0,3,NULL,NULL,'备注94',10,'2026-05-29 22:11:26','2026-05-29 22:11:26',0);
INSERT INTO `t_item_material`(`id`,`item_id`,`material_name`,`material_code`,`material_type`,`is_required`,`source_type`,`sample_url`,`template_url`,`remark`,`sort`,`create_time`,`update_time`,`deleted`) VALUES(195,143,'材料需求96','MAT-2024096',3,0,3,'/files/sample_95.pdf',NULL,'备注95',4,'2026-05-29 22:11:26','2026-05-29 22:11:26',0);
INSERT INTO `t_item_material`(`id`,`item_id`,`material_name`,`material_code`,`material_type`,`is_required`,`source_type`,`sample_url`,`template_url`,`remark`,`sort`,`create_time`,`update_time`,`deleted`) VALUES(196,102,'材料需求97','MAT-2024097',2,1,1,NULL,'/files/tpl_96.docx',NULL,7,'2026-05-29 22:11:26','2026-05-29 22:11:26',0);
INSERT INTO `t_item_material`(`id`,`item_id`,`material_name`,`material_code`,`material_type`,`is_required`,`source_type`,`sample_url`,`template_url`,`remark`,`sort`,`create_time`,`update_time`,`deleted`) VALUES(197,114,'材料需求98','MAT-2024098',2,0,3,NULL,'/files/tpl_97.docx',NULL,2,'2026-05-29 22:11:26','2026-05-29 22:11:26',0);
INSERT INTO `t_item_material`(`id`,`item_id`,`material_name`,`material_code`,`material_type`,`is_required`,`source_type`,`sample_url`,`template_url`,`remark`,`sort`,`create_time`,`update_time`,`deleted`) VALUES(198,132,'材料需求99','MAT-2024099',3,1,1,NULL,'/files/tpl_98.docx',NULL,7,'2026-05-29 22:11:26','2026-05-29 22:11:26',0);
INSERT INTO `t_item_material`(`id`,`item_id`,`material_name`,`material_code`,`material_type`,`is_required`,`source_type`,`sample_url`,`template_url`,`remark`,`sort`,`create_time`,`update_time`,`deleted`) VALUES(199,104,'材料需求100','MAT-2024100',2,1,2,NULL,'/files/tpl_99.docx',NULL,4,'2026-05-29 22:11:26','2026-05-29 22:11:26',0);
INSERT INTO `t_item_material`(`id`,`item_id`,`material_name`,`material_code`,`material_type`,`is_required`,`source_type`,`sample_url`,`template_url`,`remark`,`sort`,`create_time`,`update_time`,`deleted`) VALUES(200,118,'材料需求101','MAT-2024101',3,1,3,'/files/sample_100.pdf',NULL,NULL,8,'2026-05-29 22:11:26','2026-05-29 22:11:26',0);
INSERT INTO `t_item_material`(`id`,`item_id`,`material_name`,`material_code`,`material_type`,`is_required`,`source_type`,`sample_url`,`template_url`,`remark`,`sort`,`create_time`,`update_time`,`deleted`) VALUES(201,149,'材料需求102','MAT-2024102',1,1,3,'/files/sample_101.pdf',NULL,NULL,7,'2026-05-29 22:11:26','2026-05-29 22:11:26',0);
INSERT INTO `t_item_material`(`id`,`item_id`,`material_name`,`material_code`,`material_type`,`is_required`,`source_type`,`sample_url`,`template_url`,`remark`,`sort`,`create_time`,`update_time`,`deleted`) VALUES(202,101,'材料需求103','MAT-2024103',1,1,3,'/files/sample_102.pdf','/files/tpl_102.docx','备注102',1,'2026-05-29 22:11:26','2026-05-29 22:11:26',0);
INSERT INTO `t_item_material`(`id`,`item_id`,`material_name`,`material_code`,`material_type`,`is_required`,`source_type`,`sample_url`,`template_url`,`remark`,`sort`,`create_time`,`update_time`,`deleted`) VALUES(203,148,'材料需求104','MAT-2024104',3,1,3,'/files/sample_103.pdf',NULL,NULL,4,'2026-05-29 22:11:26','2026-05-29 22:11:26',0);
INSERT INTO `t_item_material`(`id`,`item_id`,`material_name`,`material_code`,`material_type`,`is_required`,`source_type`,`sample_url`,`template_url`,`remark`,`sort`,`create_time`,`update_time`,`deleted`) VALUES(204,126,'材料需求105','MAT-2024105',2,1,1,'/files/sample_104.pdf',NULL,'备注104',9,'2026-05-29 22:11:26','2026-05-29 22:11:26',0);
INSERT INTO `t_item_material`(`id`,`item_id`,`material_name`,`material_code`,`material_type`,`is_required`,`source_type`,`sample_url`,`template_url`,`remark`,`sort`,`create_time`,`update_time`,`deleted`) VALUES(205,126,'材料需求106','MAT-2024106',3,1,2,'/files/sample_105.pdf',NULL,NULL,3,'2026-05-29 22:11:26','2026-05-29 22:11:26',0);
INSERT INTO `t_item_material`(`id`,`item_id`,`material_name`,`material_code`,`material_type`,`is_required`,`source_type`,`sample_url`,`template_url`,`remark`,`sort`,`create_time`,`update_time`,`deleted`) VALUES(206,140,'材料需求107','MAT-2024107',2,0,3,NULL,'/files/tpl_106.docx',NULL,5,'2026-05-29 22:11:26','2026-05-29 22:11:26',0);
INSERT INTO `t_item_material`(`id`,`item_id`,`material_name`,`material_code`,`material_type`,`is_required`,`source_type`,`sample_url`,`template_url`,`remark`,`sort`,`create_time`,`update_time`,`deleted`) VALUES(207,116,'材料需求108','MAT-2024108',2,1,2,'/files/sample_107.pdf','/files/tpl_107.docx',NULL,5,'2026-05-29 22:11:26','2026-05-29 22:11:26',0);
INSERT INTO `t_item_material`(`id`,`item_id`,`material_name`,`material_code`,`material_type`,`is_required`,`source_type`,`sample_url`,`template_url`,`remark`,`sort`,`create_time`,`update_time`,`deleted`) VALUES(208,114,'材料需求109','MAT-2024109',1,1,1,'/files/sample_108.pdf','/files/tpl_108.docx',NULL,3,'2026-05-29 22:11:26','2026-05-29 22:11:26',0);
INSERT INTO `t_item_material`(`id`,`item_id`,`material_name`,`material_code`,`material_type`,`is_required`,`source_type`,`sample_url`,`template_url`,`remark`,`sort`,`create_time`,`update_time`,`deleted`) VALUES(209,128,'材料需求110','MAT-2024110',2,1,1,'/files/sample_109.pdf','/files/tpl_109.docx',NULL,5,'2026-05-29 22:11:26','2026-05-29 22:11:26',0);
INSERT INTO `t_item_material`(`id`,`item_id`,`material_name`,`material_code`,`material_type`,`is_required`,`source_type`,`sample_url`,`template_url`,`remark`,`sort`,`create_time`,`update_time`,`deleted`) VALUES(210,129,'材料需求111','MAT-2024111',2,1,1,NULL,'/files/tpl_110.docx','备注110',10,'2026-05-29 22:11:26','2026-05-29 22:11:26',0);
INSERT INTO `t_item_material`(`id`,`item_id`,`material_name`,`material_code`,`material_type`,`is_required`,`source_type`,`sample_url`,`template_url`,`remark`,`sort`,`create_time`,`update_time`,`deleted`) VALUES(211,102,'材料需求112','MAT-2024112',1,1,2,NULL,'/files/tpl_111.docx','备注111',7,'2026-05-29 22:11:26','2026-05-29 22:11:26',0);
INSERT INTO `t_item_material`(`id`,`item_id`,`material_name`,`material_code`,`material_type`,`is_required`,`source_type`,`sample_url`,`template_url`,`remark`,`sort`,`create_time`,`update_time`,`deleted`) VALUES(212,132,'材料需求113','MAT-2024113',1,1,2,'/files/sample_112.pdf',NULL,'备注112',8,'2026-05-29 22:11:26','2026-05-29 22:11:26',0);
INSERT INTO `t_item_material`(`id`,`item_id`,`material_name`,`material_code`,`material_type`,`is_required`,`source_type`,`sample_url`,`template_url`,`remark`,`sort`,`create_time`,`update_time`,`deleted`) VALUES(213,135,'材料需求114','MAT-2024114',3,1,1,NULL,'/files/tpl_113.docx',NULL,1,'2026-05-29 22:11:26','2026-05-29 22:11:26',0);
INSERT INTO `t_item_material`(`id`,`item_id`,`material_name`,`material_code`,`material_type`,`is_required`,`source_type`,`sample_url`,`template_url`,`remark`,`sort`,`create_time`,`update_time`,`deleted`) VALUES(214,103,'材料需求115','MAT-2024115',1,0,2,NULL,'/files/tpl_114.docx',NULL,10,'2026-05-29 22:11:26','2026-05-29 22:11:26',0);
INSERT INTO `t_item_material`(`id`,`item_id`,`material_name`,`material_code`,`material_type`,`is_required`,`source_type`,`sample_url`,`template_url`,`remark`,`sort`,`create_time`,`update_time`,`deleted`) VALUES(215,137,'材料需求116','MAT-2024116',2,1,1,NULL,NULL,'备注115',8,'2026-05-29 22:11:26','2026-05-29 22:11:26',0);
INSERT INTO `t_item_material`(`id`,`item_id`,`material_name`,`material_code`,`material_type`,`is_required`,`source_type`,`sample_url`,`template_url`,`remark`,`sort`,`create_time`,`update_time`,`deleted`) VALUES(216,108,'材料需求117','MAT-2024117',1,1,2,NULL,'/files/tpl_116.docx',NULL,10,'2026-05-29 22:11:26','2026-05-29 22:11:26',0);
INSERT INTO `t_item_material`(`id`,`item_id`,`material_name`,`material_code`,`material_type`,`is_required`,`source_type`,`sample_url`,`template_url`,`remark`,`sort`,`create_time`,`update_time`,`deleted`) VALUES(217,127,'材料需求118','MAT-2024118',3,1,1,NULL,NULL,NULL,3,'2026-05-29 22:11:26','2026-05-29 22:11:26',0);
INSERT INTO `t_item_material`(`id`,`item_id`,`material_name`,`material_code`,`material_type`,`is_required`,`source_type`,`sample_url`,`template_url`,`remark`,`sort`,`create_time`,`update_time`,`deleted`) VALUES(218,117,'材料需求119','MAT-2024119',2,1,1,NULL,'/files/tpl_118.docx',NULL,5,'2026-05-29 22:11:26','2026-05-29 22:11:26',0);
INSERT INTO `t_item_material`(`id`,`item_id`,`material_name`,`material_code`,`material_type`,`is_required`,`source_type`,`sample_url`,`template_url`,`remark`,`sort`,`create_time`,`update_time`,`deleted`) VALUES(219,131,'材料需求120','MAT-2024120',2,1,2,NULL,NULL,NULL,4,'2026-05-29 22:11:26','2026-05-29 22:11:26',0);

USE `gov_item`;
DELETE FROM `t_item_process` WHERE id >= 100;
INSERT INTO `t_item_process`(`id`,`item_id`,`process_key`,`process_name`,`is_default`,`status`,`create_time`,`update_time`,`deleted`) VALUES(100,141,'PROC-001','领导审核',1,0,'2026-05-29 22:11:26','2026-05-29 22:11:26',0);
INSERT INTO `t_item_process`(`id`,`item_id`,`process_key`,`process_name`,`is_default`,`status`,`create_time`,`update_time`,`deleted`) VALUES(101,101,'PROC-002','多部门会签',1,1,'2026-05-29 22:11:26','2026-05-29 22:11:26',0);
INSERT INTO `t_item_process`(`id`,`item_id`,`process_key`,`process_name`,`is_default`,`status`,`create_time`,`update_time`,`deleted`) VALUES(102,130,'PROC-003','领导审核',1,1,'2026-05-29 22:11:26','2026-05-29 22:11:26',0);
INSERT INTO `t_item_process`(`id`,`item_id`,`process_key`,`process_name`,`is_default`,`status`,`create_time`,`update_time`,`deleted`) VALUES(103,136,'PROC-004','领导审核',1,1,'2026-05-29 22:11:26','2026-05-29 22:11:26',0);
INSERT INTO `t_item_process`(`id`,`item_id`,`process_key`,`process_name`,`is_default`,`status`,`create_time`,`update_time`,`deleted`) VALUES(104,111,'PROC-005','标准审批',1,1,'2026-05-29 22:11:26','2026-05-29 22:11:26',0);
INSERT INTO `t_item_process`(`id`,`item_id`,`process_key`,`process_name`,`is_default`,`status`,`create_time`,`update_time`,`deleted`) VALUES(105,101,'PROC-006','简易流程',0,1,'2026-05-29 22:11:26','2026-05-29 22:11:26',0);
INSERT INTO `t_item_process`(`id`,`item_id`,`process_key`,`process_name`,`is_default`,`status`,`create_time`,`update_time`,`deleted`) VALUES(106,133,'PROC-007','简易流程',1,1,'2026-05-29 22:11:26','2026-05-29 22:11:26',0);
INSERT INTO `t_item_process`(`id`,`item_id`,`process_key`,`process_name`,`is_default`,`status`,`create_time`,`update_time`,`deleted`) VALUES(107,110,'PROC-008','标准审批',1,1,'2026-05-29 22:11:26','2026-05-29 22:11:26',0);
INSERT INTO `t_item_process`(`id`,`item_id`,`process_key`,`process_name`,`is_default`,`status`,`create_time`,`update_time`,`deleted`) VALUES(108,117,'PROC-009','领导审核',1,0,'2026-05-29 22:11:26','2026-05-29 22:11:26',0);
INSERT INTO `t_item_process`(`id`,`item_id`,`process_key`,`process_name`,`is_default`,`status`,`create_time`,`update_time`,`deleted`) VALUES(109,103,'PROC-010','加速审批',1,1,'2026-05-29 22:11:26','2026-05-29 22:11:26',0);
INSERT INTO `t_item_process`(`id`,`item_id`,`process_key`,`process_name`,`is_default`,`status`,`create_time`,`update_time`,`deleted`) VALUES(110,122,'PROC-011','加速审批',0,0,'2026-05-29 22:11:26','2026-05-29 22:11:26',0);
INSERT INTO `t_item_process`(`id`,`item_id`,`process_key`,`process_name`,`is_default`,`status`,`create_time`,`update_time`,`deleted`) VALUES(111,120,'PROC-012','简易流程',1,1,'2026-05-29 22:11:26','2026-05-29 22:11:26',0);
INSERT INTO `t_item_process`(`id`,`item_id`,`process_key`,`process_name`,`is_default`,`status`,`create_time`,`update_time`,`deleted`) VALUES(112,145,'PROC-013','简易流程',1,0,'2026-05-29 22:11:26','2026-05-29 22:11:26',0);
INSERT INTO `t_item_process`(`id`,`item_id`,`process_key`,`process_name`,`is_default`,`status`,`create_time`,`update_time`,`deleted`) VALUES(113,109,'PROC-014','领导审核',1,1,'2026-05-29 22:11:26','2026-05-29 22:11:26',0);
INSERT INTO `t_item_process`(`id`,`item_id`,`process_key`,`process_name`,`is_default`,`status`,`create_time`,`update_time`,`deleted`) VALUES(114,134,'PROC-015','简易流程',0,1,'2026-05-29 22:11:26','2026-05-29 22:11:26',0);
INSERT INTO `t_item_process`(`id`,`item_id`,`process_key`,`process_name`,`is_default`,`status`,`create_time`,`update_time`,`deleted`) VALUES(115,105,'PROC-016','标准审批',1,1,'2026-05-29 22:11:26','2026-05-29 22:11:26',0);
INSERT INTO `t_item_process`(`id`,`item_id`,`process_key`,`process_name`,`is_default`,`status`,`create_time`,`update_time`,`deleted`) VALUES(116,101,'PROC-017','领导审核',1,1,'2026-05-29 22:11:26','2026-05-29 22:11:26',0);
INSERT INTO `t_item_process`(`id`,`item_id`,`process_key`,`process_name`,`is_default`,`status`,`create_time`,`update_time`,`deleted`) VALUES(117,139,'PROC-018','加速审批',1,1,'2026-05-29 22:11:26','2026-05-29 22:11:26',0);
INSERT INTO `t_item_process`(`id`,`item_id`,`process_key`,`process_name`,`is_default`,`status`,`create_time`,`update_time`,`deleted`) VALUES(118,145,'PROC-019','加速审批',1,1,'2026-05-29 22:11:26','2026-05-29 22:11:26',0);
INSERT INTO `t_item_process`(`id`,`item_id`,`process_key`,`process_name`,`is_default`,`status`,`create_time`,`update_time`,`deleted`) VALUES(119,103,'PROC-020','标准审批',0,0,'2026-05-29 22:11:26','2026-05-29 22:11:26',0);
INSERT INTO `t_item_process`(`id`,`item_id`,`process_key`,`process_name`,`is_default`,`status`,`create_time`,`update_time`,`deleted`) VALUES(120,109,'PROC-021','标准审批',1,1,'2026-05-29 22:11:26','2026-05-29 22:11:26',0);
INSERT INTO `t_item_process`(`id`,`item_id`,`process_key`,`process_name`,`is_default`,`status`,`create_time`,`update_time`,`deleted`) VALUES(121,104,'PROC-022','简易流程',1,0,'2026-05-29 22:11:26','2026-05-29 22:11:26',0);
INSERT INTO `t_item_process`(`id`,`item_id`,`process_key`,`process_name`,`is_default`,`status`,`create_time`,`update_time`,`deleted`) VALUES(122,125,'PROC-023','领导审核',0,1,'2026-05-29 22:11:26','2026-05-29 22:11:26',0);
INSERT INTO `t_item_process`(`id`,`item_id`,`process_key`,`process_name`,`is_default`,`status`,`create_time`,`update_time`,`deleted`) VALUES(123,120,'PROC-024','加速审批',1,0,'2026-05-29 22:11:26','2026-05-29 22:11:26',0);
INSERT INTO `t_item_process`(`id`,`item_id`,`process_key`,`process_name`,`is_default`,`status`,`create_time`,`update_time`,`deleted`) VALUES(124,127,'PROC-025','多部门会签',1,1,'2026-05-29 22:11:26','2026-05-29 22:11:26',0);
INSERT INTO `t_item_process`(`id`,`item_id`,`process_key`,`process_name`,`is_default`,`status`,`create_time`,`update_time`,`deleted`) VALUES(125,145,'PROC-026','领导审核',1,0,'2026-05-29 22:11:26','2026-05-29 22:11:26',0);
INSERT INTO `t_item_process`(`id`,`item_id`,`process_key`,`process_name`,`is_default`,`status`,`create_time`,`update_time`,`deleted`) VALUES(126,122,'PROC-027','加速审批',1,1,'2026-05-29 22:11:26','2026-05-29 22:11:26',0);
INSERT INTO `t_item_process`(`id`,`item_id`,`process_key`,`process_name`,`is_default`,`status`,`create_time`,`update_time`,`deleted`) VALUES(127,124,'PROC-028','简易流程',1,1,'2026-05-29 22:11:26','2026-05-29 22:11:26',0);
INSERT INTO `t_item_process`(`id`,`item_id`,`process_key`,`process_name`,`is_default`,`status`,`create_time`,`update_time`,`deleted`) VALUES(128,108,'PROC-029','加速审批',1,0,'2026-05-29 22:11:26','2026-05-29 22:11:26',0);
INSERT INTO `t_item_process`(`id`,`item_id`,`process_key`,`process_name`,`is_default`,`status`,`create_time`,`update_time`,`deleted`) VALUES(129,136,'PROC-030','多部门会签',1,0,'2026-05-29 22:11:26','2026-05-29 22:11:26',0);
INSERT INTO `t_item_process`(`id`,`item_id`,`process_key`,`process_name`,`is_default`,`status`,`create_time`,`update_time`,`deleted`) VALUES(130,102,'PROC-031','加速审批',1,0,'2026-05-29 22:11:26','2026-05-29 22:11:26',0);
INSERT INTO `t_item_process`(`id`,`item_id`,`process_key`,`process_name`,`is_default`,`status`,`create_time`,`update_time`,`deleted`) VALUES(131,114,'PROC-032','领导审核',0,1,'2026-05-29 22:11:26','2026-05-29 22:11:26',0);
INSERT INTO `t_item_process`(`id`,`item_id`,`process_key`,`process_name`,`is_default`,`status`,`create_time`,`update_time`,`deleted`) VALUES(132,109,'PROC-033','简易流程',1,1,'2026-05-29 22:11:26','2026-05-29 22:11:26',0);
INSERT INTO `t_item_process`(`id`,`item_id`,`process_key`,`process_name`,`is_default`,`status`,`create_time`,`update_time`,`deleted`) VALUES(133,122,'PROC-034','简易流程',0,1,'2026-05-29 22:11:26','2026-05-29 22:11:26',0);
INSERT INTO `t_item_process`(`id`,`item_id`,`process_key`,`process_name`,`is_default`,`status`,`create_time`,`update_time`,`deleted`) VALUES(134,145,'PROC-035','简易流程',1,1,'2026-05-29 22:11:26','2026-05-29 22:11:26',0);
INSERT INTO `t_item_process`(`id`,`item_id`,`process_key`,`process_name`,`is_default`,`status`,`create_time`,`update_time`,`deleted`) VALUES(135,113,'PROC-036','加速审批',1,1,'2026-05-29 22:11:26','2026-05-29 22:11:26',0);
INSERT INTO `t_item_process`(`id`,`item_id`,`process_key`,`process_name`,`is_default`,`status`,`create_time`,`update_time`,`deleted`) VALUES(136,116,'PROC-037','标准审批',1,1,'2026-05-29 22:11:26','2026-05-29 22:11:26',0);
INSERT INTO `t_item_process`(`id`,`item_id`,`process_key`,`process_name`,`is_default`,`status`,`create_time`,`update_time`,`deleted`) VALUES(137,124,'PROC-038','多部门会签',1,1,'2026-05-29 22:11:26','2026-05-29 22:11:26',0);
INSERT INTO `t_item_process`(`id`,`item_id`,`process_key`,`process_name`,`is_default`,`status`,`create_time`,`update_time`,`deleted`) VALUES(138,126,'PROC-039','多部门会签',1,1,'2026-05-29 22:11:26','2026-05-29 22:11:26',0);
INSERT INTO `t_item_process`(`id`,`item_id`,`process_key`,`process_name`,`is_default`,`status`,`create_time`,`update_time`,`deleted`) VALUES(139,134,'PROC-040','多部门会签',0,1,'2026-05-29 22:11:26','2026-05-29 22:11:26',0);
INSERT INTO `t_item_process`(`id`,`item_id`,`process_key`,`process_name`,`is_default`,`status`,`create_time`,`update_time`,`deleted`) VALUES(140,136,'PROC-041','加速审批',0,1,'2026-05-29 22:11:26','2026-05-29 22:11:26',0);
INSERT INTO `t_item_process`(`id`,`item_id`,`process_key`,`process_name`,`is_default`,`status`,`create_time`,`update_time`,`deleted`) VALUES(141,102,'PROC-042','简易流程',0,1,'2026-05-29 22:11:26','2026-05-29 22:11:26',0);
INSERT INTO `t_item_process`(`id`,`item_id`,`process_key`,`process_name`,`is_default`,`status`,`create_time`,`update_time`,`deleted`) VALUES(142,106,'PROC-043','标准审批',1,1,'2026-05-29 22:11:26','2026-05-29 22:11:26',0);
INSERT INTO `t_item_process`(`id`,`item_id`,`process_key`,`process_name`,`is_default`,`status`,`create_time`,`update_time`,`deleted`) VALUES(143,110,'PROC-044','标准审批',1,1,'2026-05-29 22:11:26','2026-05-29 22:11:26',0);
INSERT INTO `t_item_process`(`id`,`item_id`,`process_key`,`process_name`,`is_default`,`status`,`create_time`,`update_time`,`deleted`) VALUES(144,121,'PROC-045','领导审核',1,1,'2026-05-29 22:11:26','2026-05-29 22:11:26',0);
INSERT INTO `t_item_process`(`id`,`item_id`,`process_key`,`process_name`,`is_default`,`status`,`create_time`,`update_time`,`deleted`) VALUES(145,145,'PROC-046','标准审批',1,0,'2026-05-29 22:11:26','2026-05-29 22:11:26',0);
INSERT INTO `t_item_process`(`id`,`item_id`,`process_key`,`process_name`,`is_default`,`status`,`create_time`,`update_time`,`deleted`) VALUES(146,110,'PROC-047','领导审核',1,1,'2026-05-29 22:11:26','2026-05-29 22:11:26',0);
INSERT INTO `t_item_process`(`id`,`item_id`,`process_key`,`process_name`,`is_default`,`status`,`create_time`,`update_time`,`deleted`) VALUES(147,103,'PROC-048','标准审批',1,1,'2026-05-29 22:11:26','2026-05-29 22:11:26',0);
INSERT INTO `t_item_process`(`id`,`item_id`,`process_key`,`process_name`,`is_default`,`status`,`create_time`,`update_time`,`deleted`) VALUES(148,126,'PROC-049','领导审核',1,0,'2026-05-29 22:11:26','2026-05-29 22:11:26',0);
INSERT INTO `t_item_process`(`id`,`item_id`,`process_key`,`process_name`,`is_default`,`status`,`create_time`,`update_time`,`deleted`) VALUES(149,134,'PROC-050','简易流程',1,1,'2026-05-29 22:11:26','2026-05-29 22:11:26',0);
INSERT INTO `t_item_process`(`id`,`item_id`,`process_key`,`process_name`,`is_default`,`status`,`create_time`,`update_time`,`deleted`) VALUES(150,115,'PROC-051','标准审批',0,0,'2026-05-29 22:11:26','2026-05-29 22:11:26',0);
INSERT INTO `t_item_process`(`id`,`item_id`,`process_key`,`process_name`,`is_default`,`status`,`create_time`,`update_time`,`deleted`) VALUES(151,135,'PROC-052','多部门会签',0,1,'2026-05-29 22:11:26','2026-05-29 22:11:26',0);
INSERT INTO `t_item_process`(`id`,`item_id`,`process_key`,`process_name`,`is_default`,`status`,`create_time`,`update_time`,`deleted`) VALUES(152,100,'PROC-053','多部门会签',0,0,'2026-05-29 22:11:26','2026-05-29 22:11:26',0);
INSERT INTO `t_item_process`(`id`,`item_id`,`process_key`,`process_name`,`is_default`,`status`,`create_time`,`update_time`,`deleted`) VALUES(153,140,'PROC-054','领导审核',1,1,'2026-05-29 22:11:26','2026-05-29 22:11:26',0);
INSERT INTO `t_item_process`(`id`,`item_id`,`process_key`,`process_name`,`is_default`,`status`,`create_time`,`update_time`,`deleted`) VALUES(154,101,'PROC-055','加速审批',0,1,'2026-05-29 22:11:26','2026-05-29 22:11:26',0);
INSERT INTO `t_item_process`(`id`,`item_id`,`process_key`,`process_name`,`is_default`,`status`,`create_time`,`update_time`,`deleted`) VALUES(155,105,'PROC-056','多部门会签',1,1,'2026-05-29 22:11:26','2026-05-29 22:11:26',0);
INSERT INTO `t_item_process`(`id`,`item_id`,`process_key`,`process_name`,`is_default`,`status`,`create_time`,`update_time`,`deleted`) VALUES(156,125,'PROC-057','多部门会签',1,0,'2026-05-29 22:11:26','2026-05-29 22:11:26',0);
INSERT INTO `t_item_process`(`id`,`item_id`,`process_key`,`process_name`,`is_default`,`status`,`create_time`,`update_time`,`deleted`) VALUES(157,116,'PROC-058','标准审批',1,1,'2026-05-29 22:11:26','2026-05-29 22:11:26',0);
INSERT INTO `t_item_process`(`id`,`item_id`,`process_key`,`process_name`,`is_default`,`status`,`create_time`,`update_time`,`deleted`) VALUES(158,111,'PROC-059','简易流程',1,1,'2026-05-29 22:11:26','2026-05-29 22:11:26',0);
INSERT INTO `t_item_process`(`id`,`item_id`,`process_key`,`process_name`,`is_default`,`status`,`create_time`,`update_time`,`deleted`) VALUES(159,111,'PROC-060','多部门会签',0,1,'2026-05-29 22:11:26','2026-05-29 22:11:26',0);

USE `gov_item`;
DELETE FROM `t_item_version` WHERE id >= 100;
INSERT INTO `t_item_version`(`id`,`item_id`,`version_no`,`version_name`,`publish_time`,`publish_by`,`status`,`change_log`,`create_time`,`update_time`,`deleted`) VALUES(100,129,1,'版本1.0','2026-02-13 22:11:26',114,1,NULL,'2025-09-12 22:11:26','2026-06-26 22:11:26',0);
INSERT INTO `t_item_version`(`id`,`item_id`,`version_no`,`version_name`,`publish_time`,`publish_by`,`status`,`change_log`,`create_time`,`update_time`,`deleted`) VALUES(101,109,2,'版本2.0','2025-07-06 22:11:26',142,1,'变更内容2','2026-05-15 22:11:26','2026-06-06 22:11:26',0);
INSERT INTO `t_item_version`(`id`,`item_id`,`version_no`,`version_name`,`publish_time`,`publish_by`,`status`,`change_log`,`create_time`,`update_time`,`deleted`) VALUES(102,122,3,'版本3.0','2025-09-23 22:11:26',126,2,'变更内容3','2026-03-03 22:11:26','2026-06-10 22:11:26',0);
INSERT INTO `t_item_version`(`id`,`item_id`,`version_no`,`version_name`,`publish_time`,`publish_by`,`status`,`change_log`,`create_time`,`update_time`,`deleted`) VALUES(103,103,4,'版本4.0','2025-12-11 22:11:26',133,0,'变更内容4','2025-09-26 22:11:26','2026-06-06 22:11:26',0);
INSERT INTO `t_item_version`(`id`,`item_id`,`version_no`,`version_name`,`publish_time`,`publish_by`,`status`,`change_log`,`create_time`,`update_time`,`deleted`) VALUES(104,130,5,'版本5.0','2025-09-07 22:11:26',115,0,'变更内容5','2026-01-25 22:11:26','2026-06-25 22:11:26',0);
INSERT INTO `t_item_version`(`id`,`item_id`,`version_no`,`version_name`,`publish_time`,`publish_by`,`status`,`change_log`,`create_time`,`update_time`,`deleted`) VALUES(105,125,1,'版本1.0','2026-06-10 22:11:26',132,2,NULL,'2025-10-06 22:11:26','2026-06-02 22:11:26',0);
INSERT INTO `t_item_version`(`id`,`item_id`,`version_no`,`version_name`,`publish_time`,`publish_by`,`status`,`change_log`,`create_time`,`update_time`,`deleted`) VALUES(106,136,2,'版本2.0','2025-07-16 22:11:26',139,1,'变更内容2','2026-04-27 22:11:26','2026-06-03 22:11:26',0);
INSERT INTO `t_item_version`(`id`,`item_id`,`version_no`,`version_name`,`publish_time`,`publish_by`,`status`,`change_log`,`create_time`,`update_time`,`deleted`) VALUES(107,128,3,'版本3.0','2026-03-31 22:11:26',110,1,'变更内容3','2026-03-21 22:11:26','2026-06-23 22:11:26',0);
INSERT INTO `t_item_version`(`id`,`item_id`,`version_no`,`version_name`,`publish_time`,`publish_by`,`status`,`change_log`,`create_time`,`update_time`,`deleted`) VALUES(108,102,4,'版本4.0','2025-11-23 22:11:26',105,0,'变更内容4','2026-03-16 22:11:26','2026-06-01 22:11:26',0);
INSERT INTO `t_item_version`(`id`,`item_id`,`version_no`,`version_name`,`publish_time`,`publish_by`,`status`,`change_log`,`create_time`,`update_time`,`deleted`) VALUES(109,140,5,'版本5.0','2026-04-13 22:11:26',138,1,'变更内容5','2026-01-15 22:11:26','2026-05-29 22:11:26',0);
INSERT INTO `t_item_version`(`id`,`item_id`,`version_no`,`version_name`,`publish_time`,`publish_by`,`status`,`change_log`,`create_time`,`update_time`,`deleted`) VALUES(110,146,1,'版本1.0','2026-05-24 22:11:26',105,0,NULL,'2025-09-16 22:11:26','2026-06-15 22:11:26',0);
INSERT INTO `t_item_version`(`id`,`item_id`,`version_no`,`version_name`,`publish_time`,`publish_by`,`status`,`change_log`,`create_time`,`update_time`,`deleted`) VALUES(111,135,2,'版本2.0','2026-01-12 22:11:26',117,2,'变更内容2','2025-11-05 22:11:26','2026-05-29 22:11:26',0);
INSERT INTO `t_item_version`(`id`,`item_id`,`version_no`,`version_name`,`publish_time`,`publish_by`,`status`,`change_log`,`create_time`,`update_time`,`deleted`) VALUES(112,100,3,'版本3.0','2025-07-04 22:11:26',139,2,'变更内容3','2025-10-03 22:11:26','2026-06-02 22:11:26',0);
INSERT INTO `t_item_version`(`id`,`item_id`,`version_no`,`version_name`,`publish_time`,`publish_by`,`status`,`change_log`,`create_time`,`update_time`,`deleted`) VALUES(113,126,4,'版本4.0','2026-05-01 22:11:26',126,1,'变更内容4','2026-04-13 22:11:26','2026-06-09 22:11:26',0);
INSERT INTO `t_item_version`(`id`,`item_id`,`version_no`,`version_name`,`publish_time`,`publish_by`,`status`,`change_log`,`create_time`,`update_time`,`deleted`) VALUES(114,137,5,'版本5.0','2025-09-02 22:11:26',148,1,'变更内容5','2026-05-04 22:11:26','2026-06-09 22:11:26',0);
INSERT INTO `t_item_version`(`id`,`item_id`,`version_no`,`version_name`,`publish_time`,`publish_by`,`status`,`change_log`,`create_time`,`update_time`,`deleted`) VALUES(115,149,1,'版本1.0','2026-05-07 22:11:26',118,2,NULL,'2026-01-02 22:11:26','2026-05-30 22:11:26',0);
INSERT INTO `t_item_version`(`id`,`item_id`,`version_no`,`version_name`,`publish_time`,`publish_by`,`status`,`change_log`,`create_time`,`update_time`,`deleted`) VALUES(116,126,2,'版本2.0','2026-02-12 22:11:26',124,0,'变更内容2','2025-09-08 22:11:26','2026-06-08 22:11:26',0);
INSERT INTO `t_item_version`(`id`,`item_id`,`version_no`,`version_name`,`publish_time`,`publish_by`,`status`,`change_log`,`create_time`,`update_time`,`deleted`) VALUES(117,130,3,'版本3.0','2026-06-08 22:11:26',111,1,'变更内容3','2025-12-03 22:11:26','2026-06-23 22:11:26',0);
INSERT INTO `t_item_version`(`id`,`item_id`,`version_no`,`version_name`,`publish_time`,`publish_by`,`status`,`change_log`,`create_time`,`update_time`,`deleted`) VALUES(118,139,4,'版本4.0','2025-08-20 22:11:26',143,0,'变更内容4','2026-06-08 22:11:26','2026-06-15 22:11:26',0);
INSERT INTO `t_item_version`(`id`,`item_id`,`version_no`,`version_name`,`publish_time`,`publish_by`,`status`,`change_log`,`create_time`,`update_time`,`deleted`) VALUES(119,121,5,'版本5.0','2025-07-09 22:11:26',115,1,'变更内容5','2025-10-27 22:11:26','2026-05-29 22:11:26',0);
INSERT INTO `t_item_version`(`id`,`item_id`,`version_no`,`version_name`,`publish_time`,`publish_by`,`status`,`change_log`,`create_time`,`update_time`,`deleted`) VALUES(120,117,1,'版本1.0','2025-12-19 22:11:26',101,1,NULL,'2026-01-23 22:11:26','2026-06-18 22:11:26',0);
INSERT INTO `t_item_version`(`id`,`item_id`,`version_no`,`version_name`,`publish_time`,`publish_by`,`status`,`change_log`,`create_time`,`update_time`,`deleted`) VALUES(121,117,2,'版本2.0','2025-10-19 22:11:26',144,1,'变更内容2','2026-03-03 22:11:26','2026-06-23 22:11:26',0);
INSERT INTO `t_item_version`(`id`,`item_id`,`version_no`,`version_name`,`publish_time`,`publish_by`,`status`,`change_log`,`create_time`,`update_time`,`deleted`) VALUES(122,119,3,'版本3.0','2025-11-13 22:11:26',149,1,'变更内容3','2026-02-10 22:11:26','2026-06-04 22:11:26',0);
INSERT INTO `t_item_version`(`id`,`item_id`,`version_no`,`version_name`,`publish_time`,`publish_by`,`status`,`change_log`,`create_time`,`update_time`,`deleted`) VALUES(123,126,4,'版本4.0','2025-08-22 22:11:26',141,1,'变更内容4','2026-03-23 22:11:26','2026-06-13 22:11:26',0);
INSERT INTO `t_item_version`(`id`,`item_id`,`version_no`,`version_name`,`publish_time`,`publish_by`,`status`,`change_log`,`create_time`,`update_time`,`deleted`) VALUES(124,113,5,'版本5.0','2025-12-01 22:11:26',147,0,'变更内容5','2025-10-06 22:11:26','2026-05-31 22:11:26',0);
INSERT INTO `t_item_version`(`id`,`item_id`,`version_no`,`version_name`,`publish_time`,`publish_by`,`status`,`change_log`,`create_time`,`update_time`,`deleted`) VALUES(125,123,1,'版本1.0','2026-05-30 22:11:26',132,1,NULL,'2026-05-25 22:11:26','2026-06-18 22:11:26',0);
INSERT INTO `t_item_version`(`id`,`item_id`,`version_no`,`version_name`,`publish_time`,`publish_by`,`status`,`change_log`,`create_time`,`update_time`,`deleted`) VALUES(126,145,2,'版本2.0','2025-10-11 22:11:26',125,1,'变更内容2','2025-10-02 22:11:26','2026-05-30 22:11:26',0);
INSERT INTO `t_item_version`(`id`,`item_id`,`version_no`,`version_name`,`publish_time`,`publish_by`,`status`,`change_log`,`create_time`,`update_time`,`deleted`) VALUES(127,136,3,'版本3.0','2026-06-13 22:11:26',111,1,'变更内容3','2026-03-17 22:11:26','2026-06-01 22:11:26',0);
INSERT INTO `t_item_version`(`id`,`item_id`,`version_no`,`version_name`,`publish_time`,`publish_by`,`status`,`change_log`,`create_time`,`update_time`,`deleted`) VALUES(128,103,4,'版本4.0','2026-02-20 22:11:26',102,0,'变更内容4','2026-06-02 22:11:26','2026-05-29 22:11:26',0);
INSERT INTO `t_item_version`(`id`,`item_id`,`version_no`,`version_name`,`publish_time`,`publish_by`,`status`,`change_log`,`create_time`,`update_time`,`deleted`) VALUES(129,123,5,'版本5.0','2025-07-02 22:11:26',112,1,'变更内容5','2025-12-21 22:11:26','2026-06-01 22:11:26',0);
INSERT INTO `t_item_version`(`id`,`item_id`,`version_no`,`version_name`,`publish_time`,`publish_by`,`status`,`change_log`,`create_time`,`update_time`,`deleted`) VALUES(130,129,1,'版本1.0','2025-10-12 22:11:26',125,1,NULL,'2025-07-14 22:11:26','2026-06-27 22:11:26',0);
INSERT INTO `t_item_version`(`id`,`item_id`,`version_no`,`version_name`,`publish_time`,`publish_by`,`status`,`change_log`,`create_time`,`update_time`,`deleted`) VALUES(131,115,2,'版本2.0','2025-12-19 22:11:26',131,2,'变更内容2','2025-11-11 22:11:26','2026-06-22 22:11:26',0);
INSERT INTO `t_item_version`(`id`,`item_id`,`version_no`,`version_name`,`publish_time`,`publish_by`,`status`,`change_log`,`create_time`,`update_time`,`deleted`) VALUES(132,130,3,'版本3.0','2025-08-31 22:11:26',135,1,'变更内容3','2026-01-02 22:11:26','2026-06-22 22:11:26',0);
INSERT INTO `t_item_version`(`id`,`item_id`,`version_no`,`version_name`,`publish_time`,`publish_by`,`status`,`change_log`,`create_time`,`update_time`,`deleted`) VALUES(133,116,4,'版本4.0','2025-07-10 22:11:26',105,1,'变更内容4','2026-06-13 22:11:26','2026-06-15 22:11:26',0);
INSERT INTO `t_item_version`(`id`,`item_id`,`version_no`,`version_name`,`publish_time`,`publish_by`,`status`,`change_log`,`create_time`,`update_time`,`deleted`) VALUES(134,103,5,'版本5.0','2026-04-05 22:11:26',136,1,'变更内容5','2026-03-06 22:11:26','2026-06-07 22:11:26',0);
INSERT INTO `t_item_version`(`id`,`item_id`,`version_no`,`version_name`,`publish_time`,`publish_by`,`status`,`change_log`,`create_time`,`update_time`,`deleted`) VALUES(135,114,1,'版本1.0','2025-07-16 22:11:26',113,1,NULL,'2025-07-29 22:11:26','2026-06-14 22:11:26',0);
INSERT INTO `t_item_version`(`id`,`item_id`,`version_no`,`version_name`,`publish_time`,`publish_by`,`status`,`change_log`,`create_time`,`update_time`,`deleted`) VALUES(136,132,2,'版本2.0','2026-06-17 22:11:26',149,1,'变更内容2','2025-10-28 22:11:26','2026-05-29 22:11:26',0);
INSERT INTO `t_item_version`(`id`,`item_id`,`version_no`,`version_name`,`publish_time`,`publish_by`,`status`,`change_log`,`create_time`,`update_time`,`deleted`) VALUES(137,108,3,'版本3.0','2025-07-31 22:11:26',111,2,'变更内容3','2026-06-23 22:11:26','2026-06-20 22:11:26',0);
INSERT INTO `t_item_version`(`id`,`item_id`,`version_no`,`version_name`,`publish_time`,`publish_by`,`status`,`change_log`,`create_time`,`update_time`,`deleted`) VALUES(138,116,4,'版本4.0','2025-08-20 22:11:26',119,1,'变更内容4','2025-11-23 22:11:26','2026-05-30 22:11:26',0);
INSERT INTO `t_item_version`(`id`,`item_id`,`version_no`,`version_name`,`publish_time`,`publish_by`,`status`,`change_log`,`create_time`,`update_time`,`deleted`) VALUES(139,124,5,'版本5.0','2025-12-31 22:11:26',129,1,'变更内容5','2026-03-08 22:11:26','2026-06-13 22:11:26',0);

USE `gov_reception`;
DELETE FROM `t_reception_window` WHERE id >= 100;
INSERT INTO `t_reception_window`(`id`,`window_no`,`window_name`,`dept_id`,`staff_id`,`staff_name`,`window_type`,`status`,`create_time`,`update_time`,`create_by`,`update_by`,`deleted`) VALUES(100,'W001','税务窗口1',108,NULL,NULL,'绿色通道','1','2026-05-29 22:11:26','2026-05-29 22:11:26',1,1,0);
INSERT INTO `t_reception_window`(`id`,`window_no`,`window_name`,`dept_id`,`staff_id`,`staff_name`,`window_type`,`status`,`create_time`,`update_time`,`create_by`,`update_by`,`deleted`) VALUES(101,'W002','市监窗口2',109,NULL,NULL,'综合','1','2026-05-29 22:11:26','2026-05-29 22:11:26',1,1,0);
INSERT INTO `t_reception_window`(`id`,`window_no`,`window_name`,`dept_id`,`staff_id`,`staff_name`,`window_type`,`status`,`create_time`,`update_time`,`create_by`,`update_by`,`deleted`) VALUES(102,'W003','综合窗口3',108,NULL,NULL,'绿色通道','1','2026-05-29 22:11:26','2026-05-29 22:11:26',1,1,0);
INSERT INTO `t_reception_window`(`id`,`window_no`,`window_name`,`dept_id`,`staff_id`,`staff_name`,`window_type`,`status`,`create_time`,`update_time`,`create_by`,`update_by`,`deleted`) VALUES(103,'W004','税务窗口4',108,NULL,NULL,'绿色通道','1','2026-05-29 22:11:26','2026-05-29 22:11:26',1,1,0);
INSERT INTO `t_reception_window`(`id`,`window_no`,`window_name`,`dept_id`,`staff_id`,`staff_name`,`window_type`,`status`,`create_time`,`update_time`,`create_by`,`update_by`,`deleted`) VALUES(104,'W005','不动产窗口5',109,NULL,NULL,'专业','1','2026-05-29 22:11:26','2026-05-29 22:11:26',1,1,0);
INSERT INTO `t_reception_window`(`id`,`window_no`,`window_name`,`dept_id`,`staff_id`,`staff_name`,`window_type`,`status`,`create_time`,`update_time`,`create_by`,`update_by`,`deleted`) VALUES(105,'W006','税务窗口6',101,NULL,NULL,'专业','0','2026-05-29 22:11:26','2026-05-29 22:11:26',1,1,0);
INSERT INTO `t_reception_window`(`id`,`window_no`,`window_name`,`dept_id`,`staff_id`,`staff_name`,`window_type`,`status`,`create_time`,`update_time`,`create_by`,`update_by`,`deleted`) VALUES(106,'W007','综合窗口7',105,NULL,NULL,'专业','2','2026-05-29 22:11:26','2026-05-29 22:11:26',1,1,0);
INSERT INTO `t_reception_window`(`id`,`window_no`,`window_name`,`dept_id`,`staff_id`,`staff_name`,`window_type`,`status`,`create_time`,`update_time`,`create_by`,`update_by`,`deleted`) VALUES(107,'W008','卫健窗口8',105,NULL,NULL,'专业','1','2026-05-29 22:11:26','2026-05-29 22:11:26',1,1,0);
INSERT INTO `t_reception_window`(`id`,`window_no`,`window_name`,`dept_id`,`staff_id`,`staff_name`,`window_type`,`status`,`create_time`,`update_time`,`create_by`,`update_by`,`deleted`) VALUES(108,'W009','税务窗口9',104,NULL,NULL,'综合','1','2026-05-29 22:11:26','2026-05-29 22:11:26',1,1,0);
INSERT INTO `t_reception_window`(`id`,`window_no`,`window_name`,`dept_id`,`staff_id`,`staff_name`,`window_type`,`status`,`create_time`,`update_time`,`create_by`,`update_by`,`deleted`) VALUES(109,'W010','公安窗口10',108,NULL,NULL,'综合','1','2026-05-29 22:11:26','2026-05-29 22:11:26',1,1,0);
INSERT INTO `t_reception_window`(`id`,`window_no`,`window_name`,`dept_id`,`staff_id`,`staff_name`,`window_type`,`status`,`create_time`,`update_time`,`create_by`,`update_by`,`deleted`) VALUES(110,'W011','综合窗口11',109,NULL,NULL,'专业','1','2026-05-29 22:11:26','2026-05-29 22:11:26',1,1,0);
INSERT INTO `t_reception_window`(`id`,`window_no`,`window_name`,`dept_id`,`staff_id`,`staff_name`,`window_type`,`status`,`create_time`,`update_time`,`create_by`,`update_by`,`deleted`) VALUES(111,'W012','卫健窗口12',105,NULL,NULL,'绿色通道','1','2026-05-29 22:11:26','2026-05-29 22:11:26',1,1,0);
INSERT INTO `t_reception_window`(`id`,`window_no`,`window_name`,`dept_id`,`staff_id`,`staff_name`,`window_type`,`status`,`create_time`,`update_time`,`create_by`,`update_by`,`deleted`) VALUES(112,'W013','公安窗口13',100,NULL,NULL,'绿色通道','0','2026-05-29 22:11:26','2026-05-29 22:11:26',1,1,0);
INSERT INTO `t_reception_window`(`id`,`window_no`,`window_name`,`dept_id`,`staff_id`,`staff_name`,`window_type`,`status`,`create_time`,`update_time`,`create_by`,`update_by`,`deleted`) VALUES(113,'W014','市监窗口14',104,NULL,NULL,'专业','2','2026-05-29 22:11:26','2026-05-29 22:11:26',1,1,0);
INSERT INTO `t_reception_window`(`id`,`window_no`,`window_name`,`dept_id`,`staff_id`,`staff_name`,`window_type`,`status`,`create_time`,`update_time`,`create_by`,`update_by`,`deleted`) VALUES(114,'W015','市监窗口15',106,NULL,NULL,'专业','1','2026-05-29 22:11:26','2026-05-29 22:11:26',1,1,0);

USE `gov_reception`;
DELETE FROM `t_reception_record` WHERE id >= 100;
INSERT INTO `t_reception_record`(`id`,`apply_no`,`item_id`,`user_id`,`dept_id`,`window_id`,`operator_id`,`apply_type`,`status`,`urgency_type`,`accept_time`,`finish_time`,`process_instance_id`,`remark`,`reject_reason`,`create_time`,`update_time`,`create_by`,`update_by`,`deleted`) VALUES(100,'BJ-2024101',147,102,109,104,101,NULL,'0',NULL,'2026-05-22 22:11:26',NULL,NULL,NULL,NULL,'2026-05-06 22:11:26','2026-06-15 22:11:26',1,1,0);
INSERT INTO `t_reception_record`(`id`,`apply_no`,`item_id`,`user_id`,`dept_id`,`window_id`,`operator_id`,`apply_type`,`status`,`urgency_type`,`accept_time`,`finish_time`,`process_instance_id`,`remark`,`reject_reason`,`create_time`,`update_time`,`create_by`,`update_by`,`deleted`) VALUES(101,'BJ-2024102',121,146,103,104,101,NULL,'1',NULL,'2026-05-24 22:11:26',NULL,NULL,NULL,NULL,'2026-05-18 22:11:26','2026-05-08 22:11:26',1,1,0);
INSERT INTO `t_reception_record`(`id`,`apply_no`,`item_id`,`user_id`,`dept_id`,`window_id`,`operator_id`,`apply_type`,`status`,`urgency_type`,`accept_time`,`finish_time`,`process_instance_id`,`remark`,`reject_reason`,`create_time`,`update_time`,`create_by`,`update_by`,`deleted`) VALUES(102,'BJ-2024103',130,142,105,108,101,NULL,'2',NULL,'2026-06-08 22:11:26',NULL,'PROC-1102',NULL,NULL,'2026-05-04 22:11:26','2026-06-17 22:11:26',1,1,0);
INSERT INTO `t_reception_record`(`id`,`apply_no`,`item_id`,`user_id`,`dept_id`,`window_id`,`operator_id`,`apply_type`,`status`,`urgency_type`,`accept_time`,`finish_time`,`process_instance_id`,`remark`,`reject_reason`,`create_time`,`update_time`,`create_by`,`update_by`,`deleted`) VALUES(103,'BJ-2024104',142,135,102,104,101,NULL,'3',NULL,'2026-06-21 22:11:26','2026-06-12 22:11:26','PROC-1103',NULL,NULL,'2026-06-19 22:11:26','2026-05-11 22:11:26',1,1,0);
INSERT INTO `t_reception_record`(`id`,`apply_no`,`item_id`,`user_id`,`dept_id`,`window_id`,`operator_id`,`apply_type`,`status`,`urgency_type`,`accept_time`,`finish_time`,`process_instance_id`,`remark`,`reject_reason`,`create_time`,`update_time`,`create_by`,`update_by`,`deleted`) VALUES(104,'BJ-2024105',116,146,108,112,101,NULL,'4',NULL,'2026-04-30 22:11:26',NULL,'PROC-1104',NULL,NULL,'2026-05-15 22:11:26','2026-05-01 22:11:26',1,1,0);
INSERT INTO `t_reception_record`(`id`,`apply_no`,`item_id`,`user_id`,`dept_id`,`window_id`,`operator_id`,`apply_type`,`status`,`urgency_type`,`accept_time`,`finish_time`,`process_instance_id`,`remark`,`reject_reason`,`create_time`,`update_time`,`create_by`,`update_by`,`deleted`) VALUES(105,'BJ-2024106',121,141,101,100,101,NULL,'1',NULL,'2026-06-05 22:11:26',NULL,NULL,NULL,NULL,'2026-06-13 22:11:26','2026-05-11 22:11:26',1,1,0);
INSERT INTO `t_reception_record`(`id`,`apply_no`,`item_id`,`user_id`,`dept_id`,`window_id`,`operator_id`,`apply_type`,`status`,`urgency_type`,`accept_time`,`finish_time`,`process_instance_id`,`remark`,`reject_reason`,`create_time`,`update_time`,`create_by`,`update_by`,`deleted`) VALUES(106,'BJ-2024107',119,126,105,105,101,NULL,'2',NULL,'2026-06-11 22:11:26',NULL,'PROC-1106',NULL,NULL,'2026-05-21 22:11:26','2026-06-09 22:11:26',1,1,0);
INSERT INTO `t_reception_record`(`id`,`apply_no`,`item_id`,`user_id`,`dept_id`,`window_id`,`operator_id`,`apply_type`,`status`,`urgency_type`,`accept_time`,`finish_time`,`process_instance_id`,`remark`,`reject_reason`,`create_time`,`update_time`,`create_by`,`update_by`,`deleted`) VALUES(107,'BJ-2024108',129,107,107,100,101,NULL,'3',NULL,'2026-05-03 22:11:26','2026-06-07 22:11:26','PROC-1107',NULL,NULL,'2026-05-21 22:11:26','2026-05-21 22:11:26',1,1,0);
INSERT INTO `t_reception_record`(`id`,`apply_no`,`item_id`,`user_id`,`dept_id`,`window_id`,`operator_id`,`apply_type`,`status`,`urgency_type`,`accept_time`,`finish_time`,`process_instance_id`,`remark`,`reject_reason`,`create_time`,`update_time`,`create_by`,`update_by`,`deleted`) VALUES(108,'BJ-2024109',139,104,107,100,101,NULL,'0',NULL,'2026-05-26 22:11:26',NULL,NULL,NULL,NULL,'2026-06-20 22:11:26','2026-05-03 22:11:26',1,1,0);
INSERT INTO `t_reception_record`(`id`,`apply_no`,`item_id`,`user_id`,`dept_id`,`window_id`,`operator_id`,`apply_type`,`status`,`urgency_type`,`accept_time`,`finish_time`,`process_instance_id`,`remark`,`reject_reason`,`create_time`,`update_time`,`create_by`,`update_by`,`deleted`) VALUES(109,'BJ-2024110',143,124,108,101,101,NULL,'0',NULL,'2026-06-01 22:11:26',NULL,NULL,NULL,NULL,'2026-06-24 22:11:26','2026-05-03 22:11:26',1,1,0);
INSERT INTO `t_reception_record`(`id`,`apply_no`,`item_id`,`user_id`,`dept_id`,`window_id`,`operator_id`,`apply_type`,`status`,`urgency_type`,`accept_time`,`finish_time`,`process_instance_id`,`remark`,`reject_reason`,`create_time`,`update_time`,`create_by`,`update_by`,`deleted`) VALUES(110,'BJ-2024111',109,108,103,105,101,NULL,'2',NULL,'2026-06-01 22:11:26',NULL,'PROC-1110',NULL,NULL,'2026-05-22 22:11:26','2026-05-01 22:11:26',1,1,0);
INSERT INTO `t_reception_record`(`id`,`apply_no`,`item_id`,`user_id`,`dept_id`,`window_id`,`operator_id`,`apply_type`,`status`,`urgency_type`,`accept_time`,`finish_time`,`process_instance_id`,`remark`,`reject_reason`,`create_time`,`update_time`,`create_by`,`update_by`,`deleted`) VALUES(111,'BJ-2024112',129,109,105,113,101,NULL,'2',NULL,'2026-05-13 22:11:26',NULL,'PROC-1111',NULL,NULL,'2026-06-16 22:11:26','2026-05-09 22:11:26',1,1,0);
INSERT INTO `t_reception_record`(`id`,`apply_no`,`item_id`,`user_id`,`dept_id`,`window_id`,`operator_id`,`apply_type`,`status`,`urgency_type`,`accept_time`,`finish_time`,`process_instance_id`,`remark`,`reject_reason`,`create_time`,`update_time`,`create_by`,`update_by`,`deleted`) VALUES(112,'BJ-2024113',105,131,105,110,101,NULL,'3',NULL,'2026-06-16 22:11:26','2026-06-17 22:11:26','PROC-1112',NULL,NULL,'2026-05-18 22:11:26','2026-06-24 22:11:26',1,1,0);
INSERT INTO `t_reception_record`(`id`,`apply_no`,`item_id`,`user_id`,`dept_id`,`window_id`,`operator_id`,`apply_type`,`status`,`urgency_type`,`accept_time`,`finish_time`,`process_instance_id`,`remark`,`reject_reason`,`create_time`,`update_time`,`create_by`,`update_by`,`deleted`) VALUES(113,'BJ-2024114',100,128,104,103,101,NULL,'3',NULL,'2026-05-10 22:11:26','2026-06-03 22:11:26','PROC-1113',NULL,NULL,'2026-06-17 22:11:26','2026-05-22 22:11:26',1,1,0);
INSERT INTO `t_reception_record`(`id`,`apply_no`,`item_id`,`user_id`,`dept_id`,`window_id`,`operator_id`,`apply_type`,`status`,`urgency_type`,`accept_time`,`finish_time`,`process_instance_id`,`remark`,`reject_reason`,`create_time`,`update_time`,`create_by`,`update_by`,`deleted`) VALUES(114,'BJ-2024115',148,110,107,NULL,NULL,NULL,'1',NULL,'2026-06-19 22:11:26',NULL,NULL,NULL,NULL,'2026-05-19 22:11:26','2026-05-31 22:11:26',1,1,0);
INSERT INTO `t_reception_record`(`id`,`apply_no`,`item_id`,`user_id`,`dept_id`,`window_id`,`operator_id`,`apply_type`,`status`,`urgency_type`,`accept_time`,`finish_time`,`process_instance_id`,`remark`,`reject_reason`,`create_time`,`update_time`,`create_by`,`update_by`,`deleted`) VALUES(115,'BJ-2024116',140,127,106,106,101,NULL,'2',NULL,'2026-05-28 22:11:26',NULL,'PROC-1115',NULL,NULL,'2026-06-03 22:11:26','2026-06-27 22:11:26',1,1,0);
INSERT INTO `t_reception_record`(`id`,`apply_no`,`item_id`,`user_id`,`dept_id`,`window_id`,`operator_id`,`apply_type`,`status`,`urgency_type`,`accept_time`,`finish_time`,`process_instance_id`,`remark`,`reject_reason`,`create_time`,`update_time`,`create_by`,`update_by`,`deleted`) VALUES(116,'BJ-2024117',102,134,103,111,101,NULL,'3',NULL,'2026-06-04 22:11:26','2026-06-27 22:11:26','PROC-1116',NULL,NULL,'2026-05-01 22:11:26','2026-06-07 22:11:26',1,1,0);
INSERT INTO `t_reception_record`(`id`,`apply_no`,`item_id`,`user_id`,`dept_id`,`window_id`,`operator_id`,`apply_type`,`status`,`urgency_type`,`accept_time`,`finish_time`,`process_instance_id`,`remark`,`reject_reason`,`create_time`,`update_time`,`create_by`,`update_by`,`deleted`) VALUES(117,'BJ-2024118',148,133,103,100,101,NULL,'4',NULL,'2026-05-15 22:11:26',NULL,'PROC-1117',NULL,NULL,'2026-05-18 22:11:26','2026-05-12 22:11:26',1,1,0);
INSERT INTO `t_reception_record`(`id`,`apply_no`,`item_id`,`user_id`,`dept_id`,`window_id`,`operator_id`,`apply_type`,`status`,`urgency_type`,`accept_time`,`finish_time`,`process_instance_id`,`remark`,`reject_reason`,`create_time`,`update_time`,`create_by`,`update_by`,`deleted`) VALUES(118,'BJ-2024119',115,114,105,101,101,NULL,'1',NULL,'2026-06-19 22:11:26',NULL,NULL,NULL,NULL,'2026-06-21 22:11:26','2026-06-03 22:11:26',1,1,0);
INSERT INTO `t_reception_record`(`id`,`apply_no`,`item_id`,`user_id`,`dept_id`,`window_id`,`operator_id`,`apply_type`,`status`,`urgency_type`,`accept_time`,`finish_time`,`process_instance_id`,`remark`,`reject_reason`,`create_time`,`update_time`,`create_by`,`update_by`,`deleted`) VALUES(119,'BJ-2024120',132,137,104,102,101,NULL,'3',NULL,'2026-06-23 22:11:26','2026-06-01 22:11:26','PROC-1119',NULL,NULL,'2026-06-25 22:11:26','2026-06-08 22:11:26',1,1,0);
INSERT INTO `t_reception_record`(`id`,`apply_no`,`item_id`,`user_id`,`dept_id`,`window_id`,`operator_id`,`apply_type`,`status`,`urgency_type`,`accept_time`,`finish_time`,`process_instance_id`,`remark`,`reject_reason`,`create_time`,`update_time`,`create_by`,`update_by`,`deleted`) VALUES(120,'BJ-2024121',118,129,108,103,101,NULL,'0',NULL,'2026-05-25 22:11:26',NULL,NULL,NULL,NULL,'2026-06-06 22:11:26','2026-05-31 22:11:26',1,1,0);
INSERT INTO `t_reception_record`(`id`,`apply_no`,`item_id`,`user_id`,`dept_id`,`window_id`,`operator_id`,`apply_type`,`status`,`urgency_type`,`accept_time`,`finish_time`,`process_instance_id`,`remark`,`reject_reason`,`create_time`,`update_time`,`create_by`,`update_by`,`deleted`) VALUES(121,'BJ-2024122',143,108,105,102,101,NULL,'1',NULL,'2026-06-05 22:11:26',NULL,NULL,NULL,NULL,'2026-05-10 22:11:26','2026-06-15 22:11:26',1,1,0);
INSERT INTO `t_reception_record`(`id`,`apply_no`,`item_id`,`user_id`,`dept_id`,`window_id`,`operator_id`,`apply_type`,`status`,`urgency_type`,`accept_time`,`finish_time`,`process_instance_id`,`remark`,`reject_reason`,`create_time`,`update_time`,`create_by`,`update_by`,`deleted`) VALUES(122,'BJ-2024123',110,125,100,103,101,NULL,'2',NULL,'2026-06-13 22:11:26',NULL,'PROC-1122',NULL,NULL,'2026-05-12 22:11:26','2026-06-19 22:11:26',1,1,0);
INSERT INTO `t_reception_record`(`id`,`apply_no`,`item_id`,`user_id`,`dept_id`,`window_id`,`operator_id`,`apply_type`,`status`,`urgency_type`,`accept_time`,`finish_time`,`process_instance_id`,`remark`,`reject_reason`,`create_time`,`update_time`,`create_by`,`update_by`,`deleted`) VALUES(123,'BJ-2024124',113,146,100,109,101,NULL,'3',NULL,'2026-05-26 22:11:26','2026-06-22 22:11:26','PROC-1123',NULL,NULL,'2026-06-20 22:11:26','2026-06-04 22:11:26',1,1,0);
INSERT INTO `t_reception_record`(`id`,`apply_no`,`item_id`,`user_id`,`dept_id`,`window_id`,`operator_id`,`apply_type`,`status`,`urgency_type`,`accept_time`,`finish_time`,`process_instance_id`,`remark`,`reject_reason`,`create_time`,`update_time`,`create_by`,`update_by`,`deleted`) VALUES(124,'BJ-2024125',145,141,100,106,101,NULL,'4',NULL,'2026-05-02 22:11:26',NULL,'PROC-1124',NULL,'信息有误','2026-06-11 22:11:26','2026-05-09 22:11:26',1,1,0);
INSERT INTO `t_reception_record`(`id`,`apply_no`,`item_id`,`user_id`,`dept_id`,`window_id`,`operator_id`,`apply_type`,`status`,`urgency_type`,`accept_time`,`finish_time`,`process_instance_id`,`remark`,`reject_reason`,`create_time`,`update_time`,`create_by`,`update_by`,`deleted`) VALUES(125,'BJ-2024126',134,139,100,103,101,NULL,'1',NULL,'2026-06-24 22:11:26',NULL,NULL,NULL,NULL,'2026-05-16 22:11:26','2026-06-21 22:11:26',1,1,0);
INSERT INTO `t_reception_record`(`id`,`apply_no`,`item_id`,`user_id`,`dept_id`,`window_id`,`operator_id`,`apply_type`,`status`,`urgency_type`,`accept_time`,`finish_time`,`process_instance_id`,`remark`,`reject_reason`,`create_time`,`update_time`,`create_by`,`update_by`,`deleted`) VALUES(126,'BJ-2024127',141,101,100,111,101,NULL,'2',NULL,'2026-06-20 22:11:26',NULL,'PROC-1126',NULL,NULL,'2026-06-01 22:11:26','2026-05-30 22:11:26',1,1,0);
INSERT INTO `t_reception_record`(`id`,`apply_no`,`item_id`,`user_id`,`dept_id`,`window_id`,`operator_id`,`apply_type`,`status`,`urgency_type`,`accept_time`,`finish_time`,`process_instance_id`,`remark`,`reject_reason`,`create_time`,`update_time`,`create_by`,`update_by`,`deleted`) VALUES(127,'BJ-2024128',124,107,108,104,101,NULL,'3',NULL,'2026-05-28 22:11:26','2026-06-05 22:11:26','PROC-1127',NULL,NULL,'2026-06-18 22:11:26','2026-06-14 22:11:26',1,1,0);
INSERT INTO `t_reception_record`(`id`,`apply_no`,`item_id`,`user_id`,`dept_id`,`window_id`,`operator_id`,`apply_type`,`status`,`urgency_type`,`accept_time`,`finish_time`,`process_instance_id`,`remark`,`reject_reason`,`create_time`,`update_time`,`create_by`,`update_by`,`deleted`) VALUES(128,'BJ-2024129',144,143,100,101,101,NULL,'0',NULL,'2026-06-01 22:11:26',NULL,NULL,NULL,NULL,'2026-05-16 22:11:26','2026-06-21 22:11:26',1,1,0);
INSERT INTO `t_reception_record`(`id`,`apply_no`,`item_id`,`user_id`,`dept_id`,`window_id`,`operator_id`,`apply_type`,`status`,`urgency_type`,`accept_time`,`finish_time`,`process_instance_id`,`remark`,`reject_reason`,`create_time`,`update_time`,`create_by`,`update_by`,`deleted`) VALUES(129,'BJ-2024130',142,133,104,103,101,NULL,'0',NULL,'2026-05-20 22:11:26',NULL,NULL,NULL,NULL,'2026-05-14 22:11:26','2026-06-19 22:11:26',1,1,0);
INSERT INTO `t_reception_record`(`id`,`apply_no`,`item_id`,`user_id`,`dept_id`,`window_id`,`operator_id`,`apply_type`,`status`,`urgency_type`,`accept_time`,`finish_time`,`process_instance_id`,`remark`,`reject_reason`,`create_time`,`update_time`,`create_by`,`update_by`,`deleted`) VALUES(130,'BJ-2024131',126,106,108,111,101,NULL,'2',NULL,'2026-05-19 22:11:26',NULL,'PROC-1130',NULL,NULL,'2026-06-20 22:11:26','2026-06-09 22:11:26',1,1,0);
INSERT INTO `t_reception_record`(`id`,`apply_no`,`item_id`,`user_id`,`dept_id`,`window_id`,`operator_id`,`apply_type`,`status`,`urgency_type`,`accept_time`,`finish_time`,`process_instance_id`,`remark`,`reject_reason`,`create_time`,`update_time`,`create_by`,`update_by`,`deleted`) VALUES(131,'BJ-2024132',107,106,107,103,101,NULL,'2',NULL,'2026-05-20 22:11:26',NULL,'PROC-1131',NULL,NULL,'2026-06-15 22:11:26','2026-05-09 22:11:26',1,1,0);
INSERT INTO `t_reception_record`(`id`,`apply_no`,`item_id`,`user_id`,`dept_id`,`window_id`,`operator_id`,`apply_type`,`status`,`urgency_type`,`accept_time`,`finish_time`,`process_instance_id`,`remark`,`reject_reason`,`create_time`,`update_time`,`create_by`,`update_by`,`deleted`) VALUES(132,'BJ-2024133',116,133,103,105,101,NULL,'3',NULL,'2026-05-13 22:11:26','2026-06-14 22:11:26','PROC-1132',NULL,NULL,'2026-06-09 22:11:26','2026-06-17 22:11:26',1,1,0);
INSERT INTO `t_reception_record`(`id`,`apply_no`,`item_id`,`user_id`,`dept_id`,`window_id`,`operator_id`,`apply_type`,`status`,`urgency_type`,`accept_time`,`finish_time`,`process_instance_id`,`remark`,`reject_reason`,`create_time`,`update_time`,`create_by`,`update_by`,`deleted`) VALUES(133,'BJ-2024134',102,135,107,114,101,NULL,'3',NULL,'2026-06-14 22:11:26','2026-06-05 22:11:26','PROC-1133',NULL,NULL,'2026-04-29 22:11:26','2026-05-28 22:11:26',1,1,0);
INSERT INTO `t_reception_record`(`id`,`apply_no`,`item_id`,`user_id`,`dept_id`,`window_id`,`operator_id`,`apply_type`,`status`,`urgency_type`,`accept_time`,`finish_time`,`process_instance_id`,`remark`,`reject_reason`,`create_time`,`update_time`,`create_by`,`update_by`,`deleted`) VALUES(134,'BJ-2024135',121,115,100,NULL,NULL,NULL,'1',NULL,'2026-05-16 22:11:26',NULL,NULL,NULL,NULL,'2026-06-22 22:11:26','2026-04-30 22:11:26',1,1,0);
INSERT INTO `t_reception_record`(`id`,`apply_no`,`item_id`,`user_id`,`dept_id`,`window_id`,`operator_id`,`apply_type`,`status`,`urgency_type`,`accept_time`,`finish_time`,`process_instance_id`,`remark`,`reject_reason`,`create_time`,`update_time`,`create_by`,`update_by`,`deleted`) VALUES(135,'BJ-2024136',107,136,107,102,101,NULL,'2',NULL,'2026-06-22 22:11:26',NULL,'PROC-1135',NULL,NULL,'2026-05-09 22:11:26','2026-05-26 22:11:26',1,1,0);
INSERT INTO `t_reception_record`(`id`,`apply_no`,`item_id`,`user_id`,`dept_id`,`window_id`,`operator_id`,`apply_type`,`status`,`urgency_type`,`accept_time`,`finish_time`,`process_instance_id`,`remark`,`reject_reason`,`create_time`,`update_time`,`create_by`,`update_by`,`deleted`) VALUES(136,'BJ-2024137',104,146,101,114,101,NULL,'3',NULL,'2026-06-11 22:11:26','2026-06-07 22:11:26','PROC-1136',NULL,NULL,'2026-06-13 22:11:26','2026-05-29 22:11:26',1,1,0);
INSERT INTO `t_reception_record`(`id`,`apply_no`,`item_id`,`user_id`,`dept_id`,`window_id`,`operator_id`,`apply_type`,`status`,`urgency_type`,`accept_time`,`finish_time`,`process_instance_id`,`remark`,`reject_reason`,`create_time`,`update_time`,`create_by`,`update_by`,`deleted`) VALUES(137,'BJ-2024138',118,116,107,100,101,NULL,'4',NULL,'2026-06-21 22:11:26',NULL,'PROC-1137',NULL,NULL,'2026-05-03 22:11:26','2026-06-25 22:11:26',1,1,0);
INSERT INTO `t_reception_record`(`id`,`apply_no`,`item_id`,`user_id`,`dept_id`,`window_id`,`operator_id`,`apply_type`,`status`,`urgency_type`,`accept_time`,`finish_time`,`process_instance_id`,`remark`,`reject_reason`,`create_time`,`update_time`,`create_by`,`update_by`,`deleted`) VALUES(138,'BJ-2024139',118,123,105,102,101,NULL,'1',NULL,'2026-05-11 22:11:26',NULL,NULL,NULL,NULL,'2026-06-20 22:11:26','2026-06-21 22:11:26',1,1,0);
INSERT INTO `t_reception_record`(`id`,`apply_no`,`item_id`,`user_id`,`dept_id`,`window_id`,`operator_id`,`apply_type`,`status`,`urgency_type`,`accept_time`,`finish_time`,`process_instance_id`,`remark`,`reject_reason`,`create_time`,`update_time`,`create_by`,`update_by`,`deleted`) VALUES(139,'BJ-2024140',148,102,100,113,101,NULL,'3',NULL,'2026-06-19 22:11:26','2026-06-06 22:11:26','PROC-1139',NULL,NULL,'2026-05-17 22:11:26','2026-06-17 22:11:26',1,1,0);
INSERT INTO `t_reception_record`(`id`,`apply_no`,`item_id`,`user_id`,`dept_id`,`window_id`,`operator_id`,`apply_type`,`status`,`urgency_type`,`accept_time`,`finish_time`,`process_instance_id`,`remark`,`reject_reason`,`create_time`,`update_time`,`create_by`,`update_by`,`deleted`) VALUES(140,'BJ-2024141',121,122,107,103,101,NULL,'0',NULL,'2026-06-10 22:11:26',NULL,NULL,NULL,NULL,'2026-05-02 22:11:26','2026-05-12 22:11:26',1,1,0);
INSERT INTO `t_reception_record`(`id`,`apply_no`,`item_id`,`user_id`,`dept_id`,`window_id`,`operator_id`,`apply_type`,`status`,`urgency_type`,`accept_time`,`finish_time`,`process_instance_id`,`remark`,`reject_reason`,`create_time`,`update_time`,`create_by`,`update_by`,`deleted`) VALUES(141,'BJ-2024142',105,123,105,100,101,NULL,'1',NULL,'2026-06-20 22:11:26',NULL,NULL,NULL,NULL,'2026-06-02 22:11:26','2026-06-02 22:11:26',1,1,0);
INSERT INTO `t_reception_record`(`id`,`apply_no`,`item_id`,`user_id`,`dept_id`,`window_id`,`operator_id`,`apply_type`,`status`,`urgency_type`,`accept_time`,`finish_time`,`process_instance_id`,`remark`,`reject_reason`,`create_time`,`update_time`,`create_by`,`update_by`,`deleted`) VALUES(142,'BJ-2024143',129,117,106,111,101,NULL,'2',NULL,'2026-05-04 22:11:26',NULL,'PROC-1142',NULL,NULL,'2026-05-28 22:11:26','2026-05-07 22:11:26',1,1,0);
INSERT INTO `t_reception_record`(`id`,`apply_no`,`item_id`,`user_id`,`dept_id`,`window_id`,`operator_id`,`apply_type`,`status`,`urgency_type`,`accept_time`,`finish_time`,`process_instance_id`,`remark`,`reject_reason`,`create_time`,`update_time`,`create_by`,`update_by`,`deleted`) VALUES(143,'BJ-2024144',126,141,102,101,101,NULL,'3',NULL,'2026-06-19 22:11:26','2026-06-05 22:11:26','PROC-1143',NULL,NULL,'2026-05-12 22:11:26','2026-06-24 22:11:26',1,1,0);
INSERT INTO `t_reception_record`(`id`,`apply_no`,`item_id`,`user_id`,`dept_id`,`window_id`,`operator_id`,`apply_type`,`status`,`urgency_type`,`accept_time`,`finish_time`,`process_instance_id`,`remark`,`reject_reason`,`create_time`,`update_time`,`create_by`,`update_by`,`deleted`) VALUES(144,'BJ-2024145',110,106,106,114,101,NULL,'4',NULL,'2026-05-21 22:11:26',NULL,'PROC-1144',NULL,'材料不全','2026-05-07 22:11:26','2026-05-22 22:11:26',1,1,0);
INSERT INTO `t_reception_record`(`id`,`apply_no`,`item_id`,`user_id`,`dept_id`,`window_id`,`operator_id`,`apply_type`,`status`,`urgency_type`,`accept_time`,`finish_time`,`process_instance_id`,`remark`,`reject_reason`,`create_time`,`update_time`,`create_by`,`update_by`,`deleted`) VALUES(145,'BJ-2024146',143,128,102,103,101,NULL,'1',NULL,'2026-06-03 22:11:26',NULL,NULL,NULL,NULL,'2026-05-09 22:11:26','2026-06-05 22:11:26',1,1,0);
INSERT INTO `t_reception_record`(`id`,`apply_no`,`item_id`,`user_id`,`dept_id`,`window_id`,`operator_id`,`apply_type`,`status`,`urgency_type`,`accept_time`,`finish_time`,`process_instance_id`,`remark`,`reject_reason`,`create_time`,`update_time`,`create_by`,`update_by`,`deleted`) VALUES(146,'BJ-2024147',139,101,102,107,101,NULL,'2',NULL,'2026-04-30 22:11:26',NULL,'PROC-1146',NULL,NULL,'2026-05-27 22:11:26','2026-06-20 22:11:26',1,1,0);
INSERT INTO `t_reception_record`(`id`,`apply_no`,`item_id`,`user_id`,`dept_id`,`window_id`,`operator_id`,`apply_type`,`status`,`urgency_type`,`accept_time`,`finish_time`,`process_instance_id`,`remark`,`reject_reason`,`create_time`,`update_time`,`create_by`,`update_by`,`deleted`) VALUES(147,'BJ-2024148',126,128,100,101,101,NULL,'3',NULL,'2026-06-11 22:11:26','2026-06-07 22:11:26','PROC-1147',NULL,NULL,'2026-06-07 22:11:26','2026-06-27 22:11:26',1,1,0);
INSERT INTO `t_reception_record`(`id`,`apply_no`,`item_id`,`user_id`,`dept_id`,`window_id`,`operator_id`,`apply_type`,`status`,`urgency_type`,`accept_time`,`finish_time`,`process_instance_id`,`remark`,`reject_reason`,`create_time`,`update_time`,`create_by`,`update_by`,`deleted`) VALUES(148,'BJ-2024149',145,143,108,104,101,NULL,'0',NULL,'2026-05-22 22:11:26',NULL,NULL,NULL,NULL,'2026-05-12 22:11:26','2026-05-22 22:11:26',1,1,0);
INSERT INTO `t_reception_record`(`id`,`apply_no`,`item_id`,`user_id`,`dept_id`,`window_id`,`operator_id`,`apply_type`,`status`,`urgency_type`,`accept_time`,`finish_time`,`process_instance_id`,`remark`,`reject_reason`,`create_time`,`update_time`,`create_by`,`update_by`,`deleted`) VALUES(149,'BJ-2024150',114,142,105,103,101,NULL,'0',NULL,'2026-05-25 22:11:26',NULL,NULL,NULL,NULL,'2026-05-14 22:11:26','2026-05-14 22:11:26',1,1,0);
INSERT INTO `t_reception_record`(`id`,`apply_no`,`item_id`,`user_id`,`dept_id`,`window_id`,`operator_id`,`apply_type`,`status`,`urgency_type`,`accept_time`,`finish_time`,`process_instance_id`,`remark`,`reject_reason`,`create_time`,`update_time`,`create_by`,`update_by`,`deleted`) VALUES(150,'BJ-2024151',139,106,106,110,101,NULL,'2',NULL,'2026-05-12 22:11:26',NULL,'PROC-1150',NULL,NULL,'2026-06-12 22:11:26','2026-05-28 22:11:26',1,1,0);
INSERT INTO `t_reception_record`(`id`,`apply_no`,`item_id`,`user_id`,`dept_id`,`window_id`,`operator_id`,`apply_type`,`status`,`urgency_type`,`accept_time`,`finish_time`,`process_instance_id`,`remark`,`reject_reason`,`create_time`,`update_time`,`create_by`,`update_by`,`deleted`) VALUES(151,'BJ-2024152',122,142,106,102,101,NULL,'2',NULL,'2026-05-05 22:11:26',NULL,'PROC-1151',NULL,NULL,'2026-05-06 22:11:26','2026-05-23 22:11:26',1,1,0);
INSERT INTO `t_reception_record`(`id`,`apply_no`,`item_id`,`user_id`,`dept_id`,`window_id`,`operator_id`,`apply_type`,`status`,`urgency_type`,`accept_time`,`finish_time`,`process_instance_id`,`remark`,`reject_reason`,`create_time`,`update_time`,`create_by`,`update_by`,`deleted`) VALUES(152,'BJ-2024153',139,103,100,110,101,NULL,'3',NULL,'2026-04-29 22:11:26','2026-06-22 22:11:26','PROC-1152',NULL,NULL,'2026-05-26 22:11:26','2026-05-04 22:11:26',1,1,0);
INSERT INTO `t_reception_record`(`id`,`apply_no`,`item_id`,`user_id`,`dept_id`,`window_id`,`operator_id`,`apply_type`,`status`,`urgency_type`,`accept_time`,`finish_time`,`process_instance_id`,`remark`,`reject_reason`,`create_time`,`update_time`,`create_by`,`update_by`,`deleted`) VALUES(153,'BJ-2024154',130,131,102,101,101,NULL,'3',NULL,'2026-05-10 22:11:26','2026-06-12 22:11:26','PROC-1153',NULL,NULL,'2026-06-07 22:11:26','2026-06-12 22:11:26',1,1,0);
INSERT INTO `t_reception_record`(`id`,`apply_no`,`item_id`,`user_id`,`dept_id`,`window_id`,`operator_id`,`apply_type`,`status`,`urgency_type`,`accept_time`,`finish_time`,`process_instance_id`,`remark`,`reject_reason`,`create_time`,`update_time`,`create_by`,`update_by`,`deleted`) VALUES(154,'BJ-2024155',121,117,100,103,101,NULL,'1',NULL,'2026-06-13 22:11:26',NULL,NULL,NULL,NULL,'2026-05-23 22:11:26','2026-05-17 22:11:26',1,1,0);
INSERT INTO `t_reception_record`(`id`,`apply_no`,`item_id`,`user_id`,`dept_id`,`window_id`,`operator_id`,`apply_type`,`status`,`urgency_type`,`accept_time`,`finish_time`,`process_instance_id`,`remark`,`reject_reason`,`create_time`,`update_time`,`create_by`,`update_by`,`deleted`) VALUES(155,'BJ-2024156',124,125,103,101,101,NULL,'2',NULL,'2026-05-29 22:11:26',NULL,'PROC-1155',NULL,NULL,'2026-05-30 22:11:26','2026-05-07 22:11:26',1,1,0);
INSERT INTO `t_reception_record`(`id`,`apply_no`,`item_id`,`user_id`,`dept_id`,`window_id`,`operator_id`,`apply_type`,`status`,`urgency_type`,`accept_time`,`finish_time`,`process_instance_id`,`remark`,`reject_reason`,`create_time`,`update_time`,`create_by`,`update_by`,`deleted`) VALUES(156,'BJ-2024157',136,128,101,113,101,NULL,'3',NULL,'2026-05-27 22:11:26','2026-06-13 22:11:26','PROC-1156',NULL,NULL,'2026-06-07 22:11:26','2026-06-20 22:11:26',1,1,0);
INSERT INTO `t_reception_record`(`id`,`apply_no`,`item_id`,`user_id`,`dept_id`,`window_id`,`operator_id`,`apply_type`,`status`,`urgency_type`,`accept_time`,`finish_time`,`process_instance_id`,`remark`,`reject_reason`,`create_time`,`update_time`,`create_by`,`update_by`,`deleted`) VALUES(157,'BJ-2024158',131,147,100,101,101,NULL,'4',NULL,'2026-06-02 22:11:26',NULL,'PROC-1157',NULL,'材料不全','2026-06-25 22:11:26','2026-05-23 22:11:26',1,1,0);
INSERT INTO `t_reception_record`(`id`,`apply_no`,`item_id`,`user_id`,`dept_id`,`window_id`,`operator_id`,`apply_type`,`status`,`urgency_type`,`accept_time`,`finish_time`,`process_instance_id`,`remark`,`reject_reason`,`create_time`,`update_time`,`create_by`,`update_by`,`deleted`) VALUES(158,'BJ-2024159',135,100,101,103,101,NULL,'1',NULL,'2026-05-19 22:11:26',NULL,NULL,NULL,NULL,'2026-05-18 22:11:26','2026-06-08 22:11:26',1,1,0);
INSERT INTO `t_reception_record`(`id`,`apply_no`,`item_id`,`user_id`,`dept_id`,`window_id`,`operator_id`,`apply_type`,`status`,`urgency_type`,`accept_time`,`finish_time`,`process_instance_id`,`remark`,`reject_reason`,`create_time`,`update_time`,`create_by`,`update_by`,`deleted`) VALUES(159,'BJ-2024160',132,135,103,110,101,NULL,'3',NULL,'2026-05-16 22:11:26','2026-06-13 22:11:26','PROC-1159',NULL,NULL,'2026-06-06 22:11:26','2026-06-04 22:11:26',1,1,0);
INSERT INTO `t_reception_record`(`id`,`apply_no`,`item_id`,`user_id`,`dept_id`,`window_id`,`operator_id`,`apply_type`,`status`,`urgency_type`,`accept_time`,`finish_time`,`process_instance_id`,`remark`,`reject_reason`,`create_time`,`update_time`,`create_by`,`update_by`,`deleted`) VALUES(160,'BJ-2024161',103,114,107,101,101,NULL,'0',NULL,'2026-05-23 22:11:26',NULL,NULL,NULL,NULL,'2026-05-09 22:11:26','2026-05-19 22:11:26',1,1,0);
INSERT INTO `t_reception_record`(`id`,`apply_no`,`item_id`,`user_id`,`dept_id`,`window_id`,`operator_id`,`apply_type`,`status`,`urgency_type`,`accept_time`,`finish_time`,`process_instance_id`,`remark`,`reject_reason`,`create_time`,`update_time`,`create_by`,`update_by`,`deleted`) VALUES(161,'BJ-2024162',138,130,105,104,101,NULL,'1',NULL,'2026-05-30 22:11:26',NULL,NULL,NULL,NULL,'2026-06-20 22:11:26','2026-06-21 22:11:26',1,1,0);
INSERT INTO `t_reception_record`(`id`,`apply_no`,`item_id`,`user_id`,`dept_id`,`window_id`,`operator_id`,`apply_type`,`status`,`urgency_type`,`accept_time`,`finish_time`,`process_instance_id`,`remark`,`reject_reason`,`create_time`,`update_time`,`create_by`,`update_by`,`deleted`) VALUES(162,'BJ-2024163',148,142,103,100,101,NULL,'2',NULL,'2026-06-06 22:11:26',NULL,'PROC-1162',NULL,NULL,'2026-06-05 22:11:26','2026-05-05 22:11:26',1,1,0);
INSERT INTO `t_reception_record`(`id`,`apply_no`,`item_id`,`user_id`,`dept_id`,`window_id`,`operator_id`,`apply_type`,`status`,`urgency_type`,`accept_time`,`finish_time`,`process_instance_id`,`remark`,`reject_reason`,`create_time`,`update_time`,`create_by`,`update_by`,`deleted`) VALUES(163,'BJ-2024164',140,118,108,108,101,NULL,'3',NULL,'2026-06-04 22:11:26','2026-06-05 22:11:26','PROC-1163',NULL,NULL,'2026-06-21 22:11:26','2026-06-25 22:11:26',1,1,0);
INSERT INTO `t_reception_record`(`id`,`apply_no`,`item_id`,`user_id`,`dept_id`,`window_id`,`operator_id`,`apply_type`,`status`,`urgency_type`,`accept_time`,`finish_time`,`process_instance_id`,`remark`,`reject_reason`,`create_time`,`update_time`,`create_by`,`update_by`,`deleted`) VALUES(164,'BJ-2024165',110,131,102,113,101,NULL,'4',NULL,'2026-05-13 22:11:26',NULL,'PROC-1164',NULL,'信息有误','2026-05-12 22:11:26','2026-06-01 22:11:26',1,1,0);
INSERT INTO `t_reception_record`(`id`,`apply_no`,`item_id`,`user_id`,`dept_id`,`window_id`,`operator_id`,`apply_type`,`status`,`urgency_type`,`accept_time`,`finish_time`,`process_instance_id`,`remark`,`reject_reason`,`create_time`,`update_time`,`create_by`,`update_by`,`deleted`) VALUES(165,'BJ-2024166',106,116,109,100,101,NULL,'1',NULL,'2026-06-15 22:11:26',NULL,NULL,NULL,NULL,'2026-06-20 22:11:26','2026-04-29 22:11:26',1,1,0);
INSERT INTO `t_reception_record`(`id`,`apply_no`,`item_id`,`user_id`,`dept_id`,`window_id`,`operator_id`,`apply_type`,`status`,`urgency_type`,`accept_time`,`finish_time`,`process_instance_id`,`remark`,`reject_reason`,`create_time`,`update_time`,`create_by`,`update_by`,`deleted`) VALUES(166,'BJ-2024167',125,113,107,113,101,NULL,'2',NULL,'2026-05-08 22:11:26',NULL,'PROC-1166',NULL,NULL,'2026-06-15 22:11:26','2026-05-13 22:11:26',1,1,0);
INSERT INTO `t_reception_record`(`id`,`apply_no`,`item_id`,`user_id`,`dept_id`,`window_id`,`operator_id`,`apply_type`,`status`,`urgency_type`,`accept_time`,`finish_time`,`process_instance_id`,`remark`,`reject_reason`,`create_time`,`update_time`,`create_by`,`update_by`,`deleted`) VALUES(167,'BJ-2024168',121,106,106,100,101,NULL,'3',NULL,'2026-04-29 22:11:26','2026-06-07 22:11:26','PROC-1167',NULL,NULL,'2026-05-05 22:11:26','2026-05-15 22:11:26',1,1,0);
INSERT INTO `t_reception_record`(`id`,`apply_no`,`item_id`,`user_id`,`dept_id`,`window_id`,`operator_id`,`apply_type`,`status`,`urgency_type`,`accept_time`,`finish_time`,`process_instance_id`,`remark`,`reject_reason`,`create_time`,`update_time`,`create_by`,`update_by`,`deleted`) VALUES(168,'BJ-2024169',137,107,107,102,101,NULL,'0',NULL,'2026-05-16 22:11:26',NULL,NULL,NULL,NULL,'2026-05-21 22:11:26','2026-05-26 22:11:26',1,1,0);
INSERT INTO `t_reception_record`(`id`,`apply_no`,`item_id`,`user_id`,`dept_id`,`window_id`,`operator_id`,`apply_type`,`status`,`urgency_type`,`accept_time`,`finish_time`,`process_instance_id`,`remark`,`reject_reason`,`create_time`,`update_time`,`create_by`,`update_by`,`deleted`) VALUES(169,'BJ-2024170',108,131,100,103,101,NULL,'0',NULL,'2026-05-11 22:11:26',NULL,NULL,NULL,NULL,'2026-06-24 22:11:26','2026-05-23 22:11:26',1,1,0);
INSERT INTO `t_reception_record`(`id`,`apply_no`,`item_id`,`user_id`,`dept_id`,`window_id`,`operator_id`,`apply_type`,`status`,`urgency_type`,`accept_time`,`finish_time`,`process_instance_id`,`remark`,`reject_reason`,`create_time`,`update_time`,`create_by`,`update_by`,`deleted`) VALUES(170,'BJ-2024171',127,137,107,114,101,NULL,'2',NULL,'2026-05-26 22:11:26',NULL,'PROC-1170',NULL,NULL,'2026-05-09 22:11:26','2026-04-30 22:11:26',1,1,0);
INSERT INTO `t_reception_record`(`id`,`apply_no`,`item_id`,`user_id`,`dept_id`,`window_id`,`operator_id`,`apply_type`,`status`,`urgency_type`,`accept_time`,`finish_time`,`process_instance_id`,`remark`,`reject_reason`,`create_time`,`update_time`,`create_by`,`update_by`,`deleted`) VALUES(171,'BJ-2024172',111,144,109,102,101,NULL,'2',NULL,'2026-05-12 22:11:26',NULL,'PROC-1171',NULL,NULL,'2026-05-06 22:11:26','2026-06-19 22:11:26',1,1,0);
INSERT INTO `t_reception_record`(`id`,`apply_no`,`item_id`,`user_id`,`dept_id`,`window_id`,`operator_id`,`apply_type`,`status`,`urgency_type`,`accept_time`,`finish_time`,`process_instance_id`,`remark`,`reject_reason`,`create_time`,`update_time`,`create_by`,`update_by`,`deleted`) VALUES(172,'BJ-2024173',106,124,109,109,101,NULL,'3',NULL,'2026-05-02 22:11:26','2026-06-17 22:11:26','PROC-1172',NULL,NULL,'2026-05-26 22:11:26','2026-05-02 22:11:26',1,1,0);
INSERT INTO `t_reception_record`(`id`,`apply_no`,`item_id`,`user_id`,`dept_id`,`window_id`,`operator_id`,`apply_type`,`status`,`urgency_type`,`accept_time`,`finish_time`,`process_instance_id`,`remark`,`reject_reason`,`create_time`,`update_time`,`create_by`,`update_by`,`deleted`) VALUES(173,'BJ-2024174',124,126,109,114,101,NULL,'3',NULL,'2026-05-14 22:11:26','2026-06-03 22:11:26','PROC-1173',NULL,NULL,'2026-06-12 22:11:26','2026-06-10 22:11:26',1,1,0);
INSERT INTO `t_reception_record`(`id`,`apply_no`,`item_id`,`user_id`,`dept_id`,`window_id`,`operator_id`,`apply_type`,`status`,`urgency_type`,`accept_time`,`finish_time`,`process_instance_id`,`remark`,`reject_reason`,`create_time`,`update_time`,`create_by`,`update_by`,`deleted`) VALUES(174,'BJ-2024175',125,121,104,102,101,NULL,'1',NULL,'2026-05-07 22:11:26',NULL,NULL,NULL,NULL,'2026-06-19 22:11:26','2026-06-19 22:11:26',1,1,0);
INSERT INTO `t_reception_record`(`id`,`apply_no`,`item_id`,`user_id`,`dept_id`,`window_id`,`operator_id`,`apply_type`,`status`,`urgency_type`,`accept_time`,`finish_time`,`process_instance_id`,`remark`,`reject_reason`,`create_time`,`update_time`,`create_by`,`update_by`,`deleted`) VALUES(175,'BJ-2024176',126,138,108,104,101,NULL,'2',NULL,'2026-05-05 22:11:26',NULL,'PROC-1175',NULL,NULL,'2026-05-14 22:11:26','2026-05-23 22:11:26',1,1,0);
INSERT INTO `t_reception_record`(`id`,`apply_no`,`item_id`,`user_id`,`dept_id`,`window_id`,`operator_id`,`apply_type`,`status`,`urgency_type`,`accept_time`,`finish_time`,`process_instance_id`,`remark`,`reject_reason`,`create_time`,`update_time`,`create_by`,`update_by`,`deleted`) VALUES(176,'BJ-2024177',120,145,108,110,101,NULL,'3',NULL,'2026-06-14 22:11:26','2026-06-21 22:11:26','PROC-1176',NULL,NULL,'2026-06-14 22:11:26','2026-05-19 22:11:26',1,1,0);
INSERT INTO `t_reception_record`(`id`,`apply_no`,`item_id`,`user_id`,`dept_id`,`window_id`,`operator_id`,`apply_type`,`status`,`urgency_type`,`accept_time`,`finish_time`,`process_instance_id`,`remark`,`reject_reason`,`create_time`,`update_time`,`create_by`,`update_by`,`deleted`) VALUES(177,'BJ-2024178',145,118,105,114,101,NULL,'4',NULL,'2026-05-15 22:11:26',NULL,'PROC-1177',NULL,NULL,'2026-05-13 22:11:26','2026-05-17 22:11:26',1,1,0);
INSERT INTO `t_reception_record`(`id`,`apply_no`,`item_id`,`user_id`,`dept_id`,`window_id`,`operator_id`,`apply_type`,`status`,`urgency_type`,`accept_time`,`finish_time`,`process_instance_id`,`remark`,`reject_reason`,`create_time`,`update_time`,`create_by`,`update_by`,`deleted`) VALUES(178,'BJ-2024179',111,132,108,104,101,NULL,'1',NULL,'2026-05-18 22:11:26',NULL,NULL,NULL,NULL,'2026-06-07 22:11:26','2026-05-13 22:11:26',1,1,0);
INSERT INTO `t_reception_record`(`id`,`apply_no`,`item_id`,`user_id`,`dept_id`,`window_id`,`operator_id`,`apply_type`,`status`,`urgency_type`,`accept_time`,`finish_time`,`process_instance_id`,`remark`,`reject_reason`,`create_time`,`update_time`,`create_by`,`update_by`,`deleted`) VALUES(179,'BJ-2024180',107,148,105,108,101,NULL,'3',NULL,'2026-05-28 22:11:26','2026-06-09 22:11:26','PROC-1179',NULL,NULL,'2026-05-22 22:11:26','2026-05-16 22:11:26',1,1,0);
INSERT INTO `t_reception_record`(`id`,`apply_no`,`item_id`,`user_id`,`dept_id`,`window_id`,`operator_id`,`apply_type`,`status`,`urgency_type`,`accept_time`,`finish_time`,`process_instance_id`,`remark`,`reject_reason`,`create_time`,`update_time`,`create_by`,`update_by`,`deleted`) VALUES(180,'BJ-2024181',145,126,108,101,101,NULL,'0',NULL,'2026-05-02 22:11:26',NULL,NULL,NULL,NULL,'2026-05-04 22:11:26','2026-05-31 22:11:26',1,1,0);
INSERT INTO `t_reception_record`(`id`,`apply_no`,`item_id`,`user_id`,`dept_id`,`window_id`,`operator_id`,`apply_type`,`status`,`urgency_type`,`accept_time`,`finish_time`,`process_instance_id`,`remark`,`reject_reason`,`create_time`,`update_time`,`create_by`,`update_by`,`deleted`) VALUES(181,'BJ-2024182',100,133,101,NULL,NULL,NULL,'1',NULL,'2026-06-03 22:11:26',NULL,NULL,NULL,NULL,'2026-06-18 22:11:26','2026-06-24 22:11:26',1,1,0);
INSERT INTO `t_reception_record`(`id`,`apply_no`,`item_id`,`user_id`,`dept_id`,`window_id`,`operator_id`,`apply_type`,`status`,`urgency_type`,`accept_time`,`finish_time`,`process_instance_id`,`remark`,`reject_reason`,`create_time`,`update_time`,`create_by`,`update_by`,`deleted`) VALUES(182,'BJ-2024183',142,103,103,104,101,NULL,'2',NULL,'2026-05-10 22:11:26',NULL,'PROC-1182',NULL,NULL,'2026-05-08 22:11:26','2026-06-17 22:11:26',1,1,0);
INSERT INTO `t_reception_record`(`id`,`apply_no`,`item_id`,`user_id`,`dept_id`,`window_id`,`operator_id`,`apply_type`,`status`,`urgency_type`,`accept_time`,`finish_time`,`process_instance_id`,`remark`,`reject_reason`,`create_time`,`update_time`,`create_by`,`update_by`,`deleted`) VALUES(183,'BJ-2024184',118,143,104,102,101,NULL,'3',NULL,'2026-05-05 22:11:26','2026-06-26 22:11:26','PROC-1183',NULL,NULL,'2026-05-14 22:11:26','2026-05-08 22:11:26',1,1,0);
INSERT INTO `t_reception_record`(`id`,`apply_no`,`item_id`,`user_id`,`dept_id`,`window_id`,`operator_id`,`apply_type`,`status`,`urgency_type`,`accept_time`,`finish_time`,`process_instance_id`,`remark`,`reject_reason`,`create_time`,`update_time`,`create_by`,`update_by`,`deleted`) VALUES(184,'BJ-2024185',118,113,108,100,101,NULL,'4',NULL,'2026-06-05 22:11:26',NULL,'PROC-1184',NULL,'材料不全','2026-06-21 22:11:26','2026-05-19 22:11:26',1,1,0);
INSERT INTO `t_reception_record`(`id`,`apply_no`,`item_id`,`user_id`,`dept_id`,`window_id`,`operator_id`,`apply_type`,`status`,`urgency_type`,`accept_time`,`finish_time`,`process_instance_id`,`remark`,`reject_reason`,`create_time`,`update_time`,`create_by`,`update_by`,`deleted`) VALUES(185,'BJ-2024186',143,147,108,100,101,NULL,'1',NULL,'2026-05-11 22:11:26',NULL,NULL,NULL,NULL,'2026-05-17 22:11:26','2026-05-23 22:11:26',1,1,0);
INSERT INTO `t_reception_record`(`id`,`apply_no`,`item_id`,`user_id`,`dept_id`,`window_id`,`operator_id`,`apply_type`,`status`,`urgency_type`,`accept_time`,`finish_time`,`process_instance_id`,`remark`,`reject_reason`,`create_time`,`update_time`,`create_by`,`update_by`,`deleted`) VALUES(186,'BJ-2024187',124,115,108,112,101,NULL,'2',NULL,'2026-05-08 22:11:26',NULL,'PROC-1186',NULL,NULL,'2026-05-07 22:11:26','2026-05-14 22:11:26',1,1,0);
INSERT INTO `t_reception_record`(`id`,`apply_no`,`item_id`,`user_id`,`dept_id`,`window_id`,`operator_id`,`apply_type`,`status`,`urgency_type`,`accept_time`,`finish_time`,`process_instance_id`,`remark`,`reject_reason`,`create_time`,`update_time`,`create_by`,`update_by`,`deleted`) VALUES(187,'BJ-2024188',118,144,100,114,101,NULL,'3',NULL,'2026-06-03 22:11:26','2026-06-15 22:11:26','PROC-1187',NULL,NULL,'2026-06-01 22:11:26','2026-05-08 22:11:26',1,1,0);
INSERT INTO `t_reception_record`(`id`,`apply_no`,`item_id`,`user_id`,`dept_id`,`window_id`,`operator_id`,`apply_type`,`status`,`urgency_type`,`accept_time`,`finish_time`,`process_instance_id`,`remark`,`reject_reason`,`create_time`,`update_time`,`create_by`,`update_by`,`deleted`) VALUES(188,'BJ-2024189',143,120,108,NULL,NULL,NULL,'0',NULL,'2026-06-27 22:11:26',NULL,NULL,NULL,NULL,'2026-05-11 22:11:26','2026-06-11 22:11:26',1,1,0);
INSERT INTO `t_reception_record`(`id`,`apply_no`,`item_id`,`user_id`,`dept_id`,`window_id`,`operator_id`,`apply_type`,`status`,`urgency_type`,`accept_time`,`finish_time`,`process_instance_id`,`remark`,`reject_reason`,`create_time`,`update_time`,`create_by`,`update_by`,`deleted`) VALUES(189,'BJ-2024190',112,139,107,100,101,NULL,'0',NULL,'2026-04-30 22:11:26',NULL,NULL,NULL,NULL,'2026-05-18 22:11:26','2026-05-13 22:11:26',1,1,0);
INSERT INTO `t_reception_record`(`id`,`apply_no`,`item_id`,`user_id`,`dept_id`,`window_id`,`operator_id`,`apply_type`,`status`,`urgency_type`,`accept_time`,`finish_time`,`process_instance_id`,`remark`,`reject_reason`,`create_time`,`update_time`,`create_by`,`update_by`,`deleted`) VALUES(190,'BJ-2024191',145,141,105,112,101,NULL,'2',NULL,'2026-05-21 22:11:26',NULL,'PROC-1190',NULL,NULL,'2026-05-24 22:11:26','2026-05-11 22:11:26',1,1,0);
INSERT INTO `t_reception_record`(`id`,`apply_no`,`item_id`,`user_id`,`dept_id`,`window_id`,`operator_id`,`apply_type`,`status`,`urgency_type`,`accept_time`,`finish_time`,`process_instance_id`,`remark`,`reject_reason`,`create_time`,`update_time`,`create_by`,`update_by`,`deleted`) VALUES(191,'BJ-2024192',138,112,103,104,101,NULL,'2',NULL,'2026-05-30 22:11:26',NULL,'PROC-1191',NULL,NULL,'2026-06-16 22:11:26','2026-05-15 22:11:26',1,1,0);
INSERT INTO `t_reception_record`(`id`,`apply_no`,`item_id`,`user_id`,`dept_id`,`window_id`,`operator_id`,`apply_type`,`status`,`urgency_type`,`accept_time`,`finish_time`,`process_instance_id`,`remark`,`reject_reason`,`create_time`,`update_time`,`create_by`,`update_by`,`deleted`) VALUES(192,'BJ-2024193',104,111,102,111,101,NULL,'3',NULL,'2026-05-26 22:11:26','2026-06-24 22:11:26','PROC-1192',NULL,NULL,'2026-06-03 22:11:26','2026-06-25 22:11:26',1,1,0);
INSERT INTO `t_reception_record`(`id`,`apply_no`,`item_id`,`user_id`,`dept_id`,`window_id`,`operator_id`,`apply_type`,`status`,`urgency_type`,`accept_time`,`finish_time`,`process_instance_id`,`remark`,`reject_reason`,`create_time`,`update_time`,`create_by`,`update_by`,`deleted`) VALUES(193,'BJ-2024194',127,117,108,104,101,NULL,'3',NULL,'2026-06-19 22:11:26','2026-06-22 22:11:26','PROC-1193',NULL,NULL,'2026-05-21 22:11:26','2026-05-04 22:11:26',1,1,0);
INSERT INTO `t_reception_record`(`id`,`apply_no`,`item_id`,`user_id`,`dept_id`,`window_id`,`operator_id`,`apply_type`,`status`,`urgency_type`,`accept_time`,`finish_time`,`process_instance_id`,`remark`,`reject_reason`,`create_time`,`update_time`,`create_by`,`update_by`,`deleted`) VALUES(194,'BJ-2024195',116,100,105,102,101,NULL,'1',NULL,'2026-05-13 22:11:26',NULL,NULL,NULL,NULL,'2026-04-29 22:11:26','2026-06-18 22:11:26',1,1,0);
INSERT INTO `t_reception_record`(`id`,`apply_no`,`item_id`,`user_id`,`dept_id`,`window_id`,`operator_id`,`apply_type`,`status`,`urgency_type`,`accept_time`,`finish_time`,`process_instance_id`,`remark`,`reject_reason`,`create_time`,`update_time`,`create_by`,`update_by`,`deleted`) VALUES(195,'BJ-2024196',102,109,105,109,101,NULL,'2',NULL,'2026-06-24 22:11:26',NULL,'PROC-1195',NULL,NULL,'2026-05-09 22:11:26','2026-04-29 22:11:26',1,1,0);
INSERT INTO `t_reception_record`(`id`,`apply_no`,`item_id`,`user_id`,`dept_id`,`window_id`,`operator_id`,`apply_type`,`status`,`urgency_type`,`accept_time`,`finish_time`,`process_instance_id`,`remark`,`reject_reason`,`create_time`,`update_time`,`create_by`,`update_by`,`deleted`) VALUES(196,'BJ-2024197',140,139,104,107,101,NULL,'3',NULL,'2026-05-08 22:11:26','2026-06-09 22:11:26','PROC-1196',NULL,NULL,'2026-05-23 22:11:26','2026-06-05 22:11:26',1,1,0);
INSERT INTO `t_reception_record`(`id`,`apply_no`,`item_id`,`user_id`,`dept_id`,`window_id`,`operator_id`,`apply_type`,`status`,`urgency_type`,`accept_time`,`finish_time`,`process_instance_id`,`remark`,`reject_reason`,`create_time`,`update_time`,`create_by`,`update_by`,`deleted`) VALUES(197,'BJ-2024198',104,145,105,108,101,NULL,'4',NULL,'2026-06-13 22:11:26',NULL,'PROC-1197',NULL,NULL,'2026-05-25 22:11:26','2026-06-23 22:11:26',1,1,0);
INSERT INTO `t_reception_record`(`id`,`apply_no`,`item_id`,`user_id`,`dept_id`,`window_id`,`operator_id`,`apply_type`,`status`,`urgency_type`,`accept_time`,`finish_time`,`process_instance_id`,`remark`,`reject_reason`,`create_time`,`update_time`,`create_by`,`update_by`,`deleted`) VALUES(198,'BJ-2024199',132,110,106,103,101,NULL,'1',NULL,'2026-05-24 22:11:26',NULL,NULL,NULL,NULL,'2026-06-02 22:11:26','2026-06-22 22:11:26',1,1,0);
INSERT INTO `t_reception_record`(`id`,`apply_no`,`item_id`,`user_id`,`dept_id`,`window_id`,`operator_id`,`apply_type`,`status`,`urgency_type`,`accept_time`,`finish_time`,`process_instance_id`,`remark`,`reject_reason`,`create_time`,`update_time`,`create_by`,`update_by`,`deleted`) VALUES(199,'BJ-2024200',122,114,103,110,101,NULL,'3',NULL,'2026-06-06 22:11:26','2026-06-17 22:11:26','PROC-1199',NULL,NULL,'2026-06-04 22:11:26','2026-06-09 22:11:26',1,1,0);

USE `gov_reception`;
DELETE FROM `t_reception_queue` WHERE id >= 100;
INSERT INTO `t_reception_queue`(`id`,`queue_no`,`user_id`,`user_name`,`window_id`,`window_no`,`item_id`,`item_name`,`queue_time`,`call_time`,`call_by`,`finish_time`,`status`,`priority`,`create_time`,`update_time`,`create_by`,`update_by`,`deleted`) VALUES(200,'Q-20240001',113,'用户148',109,'W009',130,'事项135','2026-06-28 22:11:26',NULL,NULL,NULL,'0',0,'2026-06-25 22:11:26','2026-06-07 22:11:26',1,1,0);
INSERT INTO `t_reception_queue`(`id`,`queue_no`,`user_id`,`user_name`,`window_id`,`window_no`,`item_id`,`item_name`,`queue_time`,`call_time`,`call_by`,`finish_time`,`status`,`priority`,`create_time`,`update_time`,`create_by`,`update_by`,`deleted`) VALUES(201,'Q-20240002',122,'用户128',103,'W015',141,'事项139','2026-06-28 22:11:26',NULL,NULL,NULL,'0',0,'2026-05-29 22:11:26','2026-06-27 22:11:26',1,1,0);
INSERT INTO `t_reception_queue`(`id`,`queue_no`,`user_id`,`user_name`,`window_id`,`window_no`,`item_id`,`item_name`,`queue_time`,`call_time`,`call_by`,`finish_time`,`status`,`priority`,`create_time`,`update_time`,`create_by`,`update_by`,`deleted`) VALUES(202,'Q-20240003',143,'用户120',106,'W015',107,'事项124','2026-06-27 22:11:26',NULL,NULL,NULL,'0',0,'2026-06-11 22:11:26','2026-06-05 22:11:26',1,1,0);
INSERT INTO `t_reception_queue`(`id`,`queue_no`,`user_id`,`user_name`,`window_id`,`window_no`,`item_id`,`item_name`,`queue_time`,`call_time`,`call_by`,`finish_time`,`status`,`priority`,`create_time`,`update_time`,`create_by`,`update_by`,`deleted`) VALUES(203,'Q-20240004',118,'用户101',114,'W009',149,'事项123','2026-06-27 22:11:26',NULL,NULL,NULL,'1',0,'2026-06-13 22:11:26','2026-06-27 22:11:26',1,1,0);
INSERT INTO `t_reception_queue`(`id`,`queue_no`,`user_id`,`user_name`,`window_id`,`window_no`,`item_id`,`item_name`,`queue_time`,`call_time`,`call_by`,`finish_time`,`status`,`priority`,`create_time`,`update_time`,`create_by`,`update_by`,`deleted`) VALUES(204,'Q-20240005',118,'用户141',103,'W006',132,'事项105','2026-06-28 22:11:26',NULL,NULL,NULL,'1',0,'2026-06-23 22:11:26','2026-05-29 22:11:26',1,1,0);
INSERT INTO `t_reception_queue`(`id`,`queue_no`,`user_id`,`user_name`,`window_id`,`window_no`,`item_id`,`item_name`,`queue_time`,`call_time`,`call_by`,`finish_time`,`status`,`priority`,`create_time`,`update_time`,`create_by`,`update_by`,`deleted`) VALUES(205,'Q-20240006',149,'用户134',108,'W001',140,'事项104','2026-06-28 22:11:26',NULL,NULL,NULL,'2',0,'2026-06-07 22:11:26','2026-06-08 22:11:26',1,1,0);
INSERT INTO `t_reception_queue`(`id`,`queue_no`,`user_id`,`user_name`,`window_id`,`window_no`,`item_id`,`item_name`,`queue_time`,`call_time`,`call_by`,`finish_time`,`status`,`priority`,`create_time`,`update_time`,`create_by`,`update_by`,`deleted`) VALUES(206,'Q-20240007',149,'用户113',113,'W011',127,'事项106','2026-06-28 22:11:26',NULL,NULL,NULL,'0',0,'2026-06-11 22:11:26','2026-06-02 22:11:26',1,1,0);
INSERT INTO `t_reception_queue`(`id`,`queue_no`,`user_id`,`user_name`,`window_id`,`window_no`,`item_id`,`item_name`,`queue_time`,`call_time`,`call_by`,`finish_time`,`status`,`priority`,`create_time`,`update_time`,`create_by`,`update_by`,`deleted`) VALUES(207,'Q-20240008',144,'用户147',112,'W007',141,'事项104','2026-06-28 22:11:26',NULL,NULL,NULL,'0',0,'2026-06-28 22:11:26','2026-06-14 22:11:26',1,1,0);
INSERT INTO `t_reception_queue`(`id`,`queue_no`,`user_id`,`user_name`,`window_id`,`window_no`,`item_id`,`item_name`,`queue_time`,`call_time`,`call_by`,`finish_time`,`status`,`priority`,`create_time`,`update_time`,`create_by`,`update_by`,`deleted`) VALUES(208,'Q-20240009',145,'用户121',100,'W002',104,'事项103','2026-06-28 22:11:26',NULL,NULL,NULL,'0',0,'2026-06-03 22:11:26','2026-06-20 22:11:26',1,1,0);
INSERT INTO `t_reception_queue`(`id`,`queue_no`,`user_id`,`user_name`,`window_id`,`window_no`,`item_id`,`item_name`,`queue_time`,`call_time`,`call_by`,`finish_time`,`status`,`priority`,`create_time`,`update_time`,`create_by`,`update_by`,`deleted`) VALUES(209,'Q-20240010',135,'用户104',109,'W014',114,'事项116','2026-06-27 22:11:26',NULL,NULL,NULL,'1',0,'2026-06-16 22:11:26','2026-06-14 22:11:26',1,1,0);
INSERT INTO `t_reception_queue`(`id`,`queue_no`,`user_id`,`user_name`,`window_id`,`window_no`,`item_id`,`item_name`,`queue_time`,`call_time`,`call_by`,`finish_time`,`status`,`priority`,`create_time`,`update_time`,`create_by`,`update_by`,`deleted`) VALUES(210,'Q-20240011',140,'用户125',106,'W006',101,'事项124','2026-06-28 22:11:26',NULL,NULL,NULL,'1',0,'2026-06-11 22:11:26','2026-06-28 22:11:26',1,1,0);
INSERT INTO `t_reception_queue`(`id`,`queue_no`,`user_id`,`user_name`,`window_id`,`window_no`,`item_id`,`item_name`,`queue_time`,`call_time`,`call_by`,`finish_time`,`status`,`priority`,`create_time`,`update_time`,`create_by`,`update_by`,`deleted`) VALUES(211,'Q-20240012',141,'用户146',109,'W002',148,'事项147','2026-06-28 22:11:26',NULL,NULL,NULL,'2',0,'2026-06-06 22:11:26','2026-06-01 22:11:26',1,1,0);
INSERT INTO `t_reception_queue`(`id`,`queue_no`,`user_id`,`user_name`,`window_id`,`window_no`,`item_id`,`item_name`,`queue_time`,`call_time`,`call_by`,`finish_time`,`status`,`priority`,`create_time`,`update_time`,`create_by`,`update_by`,`deleted`) VALUES(212,'Q-20240013',104,'用户122',114,'W009',106,'事项118','2026-06-27 22:11:26',NULL,NULL,NULL,'0',0,'2026-06-09 22:11:26','2026-06-26 22:11:26',1,1,0);
INSERT INTO `t_reception_queue`(`id`,`queue_no`,`user_id`,`user_name`,`window_id`,`window_no`,`item_id`,`item_name`,`queue_time`,`call_time`,`call_by`,`finish_time`,`status`,`priority`,`create_time`,`update_time`,`create_by`,`update_by`,`deleted`) VALUES(213,'Q-20240014',118,'用户148',114,'W008',124,'事项125','2026-06-28 22:11:26',NULL,NULL,NULL,'0',0,'2026-06-13 22:11:26','2026-06-23 22:11:26',1,1,0);
INSERT INTO `t_reception_queue`(`id`,`queue_no`,`user_id`,`user_name`,`window_id`,`window_no`,`item_id`,`item_name`,`queue_time`,`call_time`,`call_by`,`finish_time`,`status`,`priority`,`create_time`,`update_time`,`create_by`,`update_by`,`deleted`) VALUES(214,'Q-20240015',134,'用户114',102,'W012',125,'事项134','2026-06-27 22:11:26',NULL,NULL,NULL,'0',0,'2026-05-29 22:11:26','2026-06-08 22:11:26',1,1,0);
INSERT INTO `t_reception_queue`(`id`,`queue_no`,`user_id`,`user_name`,`window_id`,`window_no`,`item_id`,`item_name`,`queue_time`,`call_time`,`call_by`,`finish_time`,`status`,`priority`,`create_time`,`update_time`,`create_by`,`update_by`,`deleted`) VALUES(215,'Q-20240016',109,'用户119',110,'W015',146,'事项141','2026-06-27 22:11:26',NULL,NULL,NULL,'1',0,'2026-05-29 22:11:26','2026-05-29 22:11:26',1,1,0);
INSERT INTO `t_reception_queue`(`id`,`queue_no`,`user_id`,`user_name`,`window_id`,`window_no`,`item_id`,`item_name`,`queue_time`,`call_time`,`call_by`,`finish_time`,`status`,`priority`,`create_time`,`update_time`,`create_by`,`update_by`,`deleted`) VALUES(216,'Q-20240017',100,'用户135',113,'W009',109,'事项107','2026-06-28 22:11:26',NULL,NULL,NULL,'1',0,'2026-06-28 22:11:26','2026-06-10 22:11:26',1,1,0);
INSERT INTO `t_reception_queue`(`id`,`queue_no`,`user_id`,`user_name`,`window_id`,`window_no`,`item_id`,`item_name`,`queue_time`,`call_time`,`call_by`,`finish_time`,`status`,`priority`,`create_time`,`update_time`,`create_by`,`update_by`,`deleted`) VALUES(217,'Q-20240018',138,'用户125',108,'W009',105,'事项119','2026-06-28 22:11:26',NULL,NULL,NULL,'2',0,'2026-06-05 22:11:26','2026-06-05 22:11:26',1,1,0);
INSERT INTO `t_reception_queue`(`id`,`queue_no`,`user_id`,`user_name`,`window_id`,`window_no`,`item_id`,`item_name`,`queue_time`,`call_time`,`call_by`,`finish_time`,`status`,`priority`,`create_time`,`update_time`,`create_by`,`update_by`,`deleted`) VALUES(218,'Q-20240019',146,'用户122',103,'W007',141,'事项132','2026-06-28 22:11:26',NULL,NULL,NULL,'0',0,'2026-06-23 22:11:26','2026-06-23 22:11:26',1,1,0);
INSERT INTO `t_reception_queue`(`id`,`queue_no`,`user_id`,`user_name`,`window_id`,`window_no`,`item_id`,`item_name`,`queue_time`,`call_time`,`call_by`,`finish_time`,`status`,`priority`,`create_time`,`update_time`,`create_by`,`update_by`,`deleted`) VALUES(219,'Q-20240020',114,'用户139',113,'W005',112,'事项107','2026-06-28 22:11:26',NULL,NULL,NULL,'0',0,'2026-06-07 22:11:26','2026-06-03 22:11:26',1,1,0);
INSERT INTO `t_reception_queue`(`id`,`queue_no`,`user_id`,`user_name`,`window_id`,`window_no`,`item_id`,`item_name`,`queue_time`,`call_time`,`call_by`,`finish_time`,`status`,`priority`,`create_time`,`update_time`,`create_by`,`update_by`,`deleted`) VALUES(220,'Q-20240021',136,'用户103',113,'W013',135,'事项129','2026-06-28 22:11:26',NULL,NULL,NULL,'0',0,'2026-06-19 22:11:26','2026-06-07 22:11:26',1,1,0);
INSERT INTO `t_reception_queue`(`id`,`queue_no`,`user_id`,`user_name`,`window_id`,`window_no`,`item_id`,`item_name`,`queue_time`,`call_time`,`call_by`,`finish_time`,`status`,`priority`,`create_time`,`update_time`,`create_by`,`update_by`,`deleted`) VALUES(221,'Q-20240022',104,'用户116',101,'W004',146,'事项137','2026-06-27 22:11:26',NULL,NULL,NULL,'1',0,'2026-05-29 22:11:26','2026-06-18 22:11:26',1,1,0);
INSERT INTO `t_reception_queue`(`id`,`queue_no`,`user_id`,`user_name`,`window_id`,`window_no`,`item_id`,`item_name`,`queue_time`,`call_time`,`call_by`,`finish_time`,`status`,`priority`,`create_time`,`update_time`,`create_by`,`update_by`,`deleted`) VALUES(222,'Q-20240023',122,'用户108',110,'W011',115,'事项106','2026-06-27 22:11:26',NULL,NULL,NULL,'1',0,'2026-06-09 22:11:26','2026-06-26 22:11:26',1,1,0);
INSERT INTO `t_reception_queue`(`id`,`queue_no`,`user_id`,`user_name`,`window_id`,`window_no`,`item_id`,`item_name`,`queue_time`,`call_time`,`call_by`,`finish_time`,`status`,`priority`,`create_time`,`update_time`,`create_by`,`update_by`,`deleted`) VALUES(223,'Q-20240024',112,'用户120',107,'W008',121,'事项139','2026-06-27 22:11:26',NULL,NULL,NULL,'2',0,'2026-06-06 22:11:26','2026-06-10 22:11:26',1,1,0);
INSERT INTO `t_reception_queue`(`id`,`queue_no`,`user_id`,`user_name`,`window_id`,`window_no`,`item_id`,`item_name`,`queue_time`,`call_time`,`call_by`,`finish_time`,`status`,`priority`,`create_time`,`update_time`,`create_by`,`update_by`,`deleted`) VALUES(224,'Q-20240025',109,'用户136',109,'W006',120,'事项127','2026-06-28 22:11:26',NULL,NULL,NULL,'0',0,'2026-06-28 22:11:26','2026-06-18 22:11:26',1,1,0);
INSERT INTO `t_reception_queue`(`id`,`queue_no`,`user_id`,`user_name`,`window_id`,`window_no`,`item_id`,`item_name`,`queue_time`,`call_time`,`call_by`,`finish_time`,`status`,`priority`,`create_time`,`update_time`,`create_by`,`update_by`,`deleted`) VALUES(225,'Q-20240026',115,'用户114',111,'W012',141,'事项127','2026-06-27 22:11:26',NULL,NULL,NULL,'0',0,'2026-06-02 22:11:26','2026-06-17 22:11:26',1,1,0);
INSERT INTO `t_reception_queue`(`id`,`queue_no`,`user_id`,`user_name`,`window_id`,`window_no`,`item_id`,`item_name`,`queue_time`,`call_time`,`call_by`,`finish_time`,`status`,`priority`,`create_time`,`update_time`,`create_by`,`update_by`,`deleted`) VALUES(226,'Q-20240027',108,'用户143',111,'W006',130,'事项129','2026-06-27 22:11:26',NULL,NULL,NULL,'0',0,'2026-06-17 22:11:26','2026-06-04 22:11:26',1,1,0);
INSERT INTO `t_reception_queue`(`id`,`queue_no`,`user_id`,`user_name`,`window_id`,`window_no`,`item_id`,`item_name`,`queue_time`,`call_time`,`call_by`,`finish_time`,`status`,`priority`,`create_time`,`update_time`,`create_by`,`update_by`,`deleted`) VALUES(227,'Q-20240028',119,'用户131',108,'W002',111,'事项141','2026-06-28 22:11:26',NULL,NULL,NULL,'1',0,'2026-06-02 22:11:26','2026-06-20 22:11:26',1,1,0);
INSERT INTO `t_reception_queue`(`id`,`queue_no`,`user_id`,`user_name`,`window_id`,`window_no`,`item_id`,`item_name`,`queue_time`,`call_time`,`call_by`,`finish_time`,`status`,`priority`,`create_time`,`update_time`,`create_by`,`update_by`,`deleted`) VALUES(228,'Q-20240029',108,'用户134',103,'W005',146,'事项140','2026-06-28 22:11:26',NULL,NULL,NULL,'1',0,'2026-06-05 22:11:26','2026-06-26 22:11:26',1,1,0);
INSERT INTO `t_reception_queue`(`id`,`queue_no`,`user_id`,`user_name`,`window_id`,`window_no`,`item_id`,`item_name`,`queue_time`,`call_time`,`call_by`,`finish_time`,`status`,`priority`,`create_time`,`update_time`,`create_by`,`update_by`,`deleted`) VALUES(229,'Q-20240030',101,'用户132',110,'W001',137,'事项137','2026-06-27 22:11:26',NULL,NULL,NULL,'2',0,'2026-06-04 22:11:26','2026-06-10 22:11:26',1,1,0);

USE `gov_reception`;
DELETE FROM `t_reception_material` WHERE id >= 100;
INSERT INTO `t_reception_material`(`id`,`record_id`,`material_id`,`material_name`,`material_type`,`file_url`,`file_size`,`file_type`,`is_required`,`file_name`,`verify_status`,`verify_time`,`verify_by`,`verify_remark`,`create_time`,`update_time`,`create_by`,`update_by`,`deleted`) VALUES(300,103,183,'材料300','document',NULL,NULL,NULL,NULL,NULL,'1','2026-06-26 22:11:26',101,'通过','2026-06-04 22:11:26','2026-06-02 22:11:26',1,1,0);
INSERT INTO `t_reception_material`(`id`,`record_id`,`material_id`,`material_name`,`material_type`,`file_url`,`file_size`,`file_type`,`is_required`,`file_name`,`verify_status`,`verify_time`,`verify_by`,`verify_remark`,`create_time`,`update_time`,`create_by`,`update_by`,`deleted`) VALUES(301,103,214,'材料301','document',NULL,NULL,NULL,NULL,NULL,'0',NULL,NULL,NULL,'2026-05-09 22:11:26','2026-05-21 22:11:26',1,1,0);
INSERT INTO `t_reception_material`(`id`,`record_id`,`material_id`,`material_name`,`material_type`,`file_url`,`file_size`,`file_type`,`is_required`,`file_name`,`verify_status`,`verify_time`,`verify_by`,`verify_remark`,`create_time`,`update_time`,`create_by`,`update_by`,`deleted`) VALUES(302,103,117,'材料302','document',NULL,NULL,NULL,NULL,NULL,'1','2026-06-24 22:11:26',101,'通过','2026-05-26 22:11:26','2026-05-26 22:11:26',1,1,0);
INSERT INTO `t_reception_material`(`id`,`record_id`,`material_id`,`material_name`,`material_type`,`file_url`,`file_size`,`file_type`,`is_required`,`file_name`,`verify_status`,`verify_time`,`verify_by`,`verify_remark`,`create_time`,`update_time`,`create_by`,`update_by`,`deleted`) VALUES(303,105,208,'材料303','document',NULL,NULL,NULL,NULL,NULL,'0',NULL,NULL,NULL,'2026-05-07 22:11:26','2026-05-19 22:11:26',1,1,0);
INSERT INTO `t_reception_material`(`id`,`record_id`,`material_id`,`material_name`,`material_type`,`file_url`,`file_size`,`file_type`,`is_required`,`file_name`,`verify_status`,`verify_time`,`verify_by`,`verify_remark`,`create_time`,`update_time`,`create_by`,`update_by`,`deleted`) VALUES(304,106,157,'材料304','document',NULL,NULL,NULL,NULL,NULL,'0',NULL,NULL,NULL,'2026-06-17 22:11:26','2026-06-16 22:11:26',1,1,0);
INSERT INTO `t_reception_material`(`id`,`record_id`,`material_id`,`material_name`,`material_type`,`file_url`,`file_size`,`file_type`,`is_required`,`file_name`,`verify_status`,`verify_time`,`verify_by`,`verify_remark`,`create_time`,`update_time`,`create_by`,`update_by`,`deleted`) VALUES(305,106,194,'材料305','document',NULL,NULL,NULL,NULL,NULL,'0',NULL,NULL,NULL,'2026-05-12 22:11:26','2026-05-28 22:11:26',1,1,0);
INSERT INTO `t_reception_material`(`id`,`record_id`,`material_id`,`material_name`,`material_type`,`file_url`,`file_size`,`file_type`,`is_required`,`file_name`,`verify_status`,`verify_time`,`verify_by`,`verify_remark`,`create_time`,`update_time`,`create_by`,`update_by`,`deleted`) VALUES(306,106,105,'材料306','document',NULL,NULL,NULL,NULL,NULL,'1','2026-06-26 22:11:26',101,'通过','2026-05-10 22:11:26','2026-05-27 22:11:26',1,1,0);
INSERT INTO `t_reception_material`(`id`,`record_id`,`material_id`,`material_name`,`material_type`,`file_url`,`file_size`,`file_type`,`is_required`,`file_name`,`verify_status`,`verify_time`,`verify_by`,`verify_remark`,`create_time`,`update_time`,`create_by`,`update_by`,`deleted`) VALUES(307,110,149,'材料307','document',NULL,NULL,NULL,NULL,NULL,'1','2026-06-24 22:11:26',101,'通过','2026-04-30 22:11:26','2026-05-29 22:11:26',1,1,0);
INSERT INTO `t_reception_material`(`id`,`record_id`,`material_id`,`material_name`,`material_type`,`file_url`,`file_size`,`file_type`,`is_required`,`file_name`,`verify_status`,`verify_time`,`verify_by`,`verify_remark`,`create_time`,`update_time`,`create_by`,`update_by`,`deleted`) VALUES(308,110,105,'材料308','document',NULL,NULL,NULL,NULL,NULL,'0',NULL,NULL,NULL,'2026-05-17 22:11:26','2026-06-07 22:11:26',1,1,0);
INSERT INTO `t_reception_material`(`id`,`record_id`,`material_id`,`material_name`,`material_type`,`file_url`,`file_size`,`file_type`,`is_required`,`file_name`,`verify_status`,`verify_time`,`verify_by`,`verify_remark`,`create_time`,`update_time`,`create_by`,`update_by`,`deleted`) VALUES(309,110,190,'材料309','document',NULL,NULL,NULL,NULL,NULL,'0',NULL,NULL,NULL,'2026-05-25 22:11:26','2026-05-18 22:11:26',1,1,0);
INSERT INTO `t_reception_material`(`id`,`record_id`,`material_id`,`material_name`,`material_type`,`file_url`,`file_size`,`file_type`,`is_required`,`file_name`,`verify_status`,`verify_time`,`verify_by`,`verify_remark`,`create_time`,`update_time`,`create_by`,`update_by`,`deleted`) VALUES(310,111,174,'材料310','document',NULL,NULL,NULL,NULL,NULL,'1','2026-06-23 22:11:26',101,'通过','2026-05-22 22:11:26','2026-06-16 22:11:26',1,1,0);
INSERT INTO `t_reception_material`(`id`,`record_id`,`material_id`,`material_name`,`material_type`,`file_url`,`file_size`,`file_type`,`is_required`,`file_name`,`verify_status`,`verify_time`,`verify_by`,`verify_remark`,`create_time`,`update_time`,`create_by`,`update_by`,`deleted`) VALUES(311,111,183,'材料311','document',NULL,NULL,NULL,NULL,NULL,'1','2026-06-24 22:11:26',101,'通过','2026-06-04 22:11:26','2026-05-21 22:11:26',1,1,0);
INSERT INTO `t_reception_material`(`id`,`record_id`,`material_id`,`material_name`,`material_type`,`file_url`,`file_size`,`file_type`,`is_required`,`file_name`,`verify_status`,`verify_time`,`verify_by`,`verify_remark`,`create_time`,`update_time`,`create_by`,`update_by`,`deleted`) VALUES(312,111,166,'材料312','document',NULL,NULL,NULL,NULL,NULL,'0',NULL,NULL,NULL,'2026-06-11 22:11:26','2026-06-03 22:11:26',1,1,0);
INSERT INTO `t_reception_material`(`id`,`record_id`,`material_id`,`material_name`,`material_type`,`file_url`,`file_size`,`file_type`,`is_required`,`file_name`,`verify_status`,`verify_time`,`verify_by`,`verify_remark`,`create_time`,`update_time`,`create_by`,`update_by`,`deleted`) VALUES(313,112,145,'材料313','document',NULL,NULL,NULL,NULL,NULL,'1','2026-06-25 22:11:26',101,'通过','2026-05-27 22:11:26','2026-05-08 22:11:26',1,1,0);
INSERT INTO `t_reception_material`(`id`,`record_id`,`material_id`,`material_name`,`material_type`,`file_url`,`file_size`,`file_type`,`is_required`,`file_name`,`verify_status`,`verify_time`,`verify_by`,`verify_remark`,`create_time`,`update_time`,`create_by`,`update_by`,`deleted`) VALUES(314,113,164,'材料314','document',NULL,NULL,NULL,NULL,NULL,'0',NULL,NULL,NULL,'2026-05-02 22:11:26','2026-06-19 22:11:26',1,1,0);
INSERT INTO `t_reception_material`(`id`,`record_id`,`material_id`,`material_name`,`material_type`,`file_url`,`file_size`,`file_type`,`is_required`,`file_name`,`verify_status`,`verify_time`,`verify_by`,`verify_remark`,`create_time`,`update_time`,`create_by`,`update_by`,`deleted`) VALUES(315,113,121,'材料315','document',NULL,NULL,NULL,NULL,NULL,'1','2026-06-26 22:11:26',101,'通过','2026-06-23 22:11:26','2026-05-26 22:11:26',1,1,0);
INSERT INTO `t_reception_material`(`id`,`record_id`,`material_id`,`material_name`,`material_type`,`file_url`,`file_size`,`file_type`,`is_required`,`file_name`,`verify_status`,`verify_time`,`verify_by`,`verify_remark`,`create_time`,`update_time`,`create_by`,`update_by`,`deleted`) VALUES(316,113,127,'材料316','document',NULL,NULL,NULL,NULL,NULL,'1','2026-06-26 22:11:26',101,'通过','2026-06-16 22:11:26','2026-06-17 22:11:26',1,1,0);
INSERT INTO `t_reception_material`(`id`,`record_id`,`material_id`,`material_name`,`material_type`,`file_url`,`file_size`,`file_type`,`is_required`,`file_name`,`verify_status`,`verify_time`,`verify_by`,`verify_remark`,`create_time`,`update_time`,`create_by`,`update_by`,`deleted`) VALUES(317,114,184,'材料317','document',NULL,NULL,NULL,NULL,NULL,'0',NULL,NULL,NULL,'2026-06-13 22:11:26','2026-06-01 22:11:26',1,1,0);
INSERT INTO `t_reception_material`(`id`,`record_id`,`material_id`,`material_name`,`material_type`,`file_url`,`file_size`,`file_type`,`is_required`,`file_name`,`verify_status`,`verify_time`,`verify_by`,`verify_remark`,`create_time`,`update_time`,`create_by`,`update_by`,`deleted`) VALUES(318,114,192,'材料318','document',NULL,NULL,NULL,NULL,NULL,'1','2026-06-27 22:11:26',101,'通过','2026-05-28 22:11:26','2026-05-15 22:11:26',1,1,0);
INSERT INTO `t_reception_material`(`id`,`record_id`,`material_id`,`material_name`,`material_type`,`file_url`,`file_size`,`file_type`,`is_required`,`file_name`,`verify_status`,`verify_time`,`verify_by`,`verify_remark`,`create_time`,`update_time`,`create_by`,`update_by`,`deleted`) VALUES(319,114,161,'材料319','document',NULL,NULL,NULL,NULL,NULL,'1','2026-06-26 22:11:26',101,'通过','2026-05-21 22:11:26','2026-06-17 22:11:26',1,1,0);
INSERT INTO `t_reception_material`(`id`,`record_id`,`material_id`,`material_name`,`material_type`,`file_url`,`file_size`,`file_type`,`is_required`,`file_name`,`verify_status`,`verify_time`,`verify_by`,`verify_remark`,`create_time`,`update_time`,`create_by`,`update_by`,`deleted`) VALUES(320,115,131,'材料320','document',NULL,NULL,NULL,NULL,NULL,'0',NULL,NULL,NULL,'2026-06-25 22:11:26','2026-06-19 22:11:26',1,1,0);
INSERT INTO `t_reception_material`(`id`,`record_id`,`material_id`,`material_name`,`material_type`,`file_url`,`file_size`,`file_type`,`is_required`,`file_name`,`verify_status`,`verify_time`,`verify_by`,`verify_remark`,`create_time`,`update_time`,`create_by`,`update_by`,`deleted`) VALUES(321,115,117,'材料321','document',NULL,NULL,NULL,NULL,NULL,'0',NULL,NULL,NULL,'2026-05-18 22:11:26','2026-05-26 22:11:26',1,1,0);
INSERT INTO `t_reception_material`(`id`,`record_id`,`material_id`,`material_name`,`material_type`,`file_url`,`file_size`,`file_type`,`is_required`,`file_name`,`verify_status`,`verify_time`,`verify_by`,`verify_remark`,`create_time`,`update_time`,`create_by`,`update_by`,`deleted`) VALUES(322,117,133,'材料322','document',NULL,NULL,NULL,NULL,NULL,'0',NULL,NULL,NULL,'2026-04-29 22:11:26','2026-06-16 22:11:26',1,1,0);
INSERT INTO `t_reception_material`(`id`,`record_id`,`material_id`,`material_name`,`material_type`,`file_url`,`file_size`,`file_type`,`is_required`,`file_name`,`verify_status`,`verify_time`,`verify_by`,`verify_remark`,`create_time`,`update_time`,`create_by`,`update_by`,`deleted`) VALUES(323,118,212,'材料323','document',NULL,NULL,NULL,NULL,NULL,'0',NULL,NULL,NULL,'2026-05-12 22:11:26','2026-05-12 22:11:26',1,1,0);
INSERT INTO `t_reception_material`(`id`,`record_id`,`material_id`,`material_name`,`material_type`,`file_url`,`file_size`,`file_type`,`is_required`,`file_name`,`verify_status`,`verify_time`,`verify_by`,`verify_remark`,`create_time`,`update_time`,`create_by`,`update_by`,`deleted`) VALUES(324,118,110,'材料324','document',NULL,NULL,NULL,NULL,NULL,'1','2026-06-26 22:11:26',101,'通过','2026-05-30 22:11:26','2026-05-20 22:11:26',1,1,0);
INSERT INTO `t_reception_material`(`id`,`record_id`,`material_id`,`material_name`,`material_type`,`file_url`,`file_size`,`file_type`,`is_required`,`file_name`,`verify_status`,`verify_time`,`verify_by`,`verify_remark`,`create_time`,`update_time`,`create_by`,`update_by`,`deleted`) VALUES(325,119,128,'材料325','document',NULL,NULL,NULL,NULL,NULL,'0',NULL,NULL,NULL,'2026-05-05 22:11:26','2026-06-01 22:11:26',1,1,0);
INSERT INTO `t_reception_material`(`id`,`record_id`,`material_id`,`material_name`,`material_type`,`file_url`,`file_size`,`file_type`,`is_required`,`file_name`,`verify_status`,`verify_time`,`verify_by`,`verify_remark`,`create_time`,`update_time`,`create_by`,`update_by`,`deleted`) VALUES(326,119,201,'材料326','document',NULL,NULL,NULL,NULL,NULL,'0',NULL,NULL,NULL,'2026-05-21 22:11:26','2026-05-06 22:11:26',1,1,0);
INSERT INTO `t_reception_material`(`id`,`record_id`,`material_id`,`material_name`,`material_type`,`file_url`,`file_size`,`file_type`,`is_required`,`file_name`,`verify_status`,`verify_time`,`verify_by`,`verify_remark`,`create_time`,`update_time`,`create_by`,`update_by`,`deleted`) VALUES(327,120,121,'材料327','document',NULL,NULL,NULL,NULL,NULL,'1','2026-06-25 22:11:26',101,'通过','2026-04-29 22:11:26','2026-05-29 22:11:26',1,1,0);
INSERT INTO `t_reception_material`(`id`,`record_id`,`material_id`,`material_name`,`material_type`,`file_url`,`file_size`,`file_type`,`is_required`,`file_name`,`verify_status`,`verify_time`,`verify_by`,`verify_remark`,`create_time`,`update_time`,`create_by`,`update_by`,`deleted`) VALUES(328,120,129,'材料328','document',NULL,NULL,NULL,NULL,NULL,'0',NULL,NULL,NULL,'2026-06-03 22:11:26','2026-06-03 22:11:26',1,1,0);
INSERT INTO `t_reception_material`(`id`,`record_id`,`material_id`,`material_name`,`material_type`,`file_url`,`file_size`,`file_type`,`is_required`,`file_name`,`verify_status`,`verify_time`,`verify_by`,`verify_remark`,`create_time`,`update_time`,`create_by`,`update_by`,`deleted`) VALUES(329,120,113,'材料329','document',NULL,NULL,NULL,NULL,NULL,'0',NULL,NULL,NULL,'2026-06-26 22:11:26','2026-06-15 22:11:26',1,1,0);
INSERT INTO `t_reception_material`(`id`,`record_id`,`material_id`,`material_name`,`material_type`,`file_url`,`file_size`,`file_type`,`is_required`,`file_name`,`verify_status`,`verify_time`,`verify_by`,`verify_remark`,`create_time`,`update_time`,`create_by`,`update_by`,`deleted`) VALUES(330,121,205,'材料330','document',NULL,NULL,NULL,NULL,NULL,'1','2026-06-26 22:11:26',101,'通过','2026-05-20 22:11:26','2026-06-21 22:11:26',1,1,0);
INSERT INTO `t_reception_material`(`id`,`record_id`,`material_id`,`material_name`,`material_type`,`file_url`,`file_size`,`file_type`,`is_required`,`file_name`,`verify_status`,`verify_time`,`verify_by`,`verify_remark`,`create_time`,`update_time`,`create_by`,`update_by`,`deleted`) VALUES(331,121,160,'材料331','document',NULL,NULL,NULL,NULL,NULL,'0',NULL,NULL,NULL,'2026-05-01 22:11:26','2026-05-19 22:11:26',1,1,0);
INSERT INTO `t_reception_material`(`id`,`record_id`,`material_id`,`material_name`,`material_type`,`file_url`,`file_size`,`file_type`,`is_required`,`file_name`,`verify_status`,`verify_time`,`verify_by`,`verify_remark`,`create_time`,`update_time`,`create_by`,`update_by`,`deleted`) VALUES(332,121,212,'材料332','document',NULL,NULL,NULL,NULL,NULL,'0',NULL,NULL,NULL,'2026-05-08 22:11:26','2026-05-24 22:11:26',1,1,0);
INSERT INTO `t_reception_material`(`id`,`record_id`,`material_id`,`material_name`,`material_type`,`file_url`,`file_size`,`file_type`,`is_required`,`file_name`,`verify_status`,`verify_time`,`verify_by`,`verify_remark`,`create_time`,`update_time`,`create_by`,`update_by`,`deleted`) VALUES(333,122,161,'材料333','document',NULL,NULL,NULL,NULL,NULL,'0',NULL,NULL,NULL,'2026-05-16 22:11:26','2026-06-19 22:11:26',1,1,0);
INSERT INTO `t_reception_material`(`id`,`record_id`,`material_id`,`material_name`,`material_type`,`file_url`,`file_size`,`file_type`,`is_required`,`file_name`,`verify_status`,`verify_time`,`verify_by`,`verify_remark`,`create_time`,`update_time`,`create_by`,`update_by`,`deleted`) VALUES(334,123,214,'材料334','document',NULL,NULL,NULL,NULL,NULL,'0',NULL,NULL,NULL,'2026-05-09 22:11:26','2026-05-15 22:11:26',1,1,0);
INSERT INTO `t_reception_material`(`id`,`record_id`,`material_id`,`material_name`,`material_type`,`file_url`,`file_size`,`file_type`,`is_required`,`file_name`,`verify_status`,`verify_time`,`verify_by`,`verify_remark`,`create_time`,`update_time`,`create_by`,`update_by`,`deleted`) VALUES(335,123,166,'材料335','document',NULL,NULL,NULL,NULL,NULL,'1','2026-06-24 22:11:26',101,'通过','2026-06-04 22:11:26','2026-05-03 22:11:26',1,1,0);
INSERT INTO `t_reception_material`(`id`,`record_id`,`material_id`,`material_name`,`material_type`,`file_url`,`file_size`,`file_type`,`is_required`,`file_name`,`verify_status`,`verify_time`,`verify_by`,`verify_remark`,`create_time`,`update_time`,`create_by`,`update_by`,`deleted`) VALUES(336,123,189,'材料336','document',NULL,NULL,NULL,NULL,NULL,'0',NULL,NULL,NULL,'2026-05-25 22:11:26','2026-05-31 22:11:26',1,1,0);
INSERT INTO `t_reception_material`(`id`,`record_id`,`material_id`,`material_name`,`material_type`,`file_url`,`file_size`,`file_type`,`is_required`,`file_name`,`verify_status`,`verify_time`,`verify_by`,`verify_remark`,`create_time`,`update_time`,`create_by`,`update_by`,`deleted`) VALUES(337,125,175,'材料337','document',NULL,NULL,NULL,NULL,NULL,'1','2026-06-23 22:11:26',101,'通过','2026-06-21 22:11:26','2026-05-31 22:11:26',1,1,0);
INSERT INTO `t_reception_material`(`id`,`record_id`,`material_id`,`material_name`,`material_type`,`file_url`,`file_size`,`file_type`,`is_required`,`file_name`,`verify_status`,`verify_time`,`verify_by`,`verify_remark`,`create_time`,`update_time`,`create_by`,`update_by`,`deleted`) VALUES(338,125,132,'材料338','document',NULL,NULL,NULL,NULL,NULL,'0',NULL,NULL,NULL,'2026-05-28 22:11:26','2026-05-09 22:11:26',1,1,0);
INSERT INTO `t_reception_material`(`id`,`record_id`,`material_id`,`material_name`,`material_type`,`file_url`,`file_size`,`file_type`,`is_required`,`file_name`,`verify_status`,`verify_time`,`verify_by`,`verify_remark`,`create_time`,`update_time`,`create_by`,`update_by`,`deleted`) VALUES(339,127,132,'材料339','document',NULL,NULL,NULL,NULL,NULL,'1','2026-06-26 22:11:26',101,'通过','2026-06-27 22:11:26','2026-05-13 22:11:26',1,1,0);
INSERT INTO `t_reception_material`(`id`,`record_id`,`material_id`,`material_name`,`material_type`,`file_url`,`file_size`,`file_type`,`is_required`,`file_name`,`verify_status`,`verify_time`,`verify_by`,`verify_remark`,`create_time`,`update_time`,`create_by`,`update_by`,`deleted`) VALUES(340,127,173,'材料340','document',NULL,NULL,NULL,NULL,NULL,'0',NULL,NULL,NULL,'2026-05-25 22:11:26','2026-06-20 22:11:26',1,1,0);
INSERT INTO `t_reception_material`(`id`,`record_id`,`material_id`,`material_name`,`material_type`,`file_url`,`file_size`,`file_type`,`is_required`,`file_name`,`verify_status`,`verify_time`,`verify_by`,`verify_remark`,`create_time`,`update_time`,`create_by`,`update_by`,`deleted`) VALUES(341,128,188,'材料341','document',NULL,NULL,NULL,NULL,NULL,'0',NULL,NULL,NULL,'2026-05-07 22:11:26','2026-06-07 22:11:26',1,1,0);
INSERT INTO `t_reception_material`(`id`,`record_id`,`material_id`,`material_name`,`material_type`,`file_url`,`file_size`,`file_type`,`is_required`,`file_name`,`verify_status`,`verify_time`,`verify_by`,`verify_remark`,`create_time`,`update_time`,`create_by`,`update_by`,`deleted`) VALUES(342,128,146,'材料342','document',NULL,NULL,NULL,NULL,NULL,'1','2026-06-27 22:11:26',101,'通过','2026-06-18 22:11:26','2026-05-31 22:11:26',1,1,0);
INSERT INTO `t_reception_material`(`id`,`record_id`,`material_id`,`material_name`,`material_type`,`file_url`,`file_size`,`file_type`,`is_required`,`file_name`,`verify_status`,`verify_time`,`verify_by`,`verify_remark`,`create_time`,`update_time`,`create_by`,`update_by`,`deleted`) VALUES(343,129,209,'材料343','document',NULL,NULL,NULL,NULL,NULL,'1','2026-06-23 22:11:26',101,'通过','2026-05-31 22:11:26','2026-05-22 22:11:26',1,1,0);
INSERT INTO `t_reception_material`(`id`,`record_id`,`material_id`,`material_name`,`material_type`,`file_url`,`file_size`,`file_type`,`is_required`,`file_name`,`verify_status`,`verify_time`,`verify_by`,`verify_remark`,`create_time`,`update_time`,`create_by`,`update_by`,`deleted`) VALUES(344,129,178,'材料344','document',NULL,NULL,NULL,NULL,NULL,'1','2026-06-25 22:11:26',101,'通过','2026-05-15 22:11:26','2026-06-02 22:11:26',1,1,0);
INSERT INTO `t_reception_material`(`id`,`record_id`,`material_id`,`material_name`,`material_type`,`file_url`,`file_size`,`file_type`,`is_required`,`file_name`,`verify_status`,`verify_time`,`verify_by`,`verify_remark`,`create_time`,`update_time`,`create_by`,`update_by`,`deleted`) VALUES(345,130,122,'材料345','document',NULL,NULL,NULL,NULL,NULL,'1','2026-06-25 22:11:26',101,'通过','2026-05-23 22:11:26','2026-05-23 22:11:26',1,1,0);
INSERT INTO `t_reception_material`(`id`,`record_id`,`material_id`,`material_name`,`material_type`,`file_url`,`file_size`,`file_type`,`is_required`,`file_name`,`verify_status`,`verify_time`,`verify_by`,`verify_remark`,`create_time`,`update_time`,`create_by`,`update_by`,`deleted`) VALUES(346,130,132,'材料346','document',NULL,NULL,NULL,NULL,NULL,'1','2026-06-25 22:11:26',101,'通过','2026-05-22 22:11:26','2026-06-05 22:11:26',1,1,0);
INSERT INTO `t_reception_material`(`id`,`record_id`,`material_id`,`material_name`,`material_type`,`file_url`,`file_size`,`file_type`,`is_required`,`file_name`,`verify_status`,`verify_time`,`verify_by`,`verify_remark`,`create_time`,`update_time`,`create_by`,`update_by`,`deleted`) VALUES(347,131,209,'材料347','document',NULL,NULL,NULL,NULL,NULL,'0',NULL,NULL,NULL,'2026-05-03 22:11:26','2026-05-16 22:11:26',1,1,0);
INSERT INTO `t_reception_material`(`id`,`record_id`,`material_id`,`material_name`,`material_type`,`file_url`,`file_size`,`file_type`,`is_required`,`file_name`,`verify_status`,`verify_time`,`verify_by`,`verify_remark`,`create_time`,`update_time`,`create_by`,`update_by`,`deleted`) VALUES(348,131,195,'材料348','document',NULL,NULL,NULL,NULL,NULL,'0',NULL,NULL,NULL,'2026-06-13 22:11:26','2026-05-30 22:11:26',1,1,0);
INSERT INTO `t_reception_material`(`id`,`record_id`,`material_id`,`material_name`,`material_type`,`file_url`,`file_size`,`file_type`,`is_required`,`file_name`,`verify_status`,`verify_time`,`verify_by`,`verify_remark`,`create_time`,`update_time`,`create_by`,`update_by`,`deleted`) VALUES(349,132,127,'材料349','document',NULL,NULL,NULL,NULL,NULL,'0',NULL,NULL,NULL,'2026-05-26 22:11:26','2026-06-02 22:11:26',1,1,0);
INSERT INTO `t_reception_material`(`id`,`record_id`,`material_id`,`material_name`,`material_type`,`file_url`,`file_size`,`file_type`,`is_required`,`file_name`,`verify_status`,`verify_time`,`verify_by`,`verify_remark`,`create_time`,`update_time`,`create_by`,`update_by`,`deleted`) VALUES(350,133,120,'材料350','document',NULL,NULL,NULL,NULL,NULL,'0',NULL,NULL,NULL,'2026-06-03 22:11:26','2026-05-18 22:11:26',1,1,0);
INSERT INTO `t_reception_material`(`id`,`record_id`,`material_id`,`material_name`,`material_type`,`file_url`,`file_size`,`file_type`,`is_required`,`file_name`,`verify_status`,`verify_time`,`verify_by`,`verify_remark`,`create_time`,`update_time`,`create_by`,`update_by`,`deleted`) VALUES(351,133,202,'材料351','document',NULL,NULL,NULL,NULL,NULL,'0',NULL,NULL,NULL,'2026-06-22 22:11:26','2026-05-06 22:11:26',1,1,0);
INSERT INTO `t_reception_material`(`id`,`record_id`,`material_id`,`material_name`,`material_type`,`file_url`,`file_size`,`file_type`,`is_required`,`file_name`,`verify_status`,`verify_time`,`verify_by`,`verify_remark`,`create_time`,`update_time`,`create_by`,`update_by`,`deleted`) VALUES(352,133,160,'材料352','document',NULL,NULL,NULL,NULL,NULL,'0',NULL,NULL,NULL,'2026-04-29 22:11:26','2026-05-20 22:11:26',1,1,0);
INSERT INTO `t_reception_material`(`id`,`record_id`,`material_id`,`material_name`,`material_type`,`file_url`,`file_size`,`file_type`,`is_required`,`file_name`,`verify_status`,`verify_time`,`verify_by`,`verify_remark`,`create_time`,`update_time`,`create_by`,`update_by`,`deleted`) VALUES(353,134,128,'材料353','document',NULL,NULL,NULL,NULL,NULL,'1','2026-06-25 22:11:26',101,'通过','2026-06-22 22:11:26','2026-05-20 22:11:26',1,1,0);
INSERT INTO `t_reception_material`(`id`,`record_id`,`material_id`,`material_name`,`material_type`,`file_url`,`file_size`,`file_type`,`is_required`,`file_name`,`verify_status`,`verify_time`,`verify_by`,`verify_remark`,`create_time`,`update_time`,`create_by`,`update_by`,`deleted`) VALUES(354,136,191,'材料354','document',NULL,NULL,NULL,NULL,NULL,'1','2026-06-23 22:11:26',101,'通过','2026-06-24 22:11:26','2026-05-09 22:11:26',1,1,0);
INSERT INTO `t_reception_material`(`id`,`record_id`,`material_id`,`material_name`,`material_type`,`file_url`,`file_size`,`file_type`,`is_required`,`file_name`,`verify_status`,`verify_time`,`verify_by`,`verify_remark`,`create_time`,`update_time`,`create_by`,`update_by`,`deleted`) VALUES(355,136,181,'材料355','document',NULL,NULL,NULL,NULL,NULL,'0',NULL,NULL,NULL,'2026-05-27 22:11:26','2026-05-30 22:11:26',1,1,0);
INSERT INTO `t_reception_material`(`id`,`record_id`,`material_id`,`material_name`,`material_type`,`file_url`,`file_size`,`file_type`,`is_required`,`file_name`,`verify_status`,`verify_time`,`verify_by`,`verify_remark`,`create_time`,`update_time`,`create_by`,`update_by`,`deleted`) VALUES(356,138,124,'材料356','document',NULL,NULL,NULL,NULL,NULL,'1','2026-06-27 22:11:26',101,'通过','2026-05-08 22:11:26','2026-05-20 22:11:26',1,1,0);
INSERT INTO `t_reception_material`(`id`,`record_id`,`material_id`,`material_name`,`material_type`,`file_url`,`file_size`,`file_type`,`is_required`,`file_name`,`verify_status`,`verify_time`,`verify_by`,`verify_remark`,`create_time`,`update_time`,`create_by`,`update_by`,`deleted`) VALUES(357,138,178,'材料357','document',NULL,NULL,NULL,NULL,NULL,'0',NULL,NULL,NULL,'2026-06-17 22:11:26','2026-05-15 22:11:26',1,1,0);
INSERT INTO `t_reception_material`(`id`,`record_id`,`material_id`,`material_name`,`material_type`,`file_url`,`file_size`,`file_type`,`is_required`,`file_name`,`verify_status`,`verify_time`,`verify_by`,`verify_remark`,`create_time`,`update_time`,`create_by`,`update_by`,`deleted`) VALUES(358,138,146,'材料358','document',NULL,NULL,NULL,NULL,NULL,'0',NULL,NULL,NULL,'2026-06-12 22:11:26','2026-05-17 22:11:26',1,1,0);
INSERT INTO `t_reception_material`(`id`,`record_id`,`material_id`,`material_name`,`material_type`,`file_url`,`file_size`,`file_type`,`is_required`,`file_name`,`verify_status`,`verify_time`,`verify_by`,`verify_remark`,`create_time`,`update_time`,`create_by`,`update_by`,`deleted`) VALUES(359,141,185,'材料359','document',NULL,NULL,NULL,NULL,NULL,'1','2026-06-24 22:11:26',101,'通过','2026-06-02 22:11:26','2026-05-21 22:11:26',1,1,0);
INSERT INTO `t_reception_material`(`id`,`record_id`,`material_id`,`material_name`,`material_type`,`file_url`,`file_size`,`file_type`,`is_required`,`file_name`,`verify_status`,`verify_time`,`verify_by`,`verify_remark`,`create_time`,`update_time`,`create_by`,`update_by`,`deleted`) VALUES(360,141,166,'材料360','document',NULL,NULL,NULL,NULL,NULL,'0',NULL,NULL,NULL,'2026-06-27 22:11:26','2026-05-11 22:11:26',1,1,0);
INSERT INTO `t_reception_material`(`id`,`record_id`,`material_id`,`material_name`,`material_type`,`file_url`,`file_size`,`file_type`,`is_required`,`file_name`,`verify_status`,`verify_time`,`verify_by`,`verify_remark`,`create_time`,`update_time`,`create_by`,`update_by`,`deleted`) VALUES(361,142,192,'材料361','document',NULL,NULL,NULL,NULL,NULL,'1','2026-06-23 22:11:26',101,'通过','2026-04-30 22:11:26','2026-05-21 22:11:26',1,1,0);
INSERT INTO `t_reception_material`(`id`,`record_id`,`material_id`,`material_name`,`material_type`,`file_url`,`file_size`,`file_type`,`is_required`,`file_name`,`verify_status`,`verify_time`,`verify_by`,`verify_remark`,`create_time`,`update_time`,`create_by`,`update_by`,`deleted`) VALUES(362,143,177,'材料362','document',NULL,NULL,NULL,NULL,NULL,'0',NULL,NULL,NULL,'2026-06-15 22:11:26','2026-05-29 22:11:26',1,1,0);
INSERT INTO `t_reception_material`(`id`,`record_id`,`material_id`,`material_name`,`material_type`,`file_url`,`file_size`,`file_type`,`is_required`,`file_name`,`verify_status`,`verify_time`,`verify_by`,`verify_remark`,`create_time`,`update_time`,`create_by`,`update_by`,`deleted`) VALUES(363,143,173,'材料363','document',NULL,NULL,NULL,NULL,NULL,'1','2026-06-27 22:11:26',101,'通过','2026-06-11 22:11:26','2026-06-16 22:11:26',1,1,0);
INSERT INTO `t_reception_material`(`id`,`record_id`,`material_id`,`material_name`,`material_type`,`file_url`,`file_size`,`file_type`,`is_required`,`file_name`,`verify_status`,`verify_time`,`verify_by`,`verify_remark`,`create_time`,`update_time`,`create_by`,`update_by`,`deleted`) VALUES(364,144,164,'材料364','document',NULL,NULL,NULL,NULL,NULL,'0',NULL,NULL,NULL,'2026-06-09 22:11:26','2026-06-06 22:11:26',1,1,0);
INSERT INTO `t_reception_material`(`id`,`record_id`,`material_id`,`material_name`,`material_type`,`file_url`,`file_size`,`file_type`,`is_required`,`file_name`,`verify_status`,`verify_time`,`verify_by`,`verify_remark`,`create_time`,`update_time`,`create_by`,`update_by`,`deleted`) VALUES(365,145,212,'材料365','document',NULL,NULL,NULL,NULL,NULL,'1','2026-06-23 22:11:26',101,'通过','2026-05-06 22:11:26','2026-05-08 22:11:26',1,1,0);
INSERT INTO `t_reception_material`(`id`,`record_id`,`material_id`,`material_name`,`material_type`,`file_url`,`file_size`,`file_type`,`is_required`,`file_name`,`verify_status`,`verify_time`,`verify_by`,`verify_remark`,`create_time`,`update_time`,`create_by`,`update_by`,`deleted`) VALUES(366,145,188,'材料366','document',NULL,NULL,NULL,NULL,NULL,'1','2026-06-24 22:11:26',101,'通过','2026-06-03 22:11:26','2026-05-22 22:11:26',1,1,0);
INSERT INTO `t_reception_material`(`id`,`record_id`,`material_id`,`material_name`,`material_type`,`file_url`,`file_size`,`file_type`,`is_required`,`file_name`,`verify_status`,`verify_time`,`verify_by`,`verify_remark`,`create_time`,`update_time`,`create_by`,`update_by`,`deleted`) VALUES(367,145,198,'材料367','document',NULL,NULL,NULL,NULL,NULL,'1','2026-06-26 22:11:26',101,'通过','2026-05-10 22:11:26','2026-06-06 22:11:26',1,1,0);
INSERT INTO `t_reception_material`(`id`,`record_id`,`material_id`,`material_name`,`material_type`,`file_url`,`file_size`,`file_type`,`is_required`,`file_name`,`verify_status`,`verify_time`,`verify_by`,`verify_remark`,`create_time`,`update_time`,`create_by`,`update_by`,`deleted`) VALUES(368,146,214,'材料368','document',NULL,NULL,NULL,NULL,NULL,'1','2026-06-23 22:11:26',101,'通过','2026-05-03 22:11:26','2026-06-26 22:11:26',1,1,0);
INSERT INTO `t_reception_material`(`id`,`record_id`,`material_id`,`material_name`,`material_type`,`file_url`,`file_size`,`file_type`,`is_required`,`file_name`,`verify_status`,`verify_time`,`verify_by`,`verify_remark`,`create_time`,`update_time`,`create_by`,`update_by`,`deleted`) VALUES(369,146,114,'材料369','document',NULL,NULL,NULL,NULL,NULL,'1','2026-06-25 22:11:26',101,'通过','2026-06-23 22:11:26','2026-06-03 22:11:26',1,1,0);
INSERT INTO `t_reception_material`(`id`,`record_id`,`material_id`,`material_name`,`material_type`,`file_url`,`file_size`,`file_type`,`is_required`,`file_name`,`verify_status`,`verify_time`,`verify_by`,`verify_remark`,`create_time`,`update_time`,`create_by`,`update_by`,`deleted`) VALUES(370,147,202,'材料370','document',NULL,NULL,NULL,NULL,NULL,'0',NULL,NULL,NULL,'2026-06-07 22:11:26','2026-06-01 22:11:26',1,1,0);
INSERT INTO `t_reception_material`(`id`,`record_id`,`material_id`,`material_name`,`material_type`,`file_url`,`file_size`,`file_type`,`is_required`,`file_name`,`verify_status`,`verify_time`,`verify_by`,`verify_remark`,`create_time`,`update_time`,`create_by`,`update_by`,`deleted`) VALUES(371,148,189,'材料371','document',NULL,NULL,NULL,NULL,NULL,'0',NULL,NULL,NULL,'2026-05-05 22:11:26','2026-06-11 22:11:26',1,1,0);
INSERT INTO `t_reception_material`(`id`,`record_id`,`material_id`,`material_name`,`material_type`,`file_url`,`file_size`,`file_type`,`is_required`,`file_name`,`verify_status`,`verify_time`,`verify_by`,`verify_remark`,`create_time`,`update_time`,`create_by`,`update_by`,`deleted`) VALUES(372,148,136,'材料372','document',NULL,NULL,NULL,NULL,NULL,'0',NULL,NULL,NULL,'2026-06-22 22:11:26','2026-06-02 22:11:26',1,1,0);
INSERT INTO `t_reception_material`(`id`,`record_id`,`material_id`,`material_name`,`material_type`,`file_url`,`file_size`,`file_type`,`is_required`,`file_name`,`verify_status`,`verify_time`,`verify_by`,`verify_remark`,`create_time`,`update_time`,`create_by`,`update_by`,`deleted`) VALUES(373,148,109,'材料373','document',NULL,NULL,NULL,NULL,NULL,'1','2026-06-23 22:11:26',101,'通过','2026-04-29 22:11:26','2026-06-16 22:11:26',1,1,0);
INSERT INTO `t_reception_material`(`id`,`record_id`,`material_id`,`material_name`,`material_type`,`file_url`,`file_size`,`file_type`,`is_required`,`file_name`,`verify_status`,`verify_time`,`verify_by`,`verify_remark`,`create_time`,`update_time`,`create_by`,`update_by`,`deleted`) VALUES(374,149,214,'材料374','document',NULL,NULL,NULL,NULL,NULL,'0',NULL,NULL,NULL,'2026-05-22 22:11:26','2026-06-10 22:11:26',1,1,0);
INSERT INTO `t_reception_material`(`id`,`record_id`,`material_id`,`material_name`,`material_type`,`file_url`,`file_size`,`file_type`,`is_required`,`file_name`,`verify_status`,`verify_time`,`verify_by`,`verify_remark`,`create_time`,`update_time`,`create_by`,`update_by`,`deleted`) VALUES(375,149,195,'材料375','document',NULL,NULL,NULL,NULL,NULL,'0',NULL,NULL,NULL,'2026-05-15 22:11:26','2026-04-29 22:11:26',1,1,0);
INSERT INTO `t_reception_material`(`id`,`record_id`,`material_id`,`material_name`,`material_type`,`file_url`,`file_size`,`file_type`,`is_required`,`file_name`,`verify_status`,`verify_time`,`verify_by`,`verify_remark`,`create_time`,`update_time`,`create_by`,`update_by`,`deleted`) VALUES(376,150,130,'材料376','document',NULL,NULL,NULL,NULL,NULL,'0',NULL,NULL,NULL,'2026-05-11 22:11:26','2026-06-12 22:11:26',1,1,0);
INSERT INTO `t_reception_material`(`id`,`record_id`,`material_id`,`material_name`,`material_type`,`file_url`,`file_size`,`file_type`,`is_required`,`file_name`,`verify_status`,`verify_time`,`verify_by`,`verify_remark`,`create_time`,`update_time`,`create_by`,`update_by`,`deleted`) VALUES(377,150,126,'材料377','document',NULL,NULL,NULL,NULL,NULL,'1','2026-06-26 22:11:26',101,'通过','2026-06-15 22:11:26','2026-05-05 22:11:26',1,1,0);
INSERT INTO `t_reception_material`(`id`,`record_id`,`material_id`,`material_name`,`material_type`,`file_url`,`file_size`,`file_type`,`is_required`,`file_name`,`verify_status`,`verify_time`,`verify_by`,`verify_remark`,`create_time`,`update_time`,`create_by`,`update_by`,`deleted`) VALUES(378,152,115,'材料378','document',NULL,NULL,NULL,NULL,NULL,'0',NULL,NULL,NULL,'2026-04-30 22:11:26','2026-06-22 22:11:26',1,1,0);
INSERT INTO `t_reception_material`(`id`,`record_id`,`material_id`,`material_name`,`material_type`,`file_url`,`file_size`,`file_type`,`is_required`,`file_name`,`verify_status`,`verify_time`,`verify_by`,`verify_remark`,`create_time`,`update_time`,`create_by`,`update_by`,`deleted`) VALUES(379,153,178,'材料379','document',NULL,NULL,NULL,NULL,NULL,'1','2026-06-27 22:11:26',101,'通过','2026-05-10 22:11:26','2026-05-04 22:11:26',1,1,0);
INSERT INTO `t_reception_material`(`id`,`record_id`,`material_id`,`material_name`,`material_type`,`file_url`,`file_size`,`file_type`,`is_required`,`file_name`,`verify_status`,`verify_time`,`verify_by`,`verify_remark`,`create_time`,`update_time`,`create_by`,`update_by`,`deleted`) VALUES(380,153,208,'材料380','document',NULL,NULL,NULL,NULL,NULL,'0',NULL,NULL,NULL,'2026-05-28 22:11:26','2026-06-04 22:11:26',1,1,0);
INSERT INTO `t_reception_material`(`id`,`record_id`,`material_id`,`material_name`,`material_type`,`file_url`,`file_size`,`file_type`,`is_required`,`file_name`,`verify_status`,`verify_time`,`verify_by`,`verify_remark`,`create_time`,`update_time`,`create_by`,`update_by`,`deleted`) VALUES(381,153,163,'材料381','document',NULL,NULL,NULL,NULL,NULL,'1','2026-06-23 22:11:26',101,'通过','2026-05-03 22:11:26','2026-06-10 22:11:26',1,1,0);
INSERT INTO `t_reception_material`(`id`,`record_id`,`material_id`,`material_name`,`material_type`,`file_url`,`file_size`,`file_type`,`is_required`,`file_name`,`verify_status`,`verify_time`,`verify_by`,`verify_remark`,`create_time`,`update_time`,`create_by`,`update_by`,`deleted`) VALUES(382,154,150,'材料382','document',NULL,NULL,NULL,NULL,NULL,'1','2026-06-26 22:11:26',101,'通过','2026-05-10 22:11:26','2026-05-22 22:11:26',1,1,0);
INSERT INTO `t_reception_material`(`id`,`record_id`,`material_id`,`material_name`,`material_type`,`file_url`,`file_size`,`file_type`,`is_required`,`file_name`,`verify_status`,`verify_time`,`verify_by`,`verify_remark`,`create_time`,`update_time`,`create_by`,`update_by`,`deleted`) VALUES(383,154,106,'材料383','document',NULL,NULL,NULL,NULL,NULL,'0',NULL,NULL,NULL,'2026-05-25 22:11:26','2026-05-07 22:11:26',1,1,0);
INSERT INTO `t_reception_material`(`id`,`record_id`,`material_id`,`material_name`,`material_type`,`file_url`,`file_size`,`file_type`,`is_required`,`file_name`,`verify_status`,`verify_time`,`verify_by`,`verify_remark`,`create_time`,`update_time`,`create_by`,`update_by`,`deleted`) VALUES(384,154,161,'材料384','document',NULL,NULL,NULL,NULL,NULL,'1','2026-06-23 22:11:26',101,'通过','2026-06-25 22:11:26','2026-05-26 22:11:26',1,1,0);
INSERT INTO `t_reception_material`(`id`,`record_id`,`material_id`,`material_name`,`material_type`,`file_url`,`file_size`,`file_type`,`is_required`,`file_name`,`verify_status`,`verify_time`,`verify_by`,`verify_remark`,`create_time`,`update_time`,`create_by`,`update_by`,`deleted`) VALUES(385,155,158,'材料385','document',NULL,NULL,NULL,NULL,NULL,'0',NULL,NULL,NULL,'2026-06-20 22:11:26','2026-05-14 22:11:26',1,1,0);
INSERT INTO `t_reception_material`(`id`,`record_id`,`material_id`,`material_name`,`material_type`,`file_url`,`file_size`,`file_type`,`is_required`,`file_name`,`verify_status`,`verify_time`,`verify_by`,`verify_remark`,`create_time`,`update_time`,`create_by`,`update_by`,`deleted`) VALUES(386,155,140,'材料386','document',NULL,NULL,NULL,NULL,NULL,'1','2026-06-27 22:11:26',101,'通过','2026-06-27 22:11:26','2026-05-15 22:11:26',1,1,0);
INSERT INTO `t_reception_material`(`id`,`record_id`,`material_id`,`material_name`,`material_type`,`file_url`,`file_size`,`file_type`,`is_required`,`file_name`,`verify_status`,`verify_time`,`verify_by`,`verify_remark`,`create_time`,`update_time`,`create_by`,`update_by`,`deleted`) VALUES(387,155,148,'材料387','document',NULL,NULL,NULL,NULL,NULL,'0',NULL,NULL,NULL,'2026-05-21 22:11:26','2026-06-21 22:11:26',1,1,0);
INSERT INTO `t_reception_material`(`id`,`record_id`,`material_id`,`material_name`,`material_type`,`file_url`,`file_size`,`file_type`,`is_required`,`file_name`,`verify_status`,`verify_time`,`verify_by`,`verify_remark`,`create_time`,`update_time`,`create_by`,`update_by`,`deleted`) VALUES(388,156,123,'材料388','document',NULL,NULL,NULL,NULL,NULL,'1','2026-06-23 22:11:26',101,'通过','2026-06-11 22:11:26','2026-06-12 22:11:26',1,1,0);
INSERT INTO `t_reception_material`(`id`,`record_id`,`material_id`,`material_name`,`material_type`,`file_url`,`file_size`,`file_type`,`is_required`,`file_name`,`verify_status`,`verify_time`,`verify_by`,`verify_remark`,`create_time`,`update_time`,`create_by`,`update_by`,`deleted`) VALUES(389,156,160,'材料389','document',NULL,NULL,NULL,NULL,NULL,'1','2026-06-23 22:11:26',101,'通过','2026-06-06 22:11:26','2026-06-04 22:11:26',1,1,0);
INSERT INTO `t_reception_material`(`id`,`record_id`,`material_id`,`material_name`,`material_type`,`file_url`,`file_size`,`file_type`,`is_required`,`file_name`,`verify_status`,`verify_time`,`verify_by`,`verify_remark`,`create_time`,`update_time`,`create_by`,`update_by`,`deleted`) VALUES(390,156,163,'材料390','document',NULL,NULL,NULL,NULL,NULL,'0',NULL,NULL,NULL,'2026-05-31 22:11:26','2026-06-14 22:11:26',1,1,0);
INSERT INTO `t_reception_material`(`id`,`record_id`,`material_id`,`material_name`,`material_type`,`file_url`,`file_size`,`file_type`,`is_required`,`file_name`,`verify_status`,`verify_time`,`verify_by`,`verify_remark`,`create_time`,`update_time`,`create_by`,`update_by`,`deleted`) VALUES(391,157,209,'材料391','document',NULL,NULL,NULL,NULL,NULL,'1','2026-06-24 22:11:26',101,'通过','2026-06-10 22:11:26','2026-05-30 22:11:26',1,1,0);
INSERT INTO `t_reception_material`(`id`,`record_id`,`material_id`,`material_name`,`material_type`,`file_url`,`file_size`,`file_type`,`is_required`,`file_name`,`verify_status`,`verify_time`,`verify_by`,`verify_remark`,`create_time`,`update_time`,`create_by`,`update_by`,`deleted`) VALUES(392,157,173,'材料392','document',NULL,NULL,NULL,NULL,NULL,'0',NULL,NULL,NULL,'2026-06-19 22:11:26','2026-05-22 22:11:26',1,1,0);
INSERT INTO `t_reception_material`(`id`,`record_id`,`material_id`,`material_name`,`material_type`,`file_url`,`file_size`,`file_type`,`is_required`,`file_name`,`verify_status`,`verify_time`,`verify_by`,`verify_remark`,`create_time`,`update_time`,`create_by`,`update_by`,`deleted`) VALUES(393,158,202,'材料393','document',NULL,NULL,NULL,NULL,NULL,'1','2026-06-26 22:11:26',101,'通过','2026-05-23 22:11:26','2026-05-31 22:11:26',1,1,0);
INSERT INTO `t_reception_material`(`id`,`record_id`,`material_id`,`material_name`,`material_type`,`file_url`,`file_size`,`file_type`,`is_required`,`file_name`,`verify_status`,`verify_time`,`verify_by`,`verify_remark`,`create_time`,`update_time`,`create_by`,`update_by`,`deleted`) VALUES(394,159,202,'材料394','document',NULL,NULL,NULL,NULL,NULL,'0',NULL,NULL,NULL,'2026-05-11 22:11:26','2026-06-18 22:11:26',1,1,0);
INSERT INTO `t_reception_material`(`id`,`record_id`,`material_id`,`material_name`,`material_type`,`file_url`,`file_size`,`file_type`,`is_required`,`file_name`,`verify_status`,`verify_time`,`verify_by`,`verify_remark`,`create_time`,`update_time`,`create_by`,`update_by`,`deleted`) VALUES(395,160,153,'材料395','document',NULL,NULL,NULL,NULL,NULL,'0',NULL,NULL,NULL,'2026-05-27 22:11:26','2026-06-19 22:11:26',1,1,0);
INSERT INTO `t_reception_material`(`id`,`record_id`,`material_id`,`material_name`,`material_type`,`file_url`,`file_size`,`file_type`,`is_required`,`file_name`,`verify_status`,`verify_time`,`verify_by`,`verify_remark`,`create_time`,`update_time`,`create_by`,`update_by`,`deleted`) VALUES(396,161,200,'材料396','document',NULL,NULL,NULL,NULL,NULL,'1','2026-06-24 22:11:26',101,'通过','2026-06-08 22:11:26','2026-06-11 22:11:26',1,1,0);
INSERT INTO `t_reception_material`(`id`,`record_id`,`material_id`,`material_name`,`material_type`,`file_url`,`file_size`,`file_type`,`is_required`,`file_name`,`verify_status`,`verify_time`,`verify_by`,`verify_remark`,`create_time`,`update_time`,`create_by`,`update_by`,`deleted`) VALUES(397,161,150,'材料397','document',NULL,NULL,NULL,NULL,NULL,'0',NULL,NULL,NULL,'2026-06-21 22:11:26','2026-05-14 22:11:26',1,1,0);
INSERT INTO `t_reception_material`(`id`,`record_id`,`material_id`,`material_name`,`material_type`,`file_url`,`file_size`,`file_type`,`is_required`,`file_name`,`verify_status`,`verify_time`,`verify_by`,`verify_remark`,`create_time`,`update_time`,`create_by`,`update_by`,`deleted`) VALUES(398,161,107,'材料398','document',NULL,NULL,NULL,NULL,NULL,'0',NULL,NULL,NULL,'2026-06-14 22:11:26','2026-05-06 22:11:26',1,1,0);
INSERT INTO `t_reception_material`(`id`,`record_id`,`material_id`,`material_name`,`material_type`,`file_url`,`file_size`,`file_type`,`is_required`,`file_name`,`verify_status`,`verify_time`,`verify_by`,`verify_remark`,`create_time`,`update_time`,`create_by`,`update_by`,`deleted`) VALUES(399,163,195,'材料399','document',NULL,NULL,NULL,NULL,NULL,'1','2026-06-25 22:11:26',101,'通过','2026-06-11 22:11:26','2026-06-04 22:11:26',1,1,0);
INSERT INTO `t_reception_material`(`id`,`record_id`,`material_id`,`material_name`,`material_type`,`file_url`,`file_size`,`file_type`,`is_required`,`file_name`,`verify_status`,`verify_time`,`verify_by`,`verify_remark`,`create_time`,`update_time`,`create_by`,`update_by`,`deleted`) VALUES(400,164,144,'材料400','document',NULL,NULL,NULL,NULL,NULL,'1','2026-06-27 22:11:26',101,'通过','2026-06-01 22:11:26','2026-06-20 22:11:26',1,1,0);
INSERT INTO `t_reception_material`(`id`,`record_id`,`material_id`,`material_name`,`material_type`,`file_url`,`file_size`,`file_type`,`is_required`,`file_name`,`verify_status`,`verify_time`,`verify_by`,`verify_remark`,`create_time`,`update_time`,`create_by`,`update_by`,`deleted`) VALUES(401,164,211,'材料401','document',NULL,NULL,NULL,NULL,NULL,'1','2026-06-23 22:11:26',101,'通过','2026-06-15 22:11:26','2026-05-22 22:11:26',1,1,0);
INSERT INTO `t_reception_material`(`id`,`record_id`,`material_id`,`material_name`,`material_type`,`file_url`,`file_size`,`file_type`,`is_required`,`file_name`,`verify_status`,`verify_time`,`verify_by`,`verify_remark`,`create_time`,`update_time`,`create_by`,`update_by`,`deleted`) VALUES(402,164,199,'材料402','document',NULL,NULL,NULL,NULL,NULL,'0',NULL,NULL,NULL,'2026-06-09 22:11:26','2026-06-05 22:11:26',1,1,0);
INSERT INTO `t_reception_material`(`id`,`record_id`,`material_id`,`material_name`,`material_type`,`file_url`,`file_size`,`file_type`,`is_required`,`file_name`,`verify_status`,`verify_time`,`verify_by`,`verify_remark`,`create_time`,`update_time`,`create_by`,`update_by`,`deleted`) VALUES(403,165,199,'材料403','document',NULL,NULL,NULL,NULL,NULL,'1','2026-06-24 22:11:26',101,'通过','2026-05-02 22:11:26','2026-06-22 22:11:26',1,1,0);
INSERT INTO `t_reception_material`(`id`,`record_id`,`material_id`,`material_name`,`material_type`,`file_url`,`file_size`,`file_type`,`is_required`,`file_name`,`verify_status`,`verify_time`,`verify_by`,`verify_remark`,`create_time`,`update_time`,`create_by`,`update_by`,`deleted`) VALUES(404,165,178,'材料404','document',NULL,NULL,NULL,NULL,NULL,'1','2026-06-25 22:11:26',101,'通过','2026-05-29 22:11:26','2026-05-18 22:11:26',1,1,0);
INSERT INTO `t_reception_material`(`id`,`record_id`,`material_id`,`material_name`,`material_type`,`file_url`,`file_size`,`file_type`,`is_required`,`file_name`,`verify_status`,`verify_time`,`verify_by`,`verify_remark`,`create_time`,`update_time`,`create_by`,`update_by`,`deleted`) VALUES(405,165,211,'材料405','document',NULL,NULL,NULL,NULL,NULL,'0',NULL,NULL,NULL,'2026-06-17 22:11:26','2026-05-18 22:11:26',1,1,0);
INSERT INTO `t_reception_material`(`id`,`record_id`,`material_id`,`material_name`,`material_type`,`file_url`,`file_size`,`file_type`,`is_required`,`file_name`,`verify_status`,`verify_time`,`verify_by`,`verify_remark`,`create_time`,`update_time`,`create_by`,`update_by`,`deleted`) VALUES(406,166,180,'材料406','document',NULL,NULL,NULL,NULL,NULL,'1','2026-06-23 22:11:26',101,'通过','2026-05-22 22:11:26','2026-06-02 22:11:26',1,1,0);
INSERT INTO `t_reception_material`(`id`,`record_id`,`material_id`,`material_name`,`material_type`,`file_url`,`file_size`,`file_type`,`is_required`,`file_name`,`verify_status`,`verify_time`,`verify_by`,`verify_remark`,`create_time`,`update_time`,`create_by`,`update_by`,`deleted`) VALUES(407,166,110,'材料407','document',NULL,NULL,NULL,NULL,NULL,'0',NULL,NULL,NULL,'2026-06-17 22:11:26','2026-06-06 22:11:26',1,1,0);
INSERT INTO `t_reception_material`(`id`,`record_id`,`material_id`,`material_name`,`material_type`,`file_url`,`file_size`,`file_type`,`is_required`,`file_name`,`verify_status`,`verify_time`,`verify_by`,`verify_remark`,`create_time`,`update_time`,`create_by`,`update_by`,`deleted`) VALUES(408,168,177,'材料408','document',NULL,NULL,NULL,NULL,NULL,'1','2026-06-24 22:11:26',101,'通过','2026-06-10 22:11:26','2026-05-02 22:11:26',1,1,0);
INSERT INTO `t_reception_material`(`id`,`record_id`,`material_id`,`material_name`,`material_type`,`file_url`,`file_size`,`file_type`,`is_required`,`file_name`,`verify_status`,`verify_time`,`verify_by`,`verify_remark`,`create_time`,`update_time`,`create_by`,`update_by`,`deleted`) VALUES(409,168,199,'材料409','document',NULL,NULL,NULL,NULL,NULL,'1','2026-06-25 22:11:26',101,'通过','2026-05-11 22:11:26','2026-05-21 22:11:26',1,1,0);
INSERT INTO `t_reception_material`(`id`,`record_id`,`material_id`,`material_name`,`material_type`,`file_url`,`file_size`,`file_type`,`is_required`,`file_name`,`verify_status`,`verify_time`,`verify_by`,`verify_remark`,`create_time`,`update_time`,`create_by`,`update_by`,`deleted`) VALUES(410,169,121,'材料410','document',NULL,NULL,NULL,NULL,NULL,'1','2026-06-26 22:11:26',101,'通过','2026-05-04 22:11:26','2026-06-26 22:11:26',1,1,0);
INSERT INTO `t_reception_material`(`id`,`record_id`,`material_id`,`material_name`,`material_type`,`file_url`,`file_size`,`file_type`,`is_required`,`file_name`,`verify_status`,`verify_time`,`verify_by`,`verify_remark`,`create_time`,`update_time`,`create_by`,`update_by`,`deleted`) VALUES(411,169,193,'材料411','document',NULL,NULL,NULL,NULL,NULL,'0',NULL,NULL,NULL,'2026-06-12 22:11:26','2026-05-16 22:11:26',1,1,0);
INSERT INTO `t_reception_material`(`id`,`record_id`,`material_id`,`material_name`,`material_type`,`file_url`,`file_size`,`file_type`,`is_required`,`file_name`,`verify_status`,`verify_time`,`verify_by`,`verify_remark`,`create_time`,`update_time`,`create_by`,`update_by`,`deleted`) VALUES(412,171,126,'材料412','document',NULL,NULL,NULL,NULL,NULL,'0',NULL,NULL,NULL,'2026-06-17 22:11:26','2026-06-02 22:11:26',1,1,0);
INSERT INTO `t_reception_material`(`id`,`record_id`,`material_id`,`material_name`,`material_type`,`file_url`,`file_size`,`file_type`,`is_required`,`file_name`,`verify_status`,`verify_time`,`verify_by`,`verify_remark`,`create_time`,`update_time`,`create_by`,`update_by`,`deleted`) VALUES(413,171,112,'材料413','document',NULL,NULL,NULL,NULL,NULL,'0',NULL,NULL,NULL,'2026-06-23 22:11:26','2026-04-29 22:11:26',1,1,0);
INSERT INTO `t_reception_material`(`id`,`record_id`,`material_id`,`material_name`,`material_type`,`file_url`,`file_size`,`file_type`,`is_required`,`file_name`,`verify_status`,`verify_time`,`verify_by`,`verify_remark`,`create_time`,`update_time`,`create_by`,`update_by`,`deleted`) VALUES(414,171,170,'材料414','document',NULL,NULL,NULL,NULL,NULL,'1','2026-06-27 22:11:26',101,'通过','2026-06-26 22:11:26','2026-05-09 22:11:26',1,1,0);
INSERT INTO `t_reception_material`(`id`,`record_id`,`material_id`,`material_name`,`material_type`,`file_url`,`file_size`,`file_type`,`is_required`,`file_name`,`verify_status`,`verify_time`,`verify_by`,`verify_remark`,`create_time`,`update_time`,`create_by`,`update_by`,`deleted`) VALUES(415,172,133,'材料415','document',NULL,NULL,NULL,NULL,NULL,'0',NULL,NULL,NULL,'2026-05-19 22:11:26','2026-06-18 22:11:26',1,1,0);
INSERT INTO `t_reception_material`(`id`,`record_id`,`material_id`,`material_name`,`material_type`,`file_url`,`file_size`,`file_type`,`is_required`,`file_name`,`verify_status`,`verify_time`,`verify_by`,`verify_remark`,`create_time`,`update_time`,`create_by`,`update_by`,`deleted`) VALUES(416,174,129,'材料416','document',NULL,NULL,NULL,NULL,NULL,'1','2026-06-26 22:11:26',101,'通过','2026-05-11 22:11:26','2026-06-09 22:11:26',1,1,0);
INSERT INTO `t_reception_material`(`id`,`record_id`,`material_id`,`material_name`,`material_type`,`file_url`,`file_size`,`file_type`,`is_required`,`file_name`,`verify_status`,`verify_time`,`verify_by`,`verify_remark`,`create_time`,`update_time`,`create_by`,`update_by`,`deleted`) VALUES(417,174,180,'材料417','document',NULL,NULL,NULL,NULL,NULL,'1','2026-06-26 22:11:26',101,'通过','2026-06-19 22:11:26','2026-05-25 22:11:26',1,1,0);
INSERT INTO `t_reception_material`(`id`,`record_id`,`material_id`,`material_name`,`material_type`,`file_url`,`file_size`,`file_type`,`is_required`,`file_name`,`verify_status`,`verify_time`,`verify_by`,`verify_remark`,`create_time`,`update_time`,`create_by`,`update_by`,`deleted`) VALUES(418,175,184,'材料418','document',NULL,NULL,NULL,NULL,NULL,'0',NULL,NULL,NULL,'2026-06-05 22:11:26','2026-05-03 22:11:26',1,1,0);
INSERT INTO `t_reception_material`(`id`,`record_id`,`material_id`,`material_name`,`material_type`,`file_url`,`file_size`,`file_type`,`is_required`,`file_name`,`verify_status`,`verify_time`,`verify_by`,`verify_remark`,`create_time`,`update_time`,`create_by`,`update_by`,`deleted`) VALUES(419,176,211,'材料419','document',NULL,NULL,NULL,NULL,NULL,'1','2026-06-23 22:11:26',101,'通过','2026-04-29 22:11:26','2026-06-10 22:11:26',1,1,0);
INSERT INTO `t_reception_material`(`id`,`record_id`,`material_id`,`material_name`,`material_type`,`file_url`,`file_size`,`file_type`,`is_required`,`file_name`,`verify_status`,`verify_time`,`verify_by`,`verify_remark`,`create_time`,`update_time`,`create_by`,`update_by`,`deleted`) VALUES(420,176,117,'材料420','document',NULL,NULL,NULL,NULL,NULL,'1','2026-06-23 22:11:26',101,'通过','2026-06-16 22:11:26','2026-05-21 22:11:26',1,1,0);
INSERT INTO `t_reception_material`(`id`,`record_id`,`material_id`,`material_name`,`material_type`,`file_url`,`file_size`,`file_type`,`is_required`,`file_name`,`verify_status`,`verify_time`,`verify_by`,`verify_remark`,`create_time`,`update_time`,`create_by`,`update_by`,`deleted`) VALUES(421,177,167,'材料421','document',NULL,NULL,NULL,NULL,NULL,'1','2026-06-23 22:11:26',101,'通过','2026-06-08 22:11:26','2026-04-30 22:11:26',1,1,0);
INSERT INTO `t_reception_material`(`id`,`record_id`,`material_id`,`material_name`,`material_type`,`file_url`,`file_size`,`file_type`,`is_required`,`file_name`,`verify_status`,`verify_time`,`verify_by`,`verify_remark`,`create_time`,`update_time`,`create_by`,`update_by`,`deleted`) VALUES(422,177,161,'材料422','document',NULL,NULL,NULL,NULL,NULL,'1','2026-06-23 22:11:26',101,'通过','2026-06-13 22:11:26','2026-05-07 22:11:26',1,1,0);
INSERT INTO `t_reception_material`(`id`,`record_id`,`material_id`,`material_name`,`material_type`,`file_url`,`file_size`,`file_type`,`is_required`,`file_name`,`verify_status`,`verify_time`,`verify_by`,`verify_remark`,`create_time`,`update_time`,`create_by`,`update_by`,`deleted`) VALUES(423,177,156,'材料423','document',NULL,NULL,NULL,NULL,NULL,'0',NULL,NULL,NULL,'2026-06-08 22:11:26','2026-06-04 22:11:26',1,1,0);
INSERT INTO `t_reception_material`(`id`,`record_id`,`material_id`,`material_name`,`material_type`,`file_url`,`file_size`,`file_type`,`is_required`,`file_name`,`verify_status`,`verify_time`,`verify_by`,`verify_remark`,`create_time`,`update_time`,`create_by`,`update_by`,`deleted`) VALUES(424,178,101,'材料424','document',NULL,NULL,NULL,NULL,NULL,'1','2026-06-27 22:11:26',101,'通过','2026-05-25 22:11:26','2026-05-06 22:11:26',1,1,0);
INSERT INTO `t_reception_material`(`id`,`record_id`,`material_id`,`material_name`,`material_type`,`file_url`,`file_size`,`file_type`,`is_required`,`file_name`,`verify_status`,`verify_time`,`verify_by`,`verify_remark`,`create_time`,`update_time`,`create_by`,`update_by`,`deleted`) VALUES(425,179,136,'材料425','document',NULL,NULL,NULL,NULL,NULL,'1','2026-06-24 22:11:26',101,'通过','2026-05-24 22:11:26','2026-06-27 22:11:26',1,1,0);
INSERT INTO `t_reception_material`(`id`,`record_id`,`material_id`,`material_name`,`material_type`,`file_url`,`file_size`,`file_type`,`is_required`,`file_name`,`verify_status`,`verify_time`,`verify_by`,`verify_remark`,`create_time`,`update_time`,`create_by`,`update_by`,`deleted`) VALUES(426,180,138,'材料426','document',NULL,NULL,NULL,NULL,NULL,'1','2026-06-27 22:11:26',101,'通过','2026-05-09 22:11:26','2026-05-31 22:11:26',1,1,0);
INSERT INTO `t_reception_material`(`id`,`record_id`,`material_id`,`material_name`,`material_type`,`file_url`,`file_size`,`file_type`,`is_required`,`file_name`,`verify_status`,`verify_time`,`verify_by`,`verify_remark`,`create_time`,`update_time`,`create_by`,`update_by`,`deleted`) VALUES(427,180,176,'材料427','document',NULL,NULL,NULL,NULL,NULL,'1','2026-06-26 22:11:26',101,'通过','2026-05-08 22:11:26','2026-06-27 22:11:26',1,1,0);
INSERT INTO `t_reception_material`(`id`,`record_id`,`material_id`,`material_name`,`material_type`,`file_url`,`file_size`,`file_type`,`is_required`,`file_name`,`verify_status`,`verify_time`,`verify_by`,`verify_remark`,`create_time`,`update_time`,`create_by`,`update_by`,`deleted`) VALUES(428,181,212,'材料428','document',NULL,NULL,NULL,NULL,NULL,'1','2026-06-23 22:11:26',101,'通过','2026-05-31 22:11:26','2026-06-02 22:11:26',1,1,0);
INSERT INTO `t_reception_material`(`id`,`record_id`,`material_id`,`material_name`,`material_type`,`file_url`,`file_size`,`file_type`,`is_required`,`file_name`,`verify_status`,`verify_time`,`verify_by`,`verify_remark`,`create_time`,`update_time`,`create_by`,`update_by`,`deleted`) VALUES(429,183,206,'材料429','document',NULL,NULL,NULL,NULL,NULL,'1','2026-06-24 22:11:26',101,'通过','2026-06-13 22:11:26','2026-06-11 22:11:26',1,1,0);
INSERT INTO `t_reception_material`(`id`,`record_id`,`material_id`,`material_name`,`material_type`,`file_url`,`file_size`,`file_type`,`is_required`,`file_name`,`verify_status`,`verify_time`,`verify_by`,`verify_remark`,`create_time`,`update_time`,`create_by`,`update_by`,`deleted`) VALUES(430,183,154,'材料430','document',NULL,NULL,NULL,NULL,NULL,'0',NULL,NULL,NULL,'2026-05-18 22:11:26','2026-06-12 22:11:26',1,1,0);
INSERT INTO `t_reception_material`(`id`,`record_id`,`material_id`,`material_name`,`material_type`,`file_url`,`file_size`,`file_type`,`is_required`,`file_name`,`verify_status`,`verify_time`,`verify_by`,`verify_remark`,`create_time`,`update_time`,`create_by`,`update_by`,`deleted`) VALUES(431,183,136,'材料431','document',NULL,NULL,NULL,NULL,NULL,'1','2026-06-23 22:11:26',101,'通过','2026-05-07 22:11:26','2026-06-10 22:11:26',1,1,0);
INSERT INTO `t_reception_material`(`id`,`record_id`,`material_id`,`material_name`,`material_type`,`file_url`,`file_size`,`file_type`,`is_required`,`file_name`,`verify_status`,`verify_time`,`verify_by`,`verify_remark`,`create_time`,`update_time`,`create_by`,`update_by`,`deleted`) VALUES(432,184,117,'材料432','document',NULL,NULL,NULL,NULL,NULL,'0',NULL,NULL,NULL,'2026-06-09 22:11:26','2026-06-20 22:11:26',1,1,0);
INSERT INTO `t_reception_material`(`id`,`record_id`,`material_id`,`material_name`,`material_type`,`file_url`,`file_size`,`file_type`,`is_required`,`file_name`,`verify_status`,`verify_time`,`verify_by`,`verify_remark`,`create_time`,`update_time`,`create_by`,`update_by`,`deleted`) VALUES(433,185,134,'材料433','document',NULL,NULL,NULL,NULL,NULL,'1','2026-06-23 22:11:26',101,'通过','2026-05-27 22:11:26','2026-06-15 22:11:26',1,1,0);
INSERT INTO `t_reception_material`(`id`,`record_id`,`material_id`,`material_name`,`material_type`,`file_url`,`file_size`,`file_type`,`is_required`,`file_name`,`verify_status`,`verify_time`,`verify_by`,`verify_remark`,`create_time`,`update_time`,`create_by`,`update_by`,`deleted`) VALUES(434,185,102,'材料434','document',NULL,NULL,NULL,NULL,NULL,'1','2026-06-26 22:11:26',101,'通过','2026-06-24 22:11:26','2026-05-24 22:11:26',1,1,0);
INSERT INTO `t_reception_material`(`id`,`record_id`,`material_id`,`material_name`,`material_type`,`file_url`,`file_size`,`file_type`,`is_required`,`file_name`,`verify_status`,`verify_time`,`verify_by`,`verify_remark`,`create_time`,`update_time`,`create_by`,`update_by`,`deleted`) VALUES(435,185,123,'材料435','document',NULL,NULL,NULL,NULL,NULL,'0',NULL,NULL,NULL,'2026-06-21 22:11:26','2026-06-09 22:11:26',1,1,0);
INSERT INTO `t_reception_material`(`id`,`record_id`,`material_id`,`material_name`,`material_type`,`file_url`,`file_size`,`file_type`,`is_required`,`file_name`,`verify_status`,`verify_time`,`verify_by`,`verify_remark`,`create_time`,`update_time`,`create_by`,`update_by`,`deleted`) VALUES(436,187,129,'材料436','document',NULL,NULL,NULL,NULL,NULL,'0',NULL,NULL,NULL,'2026-06-22 22:11:26','2026-06-18 22:11:26',1,1,0);
INSERT INTO `t_reception_material`(`id`,`record_id`,`material_id`,`material_name`,`material_type`,`file_url`,`file_size`,`file_type`,`is_required`,`file_name`,`verify_status`,`verify_time`,`verify_by`,`verify_remark`,`create_time`,`update_time`,`create_by`,`update_by`,`deleted`) VALUES(437,187,163,'材料437','document',NULL,NULL,NULL,NULL,NULL,'0',NULL,NULL,NULL,'2026-06-14 22:11:26','2026-06-06 22:11:26',1,1,0);
INSERT INTO `t_reception_material`(`id`,`record_id`,`material_id`,`material_name`,`material_type`,`file_url`,`file_size`,`file_type`,`is_required`,`file_name`,`verify_status`,`verify_time`,`verify_by`,`verify_remark`,`create_time`,`update_time`,`create_by`,`update_by`,`deleted`) VALUES(438,187,139,'材料438','document',NULL,NULL,NULL,NULL,NULL,'1','2026-06-24 22:11:26',101,'通过','2026-06-04 22:11:26','2026-05-29 22:11:26',1,1,0);
INSERT INTO `t_reception_material`(`id`,`record_id`,`material_id`,`material_name`,`material_type`,`file_url`,`file_size`,`file_type`,`is_required`,`file_name`,`verify_status`,`verify_time`,`verify_by`,`verify_remark`,`create_time`,`update_time`,`create_by`,`update_by`,`deleted`) VALUES(439,188,110,'材料439','document',NULL,NULL,NULL,NULL,NULL,'1','2026-06-26 22:11:26',101,'通过','2026-06-24 22:11:26','2026-06-10 22:11:26',1,1,0);
INSERT INTO `t_reception_material`(`id`,`record_id`,`material_id`,`material_name`,`material_type`,`file_url`,`file_size`,`file_type`,`is_required`,`file_name`,`verify_status`,`verify_time`,`verify_by`,`verify_remark`,`create_time`,`update_time`,`create_by`,`update_by`,`deleted`) VALUES(440,189,123,'材料440','document',NULL,NULL,NULL,NULL,NULL,'1','2026-06-26 22:11:26',101,'通过','2026-05-01 22:11:26','2026-05-05 22:11:26',1,1,0);
INSERT INTO `t_reception_material`(`id`,`record_id`,`material_id`,`material_name`,`material_type`,`file_url`,`file_size`,`file_type`,`is_required`,`file_name`,`verify_status`,`verify_time`,`verify_by`,`verify_remark`,`create_time`,`update_time`,`create_by`,`update_by`,`deleted`) VALUES(441,191,198,'材料441','document',NULL,NULL,NULL,NULL,NULL,'0',NULL,NULL,NULL,'2026-05-13 22:11:26','2026-06-12 22:11:26',1,1,0);
INSERT INTO `t_reception_material`(`id`,`record_id`,`material_id`,`material_name`,`material_type`,`file_url`,`file_size`,`file_type`,`is_required`,`file_name`,`verify_status`,`verify_time`,`verify_by`,`verify_remark`,`create_time`,`update_time`,`create_by`,`update_by`,`deleted`) VALUES(442,192,194,'材料442','document',NULL,NULL,NULL,NULL,NULL,'0',NULL,NULL,NULL,'2026-06-25 22:11:26','2026-06-15 22:11:26',1,1,0);
INSERT INTO `t_reception_material`(`id`,`record_id`,`material_id`,`material_name`,`material_type`,`file_url`,`file_size`,`file_type`,`is_required`,`file_name`,`verify_status`,`verify_time`,`verify_by`,`verify_remark`,`create_time`,`update_time`,`create_by`,`update_by`,`deleted`) VALUES(443,192,194,'材料443','document',NULL,NULL,NULL,NULL,NULL,'1','2026-06-27 22:11:26',101,'通过','2026-05-25 22:11:26','2026-05-16 22:11:26',1,1,0);
INSERT INTO `t_reception_material`(`id`,`record_id`,`material_id`,`material_name`,`material_type`,`file_url`,`file_size`,`file_type`,`is_required`,`file_name`,`verify_status`,`verify_time`,`verify_by`,`verify_remark`,`create_time`,`update_time`,`create_by`,`update_by`,`deleted`) VALUES(444,193,187,'材料444','document',NULL,NULL,NULL,NULL,NULL,'1','2026-06-25 22:11:26',101,'通过','2026-04-29 22:11:26','2026-06-07 22:11:26',1,1,0);
INSERT INTO `t_reception_material`(`id`,`record_id`,`material_id`,`material_name`,`material_type`,`file_url`,`file_size`,`file_type`,`is_required`,`file_name`,`verify_status`,`verify_time`,`verify_by`,`verify_remark`,`create_time`,`update_time`,`create_by`,`update_by`,`deleted`) VALUES(445,193,180,'材料445','document',NULL,NULL,NULL,NULL,NULL,'0',NULL,NULL,NULL,'2026-05-12 22:11:26','2026-06-25 22:11:26',1,1,0);
INSERT INTO `t_reception_material`(`id`,`record_id`,`material_id`,`material_name`,`material_type`,`file_url`,`file_size`,`file_type`,`is_required`,`file_name`,`verify_status`,`verify_time`,`verify_by`,`verify_remark`,`create_time`,`update_time`,`create_by`,`update_by`,`deleted`) VALUES(446,194,132,'材料446','document',NULL,NULL,NULL,NULL,NULL,'0',NULL,NULL,NULL,'2026-05-28 22:11:26','2026-05-18 22:11:26',1,1,0);
INSERT INTO `t_reception_material`(`id`,`record_id`,`material_id`,`material_name`,`material_type`,`file_url`,`file_size`,`file_type`,`is_required`,`file_name`,`verify_status`,`verify_time`,`verify_by`,`verify_remark`,`create_time`,`update_time`,`create_by`,`update_by`,`deleted`) VALUES(447,194,125,'材料447','document',NULL,NULL,NULL,NULL,NULL,'1','2026-06-25 22:11:26',101,'通过','2026-05-02 22:11:26','2026-06-24 22:11:26',1,1,0);
INSERT INTO `t_reception_material`(`id`,`record_id`,`material_id`,`material_name`,`material_type`,`file_url`,`file_size`,`file_type`,`is_required`,`file_name`,`verify_status`,`verify_time`,`verify_by`,`verify_remark`,`create_time`,`update_time`,`create_by`,`update_by`,`deleted`) VALUES(448,194,114,'材料448','document',NULL,NULL,NULL,NULL,NULL,'0',NULL,NULL,NULL,'2026-06-12 22:11:26','2026-05-18 22:11:26',1,1,0);
INSERT INTO `t_reception_material`(`id`,`record_id`,`material_id`,`material_name`,`material_type`,`file_url`,`file_size`,`file_type`,`is_required`,`file_name`,`verify_status`,`verify_time`,`verify_by`,`verify_remark`,`create_time`,`update_time`,`create_by`,`update_by`,`deleted`) VALUES(449,195,201,'材料449','document',NULL,NULL,NULL,NULL,NULL,'0',NULL,NULL,NULL,'2026-06-10 22:11:26','2026-05-21 22:11:26',1,1,0);
INSERT INTO `t_reception_material`(`id`,`record_id`,`material_id`,`material_name`,`material_type`,`file_url`,`file_size`,`file_type`,`is_required`,`file_name`,`verify_status`,`verify_time`,`verify_by`,`verify_remark`,`create_time`,`update_time`,`create_by`,`update_by`,`deleted`) VALUES(450,197,174,'材料450','document',NULL,NULL,NULL,NULL,NULL,'0',NULL,NULL,NULL,'2026-05-08 22:11:26','2026-05-14 22:11:26',1,1,0);
INSERT INTO `t_reception_material`(`id`,`record_id`,`material_id`,`material_name`,`material_type`,`file_url`,`file_size`,`file_type`,`is_required`,`file_name`,`verify_status`,`verify_time`,`verify_by`,`verify_remark`,`create_time`,`update_time`,`create_by`,`update_by`,`deleted`) VALUES(451,198,147,'材料451','document',NULL,NULL,NULL,NULL,NULL,'0',NULL,NULL,NULL,'2026-05-09 22:11:26','2026-06-22 22:11:26',1,1,0);
INSERT INTO `t_reception_material`(`id`,`record_id`,`material_id`,`material_name`,`material_type`,`file_url`,`file_size`,`file_type`,`is_required`,`file_name`,`verify_status`,`verify_time`,`verify_by`,`verify_remark`,`create_time`,`update_time`,`create_by`,`update_by`,`deleted`) VALUES(452,198,120,'材料452','document',NULL,NULL,NULL,NULL,NULL,'0',NULL,NULL,NULL,'2026-05-27 22:11:26','2026-06-22 22:11:26',1,1,0);
INSERT INTO `t_reception_material`(`id`,`record_id`,`material_id`,`material_name`,`material_type`,`file_url`,`file_size`,`file_type`,`is_required`,`file_name`,`verify_status`,`verify_time`,`verify_by`,`verify_remark`,`create_time`,`update_time`,`create_by`,`update_by`,`deleted`) VALUES(453,198,219,'材料453','document',NULL,NULL,NULL,NULL,NULL,'1','2026-06-27 22:11:26',101,'通过','2026-06-24 22:11:26','2026-06-05 22:11:26',1,1,0);
INSERT INTO `t_reception_material`(`id`,`record_id`,`material_id`,`material_name`,`material_type`,`file_url`,`file_size`,`file_type`,`is_required`,`file_name`,`verify_status`,`verify_time`,`verify_by`,`verify_remark`,`create_time`,`update_time`,`create_by`,`update_by`,`deleted`) VALUES(454,199,116,'材料454','document',NULL,NULL,NULL,NULL,NULL,'0',NULL,NULL,NULL,'2026-05-27 22:11:26','2026-06-13 22:11:26',1,1,0);
INSERT INTO `t_reception_material`(`id`,`record_id`,`material_id`,`material_name`,`material_type`,`file_url`,`file_size`,`file_type`,`is_required`,`file_name`,`verify_status`,`verify_time`,`verify_by`,`verify_remark`,`create_time`,`update_time`,`create_by`,`update_by`,`deleted`) VALUES(455,199,171,'材料455','document',NULL,NULL,NULL,NULL,NULL,'1','2026-06-25 22:11:26',101,'通过','2026-05-07 22:11:26','2026-05-01 22:11:26',1,1,0);
INSERT INTO `t_reception_material`(`id`,`record_id`,`material_id`,`material_name`,`material_type`,`file_url`,`file_size`,`file_type`,`is_required`,`file_name`,`verify_status`,`verify_time`,`verify_by`,`verify_remark`,`create_time`,`update_time`,`create_by`,`update_by`,`deleted`) VALUES(456,199,193,'材料456','document',NULL,NULL,NULL,NULL,NULL,'1','2026-06-26 22:11:26',101,'通过','2026-06-26 22:11:26','2026-05-14 22:11:26',1,1,0);

USE `gov_reception`;
DELETE FROM `t_reception_log` WHERE id >= 100;
INSERT INTO `t_reception_log`(`id`,`record_id`,`action_type`,`action_time`,`operator_id`,`operator_name`,`remark`,`create_time`,`update_time`,`create_by`,`update_by`,`deleted`) VALUES(400,100,'审批通过','2026-05-12 22:11:26',102,'张三','备注400','2026-06-11 22:11:26','2026-06-25 22:11:26',1,1,0);
INSERT INTO `t_reception_log`(`id`,`record_id`,`action_type`,`action_time`,`operator_id`,`operator_name`,`remark`,`create_time`,`update_time`,`create_by`,`update_by`,`deleted`) VALUES(401,100,'审批退回','2026-05-13 22:11:26',104,'李四','备注401','2026-05-23 22:11:26','2026-06-09 22:11:26',1,1,0);
INSERT INTO `t_reception_log`(`id`,`record_id`,`action_type`,`action_time`,`operator_id`,`operator_name`,`remark`,`create_time`,`update_time`,`create_by`,`update_by`,`deleted`) VALUES(402,101,'办结','2026-05-27 22:11:26',102,'王五','备注402','2026-05-22 22:11:26','2026-06-16 22:11:26',1,1,0);
INSERT INTO `t_reception_log`(`id`,`record_id`,`action_type`,`action_time`,`operator_id`,`operator_name`,`remark`,`create_time`,`update_time`,`create_by`,`update_by`,`deleted`) VALUES(403,101,'补充材料','2026-06-05 22:11:26',103,'赵六','备注403','2026-05-12 22:11:26','2026-05-29 22:11:26',1,1,0);
INSERT INTO `t_reception_log`(`id`,`record_id`,`action_type`,`action_time`,`operator_id`,`operator_name`,`remark`,`create_time`,`update_time`,`create_by`,`update_by`,`deleted`) VALUES(404,101,'审批通过','2026-05-20 22:11:26',105,'孙七','备注404','2026-06-17 22:11:26','2026-06-23 22:11:26',1,1,0);
INSERT INTO `t_reception_log`(`id`,`record_id`,`action_type`,`action_time`,`operator_id`,`operator_name`,`remark`,`create_time`,`update_time`,`create_by`,`update_by`,`deleted`) VALUES(405,102,'转办','2026-05-30 22:11:26',103,'张三','备注405','2026-06-11 22:11:26','2026-05-24 22:11:26',1,1,0);
INSERT INTO `t_reception_log`(`id`,`record_id`,`action_type`,`action_time`,`operator_id`,`operator_name`,`remark`,`create_time`,`update_time`,`create_by`,`update_by`,`deleted`) VALUES(406,102,'审批通过','2026-05-29 22:11:26',101,'李四','备注406','2026-05-09 22:11:26','2026-05-18 22:11:26',1,1,0);
INSERT INTO `t_reception_log`(`id`,`record_id`,`action_type`,`action_time`,`operator_id`,`operator_name`,`remark`,`create_time`,`update_time`,`create_by`,`update_by`,`deleted`) VALUES(407,102,'补充材料','2026-06-03 22:11:26',102,'王五','备注407','2026-06-26 22:11:26','2026-05-19 22:11:26',1,1,0);
INSERT INTO `t_reception_log`(`id`,`record_id`,`action_type`,`action_time`,`operator_id`,`operator_name`,`remark`,`create_time`,`update_time`,`create_by`,`update_by`,`deleted`) VALUES(408,103,'驳回','2026-05-19 22:11:26',102,'赵六','备注408','2026-06-07 22:11:26','2026-05-12 22:11:26',1,1,0);
INSERT INTO `t_reception_log`(`id`,`record_id`,`action_type`,`action_time`,`operator_id`,`operator_name`,`remark`,`create_time`,`update_time`,`create_by`,`update_by`,`deleted`) VALUES(409,103,'受理','2026-05-16 22:11:26',105,'孙七','备注409','2026-06-03 22:11:26','2026-06-15 22:11:26',1,1,0);
INSERT INTO `t_reception_log`(`id`,`record_id`,`action_type`,`action_time`,`operator_id`,`operator_name`,`remark`,`create_time`,`update_time`,`create_by`,`update_by`,`deleted`) VALUES(410,104,'办结','2026-05-27 22:11:26',105,'张三','备注410','2026-06-18 22:11:26','2026-05-19 22:11:26',1,1,0);
INSERT INTO `t_reception_log`(`id`,`record_id`,`action_type`,`action_time`,`operator_id`,`operator_name`,`remark`,`create_time`,`update_time`,`create_by`,`update_by`,`deleted`) VALUES(411,104,'审批通过','2026-06-07 22:11:26',104,'李四','备注411','2026-05-17 22:11:26','2026-06-07 22:11:26',1,1,0);
INSERT INTO `t_reception_log`(`id`,`record_id`,`action_type`,`action_time`,`operator_id`,`operator_name`,`remark`,`create_time`,`update_time`,`create_by`,`update_by`,`deleted`) VALUES(412,104,'受理','2026-06-21 22:11:26',105,'王五','备注412','2026-05-16 22:11:26','2026-06-23 22:11:26',1,1,0);
INSERT INTO `t_reception_log`(`id`,`record_id`,`action_type`,`action_time`,`operator_id`,`operator_name`,`remark`,`create_time`,`update_time`,`create_by`,`update_by`,`deleted`) VALUES(413,105,'驳回','2026-06-19 22:11:26',102,'赵六','备注413','2026-06-25 22:11:26','2026-06-15 22:11:26',1,1,0);
INSERT INTO `t_reception_log`(`id`,`record_id`,`action_type`,`action_time`,`operator_id`,`operator_name`,`remark`,`create_time`,`update_time`,`create_by`,`update_by`,`deleted`) VALUES(414,106,'审批退回','2026-06-15 22:11:26',101,'孙七','备注414','2026-06-25 22:11:26','2026-05-22 22:11:26',1,1,0);
INSERT INTO `t_reception_log`(`id`,`record_id`,`action_type`,`action_time`,`operator_id`,`operator_name`,`remark`,`create_time`,`update_time`,`create_by`,`update_by`,`deleted`) VALUES(415,107,'驳回','2026-06-03 22:11:26',104,'张三','备注415','2026-05-25 22:11:26','2026-05-19 22:11:26',1,1,0);
INSERT INTO `t_reception_log`(`id`,`record_id`,`action_type`,`action_time`,`operator_id`,`operator_name`,`remark`,`create_time`,`update_time`,`create_by`,`update_by`,`deleted`) VALUES(416,107,'办结','2026-05-21 22:11:26',103,'李四','备注416','2026-06-24 22:11:26','2026-06-04 22:11:26',1,1,0);
INSERT INTO `t_reception_log`(`id`,`record_id`,`action_type`,`action_time`,`operator_id`,`operator_name`,`remark`,`create_time`,`update_time`,`create_by`,`update_by`,`deleted`) VALUES(417,107,'转办','2026-05-20 22:11:26',101,'王五','备注417','2026-06-27 22:11:26','2026-06-14 22:11:26',1,1,0);
INSERT INTO `t_reception_log`(`id`,`record_id`,`action_type`,`action_time`,`operator_id`,`operator_name`,`remark`,`create_time`,`update_time`,`create_by`,`update_by`,`deleted`) VALUES(418,108,'审批退回','2026-06-22 22:11:26',104,'赵六','备注418','2026-05-18 22:11:26','2026-06-24 22:11:26',1,1,0);
INSERT INTO `t_reception_log`(`id`,`record_id`,`action_type`,`action_time`,`operator_id`,`operator_name`,`remark`,`create_time`,`update_time`,`create_by`,`update_by`,`deleted`) VALUES(419,108,'审批通过','2026-05-23 22:11:26',104,'孙七','备注419','2026-06-04 22:11:26','2026-05-13 22:11:26',1,1,0);
INSERT INTO `t_reception_log`(`id`,`record_id`,`action_type`,`action_time`,`operator_id`,`operator_name`,`remark`,`create_time`,`update_time`,`create_by`,`update_by`,`deleted`) VALUES(420,108,'受理','2026-05-19 22:11:26',103,'张三','备注420','2026-05-25 22:11:26','2026-06-25 22:11:26',1,1,0);
INSERT INTO `t_reception_log`(`id`,`record_id`,`action_type`,`action_time`,`operator_id`,`operator_name`,`remark`,`create_time`,`update_time`,`create_by`,`update_by`,`deleted`) VALUES(421,109,'受理','2026-06-08 22:11:26',101,'李四','备注421','2026-06-14 22:11:26','2026-05-25 22:11:26',1,1,0);
INSERT INTO `t_reception_log`(`id`,`record_id`,`action_type`,`action_time`,`operator_id`,`operator_name`,`remark`,`create_time`,`update_time`,`create_by`,`update_by`,`deleted`) VALUES(422,109,'受理','2026-06-21 22:11:26',102,'王五','备注422','2026-05-24 22:11:26','2026-06-03 22:11:26',1,1,0);
INSERT INTO `t_reception_log`(`id`,`record_id`,`action_type`,`action_time`,`operator_id`,`operator_name`,`remark`,`create_time`,`update_time`,`create_by`,`update_by`,`deleted`) VALUES(423,109,'转办','2026-06-15 22:11:26',105,'赵六','备注423','2026-05-16 22:11:26','2026-06-12 22:11:26',1,1,0);
INSERT INTO `t_reception_log`(`id`,`record_id`,`action_type`,`action_time`,`operator_id`,`operator_name`,`remark`,`create_time`,`update_time`,`create_by`,`update_by`,`deleted`) VALUES(424,110,'办结','2026-06-16 22:11:26',105,'孙七','备注424','2026-05-11 22:11:26','2026-05-23 22:11:26',1,1,0);
INSERT INTO `t_reception_log`(`id`,`record_id`,`action_type`,`action_time`,`operator_id`,`operator_name`,`remark`,`create_time`,`update_time`,`create_by`,`update_by`,`deleted`) VALUES(425,110,'审批退回','2026-05-11 22:11:26',101,'张三','备注425','2026-05-09 22:11:26','2026-05-18 22:11:26',1,1,0);
INSERT INTO `t_reception_log`(`id`,`record_id`,`action_type`,`action_time`,`operator_id`,`operator_name`,`remark`,`create_time`,`update_time`,`create_by`,`update_by`,`deleted`) VALUES(426,110,'补充材料','2026-06-05 22:11:26',104,'李四','备注426','2026-05-14 22:11:26','2026-05-16 22:11:26',1,1,0);
INSERT INTO `t_reception_log`(`id`,`record_id`,`action_type`,`action_time`,`operator_id`,`operator_name`,`remark`,`create_time`,`update_time`,`create_by`,`update_by`,`deleted`) VALUES(427,111,'受理','2026-06-17 22:11:26',102,'王五','备注427','2026-05-23 22:11:26','2026-06-02 22:11:26',1,1,0);
INSERT INTO `t_reception_log`(`id`,`record_id`,`action_type`,`action_time`,`operator_id`,`operator_name`,`remark`,`create_time`,`update_time`,`create_by`,`update_by`,`deleted`) VALUES(428,111,'补充材料','2026-06-06 22:11:26',102,'赵六','备注428','2026-05-24 22:11:26','2026-05-20 22:11:26',1,1,0);
INSERT INTO `t_reception_log`(`id`,`record_id`,`action_type`,`action_time`,`operator_id`,`operator_name`,`remark`,`create_time`,`update_time`,`create_by`,`update_by`,`deleted`) VALUES(429,112,'审批通过','2026-06-07 22:11:26',105,'孙七','备注429','2026-06-07 22:11:26','2026-06-04 22:11:26',1,1,0);
INSERT INTO `t_reception_log`(`id`,`record_id`,`action_type`,`action_time`,`operator_id`,`operator_name`,`remark`,`create_time`,`update_time`,`create_by`,`update_by`,`deleted`) VALUES(430,112,'审批退回','2026-05-10 22:11:26',104,'张三','备注430','2026-05-12 22:11:26','2026-06-07 22:11:26',1,1,0);
INSERT INTO `t_reception_log`(`id`,`record_id`,`action_type`,`action_time`,`operator_id`,`operator_name`,`remark`,`create_time`,`update_time`,`create_by`,`update_by`,`deleted`) VALUES(431,113,'转办','2026-05-22 22:11:26',105,'李四','备注431','2026-06-14 22:11:26','2026-06-03 22:11:26',1,1,0);
INSERT INTO `t_reception_log`(`id`,`record_id`,`action_type`,`action_time`,`operator_id`,`operator_name`,`remark`,`create_time`,`update_time`,`create_by`,`update_by`,`deleted`) VALUES(432,113,'驳回','2026-05-23 22:11:26',103,'王五','备注432','2026-06-04 22:11:26','2026-05-30 22:11:26',1,1,0);
INSERT INTO `t_reception_log`(`id`,`record_id`,`action_type`,`action_time`,`operator_id`,`operator_name`,`remark`,`create_time`,`update_time`,`create_by`,`update_by`,`deleted`) VALUES(433,113,'审批退回','2026-06-02 22:11:26',101,'赵六','备注433','2026-05-12 22:11:26','2026-06-25 22:11:26',1,1,0);
INSERT INTO `t_reception_log`(`id`,`record_id`,`action_type`,`action_time`,`operator_id`,`operator_name`,`remark`,`create_time`,`update_time`,`create_by`,`update_by`,`deleted`) VALUES(434,114,'补充材料','2026-06-26 22:11:26',105,'孙七','备注434','2026-06-19 22:11:26','2026-06-08 22:11:26',1,1,0);
INSERT INTO `t_reception_log`(`id`,`record_id`,`action_type`,`action_time`,`operator_id`,`operator_name`,`remark`,`create_time`,`update_time`,`create_by`,`update_by`,`deleted`) VALUES(435,114,'受理','2026-06-08 22:11:26',102,'张三','备注435','2026-06-14 22:11:26','2026-06-07 22:11:26',1,1,0);
INSERT INTO `t_reception_log`(`id`,`record_id`,`action_type`,`action_time`,`operator_id`,`operator_name`,`remark`,`create_time`,`update_time`,`create_by`,`update_by`,`deleted`) VALUES(436,115,'驳回','2026-05-14 22:11:26',103,'李四','备注436','2026-05-23 22:11:26','2026-05-26 22:11:26',1,1,0);
INSERT INTO `t_reception_log`(`id`,`record_id`,`action_type`,`action_time`,`operator_id`,`operator_name`,`remark`,`create_time`,`update_time`,`create_by`,`update_by`,`deleted`) VALUES(437,116,'补充材料','2026-05-22 22:11:26',102,'王五','备注437','2026-06-21 22:11:26','2026-06-25 22:11:26',1,1,0);
INSERT INTO `t_reception_log`(`id`,`record_id`,`action_type`,`action_time`,`operator_id`,`operator_name`,`remark`,`create_time`,`update_time`,`create_by`,`update_by`,`deleted`) VALUES(438,116,'审批退回','2026-06-05 22:11:26',102,'赵六','备注438','2026-06-19 22:11:26','2026-06-11 22:11:26',1,1,0);
INSERT INTO `t_reception_log`(`id`,`record_id`,`action_type`,`action_time`,`operator_id`,`operator_name`,`remark`,`create_time`,`update_time`,`create_by`,`update_by`,`deleted`) VALUES(439,116,'审批通过','2026-05-21 22:11:26',102,'孙七','备注439','2026-06-13 22:11:26','2026-06-11 22:11:26',1,1,0);
INSERT INTO `t_reception_log`(`id`,`record_id`,`action_type`,`action_time`,`operator_id`,`operator_name`,`remark`,`create_time`,`update_time`,`create_by`,`update_by`,`deleted`) VALUES(440,117,'受理','2026-05-22 22:11:26',104,'张三','备注440','2026-05-22 22:11:26','2026-06-14 22:11:26',1,1,0);
INSERT INTO `t_reception_log`(`id`,`record_id`,`action_type`,`action_time`,`operator_id`,`operator_name`,`remark`,`create_time`,`update_time`,`create_by`,`update_by`,`deleted`) VALUES(441,117,'办结','2026-06-23 22:11:26',103,'李四','备注441','2026-05-28 22:11:26','2026-06-16 22:11:26',1,1,0);
INSERT INTO `t_reception_log`(`id`,`record_id`,`action_type`,`action_time`,`operator_id`,`operator_name`,`remark`,`create_time`,`update_time`,`create_by`,`update_by`,`deleted`) VALUES(442,118,'驳回','2026-05-14 22:11:26',105,'王五','备注442','2026-06-21 22:11:26','2026-05-20 22:11:26',1,1,0);
INSERT INTO `t_reception_log`(`id`,`record_id`,`action_type`,`action_time`,`operator_id`,`operator_name`,`remark`,`create_time`,`update_time`,`create_by`,`update_by`,`deleted`) VALUES(443,118,'办结','2026-06-08 22:11:26',101,'赵六','备注443','2026-05-12 22:11:26','2026-05-22 22:11:26',1,1,0);
INSERT INTO `t_reception_log`(`id`,`record_id`,`action_type`,`action_time`,`operator_id`,`operator_name`,`remark`,`create_time`,`update_time`,`create_by`,`update_by`,`deleted`) VALUES(444,119,'受理','2026-05-09 22:11:26',101,'孙七','备注444','2026-05-09 22:11:26','2026-06-06 22:11:26',1,1,0);
INSERT INTO `t_reception_log`(`id`,`record_id`,`action_type`,`action_time`,`operator_id`,`operator_name`,`remark`,`create_time`,`update_time`,`create_by`,`update_by`,`deleted`) VALUES(445,119,'审批通过','2026-05-31 22:11:26',104,'张三','备注445','2026-06-20 22:11:26','2026-05-09 22:11:26',1,1,0);
INSERT INTO `t_reception_log`(`id`,`record_id`,`action_type`,`action_time`,`operator_id`,`operator_name`,`remark`,`create_time`,`update_time`,`create_by`,`update_by`,`deleted`) VALUES(446,120,'办结','2026-05-17 22:11:26',105,'李四','备注446','2026-06-27 22:11:26','2026-05-18 22:11:26',1,1,0);
INSERT INTO `t_reception_log`(`id`,`record_id`,`action_type`,`action_time`,`operator_id`,`operator_name`,`remark`,`create_time`,`update_time`,`create_by`,`update_by`,`deleted`) VALUES(447,121,'审批退回','2026-06-24 22:11:26',103,'王五','备注447','2026-05-25 22:11:26','2026-06-25 22:11:26',1,1,0);
INSERT INTO `t_reception_log`(`id`,`record_id`,`action_type`,`action_time`,`operator_id`,`operator_name`,`remark`,`create_time`,`update_time`,`create_by`,`update_by`,`deleted`) VALUES(448,121,'审批通过','2026-05-24 22:11:26',105,'赵六','备注448','2026-06-18 22:11:26','2026-06-07 22:11:26',1,1,0);
INSERT INTO `t_reception_log`(`id`,`record_id`,`action_type`,`action_time`,`operator_id`,`operator_name`,`remark`,`create_time`,`update_time`,`create_by`,`update_by`,`deleted`) VALUES(449,121,'补充材料','2026-05-14 22:11:26',102,'孙七','备注449','2026-06-18 22:11:26','2026-06-24 22:11:26',1,1,0);
INSERT INTO `t_reception_log`(`id`,`record_id`,`action_type`,`action_time`,`operator_id`,`operator_name`,`remark`,`create_time`,`update_time`,`create_by`,`update_by`,`deleted`) VALUES(450,122,'办结','2026-06-02 22:11:26',104,'张三','备注450','2026-05-10 22:11:26','2026-05-20 22:11:26',1,1,0);
INSERT INTO `t_reception_log`(`id`,`record_id`,`action_type`,`action_time`,`operator_id`,`operator_name`,`remark`,`create_time`,`update_time`,`create_by`,`update_by`,`deleted`) VALUES(451,122,'补充材料','2026-05-26 22:11:26',101,'李四','备注451','2026-06-13 22:11:26','2026-05-31 22:11:26',1,1,0);
INSERT INTO `t_reception_log`(`id`,`record_id`,`action_type`,`action_time`,`operator_id`,`operator_name`,`remark`,`create_time`,`update_time`,`create_by`,`update_by`,`deleted`) VALUES(452,122,'审批通过','2026-06-02 22:11:26',102,'王五','备注452','2026-06-19 22:11:26','2026-06-06 22:11:26',1,1,0);
INSERT INTO `t_reception_log`(`id`,`record_id`,`action_type`,`action_time`,`operator_id`,`operator_name`,`remark`,`create_time`,`update_time`,`create_by`,`update_by`,`deleted`) VALUES(453,123,'审批退回','2026-05-22 22:11:26',101,'赵六','备注453','2026-05-23 22:11:26','2026-06-02 22:11:26',1,1,0);
INSERT INTO `t_reception_log`(`id`,`record_id`,`action_type`,`action_time`,`operator_id`,`operator_name`,`remark`,`create_time`,`update_time`,`create_by`,`update_by`,`deleted`) VALUES(454,124,'受理','2026-06-02 22:11:26',105,'孙七','备注454','2026-05-31 22:11:26','2026-05-09 22:11:26',1,1,0);
INSERT INTO `t_reception_log`(`id`,`record_id`,`action_type`,`action_time`,`operator_id`,`operator_name`,`remark`,`create_time`,`update_time`,`create_by`,`update_by`,`deleted`) VALUES(455,124,'办结','2026-06-19 22:11:26',102,'张三','备注455','2026-05-28 22:11:26','2026-05-23 22:11:26',1,1,0);
INSERT INTO `t_reception_log`(`id`,`record_id`,`action_type`,`action_time`,`operator_id`,`operator_name`,`remark`,`create_time`,`update_time`,`create_by`,`update_by`,`deleted`) VALUES(456,125,'审批退回','2026-06-02 22:11:26',105,'李四','备注456','2026-06-15 22:11:26','2026-05-23 22:11:26',1,1,0);
INSERT INTO `t_reception_log`(`id`,`record_id`,`action_type`,`action_time`,`operator_id`,`operator_name`,`remark`,`create_time`,`update_time`,`create_by`,`update_by`,`deleted`) VALUES(457,126,'办结','2026-05-25 22:11:26',102,'王五','备注457','2026-06-12 22:11:26','2026-06-23 22:11:26',1,1,0);
INSERT INTO `t_reception_log`(`id`,`record_id`,`action_type`,`action_time`,`operator_id`,`operator_name`,`remark`,`create_time`,`update_time`,`create_by`,`update_by`,`deleted`) VALUES(458,126,'审批通过','2026-05-09 22:11:26',104,'赵六','备注458','2026-06-07 22:11:26','2026-05-15 22:11:26',1,1,0);
INSERT INTO `t_reception_log`(`id`,`record_id`,`action_type`,`action_time`,`operator_id`,`operator_name`,`remark`,`create_time`,`update_time`,`create_by`,`update_by`,`deleted`) VALUES(459,126,'补充材料','2026-06-22 22:11:26',101,'孙七','备注459','2026-05-16 22:11:26','2026-06-01 22:11:26',1,1,0);
INSERT INTO `t_reception_log`(`id`,`record_id`,`action_type`,`action_time`,`operator_id`,`operator_name`,`remark`,`create_time`,`update_time`,`create_by`,`update_by`,`deleted`) VALUES(460,127,'审批通过','2026-06-05 22:11:26',102,'张三','备注460','2026-06-07 22:11:26','2026-06-05 22:11:26',1,1,0);
INSERT INTO `t_reception_log`(`id`,`record_id`,`action_type`,`action_time`,`operator_id`,`operator_name`,`remark`,`create_time`,`update_time`,`create_by`,`update_by`,`deleted`) VALUES(461,127,'补充材料','2026-05-17 22:11:26',101,'李四','备注461','2026-05-09 22:11:26','2026-06-08 22:11:26',1,1,0);
INSERT INTO `t_reception_log`(`id`,`record_id`,`action_type`,`action_time`,`operator_id`,`operator_name`,`remark`,`create_time`,`update_time`,`create_by`,`update_by`,`deleted`) VALUES(462,128,'审批通过','2026-05-19 22:11:26',104,'王五','备注462','2026-05-19 22:11:26','2026-06-18 22:11:26',1,1,0);
INSERT INTO `t_reception_log`(`id`,`record_id`,`action_type`,`action_time`,`operator_id`,`operator_name`,`remark`,`create_time`,`update_time`,`create_by`,`update_by`,`deleted`) VALUES(463,129,'受理','2026-06-13 22:11:26',102,'赵六','备注463','2026-05-15 22:11:26','2026-06-04 22:11:26',1,1,0);
INSERT INTO `t_reception_log`(`id`,`record_id`,`action_type`,`action_time`,`operator_id`,`operator_name`,`remark`,`create_time`,`update_time`,`create_by`,`update_by`,`deleted`) VALUES(464,129,'转办','2026-05-10 22:11:26',101,'孙七','备注464','2026-06-20 22:11:26','2026-05-11 22:11:26',1,1,0);
INSERT INTO `t_reception_log`(`id`,`record_id`,`action_type`,`action_time`,`operator_id`,`operator_name`,`remark`,`create_time`,`update_time`,`create_by`,`update_by`,`deleted`) VALUES(465,130,'转办','2026-05-19 22:11:26',102,'张三','备注465','2026-06-09 22:11:26','2026-06-27 22:11:26',1,1,0);
INSERT INTO `t_reception_log`(`id`,`record_id`,`action_type`,`action_time`,`operator_id`,`operator_name`,`remark`,`create_time`,`update_time`,`create_by`,`update_by`,`deleted`) VALUES(466,131,'办结','2026-06-20 22:11:26',103,'李四','备注466','2026-05-30 22:11:26','2026-05-28 22:11:26',1,1,0);
INSERT INTO `t_reception_log`(`id`,`record_id`,`action_type`,`action_time`,`operator_id`,`operator_name`,`remark`,`create_time`,`update_time`,`create_by`,`update_by`,`deleted`) VALUES(467,131,'受理','2026-06-06 22:11:26',102,'王五','备注467','2026-05-11 22:11:26','2026-05-24 22:11:26',1,1,0);
INSERT INTO `t_reception_log`(`id`,`record_id`,`action_type`,`action_time`,`operator_id`,`operator_name`,`remark`,`create_time`,`update_time`,`create_by`,`update_by`,`deleted`) VALUES(468,132,'转办','2026-05-24 22:11:26',105,'赵六','备注468','2026-05-10 22:11:26','2026-06-11 22:11:26',1,1,0);
INSERT INTO `t_reception_log`(`id`,`record_id`,`action_type`,`action_time`,`operator_id`,`operator_name`,`remark`,`create_time`,`update_time`,`create_by`,`update_by`,`deleted`) VALUES(469,133,'审批退回','2026-05-19 22:11:26',102,'孙七','备注469','2026-05-14 22:11:26','2026-05-14 22:11:26',1,1,0);
INSERT INTO `t_reception_log`(`id`,`record_id`,`action_type`,`action_time`,`operator_id`,`operator_name`,`remark`,`create_time`,`update_time`,`create_by`,`update_by`,`deleted`) VALUES(470,133,'办结','2026-06-26 22:11:26',104,'张三','备注470','2026-05-21 22:11:26','2026-05-16 22:11:26',1,1,0);
INSERT INTO `t_reception_log`(`id`,`record_id`,`action_type`,`action_time`,`operator_id`,`operator_name`,`remark`,`create_time`,`update_time`,`create_by`,`update_by`,`deleted`) VALUES(471,133,'补充材料','2026-06-25 22:11:26',103,'李四','备注471','2026-06-17 22:11:26','2026-06-24 22:11:26',1,1,0);
INSERT INTO `t_reception_log`(`id`,`record_id`,`action_type`,`action_time`,`operator_id`,`operator_name`,`remark`,`create_time`,`update_time`,`create_by`,`update_by`,`deleted`) VALUES(472,134,'转办','2026-05-14 22:11:26',105,'王五','备注472','2026-06-10 22:11:26','2026-06-24 22:11:26',1,1,0);
INSERT INTO `t_reception_log`(`id`,`record_id`,`action_type`,`action_time`,`operator_id`,`operator_name`,`remark`,`create_time`,`update_time`,`create_by`,`update_by`,`deleted`) VALUES(473,134,'审批退回','2026-05-17 22:11:26',101,'赵六','备注473','2026-06-23 22:11:26','2026-06-03 22:11:26',1,1,0);
INSERT INTO `t_reception_log`(`id`,`record_id`,`action_type`,`action_time`,`operator_id`,`operator_name`,`remark`,`create_time`,`update_time`,`create_by`,`update_by`,`deleted`) VALUES(474,135,'审批通过','2026-05-16 22:11:26',103,'孙七','备注474','2026-06-21 22:11:26','2026-06-26 22:11:26',1,1,0);
INSERT INTO `t_reception_log`(`id`,`record_id`,`action_type`,`action_time`,`operator_id`,`operator_name`,`remark`,`create_time`,`update_time`,`create_by`,`update_by`,`deleted`) VALUES(475,135,'审批通过','2026-05-17 22:11:26',104,'张三','备注475','2026-06-13 22:11:26','2026-06-03 22:11:26',1,1,0);
INSERT INTO `t_reception_log`(`id`,`record_id`,`action_type`,`action_time`,`operator_id`,`operator_name`,`remark`,`create_time`,`update_time`,`create_by`,`update_by`,`deleted`) VALUES(476,135,'补充材料','2026-05-13 22:11:26',101,'李四','备注476','2026-06-07 22:11:26','2026-05-27 22:11:26',1,1,0);
INSERT INTO `t_reception_log`(`id`,`record_id`,`action_type`,`action_time`,`operator_id`,`operator_name`,`remark`,`create_time`,`update_time`,`create_by`,`update_by`,`deleted`) VALUES(477,136,'补充材料','2026-06-22 22:11:26',102,'王五','备注477','2026-06-15 22:11:26','2026-05-26 22:11:26',1,1,0);
INSERT INTO `t_reception_log`(`id`,`record_id`,`action_type`,`action_time`,`operator_id`,`operator_name`,`remark`,`create_time`,`update_time`,`create_by`,`update_by`,`deleted`) VALUES(478,136,'审批退回','2026-05-23 22:11:26',101,'赵六','备注478','2026-06-25 22:11:26','2026-06-12 22:11:26',1,1,0);
INSERT INTO `t_reception_log`(`id`,`record_id`,`action_type`,`action_time`,`operator_id`,`operator_name`,`remark`,`create_time`,`update_time`,`create_by`,`update_by`,`deleted`) VALUES(479,136,'补充材料','2026-06-08 22:11:26',103,'孙七','备注479','2026-05-27 22:11:26','2026-06-02 22:11:26',1,1,0);
INSERT INTO `t_reception_log`(`id`,`record_id`,`action_type`,`action_time`,`operator_id`,`operator_name`,`remark`,`create_time`,`update_time`,`create_by`,`update_by`,`deleted`) VALUES(480,137,'转办','2026-06-26 22:11:26',103,'张三','备注480','2026-05-15 22:11:26','2026-06-05 22:11:26',1,1,0);
INSERT INTO `t_reception_log`(`id`,`record_id`,`action_type`,`action_time`,`operator_id`,`operator_name`,`remark`,`create_time`,`update_time`,`create_by`,`update_by`,`deleted`) VALUES(481,137,'审批通过','2026-05-18 22:11:26',103,'李四','备注481','2026-06-12 22:11:26','2026-05-26 22:11:26',1,1,0);
INSERT INTO `t_reception_log`(`id`,`record_id`,`action_type`,`action_time`,`operator_id`,`operator_name`,`remark`,`create_time`,`update_time`,`create_by`,`update_by`,`deleted`) VALUES(482,137,'审批通过','2026-06-24 22:11:26',103,'王五','备注482','2026-06-03 22:11:26','2026-06-26 22:11:26',1,1,0);
INSERT INTO `t_reception_log`(`id`,`record_id`,`action_type`,`action_time`,`operator_id`,`operator_name`,`remark`,`create_time`,`update_time`,`create_by`,`update_by`,`deleted`) VALUES(483,138,'审批通过','2026-06-13 22:11:26',102,'赵六','备注483','2026-06-06 22:11:26','2026-06-02 22:11:26',1,1,0);
INSERT INTO `t_reception_log`(`id`,`record_id`,`action_type`,`action_time`,`operator_id`,`operator_name`,`remark`,`create_time`,`update_time`,`create_by`,`update_by`,`deleted`) VALUES(484,138,'办结','2026-06-19 22:11:26',101,'孙七','备注484','2026-05-12 22:11:26','2026-06-03 22:11:26',1,1,0);
INSERT INTO `t_reception_log`(`id`,`record_id`,`action_type`,`action_time`,`operator_id`,`operator_name`,`remark`,`create_time`,`update_time`,`create_by`,`update_by`,`deleted`) VALUES(485,138,'补充材料','2026-05-15 22:11:26',105,'张三','备注485','2026-05-18 22:11:26','2026-05-15 22:11:26',1,1,0);
INSERT INTO `t_reception_log`(`id`,`record_id`,`action_type`,`action_time`,`operator_id`,`operator_name`,`remark`,`create_time`,`update_time`,`create_by`,`update_by`,`deleted`) VALUES(486,139,'审批退回','2026-06-12 22:11:26',105,'李四','备注486','2026-06-18 22:11:26','2026-05-31 22:11:26',1,1,0);
INSERT INTO `t_reception_log`(`id`,`record_id`,`action_type`,`action_time`,`operator_id`,`operator_name`,`remark`,`create_time`,`update_time`,`create_by`,`update_by`,`deleted`) VALUES(487,140,'补充材料','2026-06-06 22:11:26',104,'王五','备注487','2026-05-24 22:11:26','2026-06-19 22:11:26',1,1,0);
INSERT INTO `t_reception_log`(`id`,`record_id`,`action_type`,`action_time`,`operator_id`,`operator_name`,`remark`,`create_time`,`update_time`,`create_by`,`update_by`,`deleted`) VALUES(488,140,'转办','2026-05-17 22:11:26',102,'赵六','备注488','2026-05-21 22:11:26','2026-05-24 22:11:26',1,1,0);
INSERT INTO `t_reception_log`(`id`,`record_id`,`action_type`,`action_time`,`operator_id`,`operator_name`,`remark`,`create_time`,`update_time`,`create_by`,`update_by`,`deleted`) VALUES(489,141,'驳回','2026-06-15 22:11:26',102,'孙七','备注489','2026-06-08 22:11:26','2026-05-14 22:11:26',1,1,0);
INSERT INTO `t_reception_log`(`id`,`record_id`,`action_type`,`action_time`,`operator_id`,`operator_name`,`remark`,`create_time`,`update_time`,`create_by`,`update_by`,`deleted`) VALUES(490,141,'办结','2026-05-25 22:11:26',102,'张三','备注490','2026-05-31 22:11:26','2026-05-09 22:11:26',1,1,0);
INSERT INTO `t_reception_log`(`id`,`record_id`,`action_type`,`action_time`,`operator_id`,`operator_name`,`remark`,`create_time`,`update_time`,`create_by`,`update_by`,`deleted`) VALUES(491,141,'转办','2026-05-17 22:11:26',105,'李四','备注491','2026-06-17 22:11:26','2026-06-07 22:11:26',1,1,0);
INSERT INTO `t_reception_log`(`id`,`record_id`,`action_type`,`action_time`,`operator_id`,`operator_name`,`remark`,`create_time`,`update_time`,`create_by`,`update_by`,`deleted`) VALUES(492,142,'补充材料','2026-05-24 22:11:26',101,'王五','备注492','2026-06-16 22:11:26','2026-06-07 22:11:26',1,1,0);
INSERT INTO `t_reception_log`(`id`,`record_id`,`action_type`,`action_time`,`operator_id`,`operator_name`,`remark`,`create_time`,`update_time`,`create_by`,`update_by`,`deleted`) VALUES(493,143,'办结','2026-06-26 22:11:26',103,'赵六','备注493','2026-06-01 22:11:26','2026-06-01 22:11:26',1,1,0);
INSERT INTO `t_reception_log`(`id`,`record_id`,`action_type`,`action_time`,`operator_id`,`operator_name`,`remark`,`create_time`,`update_time`,`create_by`,`update_by`,`deleted`) VALUES(494,144,'审批退回','2026-05-11 22:11:26',103,'孙七','备注494','2026-06-18 22:11:26','2026-05-09 22:11:26',1,1,0);
INSERT INTO `t_reception_log`(`id`,`record_id`,`action_type`,`action_time`,`operator_id`,`operator_name`,`remark`,`create_time`,`update_time`,`create_by`,`update_by`,`deleted`) VALUES(495,144,'转办','2026-06-21 22:11:26',102,'张三','备注495','2026-06-16 22:11:26','2026-06-26 22:11:26',1,1,0);
INSERT INTO `t_reception_log`(`id`,`record_id`,`action_type`,`action_time`,`operator_id`,`operator_name`,`remark`,`create_time`,`update_time`,`create_by`,`update_by`,`deleted`) VALUES(496,145,'补充材料','2026-06-10 22:11:26',105,'李四','备注496','2026-05-22 22:11:26','2026-05-19 22:11:26',1,1,0);
INSERT INTO `t_reception_log`(`id`,`record_id`,`action_type`,`action_time`,`operator_id`,`operator_name`,`remark`,`create_time`,`update_time`,`create_by`,`update_by`,`deleted`) VALUES(497,145,'转办','2026-05-20 22:11:26',102,'王五','备注497','2026-06-13 22:11:26','2026-05-15 22:11:26',1,1,0);
INSERT INTO `t_reception_log`(`id`,`record_id`,`action_type`,`action_time`,`operator_id`,`operator_name`,`remark`,`create_time`,`update_time`,`create_by`,`update_by`,`deleted`) VALUES(498,145,'受理','2026-06-05 22:11:26',101,'赵六','备注498','2026-05-14 22:11:26','2026-05-09 22:11:26',1,1,0);
INSERT INTO `t_reception_log`(`id`,`record_id`,`action_type`,`action_time`,`operator_id`,`operator_name`,`remark`,`create_time`,`update_time`,`create_by`,`update_by`,`deleted`) VALUES(499,146,'转办','2026-05-26 22:11:26',105,'孙七','备注499','2026-05-28 22:11:26','2026-05-13 22:11:26',1,1,0);
INSERT INTO `t_reception_log`(`id`,`record_id`,`action_type`,`action_time`,`operator_id`,`operator_name`,`remark`,`create_time`,`update_time`,`create_by`,`update_by`,`deleted`) VALUES(500,146,'办结','2026-06-04 22:11:26',102,'张三','备注500','2026-06-03 22:11:26','2026-05-27 22:11:26',1,1,0);
INSERT INTO `t_reception_log`(`id`,`record_id`,`action_type`,`action_time`,`operator_id`,`operator_name`,`remark`,`create_time`,`update_time`,`create_by`,`update_by`,`deleted`) VALUES(501,147,'转办','2026-06-17 22:11:26',102,'李四','备注501','2026-06-13 22:11:26','2026-06-25 22:11:26',1,1,0);
INSERT INTO `t_reception_log`(`id`,`record_id`,`action_type`,`action_time`,`operator_id`,`operator_name`,`remark`,`create_time`,`update_time`,`create_by`,`update_by`,`deleted`) VALUES(502,147,'审批退回','2026-05-10 22:11:26',101,'王五','备注502','2026-06-10 22:11:26','2026-06-01 22:11:26',1,1,0);
INSERT INTO `t_reception_log`(`id`,`record_id`,`action_type`,`action_time`,`operator_id`,`operator_name`,`remark`,`create_time`,`update_time`,`create_by`,`update_by`,`deleted`) VALUES(503,148,'办结','2026-05-16 22:11:26',102,'赵六','备注503','2026-05-10 22:11:26','2026-06-14 22:11:26',1,1,0);
INSERT INTO `t_reception_log`(`id`,`record_id`,`action_type`,`action_time`,`operator_id`,`operator_name`,`remark`,`create_time`,`update_time`,`create_by`,`update_by`,`deleted`) VALUES(504,149,'转办','2026-05-30 22:11:26',105,'孙七','备注504','2026-05-27 22:11:26','2026-05-14 22:11:26',1,1,0);
INSERT INTO `t_reception_log`(`id`,`record_id`,`action_type`,`action_time`,`operator_id`,`operator_name`,`remark`,`create_time`,`update_time`,`create_by`,`update_by`,`deleted`) VALUES(505,150,'驳回','2026-05-29 22:11:26',102,'张三','备注505','2026-05-31 22:11:26','2026-06-02 22:11:26',1,1,0);
INSERT INTO `t_reception_log`(`id`,`record_id`,`action_type`,`action_time`,`operator_id`,`operator_name`,`remark`,`create_time`,`update_time`,`create_by`,`update_by`,`deleted`) VALUES(506,150,'驳回','2026-06-25 22:11:26',105,'李四','备注506','2026-05-11 22:11:26','2026-06-03 22:11:26',1,1,0);
INSERT INTO `t_reception_log`(`id`,`record_id`,`action_type`,`action_time`,`operator_id`,`operator_name`,`remark`,`create_time`,`update_time`,`create_by`,`update_by`,`deleted`) VALUES(507,151,'审批通过','2026-06-02 22:11:26',105,'王五','备注507','2026-05-11 22:11:26','2026-05-22 22:11:26',1,1,0);
INSERT INTO `t_reception_log`(`id`,`record_id`,`action_type`,`action_time`,`operator_id`,`operator_name`,`remark`,`create_time`,`update_time`,`create_by`,`update_by`,`deleted`) VALUES(508,151,'补充材料','2026-05-24 22:11:26',105,'赵六','备注508','2026-05-17 22:11:26','2026-05-13 22:11:26',1,1,0);
INSERT INTO `t_reception_log`(`id`,`record_id`,`action_type`,`action_time`,`operator_id`,`operator_name`,`remark`,`create_time`,`update_time`,`create_by`,`update_by`,`deleted`) VALUES(509,151,'驳回','2026-06-25 22:11:26',105,'孙七','备注509','2026-06-21 22:11:26','2026-05-30 22:11:26',1,1,0);
INSERT INTO `t_reception_log`(`id`,`record_id`,`action_type`,`action_time`,`operator_id`,`operator_name`,`remark`,`create_time`,`update_time`,`create_by`,`update_by`,`deleted`) VALUES(510,152,'驳回','2026-06-25 22:11:26',102,'张三','备注510','2026-05-25 22:11:26','2026-05-24 22:11:26',1,1,0);
INSERT INTO `t_reception_log`(`id`,`record_id`,`action_type`,`action_time`,`operator_id`,`operator_name`,`remark`,`create_time`,`update_time`,`create_by`,`update_by`,`deleted`) VALUES(511,152,'审批退回','2026-05-11 22:11:26',101,'李四','备注511','2026-05-23 22:11:26','2026-06-03 22:11:26',1,1,0);
INSERT INTO `t_reception_log`(`id`,`record_id`,`action_type`,`action_time`,`operator_id`,`operator_name`,`remark`,`create_time`,`update_time`,`create_by`,`update_by`,`deleted`) VALUES(512,153,'驳回','2026-05-18 22:11:26',101,'王五','备注512','2026-06-15 22:11:26','2026-06-09 22:11:26',1,1,0);
INSERT INTO `t_reception_log`(`id`,`record_id`,`action_type`,`action_time`,`operator_id`,`operator_name`,`remark`,`create_time`,`update_time`,`create_by`,`update_by`,`deleted`) VALUES(513,153,'审批退回','2026-06-02 22:11:26',103,'赵六','备注513','2026-05-09 22:11:26','2026-06-09 22:11:26',1,1,0);
INSERT INTO `t_reception_log`(`id`,`record_id`,`action_type`,`action_time`,`operator_id`,`operator_name`,`remark`,`create_time`,`update_time`,`create_by`,`update_by`,`deleted`) VALUES(514,153,'审批退回','2026-06-17 22:11:26',104,'孙七','备注514','2026-06-09 22:11:26','2026-05-19 22:11:26',1,1,0);
INSERT INTO `t_reception_log`(`id`,`record_id`,`action_type`,`action_time`,`operator_id`,`operator_name`,`remark`,`create_time`,`update_time`,`create_by`,`update_by`,`deleted`) VALUES(515,154,'办结','2026-05-25 22:11:26',102,'张三','备注515','2026-05-29 22:11:26','2026-05-17 22:11:26',1,1,0);
INSERT INTO `t_reception_log`(`id`,`record_id`,`action_type`,`action_time`,`operator_id`,`operator_name`,`remark`,`create_time`,`update_time`,`create_by`,`update_by`,`deleted`) VALUES(516,155,'受理','2026-05-12 22:11:26',105,'李四','备注516','2026-06-20 22:11:26','2026-06-16 22:11:26',1,1,0);
INSERT INTO `t_reception_log`(`id`,`record_id`,`action_type`,`action_time`,`operator_id`,`operator_name`,`remark`,`create_time`,`update_time`,`create_by`,`update_by`,`deleted`) VALUES(517,155,'驳回','2026-05-21 22:11:26',105,'王五','备注517','2026-06-19 22:11:26','2026-06-02 22:11:26',1,1,0);
INSERT INTO `t_reception_log`(`id`,`record_id`,`action_type`,`action_time`,`operator_id`,`operator_name`,`remark`,`create_time`,`update_time`,`create_by`,`update_by`,`deleted`) VALUES(518,156,'审批通过','2026-05-30 22:11:26',101,'赵六','备注518','2026-06-16 22:11:26','2026-05-29 22:11:26',1,1,0);
INSERT INTO `t_reception_log`(`id`,`record_id`,`action_type`,`action_time`,`operator_id`,`operator_name`,`remark`,`create_time`,`update_time`,`create_by`,`update_by`,`deleted`) VALUES(519,156,'补充材料','2026-05-13 22:11:26',102,'孙七','备注519','2026-05-29 22:11:26','2026-06-22 22:11:26',1,1,0);
INSERT INTO `t_reception_log`(`id`,`record_id`,`action_type`,`action_time`,`operator_id`,`operator_name`,`remark`,`create_time`,`update_time`,`create_by`,`update_by`,`deleted`) VALUES(520,157,'审批通过','2026-05-14 22:11:26',102,'张三','备注520','2026-05-13 22:11:26','2026-05-12 22:11:26',1,1,0);
INSERT INTO `t_reception_log`(`id`,`record_id`,`action_type`,`action_time`,`operator_id`,`operator_name`,`remark`,`create_time`,`update_time`,`create_by`,`update_by`,`deleted`) VALUES(521,157,'受理','2026-06-22 22:11:26',101,'李四','备注521','2026-05-13 22:11:26','2026-05-30 22:11:26',1,1,0);
INSERT INTO `t_reception_log`(`id`,`record_id`,`action_type`,`action_time`,`operator_id`,`operator_name`,`remark`,`create_time`,`update_time`,`create_by`,`update_by`,`deleted`) VALUES(522,158,'审批通过','2026-06-22 22:11:26',105,'王五','备注522','2026-05-13 22:11:26','2026-06-03 22:11:26',1,1,0);
INSERT INTO `t_reception_log`(`id`,`record_id`,`action_type`,`action_time`,`operator_id`,`operator_name`,`remark`,`create_time`,`update_time`,`create_by`,`update_by`,`deleted`) VALUES(523,158,'办结','2026-05-26 22:11:26',105,'赵六','备注523','2026-06-17 22:11:26','2026-06-03 22:11:26',1,1,0);
INSERT INTO `t_reception_log`(`id`,`record_id`,`action_type`,`action_time`,`operator_id`,`operator_name`,`remark`,`create_time`,`update_time`,`create_by`,`update_by`,`deleted`) VALUES(524,158,'补充材料','2026-06-03 22:11:26',101,'孙七','备注524','2026-05-09 22:11:26','2026-06-17 22:11:26',1,1,0);
INSERT INTO `t_reception_log`(`id`,`record_id`,`action_type`,`action_time`,`operator_id`,`operator_name`,`remark`,`create_time`,`update_time`,`create_by`,`update_by`,`deleted`) VALUES(525,159,'补充材料','2026-05-16 22:11:26',102,'张三','备注525','2026-06-17 22:11:26','2026-06-18 22:11:26',1,1,0);
INSERT INTO `t_reception_log`(`id`,`record_id`,`action_type`,`action_time`,`operator_id`,`operator_name`,`remark`,`create_time`,`update_time`,`create_by`,`update_by`,`deleted`) VALUES(526,159,'转办','2026-05-09 22:11:26',101,'李四','备注526','2026-06-01 22:11:26','2026-06-08 22:11:26',1,1,0);
INSERT INTO `t_reception_log`(`id`,`record_id`,`action_type`,`action_time`,`operator_id`,`operator_name`,`remark`,`create_time`,`update_time`,`create_by`,`update_by`,`deleted`) VALUES(527,160,'办结','2026-05-09 22:11:26',104,'王五','备注527','2026-06-09 22:11:26','2026-05-18 22:11:26',1,1,0);
INSERT INTO `t_reception_log`(`id`,`record_id`,`action_type`,`action_time`,`operator_id`,`operator_name`,`remark`,`create_time`,`update_time`,`create_by`,`update_by`,`deleted`) VALUES(528,160,'转办','2026-06-20 22:11:26',102,'赵六','备注528','2026-06-15 22:11:26','2026-06-27 22:11:26',1,1,0);
INSERT INTO `t_reception_log`(`id`,`record_id`,`action_type`,`action_time`,`operator_id`,`operator_name`,`remark`,`create_time`,`update_time`,`create_by`,`update_by`,`deleted`) VALUES(529,161,'驳回','2026-06-11 22:11:26',101,'孙七','备注529','2026-05-29 22:11:26','2026-05-27 22:11:26',1,1,0);
INSERT INTO `t_reception_log`(`id`,`record_id`,`action_type`,`action_time`,`operator_id`,`operator_name`,`remark`,`create_time`,`update_time`,`create_by`,`update_by`,`deleted`) VALUES(530,161,'驳回','2026-05-27 22:11:26',105,'张三','备注530','2026-06-27 22:11:26','2026-05-20 22:11:26',1,1,0);
INSERT INTO `t_reception_log`(`id`,`record_id`,`action_type`,`action_time`,`operator_id`,`operator_name`,`remark`,`create_time`,`update_time`,`create_by`,`update_by`,`deleted`) VALUES(531,161,'审批退回','2026-06-12 22:11:26',102,'李四','备注531','2026-05-21 22:11:26','2026-05-16 22:11:26',1,1,0);
INSERT INTO `t_reception_log`(`id`,`record_id`,`action_type`,`action_time`,`operator_id`,`operator_name`,`remark`,`create_time`,`update_time`,`create_by`,`update_by`,`deleted`) VALUES(532,162,'审批退回','2026-06-01 22:11:26',104,'王五','备注532','2026-06-22 22:11:26','2026-05-20 22:11:26',1,1,0);
INSERT INTO `t_reception_log`(`id`,`record_id`,`action_type`,`action_time`,`operator_id`,`operator_name`,`remark`,`create_time`,`update_time`,`create_by`,`update_by`,`deleted`) VALUES(533,162,'补充材料','2026-06-27 22:11:26',102,'赵六','备注533','2026-05-23 22:11:26','2026-06-10 22:11:26',1,1,0);
INSERT INTO `t_reception_log`(`id`,`record_id`,`action_type`,`action_time`,`operator_id`,`operator_name`,`remark`,`create_time`,`update_time`,`create_by`,`update_by`,`deleted`) VALUES(534,163,'办结','2026-05-23 22:11:26',102,'孙七','备注534','2026-06-24 22:11:26','2026-06-16 22:11:26',1,1,0);
INSERT INTO `t_reception_log`(`id`,`record_id`,`action_type`,`action_time`,`operator_id`,`operator_name`,`remark`,`create_time`,`update_time`,`create_by`,`update_by`,`deleted`) VALUES(535,163,'转办','2026-06-24 22:11:26',103,'张三','备注535','2026-06-25 22:11:26','2026-06-18 22:11:26',1,1,0);
INSERT INTO `t_reception_log`(`id`,`record_id`,`action_type`,`action_time`,`operator_id`,`operator_name`,`remark`,`create_time`,`update_time`,`create_by`,`update_by`,`deleted`) VALUES(536,163,'驳回','2026-06-25 22:11:26',105,'李四','备注536','2026-05-20 22:11:26','2026-06-08 22:11:26',1,1,0);
INSERT INTO `t_reception_log`(`id`,`record_id`,`action_type`,`action_time`,`operator_id`,`operator_name`,`remark`,`create_time`,`update_time`,`create_by`,`update_by`,`deleted`) VALUES(537,164,'受理','2026-06-24 22:11:26',101,'王五','备注537','2026-06-01 22:11:26','2026-06-16 22:11:26',1,1,0);
INSERT INTO `t_reception_log`(`id`,`record_id`,`action_type`,`action_time`,`operator_id`,`operator_name`,`remark`,`create_time`,`update_time`,`create_by`,`update_by`,`deleted`) VALUES(538,164,'转办','2026-05-15 22:11:26',103,'赵六','备注538','2026-05-19 22:11:26','2026-05-16 22:11:26',1,1,0);
INSERT INTO `t_reception_log`(`id`,`record_id`,`action_type`,`action_time`,`operator_id`,`operator_name`,`remark`,`create_time`,`update_time`,`create_by`,`update_by`,`deleted`) VALUES(539,165,'办结','2026-05-20 22:11:26',105,'孙七','备注539','2026-05-23 22:11:26','2026-06-16 22:11:26',1,1,0);
INSERT INTO `t_reception_log`(`id`,`record_id`,`action_type`,`action_time`,`operator_id`,`operator_name`,`remark`,`create_time`,`update_time`,`create_by`,`update_by`,`deleted`) VALUES(540,165,'审批退回','2026-05-11 22:11:26',105,'张三','备注540','2026-06-04 22:11:26','2026-06-25 22:11:26',1,1,0);
INSERT INTO `t_reception_log`(`id`,`record_id`,`action_type`,`action_time`,`operator_id`,`operator_name`,`remark`,`create_time`,`update_time`,`create_by`,`update_by`,`deleted`) VALUES(541,165,'受理','2026-05-09 22:11:26',103,'李四','备注541','2026-06-07 22:11:26','2026-06-04 22:11:26',1,1,0);
INSERT INTO `t_reception_log`(`id`,`record_id`,`action_type`,`action_time`,`operator_id`,`operator_name`,`remark`,`create_time`,`update_time`,`create_by`,`update_by`,`deleted`) VALUES(542,166,'驳回','2026-06-23 22:11:26',104,'王五','备注542','2026-05-23 22:11:26','2026-06-23 22:11:26',1,1,0);
INSERT INTO `t_reception_log`(`id`,`record_id`,`action_type`,`action_time`,`operator_id`,`operator_name`,`remark`,`create_time`,`update_time`,`create_by`,`update_by`,`deleted`) VALUES(543,166,'审批通过','2026-05-28 22:11:26',102,'赵六','备注543','2026-06-20 22:11:26','2026-05-14 22:11:26',1,1,0);
INSERT INTO `t_reception_log`(`id`,`record_id`,`action_type`,`action_time`,`operator_id`,`operator_name`,`remark`,`create_time`,`update_time`,`create_by`,`update_by`,`deleted`) VALUES(544,167,'审批通过','2026-05-25 22:11:26',104,'孙七','备注544','2026-05-25 22:11:26','2026-06-14 22:11:26',1,1,0);
INSERT INTO `t_reception_log`(`id`,`record_id`,`action_type`,`action_time`,`operator_id`,`operator_name`,`remark`,`create_time`,`update_time`,`create_by`,`update_by`,`deleted`) VALUES(545,167,'办结','2026-06-14 22:11:26',105,'张三','备注545','2026-06-24 22:11:26','2026-06-21 22:11:26',1,1,0);
INSERT INTO `t_reception_log`(`id`,`record_id`,`action_type`,`action_time`,`operator_id`,`operator_name`,`remark`,`create_time`,`update_time`,`create_by`,`update_by`,`deleted`) VALUES(546,168,'办结','2026-05-18 22:11:26',105,'李四','备注546','2026-06-22 22:11:26','2026-05-28 22:11:26',1,1,0);
INSERT INTO `t_reception_log`(`id`,`record_id`,`action_type`,`action_time`,`operator_id`,`operator_name`,`remark`,`create_time`,`update_time`,`create_by`,`update_by`,`deleted`) VALUES(547,168,'办结','2026-05-14 22:11:26',105,'王五','备注547','2026-05-13 22:11:26','2026-06-09 22:11:26',1,1,0);
INSERT INTO `t_reception_log`(`id`,`record_id`,`action_type`,`action_time`,`operator_id`,`operator_name`,`remark`,`create_time`,`update_time`,`create_by`,`update_by`,`deleted`) VALUES(548,168,'审批退回','2026-05-20 22:11:26',103,'赵六','备注548','2026-06-11 22:11:26','2026-05-25 22:11:26',1,1,0);
INSERT INTO `t_reception_log`(`id`,`record_id`,`action_type`,`action_time`,`operator_id`,`operator_name`,`remark`,`create_time`,`update_time`,`create_by`,`update_by`,`deleted`) VALUES(549,169,'补充材料','2026-06-05 22:11:26',102,'孙七','备注549','2026-05-19 22:11:26','2026-05-22 22:11:26',1,1,0);
INSERT INTO `t_reception_log`(`id`,`record_id`,`action_type`,`action_time`,`operator_id`,`operator_name`,`remark`,`create_time`,`update_time`,`create_by`,`update_by`,`deleted`) VALUES(550,169,'审批退回','2026-05-25 22:11:26',104,'张三','备注550','2026-05-27 22:11:26','2026-06-16 22:11:26',1,1,0);
INSERT INTO `t_reception_log`(`id`,`record_id`,`action_type`,`action_time`,`operator_id`,`operator_name`,`remark`,`create_time`,`update_time`,`create_by`,`update_by`,`deleted`) VALUES(551,169,'补充材料','2026-06-13 22:11:26',103,'李四','备注551','2026-06-15 22:11:26','2026-06-27 22:11:26',1,1,0);
INSERT INTO `t_reception_log`(`id`,`record_id`,`action_type`,`action_time`,`operator_id`,`operator_name`,`remark`,`create_time`,`update_time`,`create_by`,`update_by`,`deleted`) VALUES(552,170,'受理','2026-05-29 22:11:26',101,'王五','备注552','2026-05-11 22:11:26','2026-06-14 22:11:26',1,1,0);
INSERT INTO `t_reception_log`(`id`,`record_id`,`action_type`,`action_time`,`operator_id`,`operator_name`,`remark`,`create_time`,`update_time`,`create_by`,`update_by`,`deleted`) VALUES(553,171,'审批退回','2026-06-01 22:11:26',101,'赵六','备注553','2026-06-06 22:11:26','2026-06-05 22:11:26',1,1,0);
INSERT INTO `t_reception_log`(`id`,`record_id`,`action_type`,`action_time`,`operator_id`,`operator_name`,`remark`,`create_time`,`update_time`,`create_by`,`update_by`,`deleted`) VALUES(554,171,'补充材料','2026-05-18 22:11:26',102,'孙七','备注554','2026-06-27 22:11:26','2026-05-18 22:11:26',1,1,0);
INSERT INTO `t_reception_log`(`id`,`record_id`,`action_type`,`action_time`,`operator_id`,`operator_name`,`remark`,`create_time`,`update_time`,`create_by`,`update_by`,`deleted`) VALUES(555,171,'转办','2026-05-14 22:11:26',103,'张三','备注555','2026-06-11 22:11:26','2026-06-23 22:11:26',1,1,0);
INSERT INTO `t_reception_log`(`id`,`record_id`,`action_type`,`action_time`,`operator_id`,`operator_name`,`remark`,`create_time`,`update_time`,`create_by`,`update_by`,`deleted`) VALUES(556,172,'审批通过','2026-05-26 22:11:26',105,'李四','备注556','2026-06-07 22:11:26','2026-05-09 22:11:26',1,1,0);
INSERT INTO `t_reception_log`(`id`,`record_id`,`action_type`,`action_time`,`operator_id`,`operator_name`,`remark`,`create_time`,`update_time`,`create_by`,`update_by`,`deleted`) VALUES(557,172,'受理','2026-06-20 22:11:26',103,'王五','备注557','2026-06-06 22:11:26','2026-06-02 22:11:26',1,1,0);
INSERT INTO `t_reception_log`(`id`,`record_id`,`action_type`,`action_time`,`operator_id`,`operator_name`,`remark`,`create_time`,`update_time`,`create_by`,`update_by`,`deleted`) VALUES(558,173,'补充材料','2026-05-19 22:11:26',101,'赵六','备注558','2026-06-16 22:11:26','2026-06-15 22:11:26',1,1,0);
INSERT INTO `t_reception_log`(`id`,`record_id`,`action_type`,`action_time`,`operator_id`,`operator_name`,`remark`,`create_time`,`update_time`,`create_by`,`update_by`,`deleted`) VALUES(559,173,'审批通过','2026-06-06 22:11:26',104,'孙七','备注559','2026-05-28 22:11:26','2026-06-25 22:11:26',1,1,0);
INSERT INTO `t_reception_log`(`id`,`record_id`,`action_type`,`action_time`,`operator_id`,`operator_name`,`remark`,`create_time`,`update_time`,`create_by`,`update_by`,`deleted`) VALUES(560,173,'办结','2026-06-19 22:11:26',104,'张三','备注560','2026-06-18 22:11:26','2026-05-18 22:11:26',1,1,0);
INSERT INTO `t_reception_log`(`id`,`record_id`,`action_type`,`action_time`,`operator_id`,`operator_name`,`remark`,`create_time`,`update_time`,`create_by`,`update_by`,`deleted`) VALUES(561,174,'驳回','2026-05-24 22:11:26',103,'李四','备注561','2026-05-29 22:11:26','2026-06-01 22:11:26',1,1,0);
INSERT INTO `t_reception_log`(`id`,`record_id`,`action_type`,`action_time`,`operator_id`,`operator_name`,`remark`,`create_time`,`update_time`,`create_by`,`update_by`,`deleted`) VALUES(562,174,'办结','2026-06-24 22:11:26',105,'王五','备注562','2026-06-08 22:11:26','2026-05-22 22:11:26',1,1,0);
INSERT INTO `t_reception_log`(`id`,`record_id`,`action_type`,`action_time`,`operator_id`,`operator_name`,`remark`,`create_time`,`update_time`,`create_by`,`update_by`,`deleted`) VALUES(563,175,'办结','2026-06-07 22:11:26',105,'赵六','备注563','2026-05-24 22:11:26','2026-06-26 22:11:26',1,1,0);
INSERT INTO `t_reception_log`(`id`,`record_id`,`action_type`,`action_time`,`operator_id`,`operator_name`,`remark`,`create_time`,`update_time`,`create_by`,`update_by`,`deleted`) VALUES(564,175,'转办','2026-05-22 22:11:26',103,'孙七','备注564','2026-06-05 22:11:26','2026-06-23 22:11:26',1,1,0);
INSERT INTO `t_reception_log`(`id`,`record_id`,`action_type`,`action_time`,`operator_id`,`operator_name`,`remark`,`create_time`,`update_time`,`create_by`,`update_by`,`deleted`) VALUES(565,175,'转办','2026-06-10 22:11:26',101,'张三','备注565','2026-06-06 22:11:26','2026-06-03 22:11:26',1,1,0);
INSERT INTO `t_reception_log`(`id`,`record_id`,`action_type`,`action_time`,`operator_id`,`operator_name`,`remark`,`create_time`,`update_time`,`create_by`,`update_by`,`deleted`) VALUES(566,176,'补充材料','2026-06-17 22:11:26',105,'李四','备注566','2026-05-20 22:11:26','2026-06-03 22:11:26',1,1,0);
INSERT INTO `t_reception_log`(`id`,`record_id`,`action_type`,`action_time`,`operator_id`,`operator_name`,`remark`,`create_time`,`update_time`,`create_by`,`update_by`,`deleted`) VALUES(567,176,'转办','2026-05-20 22:11:26',101,'王五','备注567','2026-05-10 22:11:26','2026-06-08 22:11:26',1,1,0);
INSERT INTO `t_reception_log`(`id`,`record_id`,`action_type`,`action_time`,`operator_id`,`operator_name`,`remark`,`create_time`,`update_time`,`create_by`,`update_by`,`deleted`) VALUES(568,176,'办结','2026-06-07 22:11:26',101,'赵六','备注568','2026-06-10 22:11:26','2026-06-01 22:11:26',1,1,0);
INSERT INTO `t_reception_log`(`id`,`record_id`,`action_type`,`action_time`,`operator_id`,`operator_name`,`remark`,`create_time`,`update_time`,`create_by`,`update_by`,`deleted`) VALUES(569,177,'审批退回','2026-06-12 22:11:26',103,'孙七','备注569','2026-05-30 22:11:26','2026-06-08 22:11:26',1,1,0);
INSERT INTO `t_reception_log`(`id`,`record_id`,`action_type`,`action_time`,`operator_id`,`operator_name`,`remark`,`create_time`,`update_time`,`create_by`,`update_by`,`deleted`) VALUES(570,178,'补充材料','2026-06-08 22:11:26',102,'张三','备注570','2026-06-20 22:11:26','2026-06-04 22:11:26',1,1,0);
INSERT INTO `t_reception_log`(`id`,`record_id`,`action_type`,`action_time`,`operator_id`,`operator_name`,`remark`,`create_time`,`update_time`,`create_by`,`update_by`,`deleted`) VALUES(571,179,'驳回','2026-06-15 22:11:26',101,'李四','备注571','2026-05-30 22:11:26','2026-05-26 22:11:26',1,1,0);
INSERT INTO `t_reception_log`(`id`,`record_id`,`action_type`,`action_time`,`operator_id`,`operator_name`,`remark`,`create_time`,`update_time`,`create_by`,`update_by`,`deleted`) VALUES(572,180,'驳回','2026-05-28 22:11:26',105,'王五','备注572','2026-06-18 22:11:26','2026-06-15 22:11:26',1,1,0);
INSERT INTO `t_reception_log`(`id`,`record_id`,`action_type`,`action_time`,`operator_id`,`operator_name`,`remark`,`create_time`,`update_time`,`create_by`,`update_by`,`deleted`) VALUES(573,181,'审批退回','2026-05-12 22:11:26',105,'赵六','备注573','2026-06-08 22:11:26','2026-05-09 22:11:26',1,1,0);
INSERT INTO `t_reception_log`(`id`,`record_id`,`action_type`,`action_time`,`operator_id`,`operator_name`,`remark`,`create_time`,`update_time`,`create_by`,`update_by`,`deleted`) VALUES(574,181,'审批通过','2026-06-18 22:11:26',101,'孙七','备注574','2026-05-25 22:11:26','2026-05-15 22:11:26',1,1,0);
INSERT INTO `t_reception_log`(`id`,`record_id`,`action_type`,`action_time`,`operator_id`,`operator_name`,`remark`,`create_time`,`update_time`,`create_by`,`update_by`,`deleted`) VALUES(575,182,'转办','2026-05-12 22:11:26',101,'张三','备注575','2026-05-29 22:11:26','2026-06-03 22:11:26',1,1,0);
INSERT INTO `t_reception_log`(`id`,`record_id`,`action_type`,`action_time`,`operator_id`,`operator_name`,`remark`,`create_time`,`update_time`,`create_by`,`update_by`,`deleted`) VALUES(576,183,'驳回','2026-05-25 22:11:26',101,'李四','备注576','2026-06-27 22:11:26','2026-06-08 22:11:26',1,1,0);
INSERT INTO `t_reception_log`(`id`,`record_id`,`action_type`,`action_time`,`operator_id`,`operator_name`,`remark`,`create_time`,`update_time`,`create_by`,`update_by`,`deleted`) VALUES(577,183,'受理','2026-05-15 22:11:26',105,'王五','备注577','2026-06-22 22:11:26','2026-06-06 22:11:26',1,1,0);
INSERT INTO `t_reception_log`(`id`,`record_id`,`action_type`,`action_time`,`operator_id`,`operator_name`,`remark`,`create_time`,`update_time`,`create_by`,`update_by`,`deleted`) VALUES(578,183,'审批退回','2026-06-25 22:11:26',101,'赵六','备注578','2026-05-25 22:11:26','2026-05-09 22:11:26',1,1,0);
INSERT INTO `t_reception_log`(`id`,`record_id`,`action_type`,`action_time`,`operator_id`,`operator_name`,`remark`,`create_time`,`update_time`,`create_by`,`update_by`,`deleted`) VALUES(579,184,'办结','2026-06-08 22:11:26',101,'孙七','备注579','2026-05-22 22:11:26','2026-05-10 22:11:26',1,1,0);
INSERT INTO `t_reception_log`(`id`,`record_id`,`action_type`,`action_time`,`operator_id`,`operator_name`,`remark`,`create_time`,`update_time`,`create_by`,`update_by`,`deleted`) VALUES(580,184,'审批通过','2026-05-18 22:11:26',102,'张三','备注580','2026-06-07 22:11:26','2026-06-15 22:11:26',1,1,0);
INSERT INTO `t_reception_log`(`id`,`record_id`,`action_type`,`action_time`,`operator_id`,`operator_name`,`remark`,`create_time`,`update_time`,`create_by`,`update_by`,`deleted`) VALUES(581,184,'转办','2026-06-09 22:11:26',103,'李四','备注581','2026-05-24 22:11:26','2026-06-07 22:11:26',1,1,0);
INSERT INTO `t_reception_log`(`id`,`record_id`,`action_type`,`action_time`,`operator_id`,`operator_name`,`remark`,`create_time`,`update_time`,`create_by`,`update_by`,`deleted`) VALUES(582,185,'办结','2026-06-20 22:11:26',103,'王五','备注582','2026-06-18 22:11:26','2026-06-17 22:11:26',1,1,0);
INSERT INTO `t_reception_log`(`id`,`record_id`,`action_type`,`action_time`,`operator_id`,`operator_name`,`remark`,`create_time`,`update_time`,`create_by`,`update_by`,`deleted`) VALUES(583,185,'审批通过','2026-06-20 22:11:26',101,'赵六','备注583','2026-05-19 22:11:26','2026-05-23 22:11:26',1,1,0);
INSERT INTO `t_reception_log`(`id`,`record_id`,`action_type`,`action_time`,`operator_id`,`operator_name`,`remark`,`create_time`,`update_time`,`create_by`,`update_by`,`deleted`) VALUES(584,186,'受理','2026-06-14 22:11:26',105,'孙七','备注584','2026-06-05 22:11:26','2026-05-23 22:11:26',1,1,0);
INSERT INTO `t_reception_log`(`id`,`record_id`,`action_type`,`action_time`,`operator_id`,`operator_name`,`remark`,`create_time`,`update_time`,`create_by`,`update_by`,`deleted`) VALUES(585,186,'审批通过','2026-06-10 22:11:26',102,'张三','备注585','2026-05-13 22:11:26','2026-06-09 22:11:26',1,1,0);
INSERT INTO `t_reception_log`(`id`,`record_id`,`action_type`,`action_time`,`operator_id`,`operator_name`,`remark`,`create_time`,`update_time`,`create_by`,`update_by`,`deleted`) VALUES(586,186,'补充材料','2026-06-12 22:11:26',102,'李四','备注586','2026-06-23 22:11:26','2026-06-08 22:11:26',1,1,0);
INSERT INTO `t_reception_log`(`id`,`record_id`,`action_type`,`action_time`,`operator_id`,`operator_name`,`remark`,`create_time`,`update_time`,`create_by`,`update_by`,`deleted`) VALUES(587,187,'审批通过','2026-05-24 22:11:26',104,'王五','备注587','2026-06-24 22:11:26','2026-06-19 22:11:26',1,1,0);
INSERT INTO `t_reception_log`(`id`,`record_id`,`action_type`,`action_time`,`operator_id`,`operator_name`,`remark`,`create_time`,`update_time`,`create_by`,`update_by`,`deleted`) VALUES(588,187,'受理','2026-05-28 22:11:26',101,'赵六','备注588','2026-06-21 22:11:26','2026-06-03 22:11:26',1,1,0);
INSERT INTO `t_reception_log`(`id`,`record_id`,`action_type`,`action_time`,`operator_id`,`operator_name`,`remark`,`create_time`,`update_time`,`create_by`,`update_by`,`deleted`) VALUES(589,187,'受理','2026-06-22 22:11:26',104,'孙七','备注589','2026-06-02 22:11:26','2026-06-16 22:11:26',1,1,0);
INSERT INTO `t_reception_log`(`id`,`record_id`,`action_type`,`action_time`,`operator_id`,`operator_name`,`remark`,`create_time`,`update_time`,`create_by`,`update_by`,`deleted`) VALUES(590,188,'补充材料','2026-05-21 22:11:26',104,'张三','备注590','2026-05-19 22:11:26','2026-06-05 22:11:26',1,1,0);
INSERT INTO `t_reception_log`(`id`,`record_id`,`action_type`,`action_time`,`operator_id`,`operator_name`,`remark`,`create_time`,`update_time`,`create_by`,`update_by`,`deleted`) VALUES(591,188,'审批通过','2026-06-06 22:11:26',102,'李四','备注591','2026-05-13 22:11:26','2026-05-10 22:11:26',1,1,0);
INSERT INTO `t_reception_log`(`id`,`record_id`,`action_type`,`action_time`,`operator_id`,`operator_name`,`remark`,`create_time`,`update_time`,`create_by`,`update_by`,`deleted`) VALUES(592,188,'办结','2026-05-24 22:11:26',101,'王五','备注592','2026-05-10 22:11:26','2026-05-10 22:11:26',1,1,0);
INSERT INTO `t_reception_log`(`id`,`record_id`,`action_type`,`action_time`,`operator_id`,`operator_name`,`remark`,`create_time`,`update_time`,`create_by`,`update_by`,`deleted`) VALUES(593,189,'补充材料','2026-06-19 22:11:26',101,'赵六','备注593','2026-05-14 22:11:26','2026-05-29 22:11:26',1,1,0);
INSERT INTO `t_reception_log`(`id`,`record_id`,`action_type`,`action_time`,`operator_id`,`operator_name`,`remark`,`create_time`,`update_time`,`create_by`,`update_by`,`deleted`) VALUES(594,189,'受理','2026-05-29 22:11:26',103,'孙七','备注594','2026-05-15 22:11:26','2026-05-17 22:11:26',1,1,0);
INSERT INTO `t_reception_log`(`id`,`record_id`,`action_type`,`action_time`,`operator_id`,`operator_name`,`remark`,`create_time`,`update_time`,`create_by`,`update_by`,`deleted`) VALUES(595,190,'驳回','2026-05-29 22:11:26',104,'张三','备注595','2026-06-13 22:11:26','2026-06-13 22:11:26',1,1,0);
INSERT INTO `t_reception_log`(`id`,`record_id`,`action_type`,`action_time`,`operator_id`,`operator_name`,`remark`,`create_time`,`update_time`,`create_by`,`update_by`,`deleted`) VALUES(596,190,'转办','2026-05-19 22:11:26',103,'李四','备注596','2026-06-04 22:11:26','2026-06-02 22:11:26',1,1,0);
INSERT INTO `t_reception_log`(`id`,`record_id`,`action_type`,`action_time`,`operator_id`,`operator_name`,`remark`,`create_time`,`update_time`,`create_by`,`update_by`,`deleted`) VALUES(597,190,'转办','2026-05-14 22:11:26',103,'王五','备注597','2026-06-07 22:11:26','2026-05-29 22:11:26',1,1,0);
INSERT INTO `t_reception_log`(`id`,`record_id`,`action_type`,`action_time`,`operator_id`,`operator_name`,`remark`,`create_time`,`update_time`,`create_by`,`update_by`,`deleted`) VALUES(598,191,'受理','2026-06-23 22:11:26',104,'赵六','备注598','2026-06-20 22:11:26','2026-06-05 22:11:26',1,1,0);
INSERT INTO `t_reception_log`(`id`,`record_id`,`action_type`,`action_time`,`operator_id`,`operator_name`,`remark`,`create_time`,`update_time`,`create_by`,`update_by`,`deleted`) VALUES(599,191,'审批退回','2026-05-29 22:11:26',102,'孙七','备注599','2026-06-09 22:11:26','2026-05-09 22:11:26',1,1,0);
INSERT INTO `t_reception_log`(`id`,`record_id`,`action_type`,`action_time`,`operator_id`,`operator_name`,`remark`,`create_time`,`update_time`,`create_by`,`update_by`,`deleted`) VALUES(600,192,'补充材料','2026-05-22 22:11:26',102,'张三','备注600','2026-05-26 22:11:26','2026-06-21 22:11:26',1,1,0);
INSERT INTO `t_reception_log`(`id`,`record_id`,`action_type`,`action_time`,`operator_id`,`operator_name`,`remark`,`create_time`,`update_time`,`create_by`,`update_by`,`deleted`) VALUES(601,192,'审批退回','2026-05-13 22:11:26',101,'李四','备注601','2026-06-07 22:11:26','2026-05-23 22:11:26',1,1,0);
INSERT INTO `t_reception_log`(`id`,`record_id`,`action_type`,`action_time`,`operator_id`,`operator_name`,`remark`,`create_time`,`update_time`,`create_by`,`update_by`,`deleted`) VALUES(602,193,'受理','2026-06-08 22:11:26',105,'王五','备注602','2026-05-29 22:11:26','2026-06-02 22:11:26',1,1,0);
INSERT INTO `t_reception_log`(`id`,`record_id`,`action_type`,`action_time`,`operator_id`,`operator_name`,`remark`,`create_time`,`update_time`,`create_by`,`update_by`,`deleted`) VALUES(603,193,'补充材料','2026-06-01 22:11:26',102,'赵六','备注603','2026-05-19 22:11:26','2026-06-12 22:11:26',1,1,0);
INSERT INTO `t_reception_log`(`id`,`record_id`,`action_type`,`action_time`,`operator_id`,`operator_name`,`remark`,`create_time`,`update_time`,`create_by`,`update_by`,`deleted`) VALUES(604,193,'补充材料','2026-06-17 22:11:26',104,'孙七','备注604','2026-06-03 22:11:26','2026-06-23 22:11:26',1,1,0);
INSERT INTO `t_reception_log`(`id`,`record_id`,`action_type`,`action_time`,`operator_id`,`operator_name`,`remark`,`create_time`,`update_time`,`create_by`,`update_by`,`deleted`) VALUES(605,194,'转办','2026-05-14 22:11:26',105,'张三','备注605','2026-05-31 22:11:26','2026-05-31 22:11:26',1,1,0);
INSERT INTO `t_reception_log`(`id`,`record_id`,`action_type`,`action_time`,`operator_id`,`operator_name`,`remark`,`create_time`,`update_time`,`create_by`,`update_by`,`deleted`) VALUES(606,194,'补充材料','2026-06-06 22:11:26',105,'李四','备注606','2026-05-14 22:11:26','2026-06-12 22:11:26',1,1,0);
INSERT INTO `t_reception_log`(`id`,`record_id`,`action_type`,`action_time`,`operator_id`,`operator_name`,`remark`,`create_time`,`update_time`,`create_by`,`update_by`,`deleted`) VALUES(607,195,'办结','2026-05-16 22:11:26',101,'王五','备注607','2026-05-11 22:11:26','2026-05-13 22:11:26',1,1,0);
INSERT INTO `t_reception_log`(`id`,`record_id`,`action_type`,`action_time`,`operator_id`,`operator_name`,`remark`,`create_time`,`update_time`,`create_by`,`update_by`,`deleted`) VALUES(608,196,'驳回','2026-05-27 22:11:26',101,'赵六','备注608','2026-05-21 22:11:26','2026-05-20 22:11:26',1,1,0);
INSERT INTO `t_reception_log`(`id`,`record_id`,`action_type`,`action_time`,`operator_id`,`operator_name`,`remark`,`create_time`,`update_time`,`create_by`,`update_by`,`deleted`) VALUES(609,196,'审批退回','2026-06-07 22:11:26',105,'孙七','备注609','2026-06-21 22:11:26','2026-05-30 22:11:26',1,1,0);
INSERT INTO `t_reception_log`(`id`,`record_id`,`action_type`,`action_time`,`operator_id`,`operator_name`,`remark`,`create_time`,`update_time`,`create_by`,`update_by`,`deleted`) VALUES(610,196,'转办','2026-06-08 22:11:26',104,'张三','备注610','2026-06-23 22:11:26','2026-05-20 22:11:26',1,1,0);
INSERT INTO `t_reception_log`(`id`,`record_id`,`action_type`,`action_time`,`operator_id`,`operator_name`,`remark`,`create_time`,`update_time`,`create_by`,`update_by`,`deleted`) VALUES(611,197,'办结','2026-05-20 22:11:26',104,'李四','备注611','2026-06-07 22:11:26','2026-05-27 22:11:26',1,1,0);
INSERT INTO `t_reception_log`(`id`,`record_id`,`action_type`,`action_time`,`operator_id`,`operator_name`,`remark`,`create_time`,`update_time`,`create_by`,`update_by`,`deleted`) VALUES(612,198,'办结','2026-06-24 22:11:26',101,'王五','备注612','2026-06-14 22:11:26','2026-06-19 22:11:26',1,1,0);
INSERT INTO `t_reception_log`(`id`,`record_id`,`action_type`,`action_time`,`operator_id`,`operator_name`,`remark`,`create_time`,`update_time`,`create_by`,`update_by`,`deleted`) VALUES(613,198,'补充材料','2026-05-10 22:11:26',101,'赵六','备注613','2026-05-10 22:11:26','2026-06-18 22:11:26',1,1,0);
INSERT INTO `t_reception_log`(`id`,`record_id`,`action_type`,`action_time`,`operator_id`,`operator_name`,`remark`,`create_time`,`update_time`,`create_by`,`update_by`,`deleted`) VALUES(614,198,'办结','2026-06-18 22:11:26',104,'孙七','备注614','2026-05-24 22:11:26','2026-06-09 22:11:26',1,1,0);
INSERT INTO `t_reception_log`(`id`,`record_id`,`action_type`,`action_time`,`operator_id`,`operator_name`,`remark`,`create_time`,`update_time`,`create_by`,`update_by`,`deleted`) VALUES(615,199,'补充材料','2026-05-22 22:11:26',104,'张三','备注615','2026-06-15 22:11:26','2026-06-14 22:11:26',1,1,0);
INSERT INTO `t_reception_log`(`id`,`record_id`,`action_type`,`action_time`,`operator_id`,`operator_name`,`remark`,`create_time`,`update_time`,`create_by`,`update_by`,`deleted`) VALUES(616,199,'办结','2026-06-07 22:11:26',103,'李四','备注616','2026-05-22 22:11:26','2026-05-15 22:11:26',1,1,0);

USE `gov_reception`;
DELETE FROM `t_reception_form_data` WHERE id >= 100;
INSERT INTO `t_reception_form_data`(`id`,`record_id`,`form_id`,`form_data`,`form_version`,`create_time`,`update_time`,`create_by`,`update_by`,`deleted`) VALUES(100,138,155,'{"data":"0"}',NULL,'2026-05-13 22:11:26','2026-04-30 22:11:26',103,101,0);
INSERT INTO `t_reception_form_data`(`id`,`record_id`,`form_id`,`form_data`,`form_version`,`create_time`,`update_time`,`create_by`,`update_by`,`deleted`) VALUES(101,174,101,'{"data":"1"}',NULL,'2026-05-19 22:11:26','2026-05-26 22:11:26',104,102,0);
INSERT INTO `t_reception_form_data`(`id`,`record_id`,`form_id`,`form_data`,`form_version`,`create_time`,`update_time`,`create_by`,`update_by`,`deleted`) VALUES(102,137,107,'{"data":"2"}',NULL,'2026-06-04 22:11:26','2026-05-01 22:11:26',105,101,0);
INSERT INTO `t_reception_form_data`(`id`,`record_id`,`form_id`,`form_data`,`form_version`,`create_time`,`update_time`,`create_by`,`update_by`,`deleted`) VALUES(103,100,190,'{"data":"3"}',NULL,'2026-05-23 22:11:26','2026-05-06 22:11:26',103,101,0);
INSERT INTO `t_reception_form_data`(`id`,`record_id`,`form_id`,`form_data`,`form_version`,`create_time`,`update_time`,`create_by`,`update_by`,`deleted`) VALUES(104,136,103,'{"data":"4"}',NULL,'2026-06-12 22:11:26','2026-05-31 22:11:26',105,104,0);
INSERT INTO `t_reception_form_data`(`id`,`record_id`,`form_id`,`form_data`,`form_version`,`create_time`,`update_time`,`create_by`,`update_by`,`deleted`) VALUES(105,180,140,'{"data":"5"}',NULL,'2026-05-13 22:11:26','2026-06-03 22:11:26',104,104,0);
INSERT INTO `t_reception_form_data`(`id`,`record_id`,`form_id`,`form_data`,`form_version`,`create_time`,`update_time`,`create_by`,`update_by`,`deleted`) VALUES(106,155,169,'{"data":"6"}',NULL,'2026-06-14 22:11:26','2026-05-16 22:11:26',102,104,0);
INSERT INTO `t_reception_form_data`(`id`,`record_id`,`form_id`,`form_data`,`form_version`,`create_time`,`update_time`,`create_by`,`update_by`,`deleted`) VALUES(107,117,124,'{"data":"7"}',NULL,'2026-05-23 22:11:26','2026-06-03 22:11:26',103,104,0);
INSERT INTO `t_reception_form_data`(`id`,`record_id`,`form_id`,`form_data`,`form_version`,`create_time`,`update_time`,`create_by`,`update_by`,`deleted`) VALUES(108,119,136,'{"data":"8"}',NULL,'2026-05-03 22:11:26','2026-05-16 22:11:26',102,102,0);
INSERT INTO `t_reception_form_data`(`id`,`record_id`,`form_id`,`form_data`,`form_version`,`create_time`,`update_time`,`create_by`,`update_by`,`deleted`) VALUES(109,101,109,'{"data":"9"}',NULL,'2026-05-17 22:11:26','2026-06-26 22:11:26',102,104,0);
INSERT INTO `t_reception_form_data`(`id`,`record_id`,`form_id`,`form_data`,`form_version`,`create_time`,`update_time`,`create_by`,`update_by`,`deleted`) VALUES(110,184,155,'{"data":"10"}',NULL,'2026-06-19 22:11:26','2026-06-22 22:11:26',102,104,0);
INSERT INTO `t_reception_form_data`(`id`,`record_id`,`form_id`,`form_data`,`form_version`,`create_time`,`update_time`,`create_by`,`update_by`,`deleted`) VALUES(111,158,189,'{"data":"11"}',NULL,'2026-05-20 22:11:26','2026-04-29 22:11:26',104,105,0);
INSERT INTO `t_reception_form_data`(`id`,`record_id`,`form_id`,`form_data`,`form_version`,`create_time`,`update_time`,`create_by`,`update_by`,`deleted`) VALUES(112,123,158,'{"data":"12"}',NULL,'2026-05-26 22:11:26','2026-05-31 22:11:26',105,104,0);
INSERT INTO `t_reception_form_data`(`id`,`record_id`,`form_id`,`form_data`,`form_version`,`create_time`,`update_time`,`create_by`,`update_by`,`deleted`) VALUES(113,149,145,'{"data":"13"}',NULL,'2026-06-13 22:11:26','2026-06-16 22:11:26',104,105,0);
INSERT INTO `t_reception_form_data`(`id`,`record_id`,`form_id`,`form_data`,`form_version`,`create_time`,`update_time`,`create_by`,`update_by`,`deleted`) VALUES(114,100,173,'{"data":"14"}',NULL,'2026-05-27 22:11:26','2026-05-04 22:11:26',102,105,0);
INSERT INTO `t_reception_form_data`(`id`,`record_id`,`form_id`,`form_data`,`form_version`,`create_time`,`update_time`,`create_by`,`update_by`,`deleted`) VALUES(115,134,152,'{"data":"15"}',NULL,'2026-04-29 22:11:26','2026-05-24 22:11:26',105,103,0);
INSERT INTO `t_reception_form_data`(`id`,`record_id`,`form_id`,`form_data`,`form_version`,`create_time`,`update_time`,`create_by`,`update_by`,`deleted`) VALUES(116,104,104,'{"data":"16"}',NULL,'2026-05-22 22:11:26','2026-05-28 22:11:26',103,101,0);
INSERT INTO `t_reception_form_data`(`id`,`record_id`,`form_id`,`form_data`,`form_version`,`create_time`,`update_time`,`create_by`,`update_by`,`deleted`) VALUES(117,174,161,'{"data":"17"}',NULL,'2026-05-14 22:11:26','2026-06-22 22:11:26',102,105,0);
INSERT INTO `t_reception_form_data`(`id`,`record_id`,`form_id`,`form_data`,`form_version`,`create_time`,`update_time`,`create_by`,`update_by`,`deleted`) VALUES(118,196,199,'{"data":"18"}',NULL,'2026-06-10 22:11:26','2026-05-29 22:11:26',105,101,0);
INSERT INTO `t_reception_form_data`(`id`,`record_id`,`form_id`,`form_data`,`form_version`,`create_time`,`update_time`,`create_by`,`update_by`,`deleted`) VALUES(119,166,178,'{"data":"19"}',NULL,'2026-06-22 22:11:26','2026-06-12 22:11:26',104,101,0);
INSERT INTO `t_reception_form_data`(`id`,`record_id`,`form_id`,`form_data`,`form_version`,`create_time`,`update_time`,`create_by`,`update_by`,`deleted`) VALUES(120,187,181,'{"data":"20"}',NULL,'2026-05-24 22:11:26','2026-05-07 22:11:26',105,103,0);
INSERT INTO `t_reception_form_data`(`id`,`record_id`,`form_id`,`form_data`,`form_version`,`create_time`,`update_time`,`create_by`,`update_by`,`deleted`) VALUES(121,178,106,'{"data":"21"}',NULL,'2026-05-01 22:11:26','2026-06-06 22:11:26',105,101,0);
INSERT INTO `t_reception_form_data`(`id`,`record_id`,`form_id`,`form_data`,`form_version`,`create_time`,`update_time`,`create_by`,`update_by`,`deleted`) VALUES(122,160,158,'{"data":"22"}',NULL,'2026-05-26 22:11:26','2026-05-01 22:11:26',104,105,0);
INSERT INTO `t_reception_form_data`(`id`,`record_id`,`form_id`,`form_data`,`form_version`,`create_time`,`update_time`,`create_by`,`update_by`,`deleted`) VALUES(123,193,142,'{"data":"23"}',NULL,'2026-06-01 22:11:26','2026-06-05 22:11:26',103,103,0);
INSERT INTO `t_reception_form_data`(`id`,`record_id`,`form_id`,`form_data`,`form_version`,`create_time`,`update_time`,`create_by`,`update_by`,`deleted`) VALUES(124,121,104,'{"data":"24"}',NULL,'2026-05-14 22:11:26','2026-04-29 22:11:26',105,103,0);
INSERT INTO `t_reception_form_data`(`id`,`record_id`,`form_id`,`form_data`,`form_version`,`create_time`,`update_time`,`create_by`,`update_by`,`deleted`) VALUES(125,193,172,'{"data":"25"}',NULL,'2026-06-11 22:11:26','2026-06-24 22:11:26',104,105,0);
INSERT INTO `t_reception_form_data`(`id`,`record_id`,`form_id`,`form_data`,`form_version`,`create_time`,`update_time`,`create_by`,`update_by`,`deleted`) VALUES(126,121,173,'{"data":"26"}',NULL,'2026-06-24 22:11:26','2026-05-16 22:11:26',103,105,0);
INSERT INTO `t_reception_form_data`(`id`,`record_id`,`form_id`,`form_data`,`form_version`,`create_time`,`update_time`,`create_by`,`update_by`,`deleted`) VALUES(127,103,136,'{"data":"27"}',NULL,'2026-05-27 22:11:26','2026-06-22 22:11:26',102,105,0);
INSERT INTO `t_reception_form_data`(`id`,`record_id`,`form_id`,`form_data`,`form_version`,`create_time`,`update_time`,`create_by`,`update_by`,`deleted`) VALUES(128,109,135,'{"data":"28"}',NULL,'2026-06-11 22:11:26','2026-06-19 22:11:26',105,103,0);
INSERT INTO `t_reception_form_data`(`id`,`record_id`,`form_id`,`form_data`,`form_version`,`create_time`,`update_time`,`create_by`,`update_by`,`deleted`) VALUES(129,135,132,'{"data":"29"}',NULL,'2026-06-27 22:11:26','2026-05-11 22:11:26',101,105,0);
INSERT INTO `t_reception_form_data`(`id`,`record_id`,`form_id`,`form_data`,`form_version`,`create_time`,`update_time`,`create_by`,`update_by`,`deleted`) VALUES(130,122,175,'{"data":"30"}',NULL,'2026-05-11 22:11:26','2026-06-18 22:11:26',104,103,0);
INSERT INTO `t_reception_form_data`(`id`,`record_id`,`form_id`,`form_data`,`form_version`,`create_time`,`update_time`,`create_by`,`update_by`,`deleted`) VALUES(131,122,133,'{"data":"31"}',NULL,'2026-05-08 22:11:26','2026-05-14 22:11:26',102,104,0);
INSERT INTO `t_reception_form_data`(`id`,`record_id`,`form_id`,`form_data`,`form_version`,`create_time`,`update_time`,`create_by`,`update_by`,`deleted`) VALUES(132,123,167,'{"data":"32"}',NULL,'2026-05-03 22:11:26','2026-06-25 22:11:26',103,101,0);
INSERT INTO `t_reception_form_data`(`id`,`record_id`,`form_id`,`form_data`,`form_version`,`create_time`,`update_time`,`create_by`,`update_by`,`deleted`) VALUES(133,118,176,'{"data":"33"}',NULL,'2026-04-29 22:11:26','2026-05-06 22:11:26',102,104,0);
INSERT INTO `t_reception_form_data`(`id`,`record_id`,`form_id`,`form_data`,`form_version`,`create_time`,`update_time`,`create_by`,`update_by`,`deleted`) VALUES(134,196,152,'{"data":"34"}',NULL,'2026-05-09 22:11:26','2026-06-03 22:11:26',102,104,0);
INSERT INTO `t_reception_form_data`(`id`,`record_id`,`form_id`,`form_data`,`form_version`,`create_time`,`update_time`,`create_by`,`update_by`,`deleted`) VALUES(135,192,181,'{"data":"35"}',NULL,'2026-06-17 22:11:26','2026-06-14 22:11:26',105,103,0);
INSERT INTO `t_reception_form_data`(`id`,`record_id`,`form_id`,`form_data`,`form_version`,`create_time`,`update_time`,`create_by`,`update_by`,`deleted`) VALUES(136,106,182,'{"data":"36"}',NULL,'2026-06-11 22:11:26','2026-05-10 22:11:26',101,101,0);
INSERT INTO `t_reception_form_data`(`id`,`record_id`,`form_id`,`form_data`,`form_version`,`create_time`,`update_time`,`create_by`,`update_by`,`deleted`) VALUES(137,121,159,'{"data":"37"}',NULL,'2026-06-02 22:11:26','2026-05-28 22:11:26',103,104,0);
INSERT INTO `t_reception_form_data`(`id`,`record_id`,`form_id`,`form_data`,`form_version`,`create_time`,`update_time`,`create_by`,`update_by`,`deleted`) VALUES(138,195,196,'{"data":"38"}',NULL,'2026-04-29 22:11:26','2026-05-24 22:11:26',102,104,0);
INSERT INTO `t_reception_form_data`(`id`,`record_id`,`form_id`,`form_data`,`form_version`,`create_time`,`update_time`,`create_by`,`update_by`,`deleted`) VALUES(139,187,190,'{"data":"39"}',NULL,'2026-06-03 22:11:26','2026-05-28 22:11:26',103,102,0);
INSERT INTO `t_reception_form_data`(`id`,`record_id`,`form_id`,`form_data`,`form_version`,`create_time`,`update_time`,`create_by`,`update_by`,`deleted`) VALUES(140,167,155,'{"data":"40"}',NULL,'2026-06-27 22:11:26','2026-06-09 22:11:26',104,104,0);
INSERT INTO `t_reception_form_data`(`id`,`record_id`,`form_id`,`form_data`,`form_version`,`create_time`,`update_time`,`create_by`,`update_by`,`deleted`) VALUES(141,186,140,'{"data":"41"}',NULL,'2026-05-25 22:11:26','2026-05-15 22:11:26',101,101,0);
INSERT INTO `t_reception_form_data`(`id`,`record_id`,`form_id`,`form_data`,`form_version`,`create_time`,`update_time`,`create_by`,`update_by`,`deleted`) VALUES(142,168,181,'{"data":"42"}',NULL,'2026-06-05 22:11:26','2026-05-04 22:11:26',104,105,0);
INSERT INTO `t_reception_form_data`(`id`,`record_id`,`form_id`,`form_data`,`form_version`,`create_time`,`update_time`,`create_by`,`update_by`,`deleted`) VALUES(143,183,134,'{"data":"43"}',NULL,'2026-06-06 22:11:26','2026-06-10 22:11:26',103,101,0);
INSERT INTO `t_reception_form_data`(`id`,`record_id`,`form_id`,`form_data`,`form_version`,`create_time`,`update_time`,`create_by`,`update_by`,`deleted`) VALUES(144,132,183,'{"data":"44"}',NULL,'2026-05-21 22:11:26','2026-06-02 22:11:26',104,102,0);
INSERT INTO `t_reception_form_data`(`id`,`record_id`,`form_id`,`form_data`,`form_version`,`create_time`,`update_time`,`create_by`,`update_by`,`deleted`) VALUES(145,193,186,'{"data":"45"}',NULL,'2026-05-21 22:11:26','2026-05-09 22:11:26',102,105,0);
INSERT INTO `t_reception_form_data`(`id`,`record_id`,`form_id`,`form_data`,`form_version`,`create_time`,`update_time`,`create_by`,`update_by`,`deleted`) VALUES(146,143,186,'{"data":"46"}',NULL,'2026-05-14 22:11:26','2026-06-16 22:11:26',103,105,0);
INSERT INTO `t_reception_form_data`(`id`,`record_id`,`form_id`,`form_data`,`form_version`,`create_time`,`update_time`,`create_by`,`update_by`,`deleted`) VALUES(147,101,186,'{"data":"47"}',NULL,'2026-06-27 22:11:26','2026-05-05 22:11:26',101,101,0);
INSERT INTO `t_reception_form_data`(`id`,`record_id`,`form_id`,`form_data`,`form_version`,`create_time`,`update_time`,`create_by`,`update_by`,`deleted`) VALUES(148,152,112,'{"data":"48"}',NULL,'2026-05-25 22:11:26','2026-06-21 22:11:26',104,103,0);
INSERT INTO `t_reception_form_data`(`id`,`record_id`,`form_id`,`form_data`,`form_version`,`create_time`,`update_time`,`create_by`,`update_by`,`deleted`) VALUES(149,128,192,'{"data":"49"}',NULL,'2026-06-09 22:11:26','2026-06-11 22:11:26',102,101,0);
INSERT INTO `t_reception_form_data`(`id`,`record_id`,`form_id`,`form_data`,`form_version`,`create_time`,`update_time`,`create_by`,`update_by`,`deleted`) VALUES(150,103,179,'{"data":"50"}',NULL,'2026-06-22 22:11:26','2026-06-24 22:11:26',105,102,0);
INSERT INTO `t_reception_form_data`(`id`,`record_id`,`form_id`,`form_data`,`form_version`,`create_time`,`update_time`,`create_by`,`update_by`,`deleted`) VALUES(151,176,181,'{"data":"51"}',NULL,'2026-06-20 22:11:26','2026-05-13 22:11:26',101,101,0);
INSERT INTO `t_reception_form_data`(`id`,`record_id`,`form_id`,`form_data`,`form_version`,`create_time`,`update_time`,`create_by`,`update_by`,`deleted`) VALUES(152,177,116,'{"data":"52"}',NULL,'2026-06-03 22:11:26','2026-05-16 22:11:26',105,102,0);
INSERT INTO `t_reception_form_data`(`id`,`record_id`,`form_id`,`form_data`,`form_version`,`create_time`,`update_time`,`create_by`,`update_by`,`deleted`) VALUES(153,114,189,'{"data":"53"}',NULL,'2026-06-16 22:11:26','2026-06-11 22:11:26',103,104,0);
INSERT INTO `t_reception_form_data`(`id`,`record_id`,`form_id`,`form_data`,`form_version`,`create_time`,`update_time`,`create_by`,`update_by`,`deleted`) VALUES(154,184,109,'{"data":"54"}',NULL,'2026-05-18 22:11:26','2026-05-29 22:11:26',103,104,0);
INSERT INTO `t_reception_form_data`(`id`,`record_id`,`form_id`,`form_data`,`form_version`,`create_time`,`update_time`,`create_by`,`update_by`,`deleted`) VALUES(155,188,185,'{"data":"55"}',NULL,'2026-05-09 22:11:26','2026-05-09 22:11:26',103,103,0);
INSERT INTO `t_reception_form_data`(`id`,`record_id`,`form_id`,`form_data`,`form_version`,`create_time`,`update_time`,`create_by`,`update_by`,`deleted`) VALUES(156,120,199,'{"data":"56"}',NULL,'2026-06-23 22:11:26','2026-06-10 22:11:26',101,104,0);
INSERT INTO `t_reception_form_data`(`id`,`record_id`,`form_id`,`form_data`,`form_version`,`create_time`,`update_time`,`create_by`,`update_by`,`deleted`) VALUES(157,149,142,'{"data":"57"}',NULL,'2026-06-24 22:11:26','2026-06-11 22:11:26',103,102,0);
INSERT INTO `t_reception_form_data`(`id`,`record_id`,`form_id`,`form_data`,`form_version`,`create_time`,`update_time`,`create_by`,`update_by`,`deleted`) VALUES(158,156,108,'{"data":"58"}',NULL,'2026-05-27 22:11:26','2026-04-29 22:11:26',102,105,0);
INSERT INTO `t_reception_form_data`(`id`,`record_id`,`form_id`,`form_data`,`form_version`,`create_time`,`update_time`,`create_by`,`update_by`,`deleted`) VALUES(159,150,122,'{"data":"59"}',NULL,'2026-05-17 22:11:26','2026-05-27 22:11:26',101,102,0);
INSERT INTO `t_reception_form_data`(`id`,`record_id`,`form_id`,`form_data`,`form_version`,`create_time`,`update_time`,`create_by`,`update_by`,`deleted`) VALUES(160,169,198,'{"data":"60"}',NULL,'2026-05-31 22:11:26','2026-06-14 22:11:26',105,101,0);
INSERT INTO `t_reception_form_data`(`id`,`record_id`,`form_id`,`form_data`,`form_version`,`create_time`,`update_time`,`create_by`,`update_by`,`deleted`) VALUES(161,156,191,'{"data":"61"}',NULL,'2026-06-11 22:11:26','2026-06-21 22:11:26',101,101,0);
INSERT INTO `t_reception_form_data`(`id`,`record_id`,`form_id`,`form_data`,`form_version`,`create_time`,`update_time`,`create_by`,`update_by`,`deleted`) VALUES(162,109,173,'{"data":"62"}',NULL,'2026-05-12 22:11:26','2026-06-11 22:11:26',104,101,0);
INSERT INTO `t_reception_form_data`(`id`,`record_id`,`form_id`,`form_data`,`form_version`,`create_time`,`update_time`,`create_by`,`update_by`,`deleted`) VALUES(163,163,119,'{"data":"63"}',NULL,'2026-05-17 22:11:26','2026-05-18 22:11:26',101,101,0);
INSERT INTO `t_reception_form_data`(`id`,`record_id`,`form_id`,`form_data`,`form_version`,`create_time`,`update_time`,`create_by`,`update_by`,`deleted`) VALUES(164,185,149,'{"data":"64"}',NULL,'2026-06-10 22:11:26','2026-06-18 22:11:26',103,104,0);
INSERT INTO `t_reception_form_data`(`id`,`record_id`,`form_id`,`form_data`,`form_version`,`create_time`,`update_time`,`create_by`,`update_by`,`deleted`) VALUES(165,173,100,'{"data":"65"}',NULL,'2026-05-26 22:11:26','2026-05-13 22:11:26',104,104,0);
INSERT INTO `t_reception_form_data`(`id`,`record_id`,`form_id`,`form_data`,`form_version`,`create_time`,`update_time`,`create_by`,`update_by`,`deleted`) VALUES(166,155,151,'{"data":"66"}',NULL,'2026-05-04 22:11:26','2026-05-12 22:11:26',101,105,0);
INSERT INTO `t_reception_form_data`(`id`,`record_id`,`form_id`,`form_data`,`form_version`,`create_time`,`update_time`,`create_by`,`update_by`,`deleted`) VALUES(167,128,100,'{"data":"67"}',NULL,'2026-06-03 22:11:26','2026-05-14 22:11:26',104,101,0);
INSERT INTO `t_reception_form_data`(`id`,`record_id`,`form_id`,`form_data`,`form_version`,`create_time`,`update_time`,`create_by`,`update_by`,`deleted`) VALUES(168,172,168,'{"data":"68"}',NULL,'2026-04-29 22:11:26','2026-06-05 22:11:26',103,103,0);
INSERT INTO `t_reception_form_data`(`id`,`record_id`,`form_id`,`form_data`,`form_version`,`create_time`,`update_time`,`create_by`,`update_by`,`deleted`) VALUES(169,151,107,'{"data":"69"}',NULL,'2026-05-18 22:11:26','2026-05-17 22:11:26',101,103,0);
INSERT INTO `t_reception_form_data`(`id`,`record_id`,`form_id`,`form_data`,`form_version`,`create_time`,`update_time`,`create_by`,`update_by`,`deleted`) VALUES(170,168,143,'{"data":"70"}',NULL,'2026-06-22 22:11:26','2026-05-05 22:11:26',104,103,0);
INSERT INTO `t_reception_form_data`(`id`,`record_id`,`form_id`,`form_data`,`form_version`,`create_time`,`update_time`,`create_by`,`update_by`,`deleted`) VALUES(171,182,125,'{"data":"71"}',NULL,'2026-06-16 22:11:26','2026-05-23 22:11:26',101,104,0);
INSERT INTO `t_reception_form_data`(`id`,`record_id`,`form_id`,`form_data`,`form_version`,`create_time`,`update_time`,`create_by`,`update_by`,`deleted`) VALUES(172,184,124,'{"data":"72"}',NULL,'2026-06-08 22:11:26','2026-05-14 22:11:26',104,101,0);
INSERT INTO `t_reception_form_data`(`id`,`record_id`,`form_id`,`form_data`,`form_version`,`create_time`,`update_time`,`create_by`,`update_by`,`deleted`) VALUES(173,180,188,'{"data":"73"}',NULL,'2026-06-05 22:11:26','2026-05-27 22:11:26',101,104,0);
INSERT INTO `t_reception_form_data`(`id`,`record_id`,`form_id`,`form_data`,`form_version`,`create_time`,`update_time`,`create_by`,`update_by`,`deleted`) VALUES(174,194,124,'{"data":"74"}',NULL,'2026-06-19 22:11:26','2026-06-25 22:11:26',102,101,0);
INSERT INTO `t_reception_form_data`(`id`,`record_id`,`form_id`,`form_data`,`form_version`,`create_time`,`update_time`,`create_by`,`update_by`,`deleted`) VALUES(175,192,175,'{"data":"75"}',NULL,'2026-06-12 22:11:26','2026-05-27 22:11:26',104,101,0);
INSERT INTO `t_reception_form_data`(`id`,`record_id`,`form_id`,`form_data`,`form_version`,`create_time`,`update_time`,`create_by`,`update_by`,`deleted`) VALUES(176,169,182,'{"data":"76"}',NULL,'2026-06-08 22:11:26','2026-05-27 22:11:26',105,104,0);
INSERT INTO `t_reception_form_data`(`id`,`record_id`,`form_id`,`form_data`,`form_version`,`create_time`,`update_time`,`create_by`,`update_by`,`deleted`) VALUES(177,102,104,'{"data":"77"}',NULL,'2026-06-06 22:11:26','2026-06-24 22:11:26',103,101,0);
INSERT INTO `t_reception_form_data`(`id`,`record_id`,`form_id`,`form_data`,`form_version`,`create_time`,`update_time`,`create_by`,`update_by`,`deleted`) VALUES(178,151,115,'{"data":"78"}',NULL,'2026-06-14 22:11:26','2026-05-07 22:11:26',105,104,0);
INSERT INTO `t_reception_form_data`(`id`,`record_id`,`form_id`,`form_data`,`form_version`,`create_time`,`update_time`,`create_by`,`update_by`,`deleted`) VALUES(179,186,168,'{"data":"79"}',NULL,'2026-06-18 22:11:26','2026-05-11 22:11:26',105,102,0);

USE `gov_reception`;
DELETE FROM `t_reception_output` WHERE id >= 100;
INSERT INTO `t_reception_output`(`id`,`record_id`,`output_type`,`output_name`,`file_url`,`receiver_id`,`receive_time`,`license_id`,`output_no`,`license_no`,`output_time`,`output_by`,`pickup_type`,`pickup_time`,`pickup_by`,`pickup_remark`,`status`,`create_time`,`update_time`,`create_by`,`update_by`,`deleted`) VALUES(100,109,'电子证照','产出物1',NULL,NULL,NULL,123,NULL,'LIC-2024105','2026-05-27 22:11:26',141,'自取','2026-05-29 22:11:26',115,'领取备注0','1','2026-06-27 22:11:26','2026-06-16 22:11:26',1,1,0);
INSERT INTO `t_reception_output`(`id`,`record_id`,`output_type`,`output_name`,`file_url`,`receiver_id`,`receive_time`,`license_id`,`output_no`,`license_no`,`output_time`,`output_by`,`pickup_type`,`pickup_time`,`pickup_by`,`pickup_remark`,`status`,`create_time`,`update_time`,`create_by`,`update_by`,`deleted`) VALUES(101,180,'电子证照','产出物2',NULL,NULL,NULL,128,NULL,'LIC-2024110','2026-05-06 22:11:26',106,'邮寄','2026-06-01 22:11:26',106,NULL,'2','2026-05-07 22:11:26','2026-05-19 22:11:26',1,1,0);
INSERT INTO `t_reception_output`(`id`,`record_id`,`output_type`,`output_name`,`file_url`,`receiver_id`,`receive_time`,`license_id`,`output_no`,`license_no`,`output_time`,`output_by`,`pickup_type`,`pickup_time`,`pickup_by`,`pickup_remark`,`status`,`create_time`,`update_time`,`create_by`,`update_by`,`deleted`) VALUES(102,128,'电子证照','产出物3',NULL,NULL,NULL,125,NULL,'LIC-2024107','2026-05-31 22:11:26',121,'下载','2026-06-17 22:11:26',NULL,'领取备注2','2','2026-06-19 22:11:26','2026-06-07 22:11:26',1,1,0);
INSERT INTO `t_reception_output`(`id`,`record_id`,`output_type`,`output_name`,`file_url`,`receiver_id`,`receive_time`,`license_id`,`output_no`,`license_no`,`output_time`,`output_by`,`pickup_type`,`pickup_time`,`pickup_by`,`pickup_remark`,`status`,`create_time`,`update_time`,`create_by`,`update_by`,`deleted`) VALUES(103,127,'电子证照','产出物4',NULL,NULL,NULL,118,NULL,'LIC-2024106','2026-06-06 22:11:26',104,'自取',NULL,110,'领取备注3','2','2026-06-17 22:11:26','2026-05-30 22:11:26',1,1,0);
INSERT INTO `t_reception_output`(`id`,`record_id`,`output_type`,`output_name`,`file_url`,`receiver_id`,`receive_time`,`license_id`,`output_no`,`license_no`,`output_time`,`output_by`,`pickup_type`,`pickup_time`,`pickup_by`,`pickup_remark`,`status`,`create_time`,`update_time`,`create_by`,`update_by`,`deleted`) VALUES(104,131,'证明文件','产出物5',NULL,NULL,NULL,101,NULL,'LIC-2024105','2026-06-21 22:11:26',140,'下载','2026-06-22 22:11:26',NULL,NULL,'1','2026-06-27 22:11:26','2026-06-16 22:11:26',1,1,0);
INSERT INTO `t_reception_output`(`id`,`record_id`,`output_type`,`output_name`,`file_url`,`receiver_id`,`receive_time`,`license_id`,`output_no`,`license_no`,`output_time`,`output_by`,`pickup_type`,`pickup_time`,`pickup_by`,`pickup_remark`,`status`,`create_time`,`update_time`,`create_by`,`update_by`,`deleted`) VALUES(105,111,'证明文件','产出物6',NULL,NULL,NULL,120,NULL,'LIC-2024119','2026-05-02 22:11:26',118,'邮寄','2026-06-02 22:11:26',144,NULL,'1','2026-05-18 22:11:26','2026-06-10 22:11:26',1,1,0);
INSERT INTO `t_reception_output`(`id`,`record_id`,`output_type`,`output_name`,`file_url`,`receiver_id`,`receive_time`,`license_id`,`output_no`,`license_no`,`output_time`,`output_by`,`pickup_type`,`pickup_time`,`pickup_by`,`pickup_remark`,`status`,`create_time`,`update_time`,`create_by`,`update_by`,`deleted`) VALUES(106,166,'纸质证照','产出物7',NULL,NULL,NULL,113,NULL,'LIC-2024108','2026-06-16 22:11:26',139,'下载',NULL,NULL,NULL,'1','2026-05-18 22:11:26','2026-05-06 22:11:26',1,1,0);
INSERT INTO `t_reception_output`(`id`,`record_id`,`output_type`,`output_name`,`file_url`,`receiver_id`,`receive_time`,`license_id`,`output_no`,`license_no`,`output_time`,`output_by`,`pickup_type`,`pickup_time`,`pickup_by`,`pickup_remark`,`status`,`create_time`,`update_time`,`create_by`,`update_by`,`deleted`) VALUES(107,138,'纸质证照','产出物8',NULL,NULL,NULL,113,NULL,'LIC-2024101','2026-05-23 22:11:26',115,'自取',NULL,106,'领取备注7','2','2026-05-26 22:11:26','2026-06-13 22:11:26',1,1,0);
INSERT INTO `t_reception_output`(`id`,`record_id`,`output_type`,`output_name`,`file_url`,`receiver_id`,`receive_time`,`license_id`,`output_no`,`license_no`,`output_time`,`output_by`,`pickup_type`,`pickup_time`,`pickup_by`,`pickup_remark`,`status`,`create_time`,`update_time`,`create_by`,`update_by`,`deleted`) VALUES(108,159,'证明文件','产出物9',NULL,NULL,NULL,121,NULL,'LIC-2024107','2026-06-10 22:11:26',103,'自取',NULL,NULL,'领取备注8','0','2026-05-27 22:11:26','2026-06-16 22:11:26',1,1,0);
INSERT INTO `t_reception_output`(`id`,`record_id`,`output_type`,`output_name`,`file_url`,`receiver_id`,`receive_time`,`license_id`,`output_no`,`license_no`,`output_time`,`output_by`,`pickup_type`,`pickup_time`,`pickup_by`,`pickup_remark`,`status`,`create_time`,`update_time`,`create_by`,`update_by`,`deleted`) VALUES(109,120,'证明文件','产出物10',NULL,NULL,NULL,129,NULL,'LIC-2024102','2026-06-24 22:11:26',141,'邮寄',NULL,121,'领取备注9','0','2026-06-25 22:11:26','2026-06-21 22:11:26',1,1,0);
INSERT INTO `t_reception_output`(`id`,`record_id`,`output_type`,`output_name`,`file_url`,`receiver_id`,`receive_time`,`license_id`,`output_no`,`license_no`,`output_time`,`output_by`,`pickup_type`,`pickup_time`,`pickup_by`,`pickup_remark`,`status`,`create_time`,`update_time`,`create_by`,`update_by`,`deleted`) VALUES(110,194,'电子证照','产出物11',NULL,NULL,NULL,129,NULL,'LIC-2024118','2026-06-16 22:11:26',110,'自取','2026-06-24 22:11:26',NULL,NULL,'0','2026-05-21 22:11:26','2026-05-21 22:11:26',1,1,0);
INSERT INTO `t_reception_output`(`id`,`record_id`,`output_type`,`output_name`,`file_url`,`receiver_id`,`receive_time`,`license_id`,`output_no`,`license_no`,`output_time`,`output_by`,`pickup_type`,`pickup_time`,`pickup_by`,`pickup_remark`,`status`,`create_time`,`update_time`,`create_by`,`update_by`,`deleted`) VALUES(111,141,'纸质证照','产出物12',NULL,NULL,NULL,106,NULL,'LIC-2024124','2026-05-15 22:11:26',120,'自取','2026-06-17 22:11:26',NULL,NULL,'0','2026-05-03 22:11:26','2026-06-15 22:11:26',1,1,0);
INSERT INTO `t_reception_output`(`id`,`record_id`,`output_type`,`output_name`,`file_url`,`receiver_id`,`receive_time`,`license_id`,`output_no`,`license_no`,`output_time`,`output_by`,`pickup_type`,`pickup_time`,`pickup_by`,`pickup_remark`,`status`,`create_time`,`update_time`,`create_by`,`update_by`,`deleted`) VALUES(112,148,'电子证照','产出物13',NULL,NULL,NULL,102,NULL,'LIC-2024116','2026-05-21 22:11:26',131,'自取','2026-06-23 22:11:26',NULL,'领取备注12','1','2026-06-03 22:11:26','2026-06-04 22:11:26',1,1,0);
INSERT INTO `t_reception_output`(`id`,`record_id`,`output_type`,`output_name`,`file_url`,`receiver_id`,`receive_time`,`license_id`,`output_no`,`license_no`,`output_time`,`output_by`,`pickup_type`,`pickup_time`,`pickup_by`,`pickup_remark`,`status`,`create_time`,`update_time`,`create_by`,`update_by`,`deleted`) VALUES(113,117,'纸质证照','产出物14',NULL,NULL,NULL,123,NULL,'LIC-2024107','2026-05-18 22:11:26',122,'邮寄',NULL,NULL,'领取备注13','1','2026-06-10 22:11:26','2026-06-19 22:11:26',1,1,0);
INSERT INTO `t_reception_output`(`id`,`record_id`,`output_type`,`output_name`,`file_url`,`receiver_id`,`receive_time`,`license_id`,`output_no`,`license_no`,`output_time`,`output_by`,`pickup_type`,`pickup_time`,`pickup_by`,`pickup_remark`,`status`,`create_time`,`update_time`,`create_by`,`update_by`,`deleted`) VALUES(114,114,'纸质证照','产出物15',NULL,NULL,NULL,114,NULL,'LIC-2024114','2026-06-17 22:11:26',148,'邮寄',NULL,NULL,NULL,'2','2026-05-01 22:11:26','2026-06-17 22:11:26',1,1,0);
INSERT INTO `t_reception_output`(`id`,`record_id`,`output_type`,`output_name`,`file_url`,`receiver_id`,`receive_time`,`license_id`,`output_no`,`license_no`,`output_time`,`output_by`,`pickup_type`,`pickup_time`,`pickup_by`,`pickup_remark`,`status`,`create_time`,`update_time`,`create_by`,`update_by`,`deleted`) VALUES(115,173,'证明文件','产出物16',NULL,NULL,NULL,127,NULL,'LIC-2024108','2026-06-22 22:11:26',126,'下载','2026-06-21 22:11:26',129,NULL,'0','2026-05-11 22:11:26','2026-05-03 22:11:26',1,1,0);
INSERT INTO `t_reception_output`(`id`,`record_id`,`output_type`,`output_name`,`file_url`,`receiver_id`,`receive_time`,`license_id`,`output_no`,`license_no`,`output_time`,`output_by`,`pickup_type`,`pickup_time`,`pickup_by`,`pickup_remark`,`status`,`create_time`,`update_time`,`create_by`,`update_by`,`deleted`) VALUES(116,131,'电子证照','产出物17',NULL,NULL,NULL,110,NULL,'LIC-2024114','2026-05-21 22:11:26',114,'下载','2026-05-29 22:11:26',100,NULL,'1','2026-06-25 22:11:26','2026-05-28 22:11:26',1,1,0);
INSERT INTO `t_reception_output`(`id`,`record_id`,`output_type`,`output_name`,`file_url`,`receiver_id`,`receive_time`,`license_id`,`output_no`,`license_no`,`output_time`,`output_by`,`pickup_type`,`pickup_time`,`pickup_by`,`pickup_remark`,`status`,`create_time`,`update_time`,`create_by`,`update_by`,`deleted`) VALUES(117,193,'证明文件','产出物18',NULL,NULL,NULL,101,NULL,'LIC-2024114','2026-05-25 22:11:26',125,'邮寄','2026-06-05 22:11:26',128,NULL,'1','2026-05-23 22:11:26','2026-05-10 22:11:26',1,1,0);
INSERT INTO `t_reception_output`(`id`,`record_id`,`output_type`,`output_name`,`file_url`,`receiver_id`,`receive_time`,`license_id`,`output_no`,`license_no`,`output_time`,`output_by`,`pickup_type`,`pickup_time`,`pickup_by`,`pickup_remark`,`status`,`create_time`,`update_time`,`create_by`,`update_by`,`deleted`) VALUES(118,101,'证明文件','产出物19',NULL,NULL,NULL,123,NULL,'LIC-2024114','2026-06-14 22:11:26',108,'邮寄',NULL,105,NULL,'1','2026-06-17 22:11:26','2026-05-13 22:11:26',1,1,0);
INSERT INTO `t_reception_output`(`id`,`record_id`,`output_type`,`output_name`,`file_url`,`receiver_id`,`receive_time`,`license_id`,`output_no`,`license_no`,`output_time`,`output_by`,`pickup_type`,`pickup_time`,`pickup_by`,`pickup_remark`,`status`,`create_time`,`update_time`,`create_by`,`update_by`,`deleted`) VALUES(119,158,'证明文件','产出物20',NULL,NULL,NULL,123,NULL,'LIC-2024119','2026-06-26 22:11:26',129,'邮寄','2026-05-31 22:11:26',111,'领取备注19','1','2026-05-18 22:11:26','2026-05-29 22:11:26',1,1,0);
INSERT INTO `t_reception_output`(`id`,`record_id`,`output_type`,`output_name`,`file_url`,`receiver_id`,`receive_time`,`license_id`,`output_no`,`license_no`,`output_time`,`output_by`,`pickup_type`,`pickup_time`,`pickup_by`,`pickup_remark`,`status`,`create_time`,`update_time`,`create_by`,`update_by`,`deleted`) VALUES(120,190,'证明文件','产出物21',NULL,NULL,NULL,100,NULL,'LIC-2024128','2026-05-18 22:11:26',104,'邮寄','2026-06-17 22:11:26',118,NULL,'1','2026-05-14 22:11:26','2026-05-19 22:11:26',1,1,0);
INSERT INTO `t_reception_output`(`id`,`record_id`,`output_type`,`output_name`,`file_url`,`receiver_id`,`receive_time`,`license_id`,`output_no`,`license_no`,`output_time`,`output_by`,`pickup_type`,`pickup_time`,`pickup_by`,`pickup_remark`,`status`,`create_time`,`update_time`,`create_by`,`update_by`,`deleted`) VALUES(121,169,'证明文件','产出物22',NULL,NULL,NULL,125,NULL,'LIC-2024107','2026-05-08 22:11:26',143,'自取','2026-06-17 22:11:26',103,'领取备注21','1','2026-05-02 22:11:26','2026-06-24 22:11:26',1,1,0);
INSERT INTO `t_reception_output`(`id`,`record_id`,`output_type`,`output_name`,`file_url`,`receiver_id`,`receive_time`,`license_id`,`output_no`,`license_no`,`output_time`,`output_by`,`pickup_type`,`pickup_time`,`pickup_by`,`pickup_remark`,`status`,`create_time`,`update_time`,`create_by`,`update_by`,`deleted`) VALUES(122,114,'纸质证照','产出物23',NULL,NULL,NULL,111,NULL,'LIC-2024115','2026-05-19 22:11:26',102,'邮寄','2026-06-07 22:11:26',104,'领取备注22','1','2026-06-19 22:11:26','2026-06-06 22:11:26',1,1,0);
INSERT INTO `t_reception_output`(`id`,`record_id`,`output_type`,`output_name`,`file_url`,`receiver_id`,`receive_time`,`license_id`,`output_no`,`license_no`,`output_time`,`output_by`,`pickup_type`,`pickup_time`,`pickup_by`,`pickup_remark`,`status`,`create_time`,`update_time`,`create_by`,`update_by`,`deleted`) VALUES(123,130,'证明文件','产出物24',NULL,NULL,NULL,103,NULL,'LIC-2024121','2026-05-28 22:11:26',147,'下载','2026-06-05 22:11:26',NULL,'领取备注23','1','2026-06-07 22:11:26','2026-06-05 22:11:26',1,1,0);
INSERT INTO `t_reception_output`(`id`,`record_id`,`output_type`,`output_name`,`file_url`,`receiver_id`,`receive_time`,`license_id`,`output_no`,`license_no`,`output_time`,`output_by`,`pickup_type`,`pickup_time`,`pickup_by`,`pickup_remark`,`status`,`create_time`,`update_time`,`create_by`,`update_by`,`deleted`) VALUES(124,134,'证明文件','产出物25',NULL,NULL,NULL,121,NULL,'LIC-2024114','2026-06-10 22:11:26',103,'自取','2026-06-13 22:11:26',133,'领取备注24','0','2026-05-13 22:11:26','2026-05-24 22:11:26',1,1,0);
INSERT INTO `t_reception_output`(`id`,`record_id`,`output_type`,`output_name`,`file_url`,`receiver_id`,`receive_time`,`license_id`,`output_no`,`license_no`,`output_time`,`output_by`,`pickup_type`,`pickup_time`,`pickup_by`,`pickup_remark`,`status`,`create_time`,`update_time`,`create_by`,`update_by`,`deleted`) VALUES(125,186,'证明文件','产出物26',NULL,NULL,NULL,128,NULL,'LIC-2024110','2026-05-30 22:11:26',139,'邮寄','2026-06-05 22:11:26',104,NULL,'0','2026-06-22 22:11:26','2026-06-22 22:11:26',1,1,0);
INSERT INTO `t_reception_output`(`id`,`record_id`,`output_type`,`output_name`,`file_url`,`receiver_id`,`receive_time`,`license_id`,`output_no`,`license_no`,`output_time`,`output_by`,`pickup_type`,`pickup_time`,`pickup_by`,`pickup_remark`,`status`,`create_time`,`update_time`,`create_by`,`update_by`,`deleted`) VALUES(126,150,'电子证照','产出物27',NULL,NULL,NULL,109,NULL,'LIC-2024103','2026-06-21 22:11:26',110,'邮寄',NULL,NULL,NULL,'1','2026-05-25 22:11:26','2026-05-18 22:11:26',1,1,0);
INSERT INTO `t_reception_output`(`id`,`record_id`,`output_type`,`output_name`,`file_url`,`receiver_id`,`receive_time`,`license_id`,`output_no`,`license_no`,`output_time`,`output_by`,`pickup_type`,`pickup_time`,`pickup_by`,`pickup_remark`,`status`,`create_time`,`update_time`,`create_by`,`update_by`,`deleted`) VALUES(127,102,'纸质证照','产出物28',NULL,NULL,NULL,113,NULL,'LIC-2024122','2026-05-24 22:11:26',108,'邮寄','2026-06-13 22:11:26',101,NULL,'1','2026-06-26 22:11:26','2026-05-03 22:11:26',1,1,0);
INSERT INTO `t_reception_output`(`id`,`record_id`,`output_type`,`output_name`,`file_url`,`receiver_id`,`receive_time`,`license_id`,`output_no`,`license_no`,`output_time`,`output_by`,`pickup_type`,`pickup_time`,`pickup_by`,`pickup_remark`,`status`,`create_time`,`update_time`,`create_by`,`update_by`,`deleted`) VALUES(128,129,'证明文件','产出物29',NULL,NULL,NULL,120,NULL,'LIC-2024111','2026-06-01 22:11:26',137,'邮寄','2026-06-02 22:11:26',137,'领取备注28','2','2026-05-05 22:11:26','2026-05-23 22:11:26',1,1,0);
INSERT INTO `t_reception_output`(`id`,`record_id`,`output_type`,`output_name`,`file_url`,`receiver_id`,`receive_time`,`license_id`,`output_no`,`license_no`,`output_time`,`output_by`,`pickup_type`,`pickup_time`,`pickup_by`,`pickup_remark`,`status`,`create_time`,`update_time`,`create_by`,`update_by`,`deleted`) VALUES(129,156,'纸质证照','产出物30',NULL,NULL,NULL,109,NULL,'LIC-2024119','2026-06-19 22:11:26',119,'自取','2026-06-20 22:11:26',118,'领取备注29','1','2026-06-18 22:11:26','2026-06-05 22:11:26',1,1,0);

USE `gov_activiti`;
DELETE FROM `t_workflow_countersign` WHERE id >= 100;
INSERT INTO `t_workflow_countersign`(`id`,`task_id`,`instance_id`,`user_id`,`user_name`,`dept_id`,`dept_name`,`sign_result`,`sign_time`,`sign_opinion`,`create_time`,`update_time`,`create_by`,`update_by`,`deleted`) VALUES(100,'TASK-2009','PROC-1014',110,'用户139',102,'部门108','1',NULL,NULL,'2026-06-05 22:11:26','2026-06-05 22:11:26',1,1,0);
INSERT INTO `t_workflow_countersign`(`id`,`task_id`,`instance_id`,`user_id`,`user_name`,`dept_id`,`dept_name`,`sign_result`,`sign_time`,`sign_opinion`,`create_time`,`update_time`,`create_by`,`update_by`,`deleted`) VALUES(101,'TASK-2004','PROC-1005',115,'用户107',100,'部门105','3',NULL,NULL,'2026-06-22 22:11:26','2026-06-21 22:11:26',1,1,0);
INSERT INTO `t_workflow_countersign`(`id`,`task_id`,`instance_id`,`user_id`,`user_name`,`dept_id`,`dept_name`,`sign_result`,`sign_time`,`sign_opinion`,`create_time`,`update_time`,`create_by`,`update_by`,`deleted`) VALUES(102,'TASK-2017','PROC-1001',142,'用户120',105,'部门102','1','2026-06-22 22:11:26','会签意见2','2026-06-24 22:11:26','2026-05-29 22:11:26',1,1,0);
INSERT INTO `t_workflow_countersign`(`id`,`task_id`,`instance_id`,`user_id`,`user_name`,`dept_id`,`dept_name`,`sign_result`,`sign_time`,`sign_opinion`,`create_time`,`update_time`,`create_by`,`update_by`,`deleted`) VALUES(103,'TASK-2000','PROC-1012',131,'用户149',102,'部门107','1',NULL,'会签意见3','2026-06-10 22:11:26','2026-06-11 22:11:26',1,1,0);
INSERT INTO `t_workflow_countersign`(`id`,`task_id`,`instance_id`,`user_id`,`user_name`,`dept_id`,`dept_name`,`sign_result`,`sign_time`,`sign_opinion`,`create_time`,`update_time`,`create_by`,`update_by`,`deleted`) VALUES(104,'TASK-2010','PROC-1009',130,'用户118',109,'部门102','3','2026-05-29 22:11:26',NULL,'2026-06-05 22:11:26','2026-06-24 22:11:26',1,1,0);
INSERT INTO `t_workflow_countersign`(`id`,`task_id`,`instance_id`,`user_id`,`user_name`,`dept_id`,`dept_name`,`sign_result`,`sign_time`,`sign_opinion`,`create_time`,`update_time`,`create_by`,`update_by`,`deleted`) VALUES(105,'TASK-2015','PROC-1001',108,'用户143',108,'部门101','1',NULL,'会签意见5','2026-06-20 22:11:26','2026-06-13 22:11:26',1,1,0);
INSERT INTO `t_workflow_countersign`(`id`,`task_id`,`instance_id`,`user_id`,`user_name`,`dept_id`,`dept_name`,`sign_result`,`sign_time`,`sign_opinion`,`create_time`,`update_time`,`create_by`,`update_by`,`deleted`) VALUES(106,'TASK-2011','PROC-1002',120,'用户103',109,'部门103','3','2026-06-02 22:11:26','会签意见6','2026-06-19 22:11:26','2026-06-21 22:11:26',1,1,0);
INSERT INTO `t_workflow_countersign`(`id`,`task_id`,`instance_id`,`user_id`,`user_name`,`dept_id`,`dept_name`,`sign_result`,`sign_time`,`sign_opinion`,`create_time`,`update_time`,`create_by`,`update_by`,`deleted`) VALUES(107,'TASK-2000','PROC-1002',134,'用户128',101,'部门108','2',NULL,NULL,'2026-06-08 22:11:26','2026-06-11 22:11:26',1,1,0);
INSERT INTO `t_workflow_countersign`(`id`,`task_id`,`instance_id`,`user_id`,`user_name`,`dept_id`,`dept_name`,`sign_result`,`sign_time`,`sign_opinion`,`create_time`,`update_time`,`create_by`,`update_by`,`deleted`) VALUES(108,'TASK-2001','PROC-1011',125,'用户109',106,'部门105','2','2026-06-18 22:11:26',NULL,'2026-06-18 22:11:26','2026-06-13 22:11:26',1,1,0);
INSERT INTO `t_workflow_countersign`(`id`,`task_id`,`instance_id`,`user_id`,`user_name`,`dept_id`,`dept_name`,`sign_result`,`sign_time`,`sign_opinion`,`create_time`,`update_time`,`create_by`,`update_by`,`deleted`) VALUES(109,'TASK-2017','PROC-1002',113,'用户146',107,'部门106','2',NULL,'会签意见9','2026-05-30 22:11:26','2026-06-14 22:11:26',1,1,0);
INSERT INTO `t_workflow_countersign`(`id`,`task_id`,`instance_id`,`user_id`,`user_name`,`dept_id`,`dept_name`,`sign_result`,`sign_time`,`sign_opinion`,`create_time`,`update_time`,`create_by`,`update_by`,`deleted`) VALUES(110,'TASK-2013','PROC-1004',137,'用户138',101,'部门102','1','2026-05-31 22:11:26','会签意见10','2026-06-17 22:11:26','2026-06-25 22:11:26',1,1,0);
INSERT INTO `t_workflow_countersign`(`id`,`task_id`,`instance_id`,`user_id`,`user_name`,`dept_id`,`dept_name`,`sign_result`,`sign_time`,`sign_opinion`,`create_time`,`update_time`,`create_by`,`update_by`,`deleted`) VALUES(111,'TASK-2018','PROC-1012',105,'用户100',106,'部门104','2',NULL,NULL,'2026-06-09 22:11:26','2026-06-03 22:11:26',1,1,0);
INSERT INTO `t_workflow_countersign`(`id`,`task_id`,`instance_id`,`user_id`,`user_name`,`dept_id`,`dept_name`,`sign_result`,`sign_time`,`sign_opinion`,`create_time`,`update_time`,`create_by`,`update_by`,`deleted`) VALUES(112,'TASK-2004','PROC-1006',111,'用户124',104,'部门108','2',NULL,'会签意见12','2026-06-01 22:11:26','2026-06-09 22:11:26',1,1,0);
INSERT INTO `t_workflow_countersign`(`id`,`task_id`,`instance_id`,`user_id`,`user_name`,`dept_id`,`dept_name`,`sign_result`,`sign_time`,`sign_opinion`,`create_time`,`update_time`,`create_by`,`update_by`,`deleted`) VALUES(113,'TASK-2009','PROC-1015',135,'用户147',107,'部门103','1','2026-06-23 22:11:26',NULL,'2026-06-07 22:11:26','2026-06-01 22:11:26',1,1,0);
INSERT INTO `t_workflow_countersign`(`id`,`task_id`,`instance_id`,`user_id`,`user_name`,`dept_id`,`dept_name`,`sign_result`,`sign_time`,`sign_opinion`,`create_time`,`update_time`,`create_by`,`update_by`,`deleted`) VALUES(114,'TASK-2015','PROC-1003',141,'用户142',104,'部门106','1','2026-06-05 22:11:26','会签意见14','2026-06-27 22:11:26','2026-06-24 22:11:26',1,1,0);
INSERT INTO `t_workflow_countersign`(`id`,`task_id`,`instance_id`,`user_id`,`user_name`,`dept_id`,`dept_name`,`sign_result`,`sign_time`,`sign_opinion`,`create_time`,`update_time`,`create_by`,`update_by`,`deleted`) VALUES(115,'TASK-2008','PROC-1015',104,'用户138',105,'部门109','2','2026-05-31 22:11:26',NULL,'2026-06-06 22:11:26','2026-06-12 22:11:26',1,1,0);
INSERT INTO `t_workflow_countersign`(`id`,`task_id`,`instance_id`,`user_id`,`user_name`,`dept_id`,`dept_name`,`sign_result`,`sign_time`,`sign_opinion`,`create_time`,`update_time`,`create_by`,`update_by`,`deleted`) VALUES(116,'TASK-2003','PROC-1011',132,'用户146',109,'部门100','1',NULL,NULL,'2026-06-17 22:11:26','2026-06-13 22:11:26',1,1,0);
INSERT INTO `t_workflow_countersign`(`id`,`task_id`,`instance_id`,`user_id`,`user_name`,`dept_id`,`dept_name`,`sign_result`,`sign_time`,`sign_opinion`,`create_time`,`update_time`,`create_by`,`update_by`,`deleted`) VALUES(117,'TASK-2004','PROC-1011',110,'用户103',104,'部门105','2','2026-06-16 22:11:26',NULL,'2026-06-18 22:11:26','2026-06-11 22:11:26',1,1,0);
INSERT INTO `t_workflow_countersign`(`id`,`task_id`,`instance_id`,`user_id`,`user_name`,`dept_id`,`dept_name`,`sign_result`,`sign_time`,`sign_opinion`,`create_time`,`update_time`,`create_by`,`update_by`,`deleted`) VALUES(118,'TASK-2002','PROC-1016',112,'用户149',102,'部门101','3','2026-06-10 22:11:26',NULL,'2026-06-17 22:11:26','2026-06-01 22:11:26',1,1,0);
INSERT INTO `t_workflow_countersign`(`id`,`task_id`,`instance_id`,`user_id`,`user_name`,`dept_id`,`dept_name`,`sign_result`,`sign_time`,`sign_opinion`,`create_time`,`update_time`,`create_by`,`update_by`,`deleted`) VALUES(119,'TASK-2009','PROC-1008',143,'用户144',105,'部门101','3','2026-06-01 22:11:26',NULL,'2026-06-23 22:11:26','2026-06-11 22:11:26',1,1,0);

USE `gov_activiti`;
DELETE FROM `t_workflow_delegate` WHERE id >= 100;
INSERT INTO `t_workflow_delegate`(`id`,`task_id`,`instance_id`,`from_user_id`,`from_user_name`,`to_user_id`,`to_user_name`,`delegate_type`,`delegate_time`,`delegate_reason`,`status`,`create_time`,`update_time`,`create_by`,`update_by`,`deleted`) VALUES(100,'TASK-2009','PROC-1011',149,'用户131',126,'用户121','转办','2026-06-24 22:11:26','委托原因0','1','2026-06-23 22:11:26','2026-06-11 22:11:26',1,1,0);
INSERT INTO `t_workflow_delegate`(`id`,`task_id`,`instance_id`,`from_user_id`,`from_user_name`,`to_user_id`,`to_user_name`,`delegate_type`,`delegate_time`,`delegate_reason`,`status`,`create_time`,`update_time`,`create_by`,`update_by`,`deleted`) VALUES(101,'TASK-2007','PROC-1006',135,'用户139',144,'用户133','委托','2026-06-05 22:11:26','委托原因1','1','2026-06-14 22:11:26','2026-06-13 22:11:26',1,1,0);
INSERT INTO `t_workflow_delegate`(`id`,`task_id`,`instance_id`,`from_user_id`,`from_user_name`,`to_user_id`,`to_user_name`,`delegate_type`,`delegate_time`,`delegate_reason`,`status`,`create_time`,`update_time`,`create_by`,`update_by`,`deleted`) VALUES(102,'TASK-2002','PROC-1003',108,'用户101',130,'用户122','代理','2026-06-05 22:11:26','委托原因2','0','2026-06-23 22:11:26','2026-06-01 22:11:26',1,1,0);
INSERT INTO `t_workflow_delegate`(`id`,`task_id`,`instance_id`,`from_user_id`,`from_user_name`,`to_user_id`,`to_user_name`,`delegate_type`,`delegate_time`,`delegate_reason`,`status`,`create_time`,`update_time`,`create_by`,`update_by`,`deleted`) VALUES(103,'TASK-2014','PROC-1019',133,'用户148',121,'用户111','委托','2026-06-18 22:11:26','委托原因3','1','2026-06-04 22:11:26','2026-06-01 22:11:26',1,1,0);
INSERT INTO `t_workflow_delegate`(`id`,`task_id`,`instance_id`,`from_user_id`,`from_user_name`,`to_user_id`,`to_user_name`,`delegate_type`,`delegate_time`,`delegate_reason`,`status`,`create_time`,`update_time`,`create_by`,`update_by`,`deleted`) VALUES(104,'TASK-2003','PROC-1007',108,'用户144',109,'用户144','转办','2026-06-18 22:11:26','委托原因4','1','2026-06-21 22:11:26','2026-06-23 22:11:26',1,1,0);
INSERT INTO `t_workflow_delegate`(`id`,`task_id`,`instance_id`,`from_user_id`,`from_user_name`,`to_user_id`,`to_user_name`,`delegate_type`,`delegate_time`,`delegate_reason`,`status`,`create_time`,`update_time`,`create_by`,`update_by`,`deleted`) VALUES(105,'TASK-2002','PROC-1013',144,'用户148',107,'用户104','转办','2026-06-03 22:11:26','委托原因5','2','2026-06-03 22:11:26','2026-06-14 22:11:26',1,1,0);
INSERT INTO `t_workflow_delegate`(`id`,`task_id`,`instance_id`,`from_user_id`,`from_user_name`,`to_user_id`,`to_user_name`,`delegate_type`,`delegate_time`,`delegate_reason`,`status`,`create_time`,`update_time`,`create_by`,`update_by`,`deleted`) VALUES(106,'TASK-2001','PROC-1006',106,'用户102',142,'用户132','委托','2026-06-26 22:11:26','委托原因6','2','2026-06-24 22:11:26','2026-05-29 22:11:26',1,1,0);
INSERT INTO `t_workflow_delegate`(`id`,`task_id`,`instance_id`,`from_user_id`,`from_user_name`,`to_user_id`,`to_user_name`,`delegate_type`,`delegate_time`,`delegate_reason`,`status`,`create_time`,`update_time`,`create_by`,`update_by`,`deleted`) VALUES(107,'TASK-2008','PROC-1001',104,'用户119',142,'用户100','转办','2026-06-02 22:11:26','委托原因7','1','2026-05-29 22:11:26','2026-06-08 22:11:26',1,1,0);
INSERT INTO `t_workflow_delegate`(`id`,`task_id`,`instance_id`,`from_user_id`,`from_user_name`,`to_user_id`,`to_user_name`,`delegate_type`,`delegate_time`,`delegate_reason`,`status`,`create_time`,`update_time`,`create_by`,`update_by`,`deleted`) VALUES(108,'TASK-2006','PROC-1018',112,'用户111',142,'用户122','转办','2026-06-25 22:11:26','委托原因8','1','2026-05-31 22:11:26','2026-06-04 22:11:26',1,1,0);
INSERT INTO `t_workflow_delegate`(`id`,`task_id`,`instance_id`,`from_user_id`,`from_user_name`,`to_user_id`,`to_user_name`,`delegate_type`,`delegate_time`,`delegate_reason`,`status`,`create_time`,`update_time`,`create_by`,`update_by`,`deleted`) VALUES(109,'TASK-2008','PROC-1018',122,'用户122',110,'用户132','委托','2026-06-08 22:11:26','委托原因9','1','2026-06-11 22:11:26','2026-06-09 22:11:26',1,1,0);
INSERT INTO `t_workflow_delegate`(`id`,`task_id`,`instance_id`,`from_user_id`,`from_user_name`,`to_user_id`,`to_user_name`,`delegate_type`,`delegate_time`,`delegate_reason`,`status`,`create_time`,`update_time`,`create_by`,`update_by`,`deleted`) VALUES(110,'TASK-2002','PROC-1003',137,'用户148',100,'用户133','转办','2026-06-05 22:11:26','委托原因10','1','2026-06-18 22:11:26','2026-06-22 22:11:26',1,1,0);
INSERT INTO `t_workflow_delegate`(`id`,`task_id`,`instance_id`,`from_user_id`,`from_user_name`,`to_user_id`,`to_user_name`,`delegate_type`,`delegate_time`,`delegate_reason`,`status`,`create_time`,`update_time`,`create_by`,`update_by`,`deleted`) VALUES(111,'TASK-2017','PROC-1000',146,'用户106',113,'用户132','委托','2026-06-12 22:11:26','委托原因11','0','2026-06-05 22:11:26','2026-06-09 22:11:26',1,1,0);
INSERT INTO `t_workflow_delegate`(`id`,`task_id`,`instance_id`,`from_user_id`,`from_user_name`,`to_user_id`,`to_user_name`,`delegate_type`,`delegate_time`,`delegate_reason`,`status`,`create_time`,`update_time`,`create_by`,`update_by`,`deleted`) VALUES(112,'TASK-2005','PROC-1014',143,'用户106',111,'用户122','代理','2026-06-14 22:11:26','委托原因12','1','2026-06-11 22:11:26','2026-06-20 22:11:26',1,1,0);
INSERT INTO `t_workflow_delegate`(`id`,`task_id`,`instance_id`,`from_user_id`,`from_user_name`,`to_user_id`,`to_user_name`,`delegate_type`,`delegate_time`,`delegate_reason`,`status`,`create_time`,`update_time`,`create_by`,`update_by`,`deleted`) VALUES(113,'TASK-2013','PROC-1003',148,'用户120',107,'用户129','转办','2026-06-11 22:11:26','委托原因13','1','2026-06-12 22:11:26','2026-06-03 22:11:26',1,1,0);
INSERT INTO `t_workflow_delegate`(`id`,`task_id`,`instance_id`,`from_user_id`,`from_user_name`,`to_user_id`,`to_user_name`,`delegate_type`,`delegate_time`,`delegate_reason`,`status`,`create_time`,`update_time`,`create_by`,`update_by`,`deleted`) VALUES(114,'TASK-2011','PROC-1009',135,'用户146',102,'用户105','代理','2026-06-12 22:11:26','委托原因14','1','2026-06-15 22:11:26','2026-06-18 22:11:26',1,1,0);

USE `gov_activiti`;
DELETE FROM `t_workflow_history` WHERE id >= 100;
INSERT INTO `t_workflow_history`(`id`,`instance_id`,`process_key`,`apply_no`,`archive_time`,`archive_by`,`total_duration`,`node_count`,`approve_count`,`reject_count`,`result`,`remark`,`create_time`,`update_time`,`create_by`,`update_by`,`deleted`) VALUES(100,'INST-3000','APPLY_APPROVAL_V1','BJ-2024001','2026-03-03 22:11:26',138,330762,10,2,2,'驳回','归档备注0','2026-04-14 22:11:26','2026-05-31 22:11:26',1,1,0);
INSERT INTO `t_workflow_history`(`id`,`instance_id`,`process_key`,`apply_no`,`archive_time`,`archive_by`,`total_duration`,`node_count`,`approve_count`,`reject_count`,`result`,`remark`,`create_time`,`update_time`,`create_by`,`update_by`,`deleted`) VALUES(101,'INST-3001','APPLY_APPROVAL_V2','BJ-2024002','2026-03-10 22:11:26',112,76590,10,3,0,'通过','归档备注1','2026-01-06 22:11:26','2026-06-12 22:11:26',1,1,0);
INSERT INTO `t_workflow_history`(`id`,`instance_id`,`process_key`,`apply_no`,`archive_time`,`archive_by`,`total_duration`,`node_count`,`approve_count`,`reject_count`,`result`,`remark`,`create_time`,`update_time`,`create_by`,`update_by`,`deleted`) VALUES(102,'INST-3002','APPLY_APPROVAL_V3','BJ-2024003','2026-01-06 22:11:26',106,419223,10,5,2,'部分通过','归档备注2','2026-06-06 22:11:26','2026-06-24 22:11:26',1,1,0);
INSERT INTO `t_workflow_history`(`id`,`instance_id`,`process_key`,`apply_no`,`archive_time`,`archive_by`,`total_duration`,`node_count`,`approve_count`,`reject_count`,`result`,`remark`,`create_time`,`update_time`,`create_by`,`update_by`,`deleted`) VALUES(103,'INST-3003','APPLY_APPROVAL_V1','BJ-2024004','2026-05-22 22:11:26',125,423685,12,1,2,'通过','归档备注3','2026-06-11 22:11:26','2026-06-16 22:11:26',1,1,0);
INSERT INTO `t_workflow_history`(`id`,`instance_id`,`process_key`,`apply_no`,`archive_time`,`archive_by`,`total_duration`,`node_count`,`approve_count`,`reject_count`,`result`,`remark`,`create_time`,`update_time`,`create_by`,`update_by`,`deleted`) VALUES(104,'INST-3004','APPLY_APPROVAL_V2','BJ-2024005','2026-05-08 22:11:26',121,213591,12,4,0,'通过','归档备注4','2026-03-11 22:11:26','2026-06-04 22:11:26',1,1,0);
INSERT INTO `t_workflow_history`(`id`,`instance_id`,`process_key`,`apply_no`,`archive_time`,`archive_by`,`total_duration`,`node_count`,`approve_count`,`reject_count`,`result`,`remark`,`create_time`,`update_time`,`create_by`,`update_by`,`deleted`) VALUES(105,'INST-3005','APPLY_APPROVAL_V3','BJ-2024006','2026-02-20 22:11:26',117,289832,9,3,1,'部分通过','归档备注5','2026-01-24 22:11:26','2026-06-15 22:11:26',1,1,0);
INSERT INTO `t_workflow_history`(`id`,`instance_id`,`process_key`,`apply_no`,`archive_time`,`archive_by`,`total_duration`,`node_count`,`approve_count`,`reject_count`,`result`,`remark`,`create_time`,`update_time`,`create_by`,`update_by`,`deleted`) VALUES(106,'INST-3006','APPLY_APPROVAL_V1','BJ-2024007','2026-02-23 22:11:26',132,296038,5,4,0,'通过','归档备注6','2026-04-24 22:11:26','2026-06-12 22:11:26',1,1,0);
INSERT INTO `t_workflow_history`(`id`,`instance_id`,`process_key`,`apply_no`,`archive_time`,`archive_by`,`total_duration`,`node_count`,`approve_count`,`reject_count`,`result`,`remark`,`create_time`,`update_time`,`create_by`,`update_by`,`deleted`) VALUES(107,'INST-3007','APPLY_APPROVAL_V2','BJ-2024008','2026-02-20 22:11:26',114,144747,3,1,2,'通过','归档备注7','2026-06-10 22:11:26','2026-06-12 22:11:26',1,1,0);
INSERT INTO `t_workflow_history`(`id`,`instance_id`,`process_key`,`apply_no`,`archive_time`,`archive_by`,`total_duration`,`node_count`,`approve_count`,`reject_count`,`result`,`remark`,`create_time`,`update_time`,`create_by`,`update_by`,`deleted`) VALUES(108,'INST-3008','APPLY_APPROVAL_V3','BJ-2024009','2026-01-05 22:11:26',101,191395,9,5,2,'驳回','归档备注8','2026-05-19 22:11:26','2026-06-18 22:11:26',1,1,0);
INSERT INTO `t_workflow_history`(`id`,`instance_id`,`process_key`,`apply_no`,`archive_time`,`archive_by`,`total_duration`,`node_count`,`approve_count`,`reject_count`,`result`,`remark`,`create_time`,`update_time`,`create_by`,`update_by`,`deleted`) VALUES(109,'INST-3009','APPLY_APPROVAL_V1','BJ-2024010','2026-01-19 22:11:26',139,104613,4,5,1,'驳回','归档备注9','2026-05-07 22:11:26','2026-06-18 22:11:26',1,1,0);
INSERT INTO `t_workflow_history`(`id`,`instance_id`,`process_key`,`apply_no`,`archive_time`,`archive_by`,`total_duration`,`node_count`,`approve_count`,`reject_count`,`result`,`remark`,`create_time`,`update_time`,`create_by`,`update_by`,`deleted`) VALUES(110,'INST-3010','APPLY_APPROVAL_V2','BJ-2024011','2026-01-09 22:11:26',131,517664,11,3,2,'驳回','归档备注10','2026-02-09 22:11:26','2026-06-10 22:11:26',1,1,0);
INSERT INTO `t_workflow_history`(`id`,`instance_id`,`process_key`,`apply_no`,`archive_time`,`archive_by`,`total_duration`,`node_count`,`approve_count`,`reject_count`,`result`,`remark`,`create_time`,`update_time`,`create_by`,`update_by`,`deleted`) VALUES(111,'INST-3011','APPLY_APPROVAL_V3','BJ-2024012','2026-06-23 22:11:26',148,36733,9,1,1,'驳回','归档备注11','2026-04-08 22:11:26','2026-05-31 22:11:26',1,1,0);
INSERT INTO `t_workflow_history`(`id`,`instance_id`,`process_key`,`apply_no`,`archive_time`,`archive_by`,`total_duration`,`node_count`,`approve_count`,`reject_count`,`result`,`remark`,`create_time`,`update_time`,`create_by`,`update_by`,`deleted`) VALUES(112,'INST-3012','APPLY_APPROVAL_V1','BJ-2024013','2026-03-23 22:11:26',128,485584,3,1,0,'部分通过','归档备注12','2026-01-10 22:11:26','2026-05-31 22:11:26',1,1,0);
INSERT INTO `t_workflow_history`(`id`,`instance_id`,`process_key`,`apply_no`,`archive_time`,`archive_by`,`total_duration`,`node_count`,`approve_count`,`reject_count`,`result`,`remark`,`create_time`,`update_time`,`create_by`,`update_by`,`deleted`) VALUES(113,'INST-3013','APPLY_APPROVAL_V2','BJ-2024014','2026-04-11 22:11:26',145,175717,10,4,0,'驳回','归档备注13','2026-03-20 22:11:26','2026-06-12 22:11:26',1,1,0);
INSERT INTO `t_workflow_history`(`id`,`instance_id`,`process_key`,`apply_no`,`archive_time`,`archive_by`,`total_duration`,`node_count`,`approve_count`,`reject_count`,`result`,`remark`,`create_time`,`update_time`,`create_by`,`update_by`,`deleted`) VALUES(114,'INST-3014','APPLY_APPROVAL_V3','BJ-2024015','2026-05-30 22:11:26',136,517982,11,5,2,'驳回','归档备注14','2026-02-26 22:11:26','2026-06-10 22:11:26',1,1,0);
INSERT INTO `t_workflow_history`(`id`,`instance_id`,`process_key`,`apply_no`,`archive_time`,`archive_by`,`total_duration`,`node_count`,`approve_count`,`reject_count`,`result`,`remark`,`create_time`,`update_time`,`create_by`,`update_by`,`deleted`) VALUES(115,'INST-3015','APPLY_APPROVAL_V1','BJ-2024016','2026-05-18 22:11:26',132,62044,9,3,1,'部分通过','归档备注15','2026-03-23 22:11:26','2026-06-08 22:11:26',1,1,0);
INSERT INTO `t_workflow_history`(`id`,`instance_id`,`process_key`,`apply_no`,`archive_time`,`archive_by`,`total_duration`,`node_count`,`approve_count`,`reject_count`,`result`,`remark`,`create_time`,`update_time`,`create_by`,`update_by`,`deleted`) VALUES(116,'INST-3016','APPLY_APPROVAL_V2','BJ-2024017','2026-01-05 22:11:26',122,301854,8,1,0,'部分通过','归档备注16','2026-06-16 22:11:26','2026-06-23 22:11:26',1,1,0);
INSERT INTO `t_workflow_history`(`id`,`instance_id`,`process_key`,`apply_no`,`archive_time`,`archive_by`,`total_duration`,`node_count`,`approve_count`,`reject_count`,`result`,`remark`,`create_time`,`update_time`,`create_by`,`update_by`,`deleted`) VALUES(117,'INST-3017','APPLY_APPROVAL_V3','BJ-2024018','2026-03-26 22:11:26',122,31806,8,4,0,'驳回','归档备注17','2026-03-31 22:11:26','2026-06-16 22:11:26',1,1,0);
INSERT INTO `t_workflow_history`(`id`,`instance_id`,`process_key`,`apply_no`,`archive_time`,`archive_by`,`total_duration`,`node_count`,`approve_count`,`reject_count`,`result`,`remark`,`create_time`,`update_time`,`create_by`,`update_by`,`deleted`) VALUES(118,'INST-3018','APPLY_APPROVAL_V1','BJ-2024019','2026-03-14 22:11:26',122,62791,6,2,0,'部分通过','归档备注18','2026-04-09 22:11:26','2026-06-09 22:11:26',1,1,0);
INSERT INTO `t_workflow_history`(`id`,`instance_id`,`process_key`,`apply_no`,`archive_time`,`archive_by`,`total_duration`,`node_count`,`approve_count`,`reject_count`,`result`,`remark`,`create_time`,`update_time`,`create_by`,`update_by`,`deleted`) VALUES(119,'INST-3019','APPLY_APPROVAL_V2','BJ-2024020','2026-06-06 22:11:26',144,72281,7,1,1,'通过','归档备注19','2026-06-22 22:11:26','2026-06-10 22:11:26',1,1,0);

USE `gov_activiti`;
DELETE FROM `t_workflow_opinion` WHERE id >= 100;
INSERT INTO `t_workflow_opinion`(`id`,`task_id`,`instance_id`,`apply_no`,`operator_id`,`operator_name`,`opinion_type`,`opinion_content`,`operate_time`,`next_assignee`,`create_time`,`update_time`,`create_by`,`update_by`,`deleted`) VALUES(100,'TASK-2010','PROC-1001','BJ-2024001',129,'用户142','退回修改','审批意见0','2026-05-22 22:11:26','用户132','2026-05-01 22:11:26','2026-06-14 22:11:26',1,1,0);
INSERT INTO `t_workflow_opinion`(`id`,`task_id`,`instance_id`,`apply_no`,`operator_id`,`operator_name`,`opinion_type`,`opinion_content`,`operate_time`,`next_assignee`,`create_time`,`update_time`,`create_by`,`update_by`,`deleted`) VALUES(101,'TASK-2008','PROC-1000','BJ-2024002',144,'用户130','加签','审批意见1','2026-06-26 22:11:26','用户120','2026-06-03 22:11:26','2026-06-09 22:11:26',1,1,0);
INSERT INTO `t_workflow_opinion`(`id`,`task_id`,`instance_id`,`apply_no`,`operator_id`,`operator_name`,`opinion_type`,`opinion_content`,`operate_time`,`next_assignee`,`create_time`,`update_time`,`create_by`,`update_by`,`deleted`) VALUES(102,'TASK-2012','PROC-1010','BJ-2024003',136,'用户106','退回修改','审批意见2','2026-06-21 22:11:26','用户144','2026-05-15 22:11:26','2026-06-21 22:11:26',1,1,0);
INSERT INTO `t_workflow_opinion`(`id`,`task_id`,`instance_id`,`apply_no`,`operator_id`,`operator_name`,`opinion_type`,`opinion_content`,`operate_time`,`next_assignee`,`create_time`,`update_time`,`create_by`,`update_by`,`deleted`) VALUES(103,'TASK-2010','PROC-1015','BJ-2024004',132,'用户148','转办','审批意见3','2026-06-17 22:11:26','用户139','2026-06-08 22:11:26','2026-06-16 22:11:26',1,1,0);
INSERT INTO `t_workflow_opinion`(`id`,`task_id`,`instance_id`,`apply_no`,`operator_id`,`operator_name`,`opinion_type`,`opinion_content`,`operate_time`,`next_assignee`,`create_time`,`update_time`,`create_by`,`update_by`,`deleted`) VALUES(104,'TASK-2013','PROC-1006','BJ-2024005',131,'用户140','同意','审批意见4','2026-05-05 22:11:26','用户134','2026-06-14 22:11:26','2026-06-18 22:11:26',1,1,0);
INSERT INTO `t_workflow_opinion`(`id`,`task_id`,`instance_id`,`apply_no`,`operator_id`,`operator_name`,`opinion_type`,`opinion_content`,`operate_time`,`next_assignee`,`create_time`,`update_time`,`create_by`,`update_by`,`deleted`) VALUES(105,'TASK-2008','PROC-1001','BJ-2024006',119,'用户136','退回修改','审批意见5','2026-05-07 22:11:26','用户114','2026-05-19 22:11:26','2026-06-04 22:11:26',1,1,0);
INSERT INTO `t_workflow_opinion`(`id`,`task_id`,`instance_id`,`apply_no`,`operator_id`,`operator_name`,`opinion_type`,`opinion_content`,`operate_time`,`next_assignee`,`create_time`,`update_time`,`create_by`,`update_by`,`deleted`) VALUES(106,'TASK-2002','PROC-1018','BJ-2024007',106,'用户137','转办','审批意见6','2026-06-10 22:11:26','用户104','2026-05-22 22:11:26','2026-06-02 22:11:26',1,1,0);
INSERT INTO `t_workflow_opinion`(`id`,`task_id`,`instance_id`,`apply_no`,`operator_id`,`operator_name`,`opinion_type`,`opinion_content`,`operate_time`,`next_assignee`,`create_time`,`update_time`,`create_by`,`update_by`,`deleted`) VALUES(107,'TASK-2016','PROC-1015','BJ-2024008',127,'用户113','转办','审批意见7','2026-05-08 22:11:26','用户104','2026-05-17 22:11:26','2026-06-01 22:11:26',1,1,0);
INSERT INTO `t_workflow_opinion`(`id`,`task_id`,`instance_id`,`apply_no`,`operator_id`,`operator_name`,`opinion_type`,`opinion_content`,`operate_time`,`next_assignee`,`create_time`,`update_time`,`create_by`,`update_by`,`deleted`) VALUES(108,'TASK-2009','PROC-1016','BJ-2024009',119,'用户127','加签','审批意见8','2026-06-07 22:11:26','用户112','2026-06-01 22:11:26','2026-06-15 22:11:26',1,1,0);
INSERT INTO `t_workflow_opinion`(`id`,`task_id`,`instance_id`,`apply_no`,`operator_id`,`operator_name`,`opinion_type`,`opinion_content`,`operate_time`,`next_assignee`,`create_time`,`update_time`,`create_by`,`update_by`,`deleted`) VALUES(109,'TASK-2008','PROC-1019','BJ-2024010',132,'用户129','加签','审批意见9','2026-06-16 22:11:26','用户101','2026-05-18 22:11:26','2026-06-05 22:11:26',1,1,0);
INSERT INTO `t_workflow_opinion`(`id`,`task_id`,`instance_id`,`apply_no`,`operator_id`,`operator_name`,`opinion_type`,`opinion_content`,`operate_time`,`next_assignee`,`create_time`,`update_time`,`create_by`,`update_by`,`deleted`) VALUES(110,'TASK-2016','PROC-1005','BJ-2024011',136,'用户131','驳回','审批意见10','2026-05-16 22:11:26','用户147','2026-05-29 22:11:26','2026-06-19 22:11:26',1,1,0);
INSERT INTO `t_workflow_opinion`(`id`,`task_id`,`instance_id`,`apply_no`,`operator_id`,`operator_name`,`opinion_type`,`opinion_content`,`operate_time`,`next_assignee`,`create_time`,`update_time`,`create_by`,`update_by`,`deleted`) VALUES(111,'TASK-2017','PROC-1019','BJ-2024012',149,'用户127','加签','审批意见11','2026-05-12 22:11:26','用户140','2026-06-24 22:11:26','2026-06-11 22:11:26',1,1,0);
INSERT INTO `t_workflow_opinion`(`id`,`task_id`,`instance_id`,`apply_no`,`operator_id`,`operator_name`,`opinion_type`,`opinion_content`,`operate_time`,`next_assignee`,`create_time`,`update_time`,`create_by`,`update_by`,`deleted`) VALUES(112,'TASK-2006','PROC-1011','BJ-2024013',129,'用户109','驳回','审批意见12','2026-06-18 22:11:26','用户147','2026-05-15 22:11:26','2026-06-03 22:11:26',1,1,0);
INSERT INTO `t_workflow_opinion`(`id`,`task_id`,`instance_id`,`apply_no`,`operator_id`,`operator_name`,`opinion_type`,`opinion_content`,`operate_time`,`next_assignee`,`create_time`,`update_time`,`create_by`,`update_by`,`deleted`) VALUES(113,'TASK-2009','PROC-1013','BJ-2024014',126,'用户120','同意','审批意见13','2026-05-18 22:11:26','用户113','2026-05-04 22:11:26','2026-06-14 22:11:26',1,1,0);
INSERT INTO `t_workflow_opinion`(`id`,`task_id`,`instance_id`,`apply_no`,`operator_id`,`operator_name`,`opinion_type`,`opinion_content`,`operate_time`,`next_assignee`,`create_time`,`update_time`,`create_by`,`update_by`,`deleted`) VALUES(114,'TASK-2008','PROC-1009','BJ-2024015',141,'用户110','转办','审批意见14','2026-05-15 22:11:26','用户138','2026-06-12 22:11:26','2026-06-15 22:11:26',1,1,0);
INSERT INTO `t_workflow_opinion`(`id`,`task_id`,`instance_id`,`apply_no`,`operator_id`,`operator_name`,`opinion_type`,`opinion_content`,`operate_time`,`next_assignee`,`create_time`,`update_time`,`create_by`,`update_by`,`deleted`) VALUES(115,'TASK-2007','PROC-1003','BJ-2024016',109,'用户112','同意','审批意见15','2026-06-12 22:11:26','用户119','2026-05-29 22:11:26','2026-06-12 22:11:26',1,1,0);
INSERT INTO `t_workflow_opinion`(`id`,`task_id`,`instance_id`,`apply_no`,`operator_id`,`operator_name`,`opinion_type`,`opinion_content`,`operate_time`,`next_assignee`,`create_time`,`update_time`,`create_by`,`update_by`,`deleted`) VALUES(116,'TASK-2017','PROC-1013','BJ-2024017',127,'用户141','同意','审批意见16','2026-06-15 22:11:26','用户110','2026-06-10 22:11:26','2026-06-23 22:11:26',1,1,0);
INSERT INTO `t_workflow_opinion`(`id`,`task_id`,`instance_id`,`apply_no`,`operator_id`,`operator_name`,`opinion_type`,`opinion_content`,`operate_time`,`next_assignee`,`create_time`,`update_time`,`create_by`,`update_by`,`deleted`) VALUES(117,'TASK-2000','PROC-1008','BJ-2024018',117,'用户142','加签','审批意见17','2026-06-16 22:11:26','用户141','2026-05-04 22:11:26','2026-06-26 22:11:26',1,1,0);
INSERT INTO `t_workflow_opinion`(`id`,`task_id`,`instance_id`,`apply_no`,`operator_id`,`operator_name`,`opinion_type`,`opinion_content`,`operate_time`,`next_assignee`,`create_time`,`update_time`,`create_by`,`update_by`,`deleted`) VALUES(118,'TASK-2015','PROC-1000','BJ-2024019',103,'用户105','转办','审批意见18','2026-05-20 22:11:26','用户119','2026-05-03 22:11:26','2026-06-25 22:11:26',1,1,0);
INSERT INTO `t_workflow_opinion`(`id`,`task_id`,`instance_id`,`apply_no`,`operator_id`,`operator_name`,`opinion_type`,`opinion_content`,`operate_time`,`next_assignee`,`create_time`,`update_time`,`create_by`,`update_by`,`deleted`) VALUES(119,'TASK-2013','PROC-1011','BJ-2024020',142,'用户142','同意','审批意见19','2026-06-02 22:11:26','用户146','2026-05-05 22:11:26','2026-06-23 22:11:26',1,1,0);
INSERT INTO `t_workflow_opinion`(`id`,`task_id`,`instance_id`,`apply_no`,`operator_id`,`operator_name`,`opinion_type`,`opinion_content`,`operate_time`,`next_assignee`,`create_time`,`update_time`,`create_by`,`update_by`,`deleted`) VALUES(120,'TASK-2007','PROC-1003','BJ-2024021',136,'用户147','加签','审批意见20','2026-04-29 22:11:26','用户107','2026-05-25 22:11:26','2026-06-06 22:11:26',1,1,0);
INSERT INTO `t_workflow_opinion`(`id`,`task_id`,`instance_id`,`apply_no`,`operator_id`,`operator_name`,`opinion_type`,`opinion_content`,`operate_time`,`next_assignee`,`create_time`,`update_time`,`create_by`,`update_by`,`deleted`) VALUES(121,'TASK-2018','PROC-1016','BJ-2024022',116,'用户131','同意','审批意见21','2026-06-12 22:11:26','用户138','2026-06-20 22:11:26','2026-06-03 22:11:26',1,1,0);
INSERT INTO `t_workflow_opinion`(`id`,`task_id`,`instance_id`,`apply_no`,`operator_id`,`operator_name`,`opinion_type`,`opinion_content`,`operate_time`,`next_assignee`,`create_time`,`update_time`,`create_by`,`update_by`,`deleted`) VALUES(122,'TASK-2010','PROC-1010','BJ-2024023',137,'用户147','退回修改','审批意见22','2026-05-07 22:11:26','用户147','2026-05-11 22:11:26','2026-06-20 22:11:26',1,1,0);
INSERT INTO `t_workflow_opinion`(`id`,`task_id`,`instance_id`,`apply_no`,`operator_id`,`operator_name`,`opinion_type`,`opinion_content`,`operate_time`,`next_assignee`,`create_time`,`update_time`,`create_by`,`update_by`,`deleted`) VALUES(123,'TASK-2013','PROC-1006','BJ-2024024',109,'用户106','驳回','审批意见23','2026-06-14 22:11:26','用户117','2026-05-30 22:11:26','2026-06-14 22:11:26',1,1,0);
INSERT INTO `t_workflow_opinion`(`id`,`task_id`,`instance_id`,`apply_no`,`operator_id`,`operator_name`,`opinion_type`,`opinion_content`,`operate_time`,`next_assignee`,`create_time`,`update_time`,`create_by`,`update_by`,`deleted`) VALUES(124,'TASK-2008','PROC-1018','BJ-2024025',103,'用户131','加签','审批意见24','2026-06-04 22:11:26','用户144','2026-06-20 22:11:26','2026-06-17 22:11:26',1,1,0);
INSERT INTO `t_workflow_opinion`(`id`,`task_id`,`instance_id`,`apply_no`,`operator_id`,`operator_name`,`opinion_type`,`opinion_content`,`operate_time`,`next_assignee`,`create_time`,`update_time`,`create_by`,`update_by`,`deleted`) VALUES(125,'TASK-2017','PROC-1013','BJ-2024026',130,'用户143','驳回','审批意见25','2026-06-10 22:11:26','用户109','2026-06-04 22:11:26','2026-06-12 22:11:26',1,1,0);
INSERT INTO `t_workflow_opinion`(`id`,`task_id`,`instance_id`,`apply_no`,`operator_id`,`operator_name`,`opinion_type`,`opinion_content`,`operate_time`,`next_assignee`,`create_time`,`update_time`,`create_by`,`update_by`,`deleted`) VALUES(126,'TASK-2011','PROC-1009','BJ-2024027',101,'用户141','加签','审批意见26','2026-06-25 22:11:26','用户147','2026-05-16 22:11:26','2026-06-02 22:11:26',1,1,0);
INSERT INTO `t_workflow_opinion`(`id`,`task_id`,`instance_id`,`apply_no`,`operator_id`,`operator_name`,`opinion_type`,`opinion_content`,`operate_time`,`next_assignee`,`create_time`,`update_time`,`create_by`,`update_by`,`deleted`) VALUES(127,'TASK-2001','PROC-1007','BJ-2024028',116,'用户135','退回修改','审批意见27','2026-06-08 22:11:26','用户140','2026-05-14 22:11:26','2026-06-16 22:11:26',1,1,0);
INSERT INTO `t_workflow_opinion`(`id`,`task_id`,`instance_id`,`apply_no`,`operator_id`,`operator_name`,`opinion_type`,`opinion_content`,`operate_time`,`next_assignee`,`create_time`,`update_time`,`create_by`,`update_by`,`deleted`) VALUES(128,'TASK-2003','PROC-1017','BJ-2024029',115,'用户128','退回修改','审批意见28','2026-06-27 22:11:26','用户125','2026-04-29 22:11:26','2026-05-29 22:11:26',1,1,0);
INSERT INTO `t_workflow_opinion`(`id`,`task_id`,`instance_id`,`apply_no`,`operator_id`,`operator_name`,`opinion_type`,`opinion_content`,`operate_time`,`next_assignee`,`create_time`,`update_time`,`create_by`,`update_by`,`deleted`) VALUES(129,'TASK-2008','PROC-1009','BJ-2024030',105,'用户148','驳回','审批意见29','2026-06-08 22:11:26','用户113','2026-05-03 22:11:26','2026-05-30 22:11:26',1,1,0);

USE `gov_activiti`;
DELETE FROM `t_workflow_reminder` WHERE id >= 100;
INSERT INTO `t_workflow_reminder`(`id`,`instance_id`,`task_id`,`apply_no`,`reminder_type`,`reminder_level`,`reminder_time`,`reminder_by`,`reminder_content`,`status`,`create_time`,`update_time`,`create_by`,`update_by`,`deleted`) VALUES(100,'PROC-1005','TASK-2014','BJ-2024001','预警通知','紧急','2026-06-01 22:11:26',102,'提醒内容0','0','2026-05-03 22:11:26','2026-06-25 22:11:26',1,1,0);
INSERT INTO `t_workflow_reminder`(`id`,`instance_id`,`task_id`,`apply_no`,`reminder_type`,`reminder_level`,`reminder_time`,`reminder_by`,`reminder_content`,`status`,`create_time`,`update_time`,`create_by`,`update_by`,`deleted`) VALUES(101,'PROC-1015','TASK-2015','BJ-2024002','督办通知','重要','2026-05-13 22:11:26',127,'提醒内容1','1','2026-05-06 22:11:26','2026-06-22 22:11:26',1,1,0);
INSERT INTO `t_workflow_reminder`(`id`,`instance_id`,`task_id`,`apply_no`,`reminder_type`,`reminder_level`,`reminder_time`,`reminder_by`,`reminder_content`,`status`,`create_time`,`update_time`,`create_by`,`update_by`,`deleted`) VALUES(102,'PROC-1008','TASK-2016','BJ-2024003','超时提醒','重要','2026-06-01 22:11:26',138,'提醒内容2','0','2026-05-29 22:11:26','2026-06-05 22:11:26',1,1,0);
INSERT INTO `t_workflow_reminder`(`id`,`instance_id`,`task_id`,`apply_no`,`reminder_type`,`reminder_level`,`reminder_time`,`reminder_by`,`reminder_content`,`status`,`create_time`,`update_time`,`create_by`,`update_by`,`deleted`) VALUES(103,'PROC-1000','TASK-2001','BJ-2024004','临期提醒','紧急','2026-05-30 22:11:26',141,'提醒内容3','1','2026-06-27 22:11:26','2026-06-15 22:11:26',1,1,0);
INSERT INTO `t_workflow_reminder`(`id`,`instance_id`,`task_id`,`apply_no`,`reminder_type`,`reminder_level`,`reminder_time`,`reminder_by`,`reminder_content`,`status`,`create_time`,`update_time`,`create_by`,`update_by`,`deleted`) VALUES(104,'PROC-1006','TASK-2009','BJ-2024005','预警通知','紧急','2026-06-22 22:11:26',107,'提醒内容4','1','2026-06-12 22:11:26','2026-06-11 22:11:26',1,1,0);
INSERT INTO `t_workflow_reminder`(`id`,`instance_id`,`task_id`,`apply_no`,`reminder_type`,`reminder_level`,`reminder_time`,`reminder_by`,`reminder_content`,`status`,`create_time`,`update_time`,`create_by`,`update_by`,`deleted`) VALUES(105,'PROC-1004','TASK-2019','BJ-2024006','督办通知','重要','2026-05-30 22:11:26',130,'提醒内容5','1','2026-06-11 22:11:26','2026-06-22 22:11:26',1,1,0);
INSERT INTO `t_workflow_reminder`(`id`,`instance_id`,`task_id`,`apply_no`,`reminder_type`,`reminder_level`,`reminder_time`,`reminder_by`,`reminder_content`,`status`,`create_time`,`update_time`,`create_by`,`update_by`,`deleted`) VALUES(106,'PROC-1018','TASK-2010','BJ-2024007','预警通知','普通','2026-06-22 22:11:26',126,'提醒内容6','0','2026-06-16 22:11:26','2026-06-15 22:11:26',1,1,0);
INSERT INTO `t_workflow_reminder`(`id`,`instance_id`,`task_id`,`apply_no`,`reminder_type`,`reminder_level`,`reminder_time`,`reminder_by`,`reminder_content`,`status`,`create_time`,`update_time`,`create_by`,`update_by`,`deleted`) VALUES(107,'PROC-1012','TASK-2018','BJ-2024008','临期提醒','普通','2026-06-26 22:11:26',135,'提醒内容7','1','2026-04-30 22:11:26','2026-06-25 22:11:26',1,1,0);
INSERT INTO `t_workflow_reminder`(`id`,`instance_id`,`task_id`,`apply_no`,`reminder_type`,`reminder_level`,`reminder_time`,`reminder_by`,`reminder_content`,`status`,`create_time`,`update_time`,`create_by`,`update_by`,`deleted`) VALUES(108,'PROC-1014','TASK-2006','BJ-2024009','预警通知','紧急','2026-05-04 22:11:26',110,'提醒内容8','1','2026-06-02 22:11:26','2026-06-08 22:11:26',1,1,0);
INSERT INTO `t_workflow_reminder`(`id`,`instance_id`,`task_id`,`apply_no`,`reminder_type`,`reminder_level`,`reminder_time`,`reminder_by`,`reminder_content`,`status`,`create_time`,`update_time`,`create_by`,`update_by`,`deleted`) VALUES(109,'PROC-1013','TASK-2019','BJ-2024010','预警通知','普通','2026-06-22 22:11:26',123,'提醒内容9','1','2026-05-22 22:11:26','2026-06-24 22:11:26',1,1,0);
INSERT INTO `t_workflow_reminder`(`id`,`instance_id`,`task_id`,`apply_no`,`reminder_type`,`reminder_level`,`reminder_time`,`reminder_by`,`reminder_content`,`status`,`create_time`,`update_time`,`create_by`,`update_by`,`deleted`) VALUES(110,'PROC-1000','TASK-2016','BJ-2024011','督办通知','重要','2026-05-06 22:11:26',143,'提醒内容10','2','2026-06-20 22:11:26','2026-06-20 22:11:26',1,1,0);
INSERT INTO `t_workflow_reminder`(`id`,`instance_id`,`task_id`,`apply_no`,`reminder_type`,`reminder_level`,`reminder_time`,`reminder_by`,`reminder_content`,`status`,`create_time`,`update_time`,`create_by`,`update_by`,`deleted`) VALUES(111,'PROC-1006','TASK-2006','BJ-2024012','预警通知','重要','2026-05-11 22:11:26',131,'提醒内容11','2','2026-06-19 22:11:26','2026-06-14 22:11:26',1,1,0);
INSERT INTO `t_workflow_reminder`(`id`,`instance_id`,`task_id`,`apply_no`,`reminder_type`,`reminder_level`,`reminder_time`,`reminder_by`,`reminder_content`,`status`,`create_time`,`update_time`,`create_by`,`update_by`,`deleted`) VALUES(112,'PROC-1006','TASK-2019','BJ-2024013','临期提醒','重要','2026-05-12 22:11:26',143,'提醒内容12','1','2026-06-01 22:11:26','2026-06-22 22:11:26',1,1,0);
INSERT INTO `t_workflow_reminder`(`id`,`instance_id`,`task_id`,`apply_no`,`reminder_type`,`reminder_level`,`reminder_time`,`reminder_by`,`reminder_content`,`status`,`create_time`,`update_time`,`create_by`,`update_by`,`deleted`) VALUES(113,'PROC-1013','TASK-2004','BJ-2024014','超时提醒','重要','2026-06-11 22:11:26',115,'提醒内容13','2','2026-04-30 22:11:26','2026-06-20 22:11:26',1,1,0);
INSERT INTO `t_workflow_reminder`(`id`,`instance_id`,`task_id`,`apply_no`,`reminder_type`,`reminder_level`,`reminder_time`,`reminder_by`,`reminder_content`,`status`,`create_time`,`update_time`,`create_by`,`update_by`,`deleted`) VALUES(114,'PROC-1011','TASK-2018','BJ-2024015','督办通知','普通','2026-06-27 22:11:26',130,'提醒内容14','1','2026-05-03 22:11:26','2026-06-17 22:11:26',1,1,0);
INSERT INTO `t_workflow_reminder`(`id`,`instance_id`,`task_id`,`apply_no`,`reminder_type`,`reminder_level`,`reminder_time`,`reminder_by`,`reminder_content`,`status`,`create_time`,`update_time`,`create_by`,`update_by`,`deleted`) VALUES(115,'PROC-1012','TASK-2006','BJ-2024016','督办通知','紧急','2026-05-31 22:11:26',147,'提醒内容15','0','2026-06-23 22:11:26','2026-06-24 22:11:26',1,1,0);
INSERT INTO `t_workflow_reminder`(`id`,`instance_id`,`task_id`,`apply_no`,`reminder_type`,`reminder_level`,`reminder_time`,`reminder_by`,`reminder_content`,`status`,`create_time`,`update_time`,`create_by`,`update_by`,`deleted`) VALUES(116,'PROC-1017','TASK-2001','BJ-2024017','超时提醒','重要','2026-04-29 22:11:26',115,'提醒内容16','2','2026-04-30 22:11:26','2026-06-16 22:11:26',1,1,0);
INSERT INTO `t_workflow_reminder`(`id`,`instance_id`,`task_id`,`apply_no`,`reminder_type`,`reminder_level`,`reminder_time`,`reminder_by`,`reminder_content`,`status`,`create_time`,`update_time`,`create_by`,`update_by`,`deleted`) VALUES(117,'PROC-1019','TASK-2019','BJ-2024018','超时提醒','普通','2026-06-11 22:11:26',132,'提醒内容17','2','2026-06-08 22:11:26','2026-06-15 22:11:26',1,1,0);
INSERT INTO `t_workflow_reminder`(`id`,`instance_id`,`task_id`,`apply_no`,`reminder_type`,`reminder_level`,`reminder_time`,`reminder_by`,`reminder_content`,`status`,`create_time`,`update_time`,`create_by`,`update_by`,`deleted`) VALUES(118,'PROC-1011','TASK-2004','BJ-2024019','超时提醒','紧急','2026-06-16 22:11:26',116,'提醒内容18','1','2026-05-26 22:11:26','2026-06-12 22:11:26',1,1,0);
INSERT INTO `t_workflow_reminder`(`id`,`instance_id`,`task_id`,`apply_no`,`reminder_type`,`reminder_level`,`reminder_time`,`reminder_by`,`reminder_content`,`status`,`create_time`,`update_time`,`create_by`,`update_by`,`deleted`) VALUES(119,'PROC-1010','TASK-2014','BJ-2024020','临期提醒','普通','2026-06-07 22:11:26',145,'提醒内容19','2','2026-06-18 22:11:26','2026-06-19 22:11:26',1,1,0);
INSERT INTO `t_workflow_reminder`(`id`,`instance_id`,`task_id`,`apply_no`,`reminder_type`,`reminder_level`,`reminder_time`,`reminder_by`,`reminder_content`,`status`,`create_time`,`update_time`,`create_by`,`update_by`,`deleted`) VALUES(120,'PROC-1003','TASK-2010','BJ-2024021','超时提醒','普通','2026-05-27 22:11:26',117,'提醒内容20','0','2026-04-29 22:11:26','2026-06-14 22:11:26',1,1,0);
INSERT INTO `t_workflow_reminder`(`id`,`instance_id`,`task_id`,`apply_no`,`reminder_type`,`reminder_level`,`reminder_time`,`reminder_by`,`reminder_content`,`status`,`create_time`,`update_time`,`create_by`,`update_by`,`deleted`) VALUES(121,'PROC-1009','TASK-2008','BJ-2024022','预警通知','紧急','2026-06-07 22:11:26',127,'提醒内容21','1','2026-06-07 22:11:26','2026-06-04 22:11:26',1,1,0);
INSERT INTO `t_workflow_reminder`(`id`,`instance_id`,`task_id`,`apply_no`,`reminder_type`,`reminder_level`,`reminder_time`,`reminder_by`,`reminder_content`,`status`,`create_time`,`update_time`,`create_by`,`update_by`,`deleted`) VALUES(122,'PROC-1015','TASK-2004','BJ-2024023','督办通知','普通','2026-06-15 22:11:26',109,'提醒内容22','1','2026-06-13 22:11:26','2026-06-22 22:11:26',1,1,0);
INSERT INTO `t_workflow_reminder`(`id`,`instance_id`,`task_id`,`apply_no`,`reminder_type`,`reminder_level`,`reminder_time`,`reminder_by`,`reminder_content`,`status`,`create_time`,`update_time`,`create_by`,`update_by`,`deleted`) VALUES(123,'PROC-1001','TASK-2015','BJ-2024024','预警通知','普通','2026-05-13 22:11:26',129,'提醒内容23','2','2026-06-20 22:11:26','2026-05-30 22:11:26',1,1,0);
INSERT INTO `t_workflow_reminder`(`id`,`instance_id`,`task_id`,`apply_no`,`reminder_type`,`reminder_level`,`reminder_time`,`reminder_by`,`reminder_content`,`status`,`create_time`,`update_time`,`create_by`,`update_by`,`deleted`) VALUES(124,'PROC-1015','TASK-2001','BJ-2024025','督办通知','重要','2026-05-13 22:11:26',135,'提醒内容24','2','2026-05-29 22:11:26','2026-06-12 22:11:26',1,1,0);

USE `gov_license`;
DELETE FROM `t_license_catalog` WHERE id >= 100;
INSERT INTO `t_license_catalog`(`id`,`catalog_code`,`catalog_name`,`catalog_type`,`dept_id`,`dept_name`,`template_url`,`template_type`,`valid_years`,`sign_flag`,`qr_flag`,`status`,`create_time`,`update_time`,`create_by`,`update_by`,`deleted`) VALUES(100,'CAT-001','建设用地规划许可证','行政许可',100,'行政审批局',NULL,NULL,2,1,1,1,'2026-05-29 22:11:26','2026-05-29 22:11:26',1,1,0);
INSERT INTO `t_license_catalog`(`id`,`catalog_code`,`catalog_name`,`catalog_type`,`dept_id`,`dept_name`,`template_url`,`template_type`,`valid_years`,`sign_flag`,`qr_flag`,`status`,`create_time`,`update_time`,`create_by`,`update_by`,`deleted`) VALUES(101,'CAT-002','食品经营许可证','行政许可',100,'行政审批局',NULL,NULL,5,1,1,1,'2026-05-29 22:11:26','2026-05-29 22:11:26',1,1,0);
INSERT INTO `t_license_catalog`(`id`,`catalog_code`,`catalog_name`,`catalog_type`,`dept_id`,`dept_name`,`template_url`,`template_type`,`valid_years`,`sign_flag`,`qr_flag`,`status`,`create_time`,`update_time`,`create_by`,`update_by`,`deleted`) VALUES(102,'CAT-003','卫生许可证','行政许可',105,'卫健局',NULL,NULL,4,1,1,1,'2026-05-29 22:11:26','2026-05-29 22:11:26',1,1,0);
INSERT INTO `t_license_catalog`(`id`,`catalog_code`,`catalog_name`,`catalog_type`,`dept_id`,`dept_name`,`template_url`,`template_type`,`valid_years`,`sign_flag`,`qr_flag`,`status`,`create_time`,`update_time`,`create_by`,`update_by`,`deleted`) VALUES(103,'CAT-004','不动产登记证','行政确认',104,'自然资源局',NULL,NULL,0,1,1,1,'2026-05-29 22:11:26','2026-05-29 22:11:26',1,1,0);
INSERT INTO `t_license_catalog`(`id`,`catalog_code`,`catalog_name`,`catalog_type`,`dept_id`,`dept_name`,`template_url`,`template_type`,`valid_years`,`sign_flag`,`qr_flag`,`status`,`create_time`,`update_time`,`create_by`,`update_by`,`deleted`) VALUES(104,'CAT-005','居民身份证','公共服务',101,'公安局',NULL,NULL,10,0,1,1,'2026-05-29 22:11:26','2026-05-29 22:11:26',1,1,0);
INSERT INTO `t_license_catalog`(`id`,`catalog_code`,`catalog_name`,`catalog_type`,`dept_id`,`dept_name`,`template_url`,`template_type`,`valid_years`,`sign_flag`,`qr_flag`,`status`,`create_time`,`update_time`,`create_by`,`update_by`,`deleted`) VALUES(105,'CAT-006','驾驶证','公共服务',101,'公安局',NULL,NULL,6,0,1,1,'2026-05-29 22:11:26','2026-05-29 22:11:26',1,1,0);
INSERT INTO `t_license_catalog`(`id`,`catalog_code`,`catalog_name`,`catalog_type`,`dept_id`,`dept_name`,`template_url`,`template_type`,`valid_years`,`sign_flag`,`qr_flag`,`status`,`create_time`,`update_time`,`create_by`,`update_by`,`deleted`) VALUES(106,'CAT-007','营业执照','行政许可',103,'市场监管局',NULL,NULL,0,1,1,1,'2026-05-29 22:11:26','2026-05-29 22:11:26',1,1,0);
INSERT INTO `t_license_catalog`(`id`,`catalog_code`,`catalog_name`,`catalog_type`,`dept_id`,`dept_name`,`template_url`,`template_type`,`valid_years`,`sign_flag`,`qr_flag`,`status`,`create_time`,`update_time`,`create_by`,`update_by`,`deleted`) VALUES(107,'CAT-008','办学许可证','行政许可',108,'教育局',NULL,NULL,4,1,1,1,'2026-05-29 22:11:26','2026-05-29 22:11:26',1,1,0);

USE `gov_license`;
DELETE FROM `t_license_data` WHERE id >= 100;
INSERT INTO `t_license_data`(`id`,`license_no`,`catalog_id`,`catalog_name`,`user_id`,`user_name`,`user_id_card`,`apply_no`,`license_content`,`file_url`,`qr_code`,`qr_content`,`sign_time`,`sign_by`,`expire_time`,`status`,`cancel_time`,`cancel_reason`,`create_time`,`update_time`,`create_by`,`update_by`,`deleted`) VALUES(100,'LIC-2024001',101,'证照名称102',107,'用户122','11010119900101106281','BJ-100','{"info":"证照0"}','/files/lic0.pdf',NULL,'https://verify.gov.cn/LIC-2024001','2026-05-16 22:11:26',137,'2029-01-06 00:00:00','1','2026-06-27 22:11:26',NULL,'2026-05-22 22:11:26','2026-06-22 22:11:26',1,1,0);
INSERT INTO `t_license_data`(`id`,`license_no`,`catalog_id`,`catalog_name`,`user_id`,`user_name`,`user_id_card`,`apply_no`,`license_content`,`file_url`,`qr_code`,`qr_content`,`sign_time`,`sign_by`,`expire_time`,`status`,`cancel_time`,`cancel_reason`,`create_time`,`update_time`,`create_by`,`update_by`,`deleted`) VALUES(101,'LIC-2024002',106,'证照名称101',115,'用户149','11010119900101132793','BJ-101','{"info":"证照1"}','/files/lic1.pdf','QR-2024002',NULL,'2026-04-29 22:11:26',120,'2029-09-12 00:00:00','1',NULL,NULL,'2026-05-05 22:11:26','2026-06-05 22:11:26',1,1,0);
INSERT INTO `t_license_data`(`id`,`license_no`,`catalog_id`,`catalog_name`,`user_id`,`user_name`,`user_id_card`,`apply_no`,`license_content`,`file_url`,`qr_code`,`qr_content`,`sign_time`,`sign_by`,`expire_time`,`status`,`cancel_time`,`cancel_reason`,`create_time`,`update_time`,`create_by`,`update_by`,`deleted`) VALUES(102,'LIC-2024003',107,'证照名称107',140,'用户117','11010119900101139090','BJ-102','{"info":"证照2"}','/files/lic2.pdf','QR-2024003',NULL,'2026-05-12 22:11:26',136,'2030-01-10 00:00:00','1',NULL,'过期作废','2026-05-07 22:11:26','2026-06-07 22:11:26',1,1,0);
INSERT INTO `t_license_data`(`id`,`license_no`,`catalog_id`,`catalog_name`,`user_id`,`user_name`,`user_id_card`,`apply_no`,`license_content`,`file_url`,`qr_code`,`qr_content`,`sign_time`,`sign_by`,`expire_time`,`status`,`cancel_time`,`cancel_reason`,`create_time`,`update_time`,`create_by`,`update_by`,`deleted`) VALUES(103,'LIC-2024004',104,'证照名称105',103,'用户147','11010119900101104783','BJ-103','{"info":"证照3"}','/files/lic3.pdf','QR-2024004',NULL,NULL,125,'2028-06-26 00:00:00','1',NULL,'过期作废','2026-06-17 22:11:26','2026-06-15 22:11:26',1,1,0);
INSERT INTO `t_license_data`(`id`,`license_no`,`catalog_id`,`catalog_name`,`user_id`,`user_name`,`user_id_card`,`apply_no`,`license_content`,`file_url`,`qr_code`,`qr_content`,`sign_time`,`sign_by`,`expire_time`,`status`,`cancel_time`,`cancel_reason`,`create_time`,`update_time`,`create_by`,`update_by`,`deleted`) VALUES(104,'LIC-2024005',106,'证照名称104',141,'用户148','11010119900101143013','BJ-104','{"info":"证照4"}',NULL,NULL,'https://verify.gov.cn/LIC-2024005','2026-06-05 22:11:26',123,'2031-04-30 00:00:00','1',NULL,NULL,'2026-05-02 22:11:26','2026-06-15 22:11:26',1,1,0);
INSERT INTO `t_license_data`(`id`,`license_no`,`catalog_id`,`catalog_name`,`user_id`,`user_name`,`user_id_card`,`apply_no`,`license_content`,`file_url`,`qr_code`,`qr_content`,`sign_time`,`sign_by`,`expire_time`,`status`,`cancel_time`,`cancel_reason`,`create_time`,`update_time`,`create_by`,`update_by`,`deleted`) VALUES(105,'LIC-2024006',107,'证照名称104',136,'用户138','11010119900101127875','BJ-105','{"info":"证照5"}',NULL,'QR-2024006','https://verify.gov.cn/LIC-2024006','2026-06-22 22:11:26',NULL,'2029-12-03 00:00:00','1',NULL,NULL,'2026-06-13 22:11:26','2026-06-07 22:11:26',1,1,0);
INSERT INTO `t_license_data`(`id`,`license_no`,`catalog_id`,`catalog_name`,`user_id`,`user_name`,`user_id_card`,`apply_no`,`license_content`,`file_url`,`qr_code`,`qr_content`,`sign_time`,`sign_by`,`expire_time`,`status`,`cancel_time`,`cancel_reason`,`create_time`,`update_time`,`create_by`,`update_by`,`deleted`) VALUES(106,'LIC-2024007',102,'证照名称107',133,'用户140','11010119900101142565','BJ-106','{"info":"证照6"}','/files/lic6.pdf',NULL,'https://verify.gov.cn/LIC-2024007',NULL,NULL,'2029-03-04 00:00:00','1','2026-05-05 22:11:26',NULL,'2026-05-31 22:11:26','2026-06-18 22:11:26',1,1,0);
INSERT INTO `t_license_data`(`id`,`license_no`,`catalog_id`,`catalog_name`,`user_id`,`user_name`,`user_id_card`,`apply_no`,`license_content`,`file_url`,`qr_code`,`qr_content`,`sign_time`,`sign_by`,`expire_time`,`status`,`cancel_time`,`cancel_reason`,`create_time`,`update_time`,`create_by`,`update_by`,`deleted`) VALUES(107,'LIC-2024008',100,'证照名称101',102,'用户132','11010119900101107202','BJ-107','{"info":"证照7"}','/files/lic7.pdf','QR-2024008','https://verify.gov.cn/LIC-2024008','2026-05-21 22:11:26',NULL,'2028-11-27 00:00:00','1',NULL,NULL,'2026-05-16 22:11:26','2026-06-13 22:11:26',1,1,0);
INSERT INTO `t_license_data`(`id`,`license_no`,`catalog_id`,`catalog_name`,`user_id`,`user_name`,`user_id_card`,`apply_no`,`license_content`,`file_url`,`qr_code`,`qr_content`,`sign_time`,`sign_by`,`expire_time`,`status`,`cancel_time`,`cancel_reason`,`create_time`,`update_time`,`create_by`,`update_by`,`deleted`) VALUES(108,'LIC-2024009',102,'证照名称102',125,'用户102','11010119900101105607','BJ-108','{"info":"证照8"}','/files/lic8.pdf','QR-2024009','https://verify.gov.cn/LIC-2024009','2026-05-07 22:11:26',NULL,'2031-03-31 00:00:00','1','2026-05-03 22:11:26','过期作废','2026-06-14 22:11:26','2026-06-22 22:11:26',1,1,0);
INSERT INTO `t_license_data`(`id`,`license_no`,`catalog_id`,`catalog_name`,`user_id`,`user_name`,`user_id_card`,`apply_no`,`license_content`,`file_url`,`qr_code`,`qr_content`,`sign_time`,`sign_by`,`expire_time`,`status`,`cancel_time`,`cancel_reason`,`create_time`,`update_time`,`create_by`,`update_by`,`deleted`) VALUES(109,'LIC-2024010',101,'证照名称104',143,'用户106','11010119900101128578','BJ-109','{"info":"证照9"}','/files/lic9.pdf',NULL,NULL,'2026-05-14 22:11:26',NULL,'2031-03-02 00:00:00','1',NULL,'过期作废','2026-05-12 22:11:26','2026-06-12 22:11:26',1,1,0);
INSERT INTO `t_license_data`(`id`,`license_no`,`catalog_id`,`catalog_name`,`user_id`,`user_name`,`user_id_card`,`apply_no`,`license_content`,`file_url`,`qr_code`,`qr_content`,`sign_time`,`sign_by`,`expire_time`,`status`,`cancel_time`,`cancel_reason`,`create_time`,`update_time`,`create_by`,`update_by`,`deleted`) VALUES(110,'LIC-2024011',104,'证照名称105',144,'用户143','11010119900101145388','BJ-110','{"info":"证照10"}','/files/lic10.pdf','QR-2024011',NULL,NULL,144,'2027-07-26 00:00:00','1','2026-05-04 22:11:26',NULL,'2026-05-28 22:11:26','2026-06-07 22:11:26',1,1,0);
INSERT INTO `t_license_data`(`id`,`license_no`,`catalog_id`,`catalog_name`,`user_id`,`user_name`,`user_id_card`,`apply_no`,`license_content`,`file_url`,`qr_code`,`qr_content`,`sign_time`,`sign_by`,`expire_time`,`status`,`cancel_time`,`cancel_reason`,`create_time`,`update_time`,`create_by`,`update_by`,`deleted`) VALUES(111,'LIC-2024012',102,'证照名称103',127,'用户140','11010119900101135445','BJ-111','{"info":"证照11"}',NULL,'QR-2024012','https://verify.gov.cn/LIC-2024012',NULL,NULL,'2029-11-08 00:00:00','1',NULL,'过期作废','2026-05-27 22:11:26','2026-06-12 22:11:26',1,1,0);
INSERT INTO `t_license_data`(`id`,`license_no`,`catalog_id`,`catalog_name`,`user_id`,`user_name`,`user_id_card`,`apply_no`,`license_content`,`file_url`,`qr_code`,`qr_content`,`sign_time`,`sign_by`,`expire_time`,`status`,`cancel_time`,`cancel_reason`,`create_time`,`update_time`,`create_by`,`update_by`,`deleted`) VALUES(112,'LIC-2024013',100,'证照名称107',137,'用户115','11010119900101113343','BJ-112','{"info":"证照12"}','/files/lic12.pdf','QR-2024013','https://verify.gov.cn/LIC-2024013',NULL,127,'2027-07-14 00:00:00','1','2026-05-04 22:11:26',NULL,'2026-05-21 22:11:26','2026-06-08 22:11:26',1,1,0);
INSERT INTO `t_license_data`(`id`,`license_no`,`catalog_id`,`catalog_name`,`user_id`,`user_name`,`user_id_card`,`apply_no`,`license_content`,`file_url`,`qr_code`,`qr_content`,`sign_time`,`sign_by`,`expire_time`,`status`,`cancel_time`,`cancel_reason`,`create_time`,`update_time`,`create_by`,`update_by`,`deleted`) VALUES(113,'LIC-2024014',104,'证照名称100',131,'用户125','11010119900101132006','BJ-113','{"info":"证照13"}','/files/lic13.pdf','QR-2024014','https://verify.gov.cn/LIC-2024014','2026-05-25 22:11:26',NULL,'2028-10-14 00:00:00','1',NULL,NULL,'2026-06-10 22:11:26','2026-05-30 22:11:26',1,1,0);
INSERT INTO `t_license_data`(`id`,`license_no`,`catalog_id`,`catalog_name`,`user_id`,`user_name`,`user_id_card`,`apply_no`,`license_content`,`file_url`,`qr_code`,`qr_content`,`sign_time`,`sign_by`,`expire_time`,`status`,`cancel_time`,`cancel_reason`,`create_time`,`update_time`,`create_by`,`update_by`,`deleted`) VALUES(114,'LIC-2024015',106,'证照名称107',107,'用户131','11010119900101140958','BJ-114','{"info":"证照14"}','/files/lic14.pdf','QR-2024015','https://verify.gov.cn/LIC-2024015',NULL,NULL,'2028-05-23 00:00:00','1',NULL,NULL,'2026-06-13 22:11:26','2026-06-09 22:11:26',1,1,0);
INSERT INTO `t_license_data`(`id`,`license_no`,`catalog_id`,`catalog_name`,`user_id`,`user_name`,`user_id_card`,`apply_no`,`license_content`,`file_url`,`qr_code`,`qr_content`,`sign_time`,`sign_by`,`expire_time`,`status`,`cancel_time`,`cancel_reason`,`create_time`,`update_time`,`create_by`,`update_by`,`deleted`) VALUES(115,'LIC-2024016',105,'证照名称107',108,'用户118','11010119900101147531','BJ-115','{"info":"证照15"}','/files/lic15.pdf','QR-2024016','https://verify.gov.cn/LIC-2024016','2026-05-04 22:11:26',NULL,'2030-02-19 00:00:00','1',NULL,NULL,'2026-06-22 22:11:26','2026-06-06 22:11:26',1,1,0);
INSERT INTO `t_license_data`(`id`,`license_no`,`catalog_id`,`catalog_name`,`user_id`,`user_name`,`user_id_card`,`apply_no`,`license_content`,`file_url`,`qr_code`,`qr_content`,`sign_time`,`sign_by`,`expire_time`,`status`,`cancel_time`,`cancel_reason`,`create_time`,`update_time`,`create_by`,`update_by`,`deleted`) VALUES(116,'LIC-2024017',107,'证照名称102',111,'用户112','11010119900101110393','BJ-116','{"info":"证照16"}','/files/lic16.pdf',NULL,'https://verify.gov.cn/LIC-2024017',NULL,101,'2029-03-10 00:00:00','1',NULL,NULL,'2026-05-15 22:11:26','2026-06-22 22:11:26',1,1,0);
INSERT INTO `t_license_data`(`id`,`license_no`,`catalog_id`,`catalog_name`,`user_id`,`user_name`,`user_id_card`,`apply_no`,`license_content`,`file_url`,`qr_code`,`qr_content`,`sign_time`,`sign_by`,`expire_time`,`status`,`cancel_time`,`cancel_reason`,`create_time`,`update_time`,`create_by`,`update_by`,`deleted`) VALUES(117,'LIC-2024018',102,'证照名称100',104,'用户121','11010119900101128370','BJ-117','{"info":"证照17"}',NULL,NULL,'https://verify.gov.cn/LIC-2024018','2026-05-08 22:11:26',NULL,'2028-12-07 00:00:00','1',NULL,'过期作废','2026-06-10 22:11:26','2026-05-30 22:11:26',1,1,0);
INSERT INTO `t_license_data`(`id`,`license_no`,`catalog_id`,`catalog_name`,`user_id`,`user_name`,`user_id_card`,`apply_no`,`license_content`,`file_url`,`qr_code`,`qr_content`,`sign_time`,`sign_by`,`expire_time`,`status`,`cancel_time`,`cancel_reason`,`create_time`,`update_time`,`create_by`,`update_by`,`deleted`) VALUES(118,'LIC-2024019',102,'证照名称101',145,'用户103','11010119900101128842','BJ-118','{"info":"证照18"}','/files/lic18.pdf','QR-2024019','https://verify.gov.cn/LIC-2024019','2026-05-04 22:11:26',135,'2030-11-29 00:00:00','1',NULL,NULL,'2026-05-18 22:11:26','2026-06-24 22:11:26',1,1,0);
INSERT INTO `t_license_data`(`id`,`license_no`,`catalog_id`,`catalog_name`,`user_id`,`user_name`,`user_id_card`,`apply_no`,`license_content`,`file_url`,`qr_code`,`qr_content`,`sign_time`,`sign_by`,`expire_time`,`status`,`cancel_time`,`cancel_reason`,`create_time`,`update_time`,`create_by`,`update_by`,`deleted`) VALUES(119,'LIC-2024020',103,'证照名称105',110,'用户146','11010119900101119293','BJ-119','{"info":"证照19"}','/files/lic19.pdf','QR-2024020','https://verify.gov.cn/LIC-2024020','2026-06-06 22:11:26',107,'2028-05-08 00:00:00','1','2026-05-30 22:11:26','过期作废','2026-05-09 22:11:26','2026-06-03 22:11:26',1,1,0);
INSERT INTO `t_license_data`(`id`,`license_no`,`catalog_id`,`catalog_name`,`user_id`,`user_name`,`user_id_card`,`apply_no`,`license_content`,`file_url`,`qr_code`,`qr_content`,`sign_time`,`sign_by`,`expire_time`,`status`,`cancel_time`,`cancel_reason`,`create_time`,`update_time`,`create_by`,`update_by`,`deleted`) VALUES(120,'LIC-2024021',100,'证照名称103',130,'用户121','11010119900101118941','BJ-120','{"info":"证照20"}','/files/lic20.pdf',NULL,'https://verify.gov.cn/LIC-2024021','2026-06-12 22:11:26',NULL,'2029-07-05 00:00:00','1','2026-06-01 22:11:26','过期作废','2026-06-19 22:11:26','2026-06-02 22:11:26',1,1,0);
INSERT INTO `t_license_data`(`id`,`license_no`,`catalog_id`,`catalog_name`,`user_id`,`user_name`,`user_id_card`,`apply_no`,`license_content`,`file_url`,`qr_code`,`qr_content`,`sign_time`,`sign_by`,`expire_time`,`status`,`cancel_time`,`cancel_reason`,`create_time`,`update_time`,`create_by`,`update_by`,`deleted`) VALUES(121,'LIC-2024022',106,'证照名称106',126,'用户129','11010119900101133975','BJ-121','{"info":"证照21"}','/files/lic21.pdf','QR-2024022',NULL,'2026-05-25 22:11:26',105,'2027-07-18 00:00:00','1',NULL,NULL,'2026-05-09 22:11:26','2026-06-22 22:11:26',1,1,0);
INSERT INTO `t_license_data`(`id`,`license_no`,`catalog_id`,`catalog_name`,`user_id`,`user_name`,`user_id_card`,`apply_no`,`license_content`,`file_url`,`qr_code`,`qr_content`,`sign_time`,`sign_by`,`expire_time`,`status`,`cancel_time`,`cancel_reason`,`create_time`,`update_time`,`create_by`,`update_by`,`deleted`) VALUES(122,'LIC-2024023',106,'证照名称100',125,'用户148','11010119900101102579','BJ-122','{"info":"证照22"}','/files/lic22.pdf','QR-2024023','https://verify.gov.cn/LIC-2024023','2026-05-07 22:11:26',133,'2031-01-11 00:00:00','1','2026-06-01 22:11:26',NULL,'2026-05-15 22:11:26','2026-06-05 22:11:26',1,1,0);
INSERT INTO `t_license_data`(`id`,`license_no`,`catalog_id`,`catalog_name`,`user_id`,`user_name`,`user_id_card`,`apply_no`,`license_content`,`file_url`,`qr_code`,`qr_content`,`sign_time`,`sign_by`,`expire_time`,`status`,`cancel_time`,`cancel_reason`,`create_time`,`update_time`,`create_by`,`update_by`,`deleted`) VALUES(123,'LIC-2024024',104,'证照名称105',122,'用户100','11010119900101118484','BJ-123','{"info":"证照23"}','/files/lic23.pdf','QR-2024024',NULL,'2026-05-02 22:11:26',139,'2029-12-27 00:00:00','1',NULL,NULL,'2026-05-02 22:11:26','2026-06-02 22:11:26',1,1,0);
INSERT INTO `t_license_data`(`id`,`license_no`,`catalog_id`,`catalog_name`,`user_id`,`user_name`,`user_id_card`,`apply_no`,`license_content`,`file_url`,`qr_code`,`qr_content`,`sign_time`,`sign_by`,`expire_time`,`status`,`cancel_time`,`cancel_reason`,`create_time`,`update_time`,`create_by`,`update_by`,`deleted`) VALUES(124,'LIC-2024025',106,'证照名称103',119,'用户105','11010119900101102571','BJ-124','{"info":"证照24"}','/files/lic24.pdf','QR-2024025','https://verify.gov.cn/LIC-2024025','2026-06-09 22:11:26',NULL,'2030-05-28 00:00:00','1',NULL,NULL,'2026-06-06 22:11:26','2026-06-03 22:11:26',1,1,0);
INSERT INTO `t_license_data`(`id`,`license_no`,`catalog_id`,`catalog_name`,`user_id`,`user_name`,`user_id_card`,`apply_no`,`license_content`,`file_url`,`qr_code`,`qr_content`,`sign_time`,`sign_by`,`expire_time`,`status`,`cancel_time`,`cancel_reason`,`create_time`,`update_time`,`create_by`,`update_by`,`deleted`) VALUES(125,'LIC-2024026',102,'证照名称100',101,'用户134','11010119900101138979','BJ-125','{"info":"证照25"}','/files/lic25.pdf','QR-2024026','https://verify.gov.cn/LIC-2024026',NULL,NULL,'2030-04-27 00:00:00','1',NULL,NULL,'2026-06-05 22:11:26','2026-06-24 22:11:26',1,1,0);
INSERT INTO `t_license_data`(`id`,`license_no`,`catalog_id`,`catalog_name`,`user_id`,`user_name`,`user_id_card`,`apply_no`,`license_content`,`file_url`,`qr_code`,`qr_content`,`sign_time`,`sign_by`,`expire_time`,`status`,`cancel_time`,`cancel_reason`,`create_time`,`update_time`,`create_by`,`update_by`,`deleted`) VALUES(126,'LIC-2024027',100,'证照名称101',128,'用户119','11010119900101137664','BJ-126','{"info":"证照26"}','/files/lic26.pdf','QR-2024027','https://verify.gov.cn/LIC-2024027','2026-05-18 22:11:26',138,'2030-08-29 00:00:00','1',NULL,NULL,'2026-05-16 22:11:26','2026-06-02 22:11:26',1,1,0);
INSERT INTO `t_license_data`(`id`,`license_no`,`catalog_id`,`catalog_name`,`user_id`,`user_name`,`user_id_card`,`apply_no`,`license_content`,`file_url`,`qr_code`,`qr_content`,`sign_time`,`sign_by`,`expire_time`,`status`,`cancel_time`,`cancel_reason`,`create_time`,`update_time`,`create_by`,`update_by`,`deleted`) VALUES(127,'LIC-2024028',102,'证照名称106',133,'用户147','11010119900101116377','BJ-127','{"info":"证照27"}',NULL,'QR-2024028',NULL,NULL,126,'2030-01-13 00:00:00','1',NULL,NULL,'2026-05-02 22:11:26','2026-06-23 22:11:26',1,1,0);
INSERT INTO `t_license_data`(`id`,`license_no`,`catalog_id`,`catalog_name`,`user_id`,`user_name`,`user_id_card`,`apply_no`,`license_content`,`file_url`,`qr_code`,`qr_content`,`sign_time`,`sign_by`,`expire_time`,`status`,`cancel_time`,`cancel_reason`,`create_time`,`update_time`,`create_by`,`update_by`,`deleted`) VALUES(128,'LIC-2024029',107,'证照名称103',128,'用户104','11010119900101124351','BJ-128','{"info":"证照28"}','/files/lic28.pdf','QR-2024029','https://verify.gov.cn/LIC-2024029','2026-05-18 22:11:26',NULL,'2028-12-19 00:00:00','1',NULL,'过期作废','2026-05-27 22:11:26','2026-06-04 22:11:26',1,1,0);
INSERT INTO `t_license_data`(`id`,`license_no`,`catalog_id`,`catalog_name`,`user_id`,`user_name`,`user_id_card`,`apply_no`,`license_content`,`file_url`,`qr_code`,`qr_content`,`sign_time`,`sign_by`,`expire_time`,`status`,`cancel_time`,`cancel_reason`,`create_time`,`update_time`,`create_by`,`update_by`,`deleted`) VALUES(129,'LIC-2024030',106,'证照名称102',109,'用户132','11010119900101108480','BJ-129','{"info":"证照29"}','/files/lic29.pdf','QR-2024030','https://verify.gov.cn/LIC-2024030',NULL,NULL,'2030-06-15 00:00:00','1',NULL,'过期作废','2026-05-23 22:11:26','2026-06-16 22:11:26',1,1,0);

USE `gov_license`;
DELETE FROM `t_license_auth` WHERE id >= 100;
INSERT INTO `t_license_auth`(`id`,`license_id`,`auth_user_id`,`auth_target_id`,`auth_target_name`,`auth_type`,`auth_scope`,`auth_time`,`expire_time`,`cancel_time`,`status`,`create_time`,`update_time`,`create_by`,`update_by`,`deleted`) VALUES(100,129,107,138,'目标126','部门','全部','2026-06-04 22:11:26','2026-08-17 00:00:00',NULL,'1','2026-06-04 22:11:26','2026-06-18 22:11:26',1,1,0);
INSERT INTO `t_license_auth`(`id`,`license_id`,`auth_user_id`,`auth_target_id`,`auth_target_name`,`auth_type`,`auth_scope`,`auth_time`,`expire_time`,`cancel_time`,`status`,`create_time`,`update_time`,`create_by`,`update_by`,`deleted`) VALUES(101,111,119,118,'目标131','部门','全部','2026-06-18 22:11:26','2027-02-28 00:00:00',NULL,'1','2026-05-02 22:11:26','2026-06-18 22:11:26',1,1,0);
INSERT INTO `t_license_auth`(`id`,`license_id`,`auth_user_id`,`auth_target_id`,`auth_target_name`,`auth_type`,`auth_scope`,`auth_time`,`expire_time`,`cancel_time`,`status`,`create_time`,`update_time`,`create_by`,`update_by`,`deleted`) VALUES(102,106,111,147,'目标131','部门','全部','2026-05-23 22:11:26','2026-08-19 00:00:00',NULL,'2','2026-06-08 22:11:26','2026-06-09 22:11:26',1,1,0);
INSERT INTO `t_license_auth`(`id`,`license_id`,`auth_user_id`,`auth_target_id`,`auth_target_name`,`auth_type`,`auth_scope`,`auth_time`,`expire_time`,`cancel_time`,`status`,`create_time`,`update_time`,`create_by`,`update_by`,`deleted`) VALUES(103,114,121,124,'目标130','企业','全部','2026-05-26 22:11:26','2027-03-15 00:00:00',NULL,'1','2026-05-03 22:11:26','2026-06-04 22:11:26',1,1,0);
INSERT INTO `t_license_auth`(`id`,`license_id`,`auth_user_id`,`auth_target_id`,`auth_target_name`,`auth_type`,`auth_scope`,`auth_time`,`expire_time`,`cancel_time`,`status`,`create_time`,`update_time`,`create_by`,`update_by`,`deleted`) VALUES(104,110,105,139,'目标142','机构','脱敏','2026-06-13 22:11:26','2027-01-17 00:00:00',NULL,'0','2026-05-11 22:11:26','2026-06-19 22:11:26',1,1,0);
INSERT INTO `t_license_auth`(`id`,`license_id`,`auth_user_id`,`auth_target_id`,`auth_target_name`,`auth_type`,`auth_scope`,`auth_time`,`expire_time`,`cancel_time`,`status`,`create_time`,`update_time`,`create_by`,`update_by`,`deleted`) VALUES(105,120,105,110,'目标145','部门','摘要','2026-05-18 22:11:26','2027-01-02 00:00:00',NULL,'1','2026-05-17 22:11:26','2026-06-10 22:11:26',1,1,0);
INSERT INTO `t_license_auth`(`id`,`license_id`,`auth_user_id`,`auth_target_id`,`auth_target_name`,`auth_type`,`auth_scope`,`auth_time`,`expire_time`,`cancel_time`,`status`,`create_time`,`update_time`,`create_by`,`update_by`,`deleted`) VALUES(106,102,112,139,'目标134','部门','摘要','2026-05-25 22:11:26',NULL,NULL,'1','2026-06-20 22:11:26','2026-06-06 22:11:26',1,1,0);
INSERT INTO `t_license_auth`(`id`,`license_id`,`auth_user_id`,`auth_target_id`,`auth_target_name`,`auth_type`,`auth_scope`,`auth_time`,`expire_time`,`cancel_time`,`status`,`create_time`,`update_time`,`create_by`,`update_by`,`deleted`) VALUES(107,129,134,111,'目标101','个人','全部','2026-06-12 22:11:26','2027-05-20 00:00:00',NULL,'2','2026-05-20 22:11:26','2026-06-17 22:11:26',1,1,0);
INSERT INTO `t_license_auth`(`id`,`license_id`,`auth_user_id`,`auth_target_id`,`auth_target_name`,`auth_type`,`auth_scope`,`auth_time`,`expire_time`,`cancel_time`,`status`,`create_time`,`update_time`,`create_by`,`update_by`,`deleted`) VALUES(108,112,137,102,'目标131','部门','脱敏','2026-05-31 22:11:26',NULL,NULL,'2','2026-06-07 22:11:26','2026-06-15 22:11:26',1,1,0);
INSERT INTO `t_license_auth`(`id`,`license_id`,`auth_user_id`,`auth_target_id`,`auth_target_name`,`auth_type`,`auth_scope`,`auth_time`,`expire_time`,`cancel_time`,`status`,`create_time`,`update_time`,`create_by`,`update_by`,`deleted`) VALUES(109,108,105,107,'目标106','企业','脱敏','2026-06-18 22:11:26',NULL,'2026-06-23 22:11:26','1','2026-06-01 22:11:26','2026-06-06 22:11:26',1,1,0);
INSERT INTO `t_license_auth`(`id`,`license_id`,`auth_user_id`,`auth_target_id`,`auth_target_name`,`auth_type`,`auth_scope`,`auth_time`,`expire_time`,`cancel_time`,`status`,`create_time`,`update_time`,`create_by`,`update_by`,`deleted`) VALUES(110,105,103,139,'目标120','企业','全部','2026-05-13 22:11:26',NULL,NULL,'1','2026-06-18 22:11:26','2026-06-14 22:11:26',1,1,0);
INSERT INTO `t_license_auth`(`id`,`license_id`,`auth_user_id`,`auth_target_id`,`auth_target_name`,`auth_type`,`auth_scope`,`auth_time`,`expire_time`,`cancel_time`,`status`,`create_time`,`update_time`,`create_by`,`update_by`,`deleted`) VALUES(111,128,120,116,'目标124','部门','全部','2026-06-15 22:11:26',NULL,NULL,'1','2026-05-27 22:11:26','2026-06-11 22:11:26',1,1,0);
INSERT INTO `t_license_auth`(`id`,`license_id`,`auth_user_id`,`auth_target_id`,`auth_target_name`,`auth_type`,`auth_scope`,`auth_time`,`expire_time`,`cancel_time`,`status`,`create_time`,`update_time`,`create_by`,`update_by`,`deleted`) VALUES(112,124,132,124,'目标107','个人','全部','2026-06-07 22:11:26','2027-02-21 00:00:00',NULL,'1','2026-06-01 22:11:26','2026-06-07 22:11:26',1,1,0);
INSERT INTO `t_license_auth`(`id`,`license_id`,`auth_user_id`,`auth_target_id`,`auth_target_name`,`auth_type`,`auth_scope`,`auth_time`,`expire_time`,`cancel_time`,`status`,`create_time`,`update_time`,`create_by`,`update_by`,`deleted`) VALUES(113,107,101,117,'目标135','部门','全部','2026-05-10 22:11:26','2026-09-30 00:00:00',NULL,'0','2026-05-30 22:11:26','2026-06-25 22:11:26',1,1,0);
INSERT INTO `t_license_auth`(`id`,`license_id`,`auth_user_id`,`auth_target_id`,`auth_target_name`,`auth_type`,`auth_scope`,`auth_time`,`expire_time`,`cancel_time`,`status`,`create_time`,`update_time`,`create_by`,`update_by`,`deleted`) VALUES(114,127,140,132,'目标113','企业','脱敏','2026-05-24 22:11:26','2026-11-30 00:00:00',NULL,'0','2026-04-30 22:11:26','2026-06-10 22:11:26',1,1,0);
INSERT INTO `t_license_auth`(`id`,`license_id`,`auth_user_id`,`auth_target_id`,`auth_target_name`,`auth_type`,`auth_scope`,`auth_time`,`expire_time`,`cancel_time`,`status`,`create_time`,`update_time`,`create_by`,`update_by`,`deleted`) VALUES(115,114,102,100,'目标129','个人','摘要','2026-06-17 22:11:26',NULL,'2026-06-12 22:11:26','1','2026-05-20 22:11:26','2026-06-19 22:11:26',1,1,0);
INSERT INTO `t_license_auth`(`id`,`license_id`,`auth_user_id`,`auth_target_id`,`auth_target_name`,`auth_type`,`auth_scope`,`auth_time`,`expire_time`,`cancel_time`,`status`,`create_time`,`update_time`,`create_by`,`update_by`,`deleted`) VALUES(116,126,143,124,'目标122','企业','摘要','2026-05-05 22:11:26','2026-08-20 00:00:00',NULL,'2','2026-05-22 22:11:26','2026-06-25 22:11:26',1,1,0);
INSERT INTO `t_license_auth`(`id`,`license_id`,`auth_user_id`,`auth_target_id`,`auth_target_name`,`auth_type`,`auth_scope`,`auth_time`,`expire_time`,`cancel_time`,`status`,`create_time`,`update_time`,`create_by`,`update_by`,`deleted`) VALUES(117,109,105,125,'目标144','部门','全部','2026-05-12 22:11:26','2026-12-18 00:00:00','2026-06-21 22:11:26','2','2026-05-26 22:11:26','2026-06-02 22:11:26',1,1,0);
INSERT INTO `t_license_auth`(`id`,`license_id`,`auth_user_id`,`auth_target_id`,`auth_target_name`,`auth_type`,`auth_scope`,`auth_time`,`expire_time`,`cancel_time`,`status`,`create_time`,`update_time`,`create_by`,`update_by`,`deleted`) VALUES(118,110,143,121,'目标140','个人','摘要','2026-05-30 22:11:26',NULL,NULL,'1','2026-06-06 22:11:26','2026-06-21 22:11:26',1,1,0);
INSERT INTO `t_license_auth`(`id`,`license_id`,`auth_user_id`,`auth_target_id`,`auth_target_name`,`auth_type`,`auth_scope`,`auth_time`,`expire_time`,`cancel_time`,`status`,`create_time`,`update_time`,`create_by`,`update_by`,`deleted`) VALUES(119,114,138,121,'目标101','企业','摘要','2026-04-29 22:11:26',NULL,NULL,'1','2026-05-15 22:11:26','2026-06-22 22:11:26',1,1,0);

USE `gov_license`;
DELETE FROM `t_license_sign` WHERE id >= 100;
INSERT INTO `t_license_sign`(`id`,`license_id`,`sign_type`,`sign_user`,`sign_user_name`,`sign_time`,`sign_result`,`sign_cert_sn`,`sign_data`,`create_time`,`update_time`,`create_by`,`update_by`,`deleted`) VALUES(100,113,'手写签名',144,'用户145','2026-05-27 22:11:26','2','CA-20240001','{"sign":"data0"}','2026-05-17 22:11:26','2026-06-07 22:11:26',1,1,0);
INSERT INTO `t_license_sign`(`id`,`license_id`,`sign_type`,`sign_user`,`sign_user_name`,`sign_time`,`sign_result`,`sign_cert_sn`,`sign_data`,`create_time`,`update_time`,`create_by`,`update_by`,`deleted`) VALUES(101,102,'手写签名',101,'用户142','2026-05-30 22:11:26','1','CA-20240002','{"sign":"data1"}','2026-05-06 22:11:26','2026-06-08 22:11:26',1,1,0);
INSERT INTO `t_license_sign`(`id`,`license_id`,`sign_type`,`sign_user`,`sign_user_name`,`sign_time`,`sign_result`,`sign_cert_sn`,`sign_data`,`create_time`,`update_time`,`create_by`,`update_by`,`deleted`) VALUES(102,111,'数字签名',111,'用户149','2026-05-07 22:11:26','1',NULL,NULL,'2026-06-15 22:11:26','2026-06-13 22:11:26',1,1,0);
INSERT INTO `t_license_sign`(`id`,`license_id`,`sign_type`,`sign_user`,`sign_user_name`,`sign_time`,`sign_result`,`sign_cert_sn`,`sign_data`,`create_time`,`update_time`,`create_by`,`update_by`,`deleted`) VALUES(103,100,'电子签章',147,'用户101','2026-05-10 22:11:26','1','CA-20240004','{"sign":"data3"}','2026-06-15 22:11:26','2026-06-25 22:11:26',1,1,0);
INSERT INTO `t_license_sign`(`id`,`license_id`,`sign_type`,`sign_user`,`sign_user_name`,`sign_time`,`sign_result`,`sign_cert_sn`,`sign_data`,`create_time`,`update_time`,`create_by`,`update_by`,`deleted`) VALUES(104,126,'手写签名',140,'用户119','2026-05-07 22:11:26','1',NULL,NULL,'2026-06-04 22:11:26','2026-06-26 22:11:26',1,1,0);
INSERT INTO `t_license_sign`(`id`,`license_id`,`sign_type`,`sign_user`,`sign_user_name`,`sign_time`,`sign_result`,`sign_cert_sn`,`sign_data`,`create_time`,`update_time`,`create_by`,`update_by`,`deleted`) VALUES(105,108,'数字签名',145,'用户145','2026-05-20 22:11:26','1',NULL,'{"sign":"data5"}','2026-05-18 22:11:26','2026-06-15 22:11:26',1,1,0);
INSERT INTO `t_license_sign`(`id`,`license_id`,`sign_type`,`sign_user`,`sign_user_name`,`sign_time`,`sign_result`,`sign_cert_sn`,`sign_data`,`create_time`,`update_time`,`create_by`,`update_by`,`deleted`) VALUES(106,103,'数字签名',136,'用户132','2026-05-27 22:11:26','1','CA-20240007','{"sign":"data6"}','2026-05-22 22:11:26','2026-06-06 22:11:26',1,1,0);
INSERT INTO `t_license_sign`(`id`,`license_id`,`sign_type`,`sign_user`,`sign_user_name`,`sign_time`,`sign_result`,`sign_cert_sn`,`sign_data`,`create_time`,`update_time`,`create_by`,`update_by`,`deleted`) VALUES(107,121,'手写签名',136,'用户111','2026-06-23 22:11:26','',NULL,NULL,'2026-06-11 22:11:26','2026-05-29 22:11:26',1,1,0);
INSERT INTO `t_license_sign`(`id`,`license_id`,`sign_type`,`sign_user`,`sign_user_name`,`sign_time`,`sign_result`,`sign_cert_sn`,`sign_data`,`create_time`,`update_time`,`create_by`,`update_by`,`deleted`) VALUES(108,118,'电子签章',133,'用户146','2026-05-08 22:11:26','1',NULL,'{"sign":"data8"}','2026-05-14 22:11:26','2026-06-06 22:11:26',1,1,0);
INSERT INTO `t_license_sign`(`id`,`license_id`,`sign_type`,`sign_user`,`sign_user_name`,`sign_time`,`sign_result`,`sign_cert_sn`,`sign_data`,`create_time`,`update_time`,`create_by`,`update_by`,`deleted`) VALUES(109,117,'手写签名',116,'用户143','2026-05-23 22:11:26','2',NULL,NULL,'2026-05-15 22:11:26','2026-06-07 22:11:26',1,1,0);
INSERT INTO `t_license_sign`(`id`,`license_id`,`sign_type`,`sign_user`,`sign_user_name`,`sign_time`,`sign_result`,`sign_cert_sn`,`sign_data`,`create_time`,`update_time`,`create_by`,`update_by`,`deleted`) VALUES(110,101,'数字签名',127,'用户126','2026-06-10 22:11:26','1','CA-20240011',NULL,'2026-06-04 22:11:26','2026-06-11 22:11:26',1,1,0);
INSERT INTO `t_license_sign`(`id`,`license_id`,`sign_type`,`sign_user`,`sign_user_name`,`sign_time`,`sign_result`,`sign_cert_sn`,`sign_data`,`create_time`,`update_time`,`create_by`,`update_by`,`deleted`) VALUES(111,124,'电子签章',146,'用户114','2026-06-24 22:11:26','1','CA-20240012','{"sign":"data11"}','2026-06-07 22:11:26','2026-06-27 22:11:26',1,1,0);
INSERT INTO `t_license_sign`(`id`,`license_id`,`sign_type`,`sign_user`,`sign_user_name`,`sign_time`,`sign_result`,`sign_cert_sn`,`sign_data`,`create_time`,`update_time`,`create_by`,`update_by`,`deleted`) VALUES(112,112,'电子签章',121,'用户105','2026-05-02 22:11:26','','CA-20240013','{"sign":"data12"}','2026-06-13 22:11:26','2026-06-05 22:11:26',1,1,0);
INSERT INTO `t_license_sign`(`id`,`license_id`,`sign_type`,`sign_user`,`sign_user_name`,`sign_time`,`sign_result`,`sign_cert_sn`,`sign_data`,`create_time`,`update_time`,`create_by`,`update_by`,`deleted`) VALUES(113,113,'电子签章',115,'用户112','2026-06-17 22:11:26','1','CA-20240014','{"sign":"data13"}','2026-06-21 22:11:26','2026-06-27 22:11:26',1,1,0);
INSERT INTO `t_license_sign`(`id`,`license_id`,`sign_type`,`sign_user`,`sign_user_name`,`sign_time`,`sign_result`,`sign_cert_sn`,`sign_data`,`create_time`,`update_time`,`create_by`,`update_by`,`deleted`) VALUES(114,115,'数字签名',101,'用户137','2026-05-07 22:11:26','1','CA-20240015',NULL,'2026-05-28 22:11:26','2026-06-20 22:11:26',1,1,0);
INSERT INTO `t_license_sign`(`id`,`license_id`,`sign_type`,`sign_user`,`sign_user_name`,`sign_time`,`sign_result`,`sign_cert_sn`,`sign_data`,`create_time`,`update_time`,`create_by`,`update_by`,`deleted`) VALUES(115,110,'电子签章',121,'用户133','2026-05-08 22:11:26','1','CA-20240016','{"sign":"data15"}','2026-05-19 22:11:26','2026-06-13 22:11:26',1,1,0);
INSERT INTO `t_license_sign`(`id`,`license_id`,`sign_type`,`sign_user`,`sign_user_name`,`sign_time`,`sign_result`,`sign_cert_sn`,`sign_data`,`create_time`,`update_time`,`create_by`,`update_by`,`deleted`) VALUES(116,124,'电子签章',140,'用户128','2026-05-21 22:11:26','1',NULL,NULL,'2026-06-25 22:11:26','2026-06-15 22:11:26',1,1,0);
INSERT INTO `t_license_sign`(`id`,`license_id`,`sign_type`,`sign_user`,`sign_user_name`,`sign_time`,`sign_result`,`sign_cert_sn`,`sign_data`,`create_time`,`update_time`,`create_by`,`update_by`,`deleted`) VALUES(117,110,'手写签名',104,'用户108','2026-06-24 22:11:26','2',NULL,'{"sign":"data17"}','2026-05-31 22:11:26','2026-06-25 22:11:26',1,1,0);
INSERT INTO `t_license_sign`(`id`,`license_id`,`sign_type`,`sign_user`,`sign_user_name`,`sign_time`,`sign_result`,`sign_cert_sn`,`sign_data`,`create_time`,`update_time`,`create_by`,`update_by`,`deleted`) VALUES(118,103,'手写签名',103,'用户135','2026-06-24 22:11:26','1','CA-20240019',NULL,'2026-05-19 22:11:26','2026-06-03 22:11:26',1,1,0);
INSERT INTO `t_license_sign`(`id`,`license_id`,`sign_type`,`sign_user`,`sign_user_name`,`sign_time`,`sign_result`,`sign_cert_sn`,`sign_data`,`create_time`,`update_time`,`create_by`,`update_by`,`deleted`) VALUES(119,113,'电子签章',138,'用户142','2026-05-19 22:11:26','1','CA-20240020',NULL,'2026-05-31 22:11:26','2026-05-30 22:11:26',1,1,0);
INSERT INTO `t_license_sign`(`id`,`license_id`,`sign_type`,`sign_user`,`sign_user_name`,`sign_time`,`sign_result`,`sign_cert_sn`,`sign_data`,`create_time`,`update_time`,`create_by`,`update_by`,`deleted`) VALUES(120,119,'手写签名',106,'用户121','2026-05-17 22:11:26','1','CA-20240021',NULL,'2026-06-15 22:11:26','2026-06-24 22:11:26',1,1,0);
INSERT INTO `t_license_sign`(`id`,`license_id`,`sign_type`,`sign_user`,`sign_user_name`,`sign_time`,`sign_result`,`sign_cert_sn`,`sign_data`,`create_time`,`update_time`,`create_by`,`update_by`,`deleted`) VALUES(121,103,'电子签章',138,'用户145','2026-06-23 22:11:26','','CA-20240022',NULL,'2026-05-22 22:11:26','2026-06-23 22:11:26',1,1,0);
INSERT INTO `t_license_sign`(`id`,`license_id`,`sign_type`,`sign_user`,`sign_user_name`,`sign_time`,`sign_result`,`sign_cert_sn`,`sign_data`,`create_time`,`update_time`,`create_by`,`update_by`,`deleted`) VALUES(122,120,'手写签名',116,'用户122','2026-06-01 22:11:26','2','CA-20240023',NULL,'2026-06-12 22:11:26','2026-06-23 22:11:26',1,1,0);
INSERT INTO `t_license_sign`(`id`,`license_id`,`sign_type`,`sign_user`,`sign_user_name`,`sign_time`,`sign_result`,`sign_cert_sn`,`sign_data`,`create_time`,`update_time`,`create_by`,`update_by`,`deleted`) VALUES(123,125,'电子签章',103,'用户108','2026-06-08 22:11:26','','CA-20240024','{"sign":"data23"}','2026-05-10 22:11:26','2026-06-16 22:11:26',1,1,0);
INSERT INTO `t_license_sign`(`id`,`license_id`,`sign_type`,`sign_user`,`sign_user_name`,`sign_time`,`sign_result`,`sign_cert_sn`,`sign_data`,`create_time`,`update_time`,`create_by`,`update_by`,`deleted`) VALUES(124,109,'手写签名',134,'用户149','2026-06-18 22:11:26','1','CA-20240025','{"sign":"data24"}','2026-06-09 22:11:26','2026-06-16 22:11:26',1,1,0);

USE `gov_license`;
DELETE FROM `t_license_template` WHERE id >= 100;
INSERT INTO `t_license_template`(`id`,`catalog_id`,`template_name`,`template_url`,`template_type`,`field_config`,`sign_config`,`version`,`status`,`create_time`,`update_time`,`create_by`,`update_by`,`deleted`) VALUES(401,100,'模板-行政许可-V1','/templates/100_v1.pdf','OFD','{"fields":["name","date","content"]}','{"sign":"pos"}',1,'1','2026-05-29 22:11:26','2026-05-29 22:11:26',1,1,0);
INSERT INTO `t_license_template`(`id`,`catalog_id`,`template_name`,`template_url`,`template_type`,`field_config`,`sign_config`,`version`,`status`,`create_time`,`update_time`,`create_by`,`update_by`,`deleted`) VALUES(402,100,'模板-行政许可-V2','/templates/100_v2.pdf','HTML','{"fields":["name","date","content"]}','{"sign":"pos"}',2,'1','2026-05-29 22:11:26','2026-05-29 22:11:26',1,1,0);
INSERT INTO `t_license_template`(`id`,`catalog_id`,`template_name`,`template_url`,`template_type`,`field_config`,`sign_config`,`version`,`status`,`create_time`,`update_time`,`create_by`,`update_by`,`deleted`) VALUES(403,101,'模板-行政许可-V1','/templates/101_v1.pdf','HTML','{"fields":["name","date","content"]}','{"sign":"pos"}',1,'1','2026-05-29 22:11:26','2026-05-29 22:11:26',1,1,0);
INSERT INTO `t_license_template`(`id`,`catalog_id`,`template_name`,`template_url`,`template_type`,`field_config`,`sign_config`,`version`,`status`,`create_time`,`update_time`,`create_by`,`update_by`,`deleted`) VALUES(404,101,'模板-行政许可-V2','/templates/101_v2.pdf','HTML','{"fields":["name","date","content"]}','{"sign":"pos"}',2,'1','2026-05-29 22:11:26','2026-05-29 22:11:26',1,1,0);
INSERT INTO `t_license_template`(`id`,`catalog_id`,`template_name`,`template_url`,`template_type`,`field_config`,`sign_config`,`version`,`status`,`create_time`,`update_time`,`create_by`,`update_by`,`deleted`) VALUES(405,102,'模板-行政许可-V1','/templates/102_v1.pdf','HTML','{"fields":["name","date","content"]}','{"sign":"pos"}',1,'1','2026-05-29 22:11:26','2026-05-29 22:11:26',1,1,0);
INSERT INTO `t_license_template`(`id`,`catalog_id`,`template_name`,`template_url`,`template_type`,`field_config`,`sign_config`,`version`,`status`,`create_time`,`update_time`,`create_by`,`update_by`,`deleted`) VALUES(406,102,'模板-行政许可-V2','/templates/102_v2.pdf','OFD','{"fields":["name","date","content"]}','{"sign":"pos"}',2,'1','2026-05-29 22:11:26','2026-05-29 22:11:26',1,1,0);
INSERT INTO `t_license_template`(`id`,`catalog_id`,`template_name`,`template_url`,`template_type`,`field_config`,`sign_config`,`version`,`status`,`create_time`,`update_time`,`create_by`,`update_by`,`deleted`) VALUES(407,103,'模板-行政确认-V1','/templates/103_v1.pdf','OFD','{"fields":["name","date","content"]}','{"sign":"pos"}',1,'1','2026-05-29 22:11:26','2026-05-29 22:11:26',1,1,0);
INSERT INTO `t_license_template`(`id`,`catalog_id`,`template_name`,`template_url`,`template_type`,`field_config`,`sign_config`,`version`,`status`,`create_time`,`update_time`,`create_by`,`update_by`,`deleted`) VALUES(408,103,'模板-行政确认-V2','/templates/103_v2.pdf','OFD','{"fields":["name","date","content"]}','{"sign":"pos"}',2,'1','2026-05-29 22:11:26','2026-05-29 22:11:26',1,1,0);
INSERT INTO `t_license_template`(`id`,`catalog_id`,`template_name`,`template_url`,`template_type`,`field_config`,`sign_config`,`version`,`status`,`create_time`,`update_time`,`create_by`,`update_by`,`deleted`) VALUES(409,104,'模板-公共服务-V1','/templates/104_v1.pdf','HTML','{"fields":["name","date","content"]}','{"sign":"pos"}',1,'1','2026-05-29 22:11:26','2026-05-29 22:11:26',1,1,0);
INSERT INTO `t_license_template`(`id`,`catalog_id`,`template_name`,`template_url`,`template_type`,`field_config`,`sign_config`,`version`,`status`,`create_time`,`update_time`,`create_by`,`update_by`,`deleted`) VALUES(410,104,'模板-公共服务-V2','/templates/104_v2.pdf','HTML','{"fields":["name","date","content"]}','{"sign":"pos"}',2,'1','2026-05-29 22:11:26','2026-05-29 22:11:26',1,1,0);
INSERT INTO `t_license_template`(`id`,`catalog_id`,`template_name`,`template_url`,`template_type`,`field_config`,`sign_config`,`version`,`status`,`create_time`,`update_time`,`create_by`,`update_by`,`deleted`) VALUES(411,105,'模板-公共服务-V1','/templates/105_v1.pdf','OFD','{"fields":["name","date","content"]}','{"sign":"pos"}',1,'1','2026-05-29 22:11:26','2026-05-29 22:11:26',1,1,0);
INSERT INTO `t_license_template`(`id`,`catalog_id`,`template_name`,`template_url`,`template_type`,`field_config`,`sign_config`,`version`,`status`,`create_time`,`update_time`,`create_by`,`update_by`,`deleted`) VALUES(412,105,'模板-公共服务-V2','/templates/105_v2.pdf','PDF','{"fields":["name","date","content"]}','{"sign":"pos"}',2,'1','2026-05-29 22:11:26','2026-05-29 22:11:26',1,1,0);
INSERT INTO `t_license_template`(`id`,`catalog_id`,`template_name`,`template_url`,`template_type`,`field_config`,`sign_config`,`version`,`status`,`create_time`,`update_time`,`create_by`,`update_by`,`deleted`) VALUES(413,106,'模板-行政许可-V1','/templates/106_v1.pdf','PDF','{"fields":["name","date","content"]}','{"sign":"pos"}',1,'1','2026-05-29 22:11:26','2026-05-29 22:11:26',1,1,0);
INSERT INTO `t_license_template`(`id`,`catalog_id`,`template_name`,`template_url`,`template_type`,`field_config`,`sign_config`,`version`,`status`,`create_time`,`update_time`,`create_by`,`update_by`,`deleted`) VALUES(414,106,'模板-行政许可-V2','/templates/106_v2.pdf','OFD','{"fields":["name","date","content"]}','{"sign":"pos"}',2,'1','2026-05-29 22:11:26','2026-05-29 22:11:26',1,1,0);
INSERT INTO `t_license_template`(`id`,`catalog_id`,`template_name`,`template_url`,`template_type`,`field_config`,`sign_config`,`version`,`status`,`create_time`,`update_time`,`create_by`,`update_by`,`deleted`) VALUES(415,107,'模板-行政许可-V1','/templates/107_v1.pdf','OFD','{"fields":["name","date","content"]}','{"sign":"pos"}',1,'1','2026-05-29 22:11:26','2026-05-29 22:11:26',1,1,0);
INSERT INTO `t_license_template`(`id`,`catalog_id`,`template_name`,`template_url`,`template_type`,`field_config`,`sign_config`,`version`,`status`,`create_time`,`update_time`,`create_by`,`update_by`,`deleted`) VALUES(416,107,'模板-行政许可-V2','/templates/107_v2.pdf','HTML','{"fields":["name","date","content"]}','{"sign":"pos"}',2,'1','2026-05-29 22:11:26','2026-05-29 22:11:26',1,1,0);

USE `gov_license`;
DELETE FROM `t_license_verify` WHERE id >= 100;
INSERT INTO `t_license_verify`(`id`,`license_id`,`license_no`,`verify_user`,`verify_user_name`,`verify_time`,`verify_result`,`verify_scene`,`verify_ip`,`verify_remark`,`create_time`,`update_time`,`create_by`,`update_by`,`deleted`) VALUES(100,129,'LIC-2024001',112,'用户104','2026-06-06 22:11:26','1','执法检查','192.168.178.178','核验备注0','2026-05-20 22:11:26','2026-06-05 22:11:26',1,1,0);
INSERT INTO `t_license_verify`(`id`,`license_id`,`license_no`,`verify_user`,`verify_user_name`,`verify_time`,`verify_result`,`verify_scene`,`verify_ip`,`verify_remark`,`create_time`,`update_time`,`create_by`,`update_by`,`deleted`) VALUES(101,110,'LIC-2024002',137,'用户136','2026-06-06 22:11:26','2','个人查询','192.168.108.85',NULL,'2026-05-29 22:11:26','2026-05-30 22:11:26',1,1,0);
INSERT INTO `t_license_verify`(`id`,`license_id`,`license_no`,`verify_user`,`verify_user_name`,`verify_time`,`verify_result`,`verify_scene`,`verify_ip`,`verify_remark`,`create_time`,`update_time`,`create_by`,`update_by`,`deleted`) VALUES(102,125,'LIC-2024003',102,'用户131','2026-06-13 22:11:26','1','企业查验','192.168.178.59',NULL,'2026-06-14 22:11:26','2026-06-20 22:11:26',1,1,0);
INSERT INTO `t_license_verify`(`id`,`license_id`,`license_no`,`verify_user`,`verify_user_name`,`verify_time`,`verify_result`,`verify_scene`,`verify_ip`,`verify_remark`,`create_time`,`update_time`,`create_by`,`update_by`,`deleted`) VALUES(103,115,'LIC-2024004',147,'用户149','2026-05-06 22:11:26','1','执法检查','192.168.53.103',NULL,'2026-06-27 22:11:26','2026-06-16 22:11:26',1,1,0);
INSERT INTO `t_license_verify`(`id`,`license_id`,`license_no`,`verify_user`,`verify_user_name`,`verify_time`,`verify_result`,`verify_scene`,`verify_ip`,`verify_remark`,`create_time`,`update_time`,`create_by`,`update_by`,`deleted`) VALUES(104,100,'LIC-2024005',104,'用户122','2026-06-26 22:11:26','2','政务窗口','192.168.37.75',NULL,'2026-05-18 22:11:26','2026-06-09 22:11:26',1,1,0);
INSERT INTO `t_license_verify`(`id`,`license_id`,`license_no`,`verify_user`,`verify_user_name`,`verify_time`,`verify_result`,`verify_scene`,`verify_ip`,`verify_remark`,`create_time`,`update_time`,`create_by`,`update_by`,`deleted`) VALUES(105,129,'LIC-2024006',148,'用户123','2026-06-25 22:11:26','1','企业查验','192.168.51.73',NULL,'2026-05-02 22:11:26','2026-06-19 22:11:26',1,1,0);
INSERT INTO `t_license_verify`(`id`,`license_id`,`license_no`,`verify_user`,`verify_user_name`,`verify_time`,`verify_result`,`verify_scene`,`verify_ip`,`verify_remark`,`create_time`,`update_time`,`create_by`,`update_by`,`deleted`) VALUES(106,123,'LIC-2024007',111,'用户121','2026-05-04 22:11:26','2','企业查验','192.168.46.51',NULL,'2026-05-05 22:11:26','2026-06-19 22:11:26',1,1,0);
INSERT INTO `t_license_verify`(`id`,`license_id`,`license_no`,`verify_user`,`verify_user_name`,`verify_time`,`verify_result`,`verify_scene`,`verify_ip`,`verify_remark`,`create_time`,`update_time`,`create_by`,`update_by`,`deleted`) VALUES(107,129,'LIC-2024008',106,'用户101','2026-05-05 22:11:26','1','执法检查','192.168.168.202','核验备注7','2026-06-06 22:11:26','2026-05-29 22:11:26',1,1,0);
INSERT INTO `t_license_verify`(`id`,`license_id`,`license_no`,`verify_user`,`verify_user_name`,`verify_time`,`verify_result`,`verify_scene`,`verify_ip`,`verify_remark`,`create_time`,`update_time`,`create_by`,`update_by`,`deleted`) VALUES(108,106,'LIC-2024009',119,'用户129','2026-06-12 22:11:26','1','个人查询','192.168.170.44','核验备注8','2026-05-07 22:11:26','2026-06-08 22:11:26',1,1,0);
INSERT INTO `t_license_verify`(`id`,`license_id`,`license_no`,`verify_user`,`verify_user_name`,`verify_time`,`verify_result`,`verify_scene`,`verify_ip`,`verify_remark`,`create_time`,`update_time`,`create_by`,`update_by`,`deleted`) VALUES(109,128,'LIC-2024010',127,'用户145','2026-06-23 22:11:26','1','企业查验','192.168.226.237',NULL,'2026-06-15 22:11:26','2026-06-21 22:11:26',1,1,0);
INSERT INTO `t_license_verify`(`id`,`license_id`,`license_no`,`verify_user`,`verify_user_name`,`verify_time`,`verify_result`,`verify_scene`,`verify_ip`,`verify_remark`,`create_time`,`update_time`,`create_by`,`update_by`,`deleted`) VALUES(110,117,'LIC-2024011',124,'用户144','2026-06-04 22:11:26','1','银行开户','192.168.110.251','核验备注10','2026-04-30 22:11:26','2026-06-26 22:11:26',1,1,0);
INSERT INTO `t_license_verify`(`id`,`license_id`,`license_no`,`verify_user`,`verify_user_name`,`verify_time`,`verify_result`,`verify_scene`,`verify_ip`,`verify_remark`,`create_time`,`update_time`,`create_by`,`update_by`,`deleted`) VALUES(111,124,'LIC-2024012',139,'用户137','2026-06-15 22:11:26','2','个人查询','192.168.203.39',NULL,'2026-06-24 22:11:26','2026-06-07 22:11:26',1,1,0);
INSERT INTO `t_license_verify`(`id`,`license_id`,`license_no`,`verify_user`,`verify_user_name`,`verify_time`,`verify_result`,`verify_scene`,`verify_ip`,`verify_remark`,`create_time`,`update_time`,`create_by`,`update_by`,`deleted`) VALUES(112,125,'LIC-2024013',117,'用户108','2026-05-04 22:11:26','2','银行开户','192.168.227.126',NULL,'2026-06-22 22:11:26','2026-06-02 22:11:26',1,1,0);
INSERT INTO `t_license_verify`(`id`,`license_id`,`license_no`,`verify_user`,`verify_user_name`,`verify_time`,`verify_result`,`verify_scene`,`verify_ip`,`verify_remark`,`create_time`,`update_time`,`create_by`,`update_by`,`deleted`) VALUES(113,115,'LIC-2024014',142,'用户139','2026-06-23 22:11:26','1','银行开户','192.168.100.193','核验备注13','2026-05-10 22:11:26','2026-06-11 22:11:26',1,1,0);
INSERT INTO `t_license_verify`(`id`,`license_id`,`license_no`,`verify_user`,`verify_user_name`,`verify_time`,`verify_result`,`verify_scene`,`verify_ip`,`verify_remark`,`create_time`,`update_time`,`create_by`,`update_by`,`deleted`) VALUES(114,111,'LIC-2024015',131,'用户133','2026-05-29 22:11:26','1','个人查询','192.168.183.96','核验备注14','2026-05-28 22:11:26','2026-06-05 22:11:26',1,1,0);
INSERT INTO `t_license_verify`(`id`,`license_id`,`license_no`,`verify_user`,`verify_user_name`,`verify_time`,`verify_result`,`verify_scene`,`verify_ip`,`verify_remark`,`create_time`,`update_time`,`create_by`,`update_by`,`deleted`) VALUES(115,115,'LIC-2024016',130,'用户117','2026-05-21 22:11:26','0','银行开户','192.168.167.10',NULL,'2026-05-01 22:11:26','2026-06-21 22:11:26',1,1,0);
INSERT INTO `t_license_verify`(`id`,`license_id`,`license_no`,`verify_user`,`verify_user_name`,`verify_time`,`verify_result`,`verify_scene`,`verify_ip`,`verify_remark`,`create_time`,`update_time`,`create_by`,`update_by`,`deleted`) VALUES(116,114,'LIC-2024017',115,'用户125','2026-06-14 22:11:26','1','执法检查','192.168.228.97','核验备注16','2026-04-29 22:11:26','2026-06-01 22:11:26',1,1,0);
INSERT INTO `t_license_verify`(`id`,`license_id`,`license_no`,`verify_user`,`verify_user_name`,`verify_time`,`verify_result`,`verify_scene`,`verify_ip`,`verify_remark`,`create_time`,`update_time`,`create_by`,`update_by`,`deleted`) VALUES(117,111,'LIC-2024018',116,'用户135','2026-06-22 22:11:26','1','政务窗口','192.168.76.114','核验备注17','2026-06-13 22:11:26','2026-06-09 22:11:26',1,1,0);
INSERT INTO `t_license_verify`(`id`,`license_id`,`license_no`,`verify_user`,`verify_user_name`,`verify_time`,`verify_result`,`verify_scene`,`verify_ip`,`verify_remark`,`create_time`,`update_time`,`create_by`,`update_by`,`deleted`) VALUES(118,101,'LIC-2024019',129,'用户132','2026-05-19 22:11:26','1','执法检查','192.168.116.120',NULL,'2026-06-04 22:11:26','2026-06-02 22:11:26',1,1,0);
INSERT INTO `t_license_verify`(`id`,`license_id`,`license_no`,`verify_user`,`verify_user_name`,`verify_time`,`verify_result`,`verify_scene`,`verify_ip`,`verify_remark`,`create_time`,`update_time`,`create_by`,`update_by`,`deleted`) VALUES(119,115,'LIC-2024020',120,'用户117','2026-06-03 22:11:26','1','企业查验','192.168.114.60',NULL,'2026-06-23 22:11:26','2026-06-16 22:11:26',1,1,0);
INSERT INTO `t_license_verify`(`id`,`license_id`,`license_no`,`verify_user`,`verify_user_name`,`verify_time`,`verify_result`,`verify_scene`,`verify_ip`,`verify_remark`,`create_time`,`update_time`,`create_by`,`update_by`,`deleted`) VALUES(120,128,'LIC-2024021',105,'用户118','2026-05-05 22:11:26','2','银行开户','192.168.140.165',NULL,'2026-06-10 22:11:26','2026-05-29 22:11:26',1,1,0);
INSERT INTO `t_license_verify`(`id`,`license_id`,`license_no`,`verify_user`,`verify_user_name`,`verify_time`,`verify_result`,`verify_scene`,`verify_ip`,`verify_remark`,`create_time`,`update_time`,`create_by`,`update_by`,`deleted`) VALUES(121,107,'LIC-2024022',106,'用户107','2026-06-23 22:11:26','1','政务窗口','192.168.140.52',NULL,'2026-05-15 22:11:26','2026-06-17 22:11:26',1,1,0);
INSERT INTO `t_license_verify`(`id`,`license_id`,`license_no`,`verify_user`,`verify_user_name`,`verify_time`,`verify_result`,`verify_scene`,`verify_ip`,`verify_remark`,`create_time`,`update_time`,`create_by`,`update_by`,`deleted`) VALUES(122,108,'LIC-2024023',119,'用户147','2026-05-06 22:11:26','1','企业查验','192.168.181.155','核验备注22','2026-05-04 22:11:26','2026-06-03 22:11:26',1,1,0);
INSERT INTO `t_license_verify`(`id`,`license_id`,`license_no`,`verify_user`,`verify_user_name`,`verify_time`,`verify_result`,`verify_scene`,`verify_ip`,`verify_remark`,`create_time`,`update_time`,`create_by`,`update_by`,`deleted`) VALUES(123,122,'LIC-2024024',147,'用户134','2026-04-30 22:11:26','1','政务窗口','192.168.198.77',NULL,'2026-06-05 22:11:26','2026-06-02 22:11:26',1,1,0);
INSERT INTO `t_license_verify`(`id`,`license_id`,`license_no`,`verify_user`,`verify_user_name`,`verify_time`,`verify_result`,`verify_scene`,`verify_ip`,`verify_remark`,`create_time`,`update_time`,`create_by`,`update_by`,`deleted`) VALUES(124,112,'LIC-2024025',125,'用户137','2026-05-10 22:11:26','1','执法检查','192.168.168.132','核验备注24','2026-06-18 22:11:26','2026-05-31 22:11:26',1,1,0);
INSERT INTO `t_license_verify`(`id`,`license_id`,`license_no`,`verify_user`,`verify_user_name`,`verify_time`,`verify_result`,`verify_scene`,`verify_ip`,`verify_remark`,`create_time`,`update_time`,`create_by`,`update_by`,`deleted`) VALUES(125,112,'LIC-2024026',114,'用户114','2026-05-12 22:11:26','1','执法检查','192.168.60.133','核验备注25','2026-05-23 22:11:26','2026-06-03 22:11:26',1,1,0);
INSERT INTO `t_license_verify`(`id`,`license_id`,`license_no`,`verify_user`,`verify_user_name`,`verify_time`,`verify_result`,`verify_scene`,`verify_ip`,`verify_remark`,`create_time`,`update_time`,`create_by`,`update_by`,`deleted`) VALUES(126,114,'LIC-2024027',146,'用户129','2026-06-06 22:11:26','1','个人查询','192.168.217.49',NULL,'2026-05-14 22:11:26','2026-06-14 22:11:26',1,1,0);
INSERT INTO `t_license_verify`(`id`,`license_id`,`license_no`,`verify_user`,`verify_user_name`,`verify_time`,`verify_result`,`verify_scene`,`verify_ip`,`verify_remark`,`create_time`,`update_time`,`create_by`,`update_by`,`deleted`) VALUES(127,106,'LIC-2024028',128,'用户128','2026-05-04 22:11:26','2','政务窗口','192.168.96.36','核验备注27','2026-06-19 22:11:26','2026-06-18 22:11:26',1,1,0);
INSERT INTO `t_license_verify`(`id`,`license_id`,`license_no`,`verify_user`,`verify_user_name`,`verify_time`,`verify_result`,`verify_scene`,`verify_ip`,`verify_remark`,`create_time`,`update_time`,`create_by`,`update_by`,`deleted`) VALUES(128,123,'LIC-2024029',100,'用户131','2026-05-07 22:11:26','1','个人查询','192.168.58.108',NULL,'2026-05-10 22:11:26','2026-06-15 22:11:26',1,1,0);
INSERT INTO `t_license_verify`(`id`,`license_id`,`license_no`,`verify_user`,`verify_user_name`,`verify_time`,`verify_result`,`verify_scene`,`verify_ip`,`verify_remark`,`create_time`,`update_time`,`create_by`,`update_by`,`deleted`) VALUES(129,124,'LIC-2024030',149,'用户144','2026-05-24 22:11:26','1','个人查询','192.168.151.6','核验备注29','2026-06-25 22:11:26','2026-05-29 22:11:26',1,1,0);

USE `gov_complaint`;
DELETE FROM `t_complaint_work` WHERE id >= 100;
INSERT INTO `t_complaint_work`(`id`,`work_no`,`user_id`,`user_name`,`user_phone`,`user_id_card`,`category_id`,`category_name`,`complaint_type`,`title`,`content`,`images`,`dept_id`,`dept_name`,`handler_id`,`handler_name`,`status`,`submit_time`,`assign_time`,`handle_time`,`finish_time`,`satisfaction`,`satisfaction_time`,`remark`,`create_time`,`update_time`,`create_by`,`update_by`,`deleted`) VALUES(100,'TS-2024001',108,'用户109','13800000121','110101199001010136',103,'教育医疗','投诉','投诉主题0','投诉内容0',NULL,103,'部门106',104,'处理人134','0','2026-06-03 22:11:26',NULL,NULL,NULL,NULL,NULL,NULL,'2026-05-30 22:11:26','2026-05-18 22:11:26',1,1,0);
INSERT INTO `t_complaint_work`(`id`,`work_no`,`user_id`,`user_name`,`user_phone`,`user_id_card`,`category_id`,`category_name`,`complaint_type`,`title`,`content`,`images`,`dept_id`,`dept_name`,`handler_id`,`handler_name`,`status`,`submit_time`,`assign_time`,`handle_time`,`finish_time`,`satisfaction`,`satisfaction_time`,`remark`,`create_time`,`update_time`,`create_by`,`update_by`,`deleted`) VALUES(101,'TS-2024002',119,'用户105','13800000110','110101199001010106',101,'政务服务','建议','投诉主题1','投诉内容1',NULL,109,'部门107',101,'处理人111','0','2026-06-15 22:11:26',NULL,NULL,NULL,NULL,'2026-06-15 22:11:26',NULL,'2026-06-13 22:11:26','2026-06-09 22:11:26',1,1,0);
INSERT INTO `t_complaint_work`(`id`,`work_no`,`user_id`,`user_name`,`user_phone`,`user_id_card`,`category_id`,`category_name`,`complaint_type`,`title`,`content`,`images`,`dept_id`,`dept_name`,`handler_id`,`handler_name`,`status`,`submit_time`,`assign_time`,`handle_time`,`finish_time`,`satisfaction`,`satisfaction_time`,`remark`,`create_time`,`update_time`,`create_by`,`update_by`,`deleted`) VALUES(102,'TS-2024003',142,'用户133','13800000104','110101199001010129',100,'环境保护','举报','投诉主题2','投诉内容2',NULL,108,'部门100',110,'处理人120','1','2026-05-03 22:11:26','2026-06-01 22:11:26',NULL,NULL,NULL,NULL,NULL,'2026-05-24 22:11:26','2026-06-01 22:11:26',1,1,0);
INSERT INTO `t_complaint_work`(`id`,`work_no`,`user_id`,`user_name`,`user_phone`,`user_id_card`,`category_id`,`category_name`,`complaint_type`,`title`,`content`,`images`,`dept_id`,`dept_name`,`handler_id`,`handler_name`,`status`,`submit_time`,`assign_time`,`handle_time`,`finish_time`,`satisfaction`,`satisfaction_time`,`remark`,`create_time`,`update_time`,`create_by`,`update_by`,`deleted`) VALUES(103,'TS-2024004',130,'用户147','13800000104','110101199001010124',101,'城市管理','投诉','投诉主题3','投诉内容3',NULL,103,'部门104',127,'处理人145','1','2026-05-16 22:11:26','2026-05-28 22:11:26',NULL,NULL,NULL,'2026-06-18 22:11:26','备注3','2026-05-26 22:11:26','2026-05-13 22:11:26',1,1,0);
INSERT INTO `t_complaint_work`(`id`,`work_no`,`user_id`,`user_name`,`user_phone`,`user_id_card`,`category_id`,`category_name`,`complaint_type`,`title`,`content`,`images`,`dept_id`,`dept_name`,`handler_id`,`handler_name`,`status`,`submit_time`,`assign_time`,`handle_time`,`finish_time`,`satisfaction`,`satisfaction_time`,`remark`,`create_time`,`update_time`,`create_by`,`update_by`,`deleted`) VALUES(104,'TS-2024005',143,'用户129','13800000117','110101199001010112',100,'城市管理','建议','投诉主题4','投诉内容4',NULL,107,'部门101',125,'处理人138','2','2026-05-07 22:11:26','2026-06-12 22:11:26','2026-05-25 22:11:26',NULL,NULL,'2026-05-30 22:11:26',NULL,'2026-05-29 22:11:26','2026-05-22 22:11:26',1,1,0);
INSERT INTO `t_complaint_work`(`id`,`work_no`,`user_id`,`user_name`,`user_phone`,`user_id_card`,`category_id`,`category_name`,`complaint_type`,`title`,`content`,`images`,`dept_id`,`dept_name`,`handler_id`,`handler_name`,`status`,`submit_time`,`assign_time`,`handle_time`,`finish_time`,`satisfaction`,`satisfaction_time`,`remark`,`create_time`,`update_time`,`create_by`,`update_by`,`deleted`) VALUES(105,'TS-2024006',102,'用户147','13800000105','110101199001010118',103,'环境保护','举报','投诉主题5','投诉内容5',NULL,104,'部门106',139,'处理人111','2','2026-06-01 22:11:26','2026-06-12 22:11:26','2026-06-16 22:11:26',NULL,NULL,'2026-06-13 22:11:26',NULL,'2026-05-16 22:11:26','2026-06-16 22:11:26',1,1,0);
INSERT INTO `t_complaint_work`(`id`,`work_no`,`user_id`,`user_name`,`user_phone`,`user_id_card`,`category_id`,`category_name`,`complaint_type`,`title`,`content`,`images`,`dept_id`,`dept_name`,`handler_id`,`handler_name`,`status`,`submit_time`,`assign_time`,`handle_time`,`finish_time`,`satisfaction`,`satisfaction_time`,`remark`,`create_time`,`update_time`,`create_by`,`update_by`,`deleted`) VALUES(106,'TS-2024007',144,'用户136','13800000106','110101199001010125',100,'城市管理','投诉','投诉主题6','投诉内容6',NULL,102,'部门104',140,'处理人134','3','2026-06-09 22:11:26','2026-05-16 22:11:26','2026-06-23 22:11:26','2026-06-05 22:11:26',NULL,'2026-06-14 22:11:26','备注6','2026-05-23 22:11:26','2026-06-20 22:11:26',1,1,0);
INSERT INTO `t_complaint_work`(`id`,`work_no`,`user_id`,`user_name`,`user_phone`,`user_id_card`,`category_id`,`category_name`,`complaint_type`,`title`,`content`,`images`,`dept_id`,`dept_name`,`handler_id`,`handler_name`,`status`,`submit_time`,`assign_time`,`handle_time`,`finish_time`,`satisfaction`,`satisfaction_time`,`remark`,`create_time`,`update_time`,`create_by`,`update_by`,`deleted`) VALUES(107,'TS-2024008',123,'用户104','13800000148','110101199001010106',102,'教育医疗','建议','投诉主题7','投诉内容7',NULL,107,'部门102',116,'处理人113','0','2026-05-26 22:11:26',NULL,NULL,NULL,NULL,NULL,NULL,'2026-05-14 22:11:26','2026-05-15 22:11:26',1,1,0);
INSERT INTO `t_complaint_work`(`id`,`work_no`,`user_id`,`user_name`,`user_phone`,`user_id_card`,`category_id`,`category_name`,`complaint_type`,`title`,`content`,`images`,`dept_id`,`dept_name`,`handler_id`,`handler_name`,`status`,`submit_time`,`assign_time`,`handle_time`,`finish_time`,`satisfaction`,`satisfaction_time`,`remark`,`create_time`,`update_time`,`create_by`,`update_by`,`deleted`) VALUES(108,'TS-2024009',147,'用户129','13800000124','110101199001010121',103,'城市管理','举报','投诉主题8','投诉内容8',NULL,106,'部门100',100,'处理人116','0','2026-06-20 22:11:26',NULL,NULL,NULL,NULL,NULL,'备注8','2026-05-27 22:11:26','2026-05-29 22:11:26',1,1,0);
INSERT INTO `t_complaint_work`(`id`,`work_no`,`user_id`,`user_name`,`user_phone`,`user_id_card`,`category_id`,`category_name`,`complaint_type`,`title`,`content`,`images`,`dept_id`,`dept_name`,`handler_id`,`handler_name`,`status`,`submit_time`,`assign_time`,`handle_time`,`finish_time`,`satisfaction`,`satisfaction_time`,`remark`,`create_time`,`update_time`,`create_by`,`update_by`,`deleted`) VALUES(109,'TS-2024010',104,'用户105','13800000135','110101199001010142',101,'教育医疗','投诉','投诉主题9','投诉内容9',NULL,102,'部门107',117,'处理人110','1','2026-06-17 22:11:26','2026-06-26 22:11:26',NULL,NULL,NULL,NULL,NULL,'2026-05-24 22:11:26','2026-05-11 22:11:26',1,1,0);
INSERT INTO `t_complaint_work`(`id`,`work_no`,`user_id`,`user_name`,`user_phone`,`user_id_card`,`category_id`,`category_name`,`complaint_type`,`title`,`content`,`images`,`dept_id`,`dept_name`,`handler_id`,`handler_name`,`status`,`submit_time`,`assign_time`,`handle_time`,`finish_time`,`satisfaction`,`satisfaction_time`,`remark`,`create_time`,`update_time`,`create_by`,`update_by`,`deleted`) VALUES(110,'TS-2024011',125,'用户110','13800000104','110101199001010142',100,'环境保护','建议','投诉主题10','投诉内容10',NULL,102,'部门107',122,'处理人111','1','2026-06-14 22:11:26','2026-05-13 22:11:26',NULL,NULL,NULL,'2026-06-10 22:11:26',NULL,'2026-05-14 22:11:26','2026-06-24 22:11:26',1,1,0);
INSERT INTO `t_complaint_work`(`id`,`work_no`,`user_id`,`user_name`,`user_phone`,`user_id_card`,`category_id`,`category_name`,`complaint_type`,`title`,`content`,`images`,`dept_id`,`dept_name`,`handler_id`,`handler_name`,`status`,`submit_time`,`assign_time`,`handle_time`,`finish_time`,`satisfaction`,`satisfaction_time`,`remark`,`create_time`,`update_time`,`create_by`,`update_by`,`deleted`) VALUES(111,'TS-2024012',140,'用户133','13800000141','110101199001010142',100,'教育医疗','举报','投诉主题11','投诉内容11',NULL,104,'部门107',103,'处理人138','2','2026-06-27 22:11:26','2026-06-24 22:11:26','2026-06-03 22:11:26',NULL,NULL,'2026-06-16 22:11:26','备注11','2026-06-15 22:11:26','2026-06-22 22:11:26',1,1,0);
INSERT INTO `t_complaint_work`(`id`,`work_no`,`user_id`,`user_name`,`user_phone`,`user_id_card`,`category_id`,`category_name`,`complaint_type`,`title`,`content`,`images`,`dept_id`,`dept_name`,`handler_id`,`handler_name`,`status`,`submit_time`,`assign_time`,`handle_time`,`finish_time`,`satisfaction`,`satisfaction_time`,`remark`,`create_time`,`update_time`,`create_by`,`update_by`,`deleted`) VALUES(112,'TS-2024013',101,'用户126','13800000101','110101199001010100',102,'城市管理','投诉','投诉主题12','投诉内容12',NULL,101,'部门103',106,'处理人142','2','2026-06-17 22:11:26','2026-05-12 22:11:26','2026-06-17 22:11:26',NULL,NULL,NULL,NULL,'2026-06-07 22:11:26','2026-06-07 22:11:26',1,1,0);
INSERT INTO `t_complaint_work`(`id`,`work_no`,`user_id`,`user_name`,`user_phone`,`user_id_card`,`category_id`,`category_name`,`complaint_type`,`title`,`content`,`images`,`dept_id`,`dept_name`,`handler_id`,`handler_name`,`status`,`submit_time`,`assign_time`,`handle_time`,`finish_time`,`satisfaction`,`satisfaction_time`,`remark`,`create_time`,`update_time`,`create_by`,`update_by`,`deleted`) VALUES(113,'TS-2024014',135,'用户140','13800000112','110101199001010139',101,'教育医疗','建议','投诉主题13','投诉内容13',NULL,106,'部门101',114,'处理人113','3','2026-06-21 22:11:26','2026-06-05 22:11:26','2026-06-07 22:11:26','2026-06-22 22:11:26',1,'2026-06-27 22:11:26',NULL,'2026-05-29 22:11:26','2026-06-13 22:11:26',1,1,0);
INSERT INTO `t_complaint_work`(`id`,`work_no`,`user_id`,`user_name`,`user_phone`,`user_id_card`,`category_id`,`category_name`,`complaint_type`,`title`,`content`,`images`,`dept_id`,`dept_name`,`handler_id`,`handler_name`,`status`,`submit_time`,`assign_time`,`handle_time`,`finish_time`,`satisfaction`,`satisfaction_time`,`remark`,`create_time`,`update_time`,`create_by`,`update_by`,`deleted`) VALUES(114,'TS-2024015',104,'用户142','13800000117','110101199001010141',102,'政务服务','举报','投诉主题14','投诉内容14',NULL,101,'部门103',126,'处理人119','0','2026-05-09 22:11:26',NULL,NULL,NULL,NULL,NULL,'备注14','2026-05-13 22:11:26','2026-05-24 22:11:26',1,1,0);
INSERT INTO `t_complaint_work`(`id`,`work_no`,`user_id`,`user_name`,`user_phone`,`user_id_card`,`category_id`,`category_name`,`complaint_type`,`title`,`content`,`images`,`dept_id`,`dept_name`,`handler_id`,`handler_name`,`status`,`submit_time`,`assign_time`,`handle_time`,`finish_time`,`satisfaction`,`satisfaction_time`,`remark`,`create_time`,`update_time`,`create_by`,`update_by`,`deleted`) VALUES(115,'TS-2024016',136,'用户110','13800000116','110101199001010106',102,'教育医疗','投诉','投诉主题15','投诉内容15',NULL,102,'部门105',111,'处理人140','0','2026-05-10 22:11:26',NULL,NULL,NULL,NULL,'2026-06-06 22:11:26',NULL,'2026-06-06 22:11:26','2026-06-26 22:11:26',1,1,0);
INSERT INTO `t_complaint_work`(`id`,`work_no`,`user_id`,`user_name`,`user_phone`,`user_id_card`,`category_id`,`category_name`,`complaint_type`,`title`,`content`,`images`,`dept_id`,`dept_name`,`handler_id`,`handler_name`,`status`,`submit_time`,`assign_time`,`handle_time`,`finish_time`,`satisfaction`,`satisfaction_time`,`remark`,`create_time`,`update_time`,`create_by`,`update_by`,`deleted`) VALUES(116,'TS-2024017',138,'用户137','13800000128','110101199001010124',101,'政务服务','建议','投诉主题16','投诉内容16',NULL,103,'部门100',139,'处理人148','1','2026-05-01 22:11:26','2026-06-20 22:11:26',NULL,NULL,NULL,NULL,NULL,'2026-06-12 22:11:26','2026-05-19 22:11:26',1,1,0);
INSERT INTO `t_complaint_work`(`id`,`work_no`,`user_id`,`user_name`,`user_phone`,`user_id_card`,`category_id`,`category_name`,`complaint_type`,`title`,`content`,`images`,`dept_id`,`dept_name`,`handler_id`,`handler_name`,`status`,`submit_time`,`assign_time`,`handle_time`,`finish_time`,`satisfaction`,`satisfaction_time`,`remark`,`create_time`,`update_time`,`create_by`,`update_by`,`deleted`) VALUES(117,'TS-2024018',105,'用户103','13800000108','110101199001010123',103,'环境保护','举报','投诉主题17','投诉内容17',NULL,103,'部门102',124,'处理人113','1','2026-05-17 22:11:26','2026-06-25 22:11:26',NULL,NULL,NULL,'2026-06-08 22:11:26','备注17','2026-05-30 22:11:26','2026-05-11 22:11:26',1,1,0);
INSERT INTO `t_complaint_work`(`id`,`work_no`,`user_id`,`user_name`,`user_phone`,`user_id_card`,`category_id`,`category_name`,`complaint_type`,`title`,`content`,`images`,`dept_id`,`dept_name`,`handler_id`,`handler_name`,`status`,`submit_time`,`assign_time`,`handle_time`,`finish_time`,`satisfaction`,`satisfaction_time`,`remark`,`create_time`,`update_time`,`create_by`,`update_by`,`deleted`) VALUES(118,'TS-2024019',121,'用户108','13800000117','110101199001010120',100,'教育医疗','投诉','投诉主题18','投诉内容18',NULL,104,'部门100',114,'处理人146','2','2026-06-06 22:11:26','2026-06-06 22:11:26','2026-06-12 22:11:26',NULL,NULL,'2026-05-29 22:11:26','备注18','2026-06-12 22:11:26','2026-05-07 22:11:26',1,1,0);
INSERT INTO `t_complaint_work`(`id`,`work_no`,`user_id`,`user_name`,`user_phone`,`user_id_card`,`category_id`,`category_name`,`complaint_type`,`title`,`content`,`images`,`dept_id`,`dept_name`,`handler_id`,`handler_name`,`status`,`submit_time`,`assign_time`,`handle_time`,`finish_time`,`satisfaction`,`satisfaction_time`,`remark`,`create_time`,`update_time`,`create_by`,`update_by`,`deleted`) VALUES(119,'TS-2024020',143,'用户144','13800000146','110101199001010114',103,'环境保护','建议','投诉主题19','投诉内容19',NULL,102,'部门107',140,'处理人100','2','2026-06-23 22:11:26','2026-05-27 22:11:26','2026-06-23 22:11:26',NULL,NULL,NULL,'备注19','2026-06-14 22:11:26','2026-06-19 22:11:26',1,1,0);
INSERT INTO `t_complaint_work`(`id`,`work_no`,`user_id`,`user_name`,`user_phone`,`user_id_card`,`category_id`,`category_name`,`complaint_type`,`title`,`content`,`images`,`dept_id`,`dept_name`,`handler_id`,`handler_name`,`status`,`submit_time`,`assign_time`,`handle_time`,`finish_time`,`satisfaction`,`satisfaction_time`,`remark`,`create_time`,`update_time`,`create_by`,`update_by`,`deleted`) VALUES(120,'TS-2024021',105,'用户111','13800000137','110101199001010135',101,'城市管理','举报','投诉主题20','投诉内容20',NULL,108,'部门101',127,'处理人146','3','2026-05-29 22:11:26','2026-06-08 22:11:26','2026-06-17 22:11:26','2026-06-04 22:11:26',2,NULL,'备注20','2026-06-08 22:11:26','2026-06-09 22:11:26',1,1,0);
INSERT INTO `t_complaint_work`(`id`,`work_no`,`user_id`,`user_name`,`user_phone`,`user_id_card`,`category_id`,`category_name`,`complaint_type`,`title`,`content`,`images`,`dept_id`,`dept_name`,`handler_id`,`handler_name`,`status`,`submit_time`,`assign_time`,`handle_time`,`finish_time`,`satisfaction`,`satisfaction_time`,`remark`,`create_time`,`update_time`,`create_by`,`update_by`,`deleted`) VALUES(121,'TS-2024022',136,'用户128','13800000140','110101199001010112',102,'教育医疗','投诉','投诉主题21','投诉内容21',NULL,101,'部门105',125,'处理人124','0','2026-06-17 22:11:26',NULL,NULL,NULL,NULL,NULL,'备注21','2026-05-11 22:11:26','2026-05-31 22:11:26',1,1,0);
INSERT INTO `t_complaint_work`(`id`,`work_no`,`user_id`,`user_name`,`user_phone`,`user_id_card`,`category_id`,`category_name`,`complaint_type`,`title`,`content`,`images`,`dept_id`,`dept_name`,`handler_id`,`handler_name`,`status`,`submit_time`,`assign_time`,`handle_time`,`finish_time`,`satisfaction`,`satisfaction_time`,`remark`,`create_time`,`update_time`,`create_by`,`update_by`,`deleted`) VALUES(122,'TS-2024023',148,'用户109','13800000130','110101199001010101',103,'教育医疗','建议','投诉主题22','投诉内容22',NULL,101,'部门104',138,'处理人134','0','2026-06-18 22:11:26',NULL,NULL,NULL,NULL,'2026-06-19 22:11:26',NULL,'2026-06-08 22:11:26','2026-05-29 22:11:26',1,1,0);
INSERT INTO `t_complaint_work`(`id`,`work_no`,`user_id`,`user_name`,`user_phone`,`user_id_card`,`category_id`,`category_name`,`complaint_type`,`title`,`content`,`images`,`dept_id`,`dept_name`,`handler_id`,`handler_name`,`status`,`submit_time`,`assign_time`,`handle_time`,`finish_time`,`satisfaction`,`satisfaction_time`,`remark`,`create_time`,`update_time`,`create_by`,`update_by`,`deleted`) VALUES(123,'TS-2024024',118,'用户124','13800000135','110101199001010138',103,'政务服务','举报','投诉主题23','投诉内容23',NULL,105,'部门102',145,'处理人130','1','2026-06-15 22:11:26','2026-06-18 22:11:26',NULL,NULL,NULL,NULL,'备注23','2026-05-12 22:11:26','2026-05-12 22:11:26',1,1,0);
INSERT INTO `t_complaint_work`(`id`,`work_no`,`user_id`,`user_name`,`user_phone`,`user_id_card`,`category_id`,`category_name`,`complaint_type`,`title`,`content`,`images`,`dept_id`,`dept_name`,`handler_id`,`handler_name`,`status`,`submit_time`,`assign_time`,`handle_time`,`finish_time`,`satisfaction`,`satisfaction_time`,`remark`,`create_time`,`update_time`,`create_by`,`update_by`,`deleted`) VALUES(124,'TS-2024025',123,'用户131','13800000125','110101199001010126',103,'环境保护','投诉','投诉主题24','投诉内容24',NULL,106,'部门107',119,'处理人141','1','2026-05-21 22:11:26','2026-06-23 22:11:26',NULL,NULL,NULL,'2026-05-29 22:11:26',NULL,'2026-04-29 22:11:26','2026-05-22 22:11:26',1,1,0);
INSERT INTO `t_complaint_work`(`id`,`work_no`,`user_id`,`user_name`,`user_phone`,`user_id_card`,`category_id`,`category_name`,`complaint_type`,`title`,`content`,`images`,`dept_id`,`dept_name`,`handler_id`,`handler_name`,`status`,`submit_time`,`assign_time`,`handle_time`,`finish_time`,`satisfaction`,`satisfaction_time`,`remark`,`create_time`,`update_time`,`create_by`,`update_by`,`deleted`) VALUES(125,'TS-2024026',110,'用户112','13800000148','110101199001010127',102,'环境保护','建议','投诉主题25','投诉内容25',NULL,108,'部门107',140,'处理人144','2','2026-06-04 22:11:26','2026-05-14 22:11:26','2026-06-24 22:11:26',NULL,NULL,'2026-06-04 22:11:26',NULL,'2026-05-28 22:11:26','2026-06-25 22:11:26',1,1,0);
INSERT INTO `t_complaint_work`(`id`,`work_no`,`user_id`,`user_name`,`user_phone`,`user_id_card`,`category_id`,`category_name`,`complaint_type`,`title`,`content`,`images`,`dept_id`,`dept_name`,`handler_id`,`handler_name`,`status`,`submit_time`,`assign_time`,`handle_time`,`finish_time`,`satisfaction`,`satisfaction_time`,`remark`,`create_time`,`update_time`,`create_by`,`update_by`,`deleted`) VALUES(126,'TS-2024027',123,'用户140','13800000145','110101199001010143',100,'城市管理','举报','投诉主题26','投诉内容26',NULL,104,'部门109',129,'处理人143','2','2026-06-18 22:11:26','2026-06-11 22:11:26','2026-06-12 22:11:26',NULL,NULL,'2026-06-06 22:11:26','备注26','2026-06-27 22:11:26','2026-06-20 22:11:26',1,1,0);
INSERT INTO `t_complaint_work`(`id`,`work_no`,`user_id`,`user_name`,`user_phone`,`user_id_card`,`category_id`,`category_name`,`complaint_type`,`title`,`content`,`images`,`dept_id`,`dept_name`,`handler_id`,`handler_name`,`status`,`submit_time`,`assign_time`,`handle_time`,`finish_time`,`satisfaction`,`satisfaction_time`,`remark`,`create_time`,`update_time`,`create_by`,`update_by`,`deleted`) VALUES(127,'TS-2024028',149,'用户105','13800000141','110101199001010145',103,'教育医疗','投诉','投诉主题27','投诉内容27',NULL,109,'部门101',133,'处理人112','3','2026-05-02 22:11:26','2026-05-31 22:11:26','2026-06-17 22:11:26','2026-06-01 22:11:26',4,'2026-06-11 22:11:26','备注27','2026-05-16 22:11:26','2026-05-02 22:11:26',1,1,0);
INSERT INTO `t_complaint_work`(`id`,`work_no`,`user_id`,`user_name`,`user_phone`,`user_id_card`,`category_id`,`category_name`,`complaint_type`,`title`,`content`,`images`,`dept_id`,`dept_name`,`handler_id`,`handler_name`,`status`,`submit_time`,`assign_time`,`handle_time`,`finish_time`,`satisfaction`,`satisfaction_time`,`remark`,`create_time`,`update_time`,`create_by`,`update_by`,`deleted`) VALUES(128,'TS-2024029',124,'用户137','13800000119','110101199001010146',103,'政务服务','建议','投诉主题28','投诉内容28',NULL,101,'部门109',149,'处理人122','0','2026-05-06 22:11:26',NULL,NULL,NULL,NULL,NULL,NULL,'2026-05-11 22:11:26','2026-06-02 22:11:26',1,1,0);
INSERT INTO `t_complaint_work`(`id`,`work_no`,`user_id`,`user_name`,`user_phone`,`user_id_card`,`category_id`,`category_name`,`complaint_type`,`title`,`content`,`images`,`dept_id`,`dept_name`,`handler_id`,`handler_name`,`status`,`submit_time`,`assign_time`,`handle_time`,`finish_time`,`satisfaction`,`satisfaction_time`,`remark`,`create_time`,`update_time`,`create_by`,`update_by`,`deleted`) VALUES(129,'TS-2024030',144,'用户119','13800000100','110101199001010110',103,'政务服务','举报','投诉主题29','投诉内容29',NULL,101,'部门101',149,'处理人144','0','2026-06-01 22:11:26',NULL,NULL,NULL,NULL,NULL,NULL,'2026-05-31 22:11:26','2026-06-17 22:11:26',1,1,0);
INSERT INTO `t_complaint_work`(`id`,`work_no`,`user_id`,`user_name`,`user_phone`,`user_id_card`,`category_id`,`category_name`,`complaint_type`,`title`,`content`,`images`,`dept_id`,`dept_name`,`handler_id`,`handler_name`,`status`,`submit_time`,`assign_time`,`handle_time`,`finish_time`,`satisfaction`,`satisfaction_time`,`remark`,`create_time`,`update_time`,`create_by`,`update_by`,`deleted`) VALUES(130,'TS-2024031',111,'用户123','13800000111','110101199001010145',101,'城市管理','投诉','投诉主题30','投诉内容30',NULL,107,'部门102',132,'处理人107','1','2026-05-30 22:11:26','2026-05-22 22:11:26',NULL,NULL,NULL,NULL,NULL,'2026-06-16 22:11:26','2026-05-07 22:11:26',1,1,0);
INSERT INTO `t_complaint_work`(`id`,`work_no`,`user_id`,`user_name`,`user_phone`,`user_id_card`,`category_id`,`category_name`,`complaint_type`,`title`,`content`,`images`,`dept_id`,`dept_name`,`handler_id`,`handler_name`,`status`,`submit_time`,`assign_time`,`handle_time`,`finish_time`,`satisfaction`,`satisfaction_time`,`remark`,`create_time`,`update_time`,`create_by`,`update_by`,`deleted`) VALUES(131,'TS-2024032',148,'用户112','13800000116','110101199001010126',103,'政务服务','建议','投诉主题31','投诉内容31',NULL,102,'部门101',118,'处理人105','1','2026-06-03 22:11:26','2026-06-20 22:11:26',NULL,NULL,NULL,NULL,NULL,'2026-06-12 22:11:26','2026-05-28 22:11:26',1,1,0);
INSERT INTO `t_complaint_work`(`id`,`work_no`,`user_id`,`user_name`,`user_phone`,`user_id_card`,`category_id`,`category_name`,`complaint_type`,`title`,`content`,`images`,`dept_id`,`dept_name`,`handler_id`,`handler_name`,`status`,`submit_time`,`assign_time`,`handle_time`,`finish_time`,`satisfaction`,`satisfaction_time`,`remark`,`create_time`,`update_time`,`create_by`,`update_by`,`deleted`) VALUES(132,'TS-2024033',131,'用户143','13800000148','110101199001010106',100,'政务服务','举报','投诉主题32','投诉内容32',NULL,104,'部门100',142,'处理人137','2','2026-05-08 22:11:26','2026-06-25 22:11:26','2026-06-21 22:11:26',NULL,NULL,'2026-06-27 22:11:26',NULL,'2026-05-25 22:11:26','2026-05-10 22:11:26',1,1,0);
INSERT INTO `t_complaint_work`(`id`,`work_no`,`user_id`,`user_name`,`user_phone`,`user_id_card`,`category_id`,`category_name`,`complaint_type`,`title`,`content`,`images`,`dept_id`,`dept_name`,`handler_id`,`handler_name`,`status`,`submit_time`,`assign_time`,`handle_time`,`finish_time`,`satisfaction`,`satisfaction_time`,`remark`,`create_time`,`update_time`,`create_by`,`update_by`,`deleted`) VALUES(133,'TS-2024034',117,'用户131','13800000130','110101199001010148',102,'教育医疗','投诉','投诉主题33','投诉内容33',NULL,105,'部门105',143,'处理人121','2','2026-06-07 22:11:26','2026-06-12 22:11:26','2026-06-04 22:11:26',NULL,NULL,NULL,NULL,'2026-06-05 22:11:26','2026-05-03 22:11:26',1,1,0);
INSERT INTO `t_complaint_work`(`id`,`work_no`,`user_id`,`user_name`,`user_phone`,`user_id_card`,`category_id`,`category_name`,`complaint_type`,`title`,`content`,`images`,`dept_id`,`dept_name`,`handler_id`,`handler_name`,`status`,`submit_time`,`assign_time`,`handle_time`,`finish_time`,`satisfaction`,`satisfaction_time`,`remark`,`create_time`,`update_time`,`create_by`,`update_by`,`deleted`) VALUES(134,'TS-2024035',121,'用户106','13800000100','110101199001010129',103,'城市管理','建议','投诉主题34','投诉内容34',NULL,100,'部门109',107,'处理人133','3','2026-06-10 22:11:26','2026-05-14 22:11:26','2026-06-12 22:11:26','2026-06-16 22:11:26',4,'2026-05-31 22:11:26',NULL,'2026-06-01 22:11:26','2026-05-16 22:11:26',1,1,0);
INSERT INTO `t_complaint_work`(`id`,`work_no`,`user_id`,`user_name`,`user_phone`,`user_id_card`,`category_id`,`category_name`,`complaint_type`,`title`,`content`,`images`,`dept_id`,`dept_name`,`handler_id`,`handler_name`,`status`,`submit_time`,`assign_time`,`handle_time`,`finish_time`,`satisfaction`,`satisfaction_time`,`remark`,`create_time`,`update_time`,`create_by`,`update_by`,`deleted`) VALUES(135,'TS-2024036',112,'用户100','13800000140','110101199001010120',100,'环境保护','举报','投诉主题35','投诉内容35',NULL,100,'部门105',143,'处理人128','0','2026-06-13 22:11:26',NULL,NULL,NULL,NULL,NULL,'备注35','2026-05-08 22:11:26','2026-06-22 22:11:26',1,1,0);
INSERT INTO `t_complaint_work`(`id`,`work_no`,`user_id`,`user_name`,`user_phone`,`user_id_card`,`category_id`,`category_name`,`complaint_type`,`title`,`content`,`images`,`dept_id`,`dept_name`,`handler_id`,`handler_name`,`status`,`submit_time`,`assign_time`,`handle_time`,`finish_time`,`satisfaction`,`satisfaction_time`,`remark`,`create_time`,`update_time`,`create_by`,`update_by`,`deleted`) VALUES(136,'TS-2024037',122,'用户127','13800000130','110101199001010142',100,'教育医疗','投诉','投诉主题36','投诉内容36',NULL,104,'部门109',112,'处理人145','0','2026-06-18 22:11:26',NULL,NULL,NULL,NULL,'2026-06-02 22:11:26','备注36','2026-05-26 22:11:26','2026-06-25 22:11:26',1,1,0);
INSERT INTO `t_complaint_work`(`id`,`work_no`,`user_id`,`user_name`,`user_phone`,`user_id_card`,`category_id`,`category_name`,`complaint_type`,`title`,`content`,`images`,`dept_id`,`dept_name`,`handler_id`,`handler_name`,`status`,`submit_time`,`assign_time`,`handle_time`,`finish_time`,`satisfaction`,`satisfaction_time`,`remark`,`create_time`,`update_time`,`create_by`,`update_by`,`deleted`) VALUES(137,'TS-2024038',108,'用户131','13800000105','110101199001010119',103,'城市管理','建议','投诉主题37','投诉内容37',NULL,107,'部门101',130,'处理人142','1','2026-05-24 22:11:26','2026-06-12 22:11:26',NULL,NULL,NULL,NULL,'备注37','2026-05-16 22:11:26','2026-05-14 22:11:26',1,1,0);
INSERT INTO `t_complaint_work`(`id`,`work_no`,`user_id`,`user_name`,`user_phone`,`user_id_card`,`category_id`,`category_name`,`complaint_type`,`title`,`content`,`images`,`dept_id`,`dept_name`,`handler_id`,`handler_name`,`status`,`submit_time`,`assign_time`,`handle_time`,`finish_time`,`satisfaction`,`satisfaction_time`,`remark`,`create_time`,`update_time`,`create_by`,`update_by`,`deleted`) VALUES(138,'TS-2024039',105,'用户106','13800000127','110101199001010145',100,'城市管理','举报','投诉主题38','投诉内容38',NULL,105,'部门106',149,'处理人117','1','2026-06-13 22:11:26','2026-05-12 22:11:26',NULL,NULL,NULL,'2026-05-30 22:11:26','备注38','2026-05-16 22:11:26','2026-06-19 22:11:26',1,1,0);
INSERT INTO `t_complaint_work`(`id`,`work_no`,`user_id`,`user_name`,`user_phone`,`user_id_card`,`category_id`,`category_name`,`complaint_type`,`title`,`content`,`images`,`dept_id`,`dept_name`,`handler_id`,`handler_name`,`status`,`submit_time`,`assign_time`,`handle_time`,`finish_time`,`satisfaction`,`satisfaction_time`,`remark`,`create_time`,`update_time`,`create_by`,`update_by`,`deleted`) VALUES(139,'TS-2024040',134,'用户140','13800000146','110101199001010131',100,'环境保护','投诉','投诉主题39','投诉内容39',NULL,103,'部门109',149,'处理人138','2','2026-06-23 22:11:26','2026-05-17 22:11:26','2026-06-06 22:11:26',NULL,NULL,'2026-06-04 22:11:26','备注39','2026-06-03 22:11:26','2026-05-17 22:11:26',1,1,0);
INSERT INTO `t_complaint_work`(`id`,`work_no`,`user_id`,`user_name`,`user_phone`,`user_id_card`,`category_id`,`category_name`,`complaint_type`,`title`,`content`,`images`,`dept_id`,`dept_name`,`handler_id`,`handler_name`,`status`,`submit_time`,`assign_time`,`handle_time`,`finish_time`,`satisfaction`,`satisfaction_time`,`remark`,`create_time`,`update_time`,`create_by`,`update_by`,`deleted`) VALUES(140,'TS-2024041',141,'用户135','13800000127','110101199001010114',101,'环境保护','建议','投诉主题40','投诉内容40',NULL,101,'部门104',105,'处理人107','2','2026-06-22 22:11:26','2026-06-06 22:11:26','2026-05-21 22:11:26',NULL,NULL,'2026-06-24 22:11:26','备注40','2026-06-19 22:11:26','2026-05-04 22:11:26',1,1,0);
INSERT INTO `t_complaint_work`(`id`,`work_no`,`user_id`,`user_name`,`user_phone`,`user_id_card`,`category_id`,`category_name`,`complaint_type`,`title`,`content`,`images`,`dept_id`,`dept_name`,`handler_id`,`handler_name`,`status`,`submit_time`,`assign_time`,`handle_time`,`finish_time`,`satisfaction`,`satisfaction_time`,`remark`,`create_time`,`update_time`,`create_by`,`update_by`,`deleted`) VALUES(141,'TS-2024042',120,'用户124','13800000136','110101199001010147',100,'环境保护','举报','投诉主题41','投诉内容41',NULL,100,'部门109',134,'处理人112','3','2026-05-04 22:11:26','2026-06-03 22:11:26','2026-05-31 22:11:26','2026-06-17 22:11:26',3,'2026-06-08 22:11:26','备注41','2026-06-21 22:11:26','2026-06-02 22:11:26',1,1,0);
INSERT INTO `t_complaint_work`(`id`,`work_no`,`user_id`,`user_name`,`user_phone`,`user_id_card`,`category_id`,`category_name`,`complaint_type`,`title`,`content`,`images`,`dept_id`,`dept_name`,`handler_id`,`handler_name`,`status`,`submit_time`,`assign_time`,`handle_time`,`finish_time`,`satisfaction`,`satisfaction_time`,`remark`,`create_time`,`update_time`,`create_by`,`update_by`,`deleted`) VALUES(142,'TS-2024043',100,'用户134','13800000129','110101199001010120',101,'环境保护','投诉','投诉主题42','投诉内容42',NULL,103,'部门107',143,'处理人129','0','2026-06-18 22:11:26',NULL,NULL,NULL,NULL,NULL,'备注42','2026-05-04 22:11:26','2026-05-07 22:11:26',1,1,0);
INSERT INTO `t_complaint_work`(`id`,`work_no`,`user_id`,`user_name`,`user_phone`,`user_id_card`,`category_id`,`category_name`,`complaint_type`,`title`,`content`,`images`,`dept_id`,`dept_name`,`handler_id`,`handler_name`,`status`,`submit_time`,`assign_time`,`handle_time`,`finish_time`,`satisfaction`,`satisfaction_time`,`remark`,`create_time`,`update_time`,`create_by`,`update_by`,`deleted`) VALUES(143,'TS-2024044',144,'用户102','13800000138','110101199001010120',102,'政务服务','建议','投诉主题43','投诉内容43',NULL,104,'部门109',130,'处理人140','0','2026-05-05 22:11:26',NULL,NULL,NULL,NULL,NULL,'备注43','2026-06-03 22:11:26','2026-06-24 22:11:26',1,1,0);
INSERT INTO `t_complaint_work`(`id`,`work_no`,`user_id`,`user_name`,`user_phone`,`user_id_card`,`category_id`,`category_name`,`complaint_type`,`title`,`content`,`images`,`dept_id`,`dept_name`,`handler_id`,`handler_name`,`status`,`submit_time`,`assign_time`,`handle_time`,`finish_time`,`satisfaction`,`satisfaction_time`,`remark`,`create_time`,`update_time`,`create_by`,`update_by`,`deleted`) VALUES(144,'TS-2024045',121,'用户109','13800000145','110101199001010113',101,'政务服务','举报','投诉主题44','投诉内容44',NULL,102,'部门107',146,'处理人125','1','2026-06-08 22:11:26','2026-05-16 22:11:26',NULL,NULL,NULL,'2026-06-10 22:11:26',NULL,'2026-05-31 22:11:26','2026-05-15 22:11:26',1,1,0);
INSERT INTO `t_complaint_work`(`id`,`work_no`,`user_id`,`user_name`,`user_phone`,`user_id_card`,`category_id`,`category_name`,`complaint_type`,`title`,`content`,`images`,`dept_id`,`dept_name`,`handler_id`,`handler_name`,`status`,`submit_time`,`assign_time`,`handle_time`,`finish_time`,`satisfaction`,`satisfaction_time`,`remark`,`create_time`,`update_time`,`create_by`,`update_by`,`deleted`) VALUES(145,'TS-2024046',130,'用户122','13800000148','110101199001010125',103,'政务服务','投诉','投诉主题45','投诉内容45',NULL,108,'部门104',118,'处理人144','1','2026-04-29 22:11:26','2026-06-15 22:11:26',NULL,NULL,NULL,NULL,NULL,'2026-05-10 22:11:26','2026-05-08 22:11:26',1,1,0);
INSERT INTO `t_complaint_work`(`id`,`work_no`,`user_id`,`user_name`,`user_phone`,`user_id_card`,`category_id`,`category_name`,`complaint_type`,`title`,`content`,`images`,`dept_id`,`dept_name`,`handler_id`,`handler_name`,`status`,`submit_time`,`assign_time`,`handle_time`,`finish_time`,`satisfaction`,`satisfaction_time`,`remark`,`create_time`,`update_time`,`create_by`,`update_by`,`deleted`) VALUES(146,'TS-2024047',137,'用户103','13800000145','110101199001010119',103,'城市管理','建议','投诉主题46','投诉内容46',NULL,109,'部门102',128,'处理人144','2','2026-05-28 22:11:26','2026-06-09 22:11:26','2026-06-18 22:11:26',NULL,NULL,NULL,'备注46','2026-05-11 22:11:26','2026-05-17 22:11:26',1,1,0);
INSERT INTO `t_complaint_work`(`id`,`work_no`,`user_id`,`user_name`,`user_phone`,`user_id_card`,`category_id`,`category_name`,`complaint_type`,`title`,`content`,`images`,`dept_id`,`dept_name`,`handler_id`,`handler_name`,`status`,`submit_time`,`assign_time`,`handle_time`,`finish_time`,`satisfaction`,`satisfaction_time`,`remark`,`create_time`,`update_time`,`create_by`,`update_by`,`deleted`) VALUES(147,'TS-2024048',100,'用户123','13800000146','110101199001010136',100,'城市管理','举报','投诉主题47','投诉内容47',NULL,106,'部门106',143,'处理人110','2','2026-04-29 22:11:26','2026-06-24 22:11:26','2026-06-21 22:11:26',NULL,NULL,'2026-06-22 22:11:26','备注47','2026-06-20 22:11:26','2026-05-26 22:11:26',1,1,0);
INSERT INTO `t_complaint_work`(`id`,`work_no`,`user_id`,`user_name`,`user_phone`,`user_id_card`,`category_id`,`category_name`,`complaint_type`,`title`,`content`,`images`,`dept_id`,`dept_name`,`handler_id`,`handler_name`,`status`,`submit_time`,`assign_time`,`handle_time`,`finish_time`,`satisfaction`,`satisfaction_time`,`remark`,`create_time`,`update_time`,`create_by`,`update_by`,`deleted`) VALUES(148,'TS-2024049',141,'用户121','13800000137','110101199001010127',101,'教育医疗','投诉','投诉主题48','投诉内容48',NULL,103,'部门100',107,'处理人115','3','2026-06-02 22:11:26','2026-05-27 22:11:26','2026-06-08 22:11:26','2026-06-05 22:11:26',5,'2026-06-15 22:11:26','备注48','2026-05-08 22:11:26','2026-05-16 22:11:26',1,1,0);
INSERT INTO `t_complaint_work`(`id`,`work_no`,`user_id`,`user_name`,`user_phone`,`user_id_card`,`category_id`,`category_name`,`complaint_type`,`title`,`content`,`images`,`dept_id`,`dept_name`,`handler_id`,`handler_name`,`status`,`submit_time`,`assign_time`,`handle_time`,`finish_time`,`satisfaction`,`satisfaction_time`,`remark`,`create_time`,`update_time`,`create_by`,`update_by`,`deleted`) VALUES(149,'TS-2024050',142,'用户105','13800000149','110101199001010129',103,'环境保护','建议','投诉主题49','投诉内容49',NULL,107,'部门105',100,'处理人107','0','2026-06-20 22:11:26',NULL,NULL,NULL,NULL,NULL,'备注49','2026-04-30 22:11:26','2026-05-26 22:11:26',1,1,0);

USE `gov_complaint`;
DELETE FROM `t_complaint_handle` WHERE id >= 100;
INSERT INTO `t_complaint_handle`(`id`,`work_id`,`handler_id`,`handler_name`,`handle_type`,`handle_content`,`handle_time`,`next_dept_id`,`next_dept_name`,`create_time`,`update_time`,`create_by`,`update_by`,`deleted`) VALUES(100,114,101,'处理人137','办结','处理内容0','2026-05-22 22:11:26',107,'部门104','2026-05-14 22:11:26','2026-06-04 22:11:26',1,1,0);
INSERT INTO `t_complaint_handle`(`id`,`work_id`,`handler_id`,`handler_name`,`handle_type`,`handle_content`,`handle_time`,`next_dept_id`,`next_dept_name`,`create_time`,`update_time`,`create_by`,`update_by`,`deleted`) VALUES(101,106,137,'处理人111','答复','处理内容1','2026-05-28 22:11:26',106,'部门104','2026-05-22 22:11:26','2026-06-23 22:11:26',1,1,0);
INSERT INTO `t_complaint_handle`(`id`,`work_id`,`handler_id`,`handler_name`,`handle_type`,`handle_content`,`handle_time`,`next_dept_id`,`next_dept_name`,`create_time`,`update_time`,`create_by`,`update_by`,`deleted`) VALUES(102,106,120,'处理人104','督办','处理内容2','2026-04-30 22:11:26',108,'部门102','2026-06-02 22:11:26','2026-06-01 22:11:26',1,1,0);
INSERT INTO `t_complaint_handle`(`id`,`work_id`,`handler_id`,`handler_name`,`handle_type`,`handle_content`,`handle_time`,`next_dept_id`,`next_dept_name`,`create_time`,`update_time`,`create_by`,`update_by`,`deleted`) VALUES(103,144,101,'处理人125','办结','处理内容3','2026-05-06 22:11:26',108,'部门108','2026-05-27 22:11:26','2026-06-25 22:11:26',1,1,0);
INSERT INTO `t_complaint_handle`(`id`,`work_id`,`handler_id`,`handler_name`,`handle_type`,`handle_content`,`handle_time`,`next_dept_id`,`next_dept_name`,`create_time`,`update_time`,`create_by`,`update_by`,`deleted`) VALUES(104,133,137,'处理人134','督办','处理内容4','2026-05-06 22:11:26',101,'部门103','2026-05-16 22:11:26','2026-05-30 22:11:26',1,1,0);
INSERT INTO `t_complaint_handle`(`id`,`work_id`,`handler_id`,`handler_name`,`handle_type`,`handle_content`,`handle_time`,`next_dept_id`,`next_dept_name`,`create_time`,`update_time`,`create_by`,`update_by`,`deleted`) VALUES(105,107,111,'处理人138','督办','处理内容5','2026-06-16 22:11:26',100,'部门108','2026-05-30 22:11:26','2026-06-02 22:11:26',1,1,0);
INSERT INTO `t_complaint_handle`(`id`,`work_id`,`handler_id`,`handler_name`,`handle_type`,`handle_content`,`handle_time`,`next_dept_id`,`next_dept_name`,`create_time`,`update_time`,`create_by`,`update_by`,`deleted`) VALUES(106,120,107,'处理人102','转办','处理内容6','2026-05-22 22:11:26',103,'部门102','2026-06-22 22:11:26','2026-06-10 22:11:26',1,1,0);
INSERT INTO `t_complaint_handle`(`id`,`work_id`,`handler_id`,`handler_name`,`handle_type`,`handle_content`,`handle_time`,`next_dept_id`,`next_dept_name`,`create_time`,`update_time`,`create_by`,`update_by`,`deleted`) VALUES(107,116,148,'处理人102','受理','处理内容7','2026-06-20 22:11:26',108,'部门104','2026-06-04 22:11:26','2026-06-10 22:11:26',1,1,0);
INSERT INTO `t_complaint_handle`(`id`,`work_id`,`handler_id`,`handler_name`,`handle_type`,`handle_content`,`handle_time`,`next_dept_id`,`next_dept_name`,`create_time`,`update_time`,`create_by`,`update_by`,`deleted`) VALUES(108,110,127,'处理人142','受理','处理内容8','2026-06-12 22:11:26',104,'部门100','2026-05-25 22:11:26','2026-05-30 22:11:26',1,1,0);
INSERT INTO `t_complaint_handle`(`id`,`work_id`,`handler_id`,`handler_name`,`handle_type`,`handle_content`,`handle_time`,`next_dept_id`,`next_dept_name`,`create_time`,`update_time`,`create_by`,`update_by`,`deleted`) VALUES(109,118,142,'处理人134','答复','处理内容9','2026-06-19 22:11:26',109,'部门107','2026-05-14 22:11:26','2026-06-17 22:11:26',1,1,0);
INSERT INTO `t_complaint_handle`(`id`,`work_id`,`handler_id`,`handler_name`,`handle_type`,`handle_content`,`handle_time`,`next_dept_id`,`next_dept_name`,`create_time`,`update_time`,`create_by`,`update_by`,`deleted`) VALUES(110,133,122,'处理人138','办结','处理内容10','2026-05-26 22:11:26',103,'部门101','2026-05-16 22:11:26','2026-06-01 22:11:26',1,1,0);
INSERT INTO `t_complaint_handle`(`id`,`work_id`,`handler_id`,`handler_name`,`handle_type`,`handle_content`,`handle_time`,`next_dept_id`,`next_dept_name`,`create_time`,`update_time`,`create_by`,`update_by`,`deleted`) VALUES(111,102,115,'处理人102','转办','处理内容11','2026-06-18 22:11:26',104,'部门103','2026-06-19 22:11:26','2026-06-08 22:11:26',1,1,0);
INSERT INTO `t_complaint_handle`(`id`,`work_id`,`handler_id`,`handler_name`,`handle_type`,`handle_content`,`handle_time`,`next_dept_id`,`next_dept_name`,`create_time`,`update_time`,`create_by`,`update_by`,`deleted`) VALUES(112,135,113,'处理人137','退回','处理内容12','2026-06-10 22:11:26',102,'部门109','2026-05-31 22:11:26','2026-06-25 22:11:26',1,1,0);
INSERT INTO `t_complaint_handle`(`id`,`work_id`,`handler_id`,`handler_name`,`handle_type`,`handle_content`,`handle_time`,`next_dept_id`,`next_dept_name`,`create_time`,`update_time`,`create_by`,`update_by`,`deleted`) VALUES(113,135,116,'处理人116','答复','处理内容13','2026-05-17 22:11:26',102,'部门106','2026-05-29 22:11:26','2026-06-25 22:11:26',1,1,0);
INSERT INTO `t_complaint_handle`(`id`,`work_id`,`handler_id`,`handler_name`,`handle_type`,`handle_content`,`handle_time`,`next_dept_id`,`next_dept_name`,`create_time`,`update_time`,`create_by`,`update_by`,`deleted`) VALUES(114,116,143,'处理人127','督办','处理内容14','2026-06-18 22:11:26',108,'部门103','2026-06-23 22:11:26','2026-06-07 22:11:26',1,1,0);
INSERT INTO `t_complaint_handle`(`id`,`work_id`,`handler_id`,`handler_name`,`handle_type`,`handle_content`,`handle_time`,`next_dept_id`,`next_dept_name`,`create_time`,`update_time`,`create_by`,`update_by`,`deleted`) VALUES(115,146,117,'处理人140','督办','处理内容15','2026-05-17 22:11:26',103,'部门105','2026-05-22 22:11:26','2026-06-06 22:11:26',1,1,0);
INSERT INTO `t_complaint_handle`(`id`,`work_id`,`handler_id`,`handler_name`,`handle_type`,`handle_content`,`handle_time`,`next_dept_id`,`next_dept_name`,`create_time`,`update_time`,`create_by`,`update_by`,`deleted`) VALUES(116,141,132,'处理人138','转办','处理内容16','2026-06-01 22:11:26',102,'部门105','2026-05-08 22:11:26','2026-06-14 22:11:26',1,1,0);
INSERT INTO `t_complaint_handle`(`id`,`work_id`,`handler_id`,`handler_name`,`handle_type`,`handle_content`,`handle_time`,`next_dept_id`,`next_dept_name`,`create_time`,`update_time`,`create_by`,`update_by`,`deleted`) VALUES(117,124,101,'处理人138','转办','处理内容17','2026-06-23 22:11:26',104,'部门101','2026-05-24 22:11:26','2026-06-24 22:11:26',1,1,0);
INSERT INTO `t_complaint_handle`(`id`,`work_id`,`handler_id`,`handler_name`,`handle_type`,`handle_content`,`handle_time`,`next_dept_id`,`next_dept_name`,`create_time`,`update_time`,`create_by`,`update_by`,`deleted`) VALUES(118,143,135,'处理人126','受理','处理内容18','2026-06-06 22:11:26',101,'部门105','2026-04-30 22:11:26','2026-06-17 22:11:26',1,1,0);
INSERT INTO `t_complaint_handle`(`id`,`work_id`,`handler_id`,`handler_name`,`handle_type`,`handle_content`,`handle_time`,`next_dept_id`,`next_dept_name`,`create_time`,`update_time`,`create_by`,`update_by`,`deleted`) VALUES(119,149,117,'处理人109','转办','处理内容19','2026-06-10 22:11:26',100,'部门101','2026-06-03 22:11:26','2026-06-20 22:11:26',1,1,0);
INSERT INTO `t_complaint_handle`(`id`,`work_id`,`handler_id`,`handler_name`,`handle_type`,`handle_content`,`handle_time`,`next_dept_id`,`next_dept_name`,`create_time`,`update_time`,`create_by`,`update_by`,`deleted`) VALUES(120,124,106,'处理人107','转办','处理内容20','2026-05-25 22:11:26',104,'部门109','2026-05-06 22:11:26','2026-06-02 22:11:26',1,1,0);
INSERT INTO `t_complaint_handle`(`id`,`work_id`,`handler_id`,`handler_name`,`handle_type`,`handle_content`,`handle_time`,`next_dept_id`,`next_dept_name`,`create_time`,`update_time`,`create_by`,`update_by`,`deleted`) VALUES(121,131,106,'处理人133','退回','处理内容21','2026-05-14 22:11:26',109,'部门104','2026-05-23 22:11:26','2026-06-19 22:11:26',1,1,0);
INSERT INTO `t_complaint_handle`(`id`,`work_id`,`handler_id`,`handler_name`,`handle_type`,`handle_content`,`handle_time`,`next_dept_id`,`next_dept_name`,`create_time`,`update_time`,`create_by`,`update_by`,`deleted`) VALUES(122,138,106,'处理人103','转办','处理内容22','2026-06-07 22:11:26',106,'部门102','2026-06-05 22:11:26','2026-06-02 22:11:26',1,1,0);
INSERT INTO `t_complaint_handle`(`id`,`work_id`,`handler_id`,`handler_name`,`handle_type`,`handle_content`,`handle_time`,`next_dept_id`,`next_dept_name`,`create_time`,`update_time`,`create_by`,`update_by`,`deleted`) VALUES(123,147,143,'处理人134','办结','处理内容23','2026-05-20 22:11:26',106,'部门107','2026-05-21 22:11:26','2026-06-23 22:11:26',1,1,0);
INSERT INTO `t_complaint_handle`(`id`,`work_id`,`handler_id`,`handler_name`,`handle_type`,`handle_content`,`handle_time`,`next_dept_id`,`next_dept_name`,`create_time`,`update_time`,`create_by`,`update_by`,`deleted`) VALUES(124,116,100,'处理人143','办结','处理内容24','2026-05-13 22:11:26',102,'部门102','2026-06-18 22:11:26','2026-06-15 22:11:26',1,1,0);
INSERT INTO `t_complaint_handle`(`id`,`work_id`,`handler_id`,`handler_name`,`handle_type`,`handle_content`,`handle_time`,`next_dept_id`,`next_dept_name`,`create_time`,`update_time`,`create_by`,`update_by`,`deleted`) VALUES(125,136,147,'处理人117','受理','处理内容25','2026-04-30 22:11:26',105,'部门103','2026-05-15 22:11:26','2026-06-08 22:11:26',1,1,0);
INSERT INTO `t_complaint_handle`(`id`,`work_id`,`handler_id`,`handler_name`,`handle_type`,`handle_content`,`handle_time`,`next_dept_id`,`next_dept_name`,`create_time`,`update_time`,`create_by`,`update_by`,`deleted`) VALUES(126,126,145,'处理人129','转办','处理内容26','2026-05-30 22:11:26',105,'部门107','2026-05-26 22:11:26','2026-06-18 22:11:26',1,1,0);
INSERT INTO `t_complaint_handle`(`id`,`work_id`,`handler_id`,`handler_name`,`handle_type`,`handle_content`,`handle_time`,`next_dept_id`,`next_dept_name`,`create_time`,`update_time`,`create_by`,`update_by`,`deleted`) VALUES(127,117,127,'处理人133','督办','处理内容27','2026-05-02 22:11:26',103,'部门104','2026-05-18 22:11:26','2026-05-31 22:11:26',1,1,0);
INSERT INTO `t_complaint_handle`(`id`,`work_id`,`handler_id`,`handler_name`,`handle_type`,`handle_content`,`handle_time`,`next_dept_id`,`next_dept_name`,`create_time`,`update_time`,`create_by`,`update_by`,`deleted`) VALUES(128,105,119,'处理人126','退回','处理内容28','2026-05-04 22:11:26',101,'部门101','2026-06-23 22:11:26','2026-06-04 22:11:26',1,1,0);
INSERT INTO `t_complaint_handle`(`id`,`work_id`,`handler_id`,`handler_name`,`handle_type`,`handle_content`,`handle_time`,`next_dept_id`,`next_dept_name`,`create_time`,`update_time`,`create_by`,`update_by`,`deleted`) VALUES(129,115,105,'处理人110','办结','处理内容29','2026-06-24 22:11:26',101,'部门104','2026-05-23 22:11:26','2026-05-29 22:11:26',1,1,0);
INSERT INTO `t_complaint_handle`(`id`,`work_id`,`handler_id`,`handler_name`,`handle_type`,`handle_content`,`handle_time`,`next_dept_id`,`next_dept_name`,`create_time`,`update_time`,`create_by`,`update_by`,`deleted`) VALUES(130,131,100,'处理人127','督办','处理内容30','2026-05-26 22:11:26',102,'部门107','2026-05-27 22:11:26','2026-06-11 22:11:26',1,1,0);
INSERT INTO `t_complaint_handle`(`id`,`work_id`,`handler_id`,`handler_name`,`handle_type`,`handle_content`,`handle_time`,`next_dept_id`,`next_dept_name`,`create_time`,`update_time`,`create_by`,`update_by`,`deleted`) VALUES(131,143,143,'处理人134','督办','处理内容31','2026-06-20 22:11:26',106,'部门100','2026-05-19 22:11:26','2026-06-21 22:11:26',1,1,0);
INSERT INTO `t_complaint_handle`(`id`,`work_id`,`handler_id`,`handler_name`,`handle_type`,`handle_content`,`handle_time`,`next_dept_id`,`next_dept_name`,`create_time`,`update_time`,`create_by`,`update_by`,`deleted`) VALUES(132,147,100,'处理人145','答复','处理内容32','2026-05-14 22:11:26',108,'部门105','2026-06-12 22:11:26','2026-06-04 22:11:26',1,1,0);
INSERT INTO `t_complaint_handle`(`id`,`work_id`,`handler_id`,`handler_name`,`handle_type`,`handle_content`,`handle_time`,`next_dept_id`,`next_dept_name`,`create_time`,`update_time`,`create_by`,`update_by`,`deleted`) VALUES(133,142,133,'处理人143','办结','处理内容33','2026-06-25 22:11:26',109,'部门107','2026-06-17 22:11:26','2026-06-06 22:11:26',1,1,0);
INSERT INTO `t_complaint_handle`(`id`,`work_id`,`handler_id`,`handler_name`,`handle_type`,`handle_content`,`handle_time`,`next_dept_id`,`next_dept_name`,`create_time`,`update_time`,`create_by`,`update_by`,`deleted`) VALUES(134,148,133,'处理人114','转办','处理内容34','2026-06-23 22:11:26',105,'部门102','2026-05-26 22:11:26','2026-06-16 22:11:26',1,1,0);
INSERT INTO `t_complaint_handle`(`id`,`work_id`,`handler_id`,`handler_name`,`handle_type`,`handle_content`,`handle_time`,`next_dept_id`,`next_dept_name`,`create_time`,`update_time`,`create_by`,`update_by`,`deleted`) VALUES(135,103,127,'处理人131','答复','处理内容35','2026-06-17 22:11:26',105,'部门101','2026-06-06 22:11:26','2026-05-29 22:11:26',1,1,0);
INSERT INTO `t_complaint_handle`(`id`,`work_id`,`handler_id`,`handler_name`,`handle_type`,`handle_content`,`handle_time`,`next_dept_id`,`next_dept_name`,`create_time`,`update_time`,`create_by`,`update_by`,`deleted`) VALUES(136,143,115,'处理人134','受理','处理内容36','2026-06-09 22:11:26',104,'部门107','2026-06-09 22:11:26','2026-06-19 22:11:26',1,1,0);
INSERT INTO `t_complaint_handle`(`id`,`work_id`,`handler_id`,`handler_name`,`handle_type`,`handle_content`,`handle_time`,`next_dept_id`,`next_dept_name`,`create_time`,`update_time`,`create_by`,`update_by`,`deleted`) VALUES(137,113,100,'处理人147','督办','处理内容37','2026-05-22 22:11:26',106,'部门103','2026-04-29 22:11:26','2026-06-18 22:11:26',1,1,0);
INSERT INTO `t_complaint_handle`(`id`,`work_id`,`handler_id`,`handler_name`,`handle_type`,`handle_content`,`handle_time`,`next_dept_id`,`next_dept_name`,`create_time`,`update_time`,`create_by`,`update_by`,`deleted`) VALUES(138,141,132,'处理人102','答复','处理内容38','2026-05-01 22:11:26',109,'部门107','2026-06-24 22:11:26','2026-06-16 22:11:26',1,1,0);
INSERT INTO `t_complaint_handle`(`id`,`work_id`,`handler_id`,`handler_name`,`handle_type`,`handle_content`,`handle_time`,`next_dept_id`,`next_dept_name`,`create_time`,`update_time`,`create_by`,`update_by`,`deleted`) VALUES(139,100,139,'处理人129','退回','处理内容39','2026-06-08 22:11:26',105,'部门101','2026-06-27 22:11:26','2026-06-16 22:11:26',1,1,0);

USE `gov_complaint`;
DELETE FROM `t_complaint_hotspot` WHERE id >= 100;
INSERT INTO `t_complaint_hotspot`(`id`,`keyword`,`keyword_count`,`stat_date`,`category_id`,`trend`,`create_time`,`update_time`,`create_by`,`update_by`,`deleted`) VALUES(100,'办事效率',465,'2026-06-04',101,'波动','2026-06-16 22:11:26','2026-06-27 22:11:26',1,1,0);
INSERT INTO `t_complaint_hotspot`(`id`,`keyword`,`keyword_count`,`stat_date`,`category_id`,`trend`,`create_time`,`update_time`,`create_by`,`update_by`,`deleted`) VALUES(101,'服务态度',61,'2026-06-14',103,'下降','2026-06-25 22:11:26','2026-06-11 22:11:26',1,1,0);
INSERT INTO `t_complaint_hotspot`(`id`,`keyword`,`keyword_count`,`stat_date`,`category_id`,`trend`,`create_time`,`update_time`,`create_by`,`update_by`,`deleted`) VALUES(102,'材料繁多',273,'2026-05-30',101,'波动','2026-06-24 22:11:26','2026-05-29 22:11:26',1,1,0);
INSERT INTO `t_complaint_hotspot`(`id`,`keyword`,`keyword_count`,`stat_date`,`category_id`,`trend`,`create_time`,`update_time`,`create_by`,`update_by`,`deleted`) VALUES(103,'系统故障',259,'2026-06-27',101,'平稳','2026-06-20 22:11:26','2026-06-12 22:11:26',1,1,0);
INSERT INTO `t_complaint_hotspot`(`id`,`keyword`,`keyword_count`,`stat_date`,`category_id`,`trend`,`create_time`,`update_time`,`create_by`,`update_by`,`deleted`) VALUES(104,'流程繁琐',212,'2026-06-16',102,'平稳','2026-06-14 22:11:26','2026-05-30 22:11:26',1,1,0);
INSERT INTO `t_complaint_hotspot`(`id`,`keyword`,`keyword_count`,`stat_date`,`category_id`,`trend`,`create_time`,`update_time`,`create_by`,`update_by`,`deleted`) VALUES(105,'审批太慢',103,'2026-06-10',102,'上升','2026-06-13 22:11:26','2026-06-06 22:11:26',1,1,0);
INSERT INTO `t_complaint_hotspot`(`id`,`keyword`,`keyword_count`,`stat_date`,`category_id`,`trend`,`create_time`,`update_time`,`create_by`,`update_by`,`deleted`) VALUES(106,'窗口太少',439,'2026-06-13',101,'下降','2026-06-16 22:11:26','2026-06-04 22:11:26',1,1,0);
INSERT INTO `t_complaint_hotspot`(`id`,`keyword`,`keyword_count`,`stat_date`,`category_id`,`trend`,`create_time`,`update_time`,`create_by`,`update_by`,`deleted`) VALUES(107,'排队太久',232,'2026-06-27',102,'下降','2026-06-24 22:11:26','2026-06-21 22:11:26',1,1,0);
INSERT INTO `t_complaint_hotspot`(`id`,`keyword`,`keyword_count`,`stat_date`,`category_id`,`trend`,`create_time`,`update_time`,`create_by`,`update_by`,`deleted`) VALUES(108,'信息不透明',155,'2026-06-26',101,'波动','2026-06-14 22:11:26','2026-06-04 22:11:26',1,1,0);
INSERT INTO `t_complaint_hotspot`(`id`,`keyword`,`keyword_count`,`stat_date`,`category_id`,`trend`,`create_time`,`update_time`,`create_by`,`update_by`,`deleted`) VALUES(109,'投诉无门',179,'2026-05-30',100,'下降','2026-06-06 22:11:26','2026-06-21 22:11:26',1,1,0);
INSERT INTO `t_complaint_hotspot`(`id`,`keyword`,`keyword_count`,`stat_date`,`category_id`,`trend`,`create_time`,`update_time`,`create_by`,`update_by`,`deleted`) VALUES(110,'收费高',495,'2026-06-12',102,'上升','2026-06-14 22:11:26','2026-06-12 22:11:26',1,1,0);
INSERT INTO `t_complaint_hotspot`(`id`,`keyword`,`keyword_count`,`stat_date`,`category_id`,`trend`,`create_time`,`update_time`,`create_by`,`update_by`,`deleted`) VALUES(111,'来回跑',291,'2026-06-12',101,'平稳','2026-06-03 22:11:26','2026-06-03 22:11:26',1,1,0);
INSERT INTO `t_complaint_hotspot`(`id`,`keyword`,`keyword_count`,`stat_date`,`category_id`,`trend`,`create_time`,`update_time`,`create_by`,`update_by`,`deleted`) VALUES(112,'材料被拒',409,'2026-05-30',103,'波动','2026-06-23 22:11:26','2026-06-24 22:11:26',1,1,0);
INSERT INTO `t_complaint_hotspot`(`id`,`keyword`,`keyword_count`,`stat_date`,`category_id`,`trend`,`create_time`,`update_time`,`create_by`,`update_by`,`deleted`) VALUES(113,'看脸色办事',500,'2026-06-24',100,'下降','2026-06-23 22:11:26','2026-06-16 22:11:26',1,1,0);
INSERT INTO `t_complaint_hotspot`(`id`,`keyword`,`keyword_count`,`stat_date`,`category_id`,`trend`,`create_time`,`update_time`,`create_by`,`update_by`,`deleted`) VALUES(114,'数据不一致',266,'2026-06-27',101,'上升','2026-06-06 22:11:26','2026-06-01 22:11:26',1,1,0);
INSERT INTO `t_complaint_hotspot`(`id`,`keyword`,`keyword_count`,`stat_date`,`category_id`,`trend`,`create_time`,`update_time`,`create_by`,`update_by`,`deleted`) VALUES(115,'跨部门协调',185,'2026-06-14',100,'波动','2026-06-12 22:11:26','2026-06-18 22:11:26',1,1,0);
INSERT INTO `t_complaint_hotspot`(`id`,`keyword`,`keyword_count`,`stat_date`,`category_id`,`trend`,`create_time`,`update_time`,`create_by`,`update_by`,`deleted`) VALUES(116,'踢皮球',154,'2026-06-12',100,'波动','2026-06-20 22:11:26','2026-06-08 22:11:26',1,1,0);
INSERT INTO `t_complaint_hotspot`(`id`,`keyword`,`keyword_count`,`stat_date`,`category_id`,`trend`,`create_time`,`update_time`,`create_by`,`update_by`,`deleted`) VALUES(117,'标准不一',88,'2026-06-04',101,'下降','2026-06-19 22:11:26','2026-06-03 22:11:26',1,1,0);
INSERT INTO `t_complaint_hotspot`(`id`,`keyword`,`keyword_count`,`stat_date`,`category_id`,`trend`,`create_time`,`update_time`,`create_by`,`update_by`,`deleted`) VALUES(118,'证件过期',68,'2026-05-31',102,'下降','2026-06-06 22:11:26','2026-06-01 22:11:26',1,1,0);
INSERT INTO `t_complaint_hotspot`(`id`,`keyword`,`keyword_count`,`stat_date`,`category_id`,`trend`,`create_time`,`update_time`,`create_by`,`update_by`,`deleted`) VALUES(119,'系统卡顿',229,'2026-06-21',103,'上升','2026-06-05 22:11:26','2026-06-04 22:11:26',1,1,0);

USE `gov_complaint`;
DELETE FROM `t_complaint_supervise` WHERE id >= 100;
INSERT INTO `t_complaint_supervise`(`id`,`work_id`,`supervise_level`,`supervise_time`,`supervise_by`,`supervise_content`,`deadline`,`status`,`create_time`,`update_time`,`create_by`,`update_by`,`deleted`) VALUES(100,132,'重要','2026-06-15 22:11:26',137,'督办内容0','2026-06-17 22:11:26','1','2026-06-13 22:11:26','2026-06-24 22:11:26',1,1,0);
INSERT INTO `t_complaint_supervise`(`id`,`work_id`,`supervise_level`,`supervise_time`,`supervise_by`,`supervise_content`,`deadline`,`status`,`create_time`,`update_time`,`create_by`,`update_by`,`deleted`) VALUES(101,108,'特急','2026-06-25 22:11:26',117,'督办内容1','2026-06-24 22:11:26','1','2026-05-31 22:11:26','2026-06-27 22:11:26',1,1,0);
INSERT INTO `t_complaint_supervise`(`id`,`work_id`,`supervise_level`,`supervise_time`,`supervise_by`,`supervise_content`,`deadline`,`status`,`create_time`,`update_time`,`create_by`,`update_by`,`deleted`) VALUES(102,139,'重要','2026-06-22 22:11:26',103,'督办内容2','2026-06-21 22:11:26','2','2026-05-25 22:11:26','2026-06-18 22:11:26',1,1,0);
INSERT INTO `t_complaint_supervise`(`id`,`work_id`,`supervise_level`,`supervise_time`,`supervise_by`,`supervise_content`,`deadline`,`status`,`create_time`,`update_time`,`create_by`,`update_by`,`deleted`) VALUES(103,144,'重要','2026-06-13 22:11:26',121,'督办内容3','2026-06-21 22:11:26','2','2026-06-24 22:11:26','2026-06-11 22:11:26',1,1,0);
INSERT INTO `t_complaint_supervise`(`id`,`work_id`,`supervise_level`,`supervise_time`,`supervise_by`,`supervise_content`,`deadline`,`status`,`create_time`,`update_time`,`create_by`,`update_by`,`deleted`) VALUES(104,127,'一般','2026-06-08 22:11:26',107,'督办内容4','2026-06-23 22:11:26','0','2026-06-10 22:11:26','2026-06-16 22:11:26',1,1,0);
INSERT INTO `t_complaint_supervise`(`id`,`work_id`,`supervise_level`,`supervise_time`,`supervise_by`,`supervise_content`,`deadline`,`status`,`create_time`,`update_time`,`create_by`,`update_by`,`deleted`) VALUES(105,145,'特急','2026-06-12 22:11:26',120,'督办内容5','2026-06-13 22:11:26','1','2026-06-16 22:11:26','2026-06-26 22:11:26',1,1,0);
INSERT INTO `t_complaint_supervise`(`id`,`work_id`,`supervise_level`,`supervise_time`,`supervise_by`,`supervise_content`,`deadline`,`status`,`create_time`,`update_time`,`create_by`,`update_by`,`deleted`) VALUES(106,100,'一般','2026-05-16 22:11:26',147,'督办内容6','2026-06-22 22:11:26','1','2026-06-09 22:11:26','2026-06-12 22:11:26',1,1,0);
INSERT INTO `t_complaint_supervise`(`id`,`work_id`,`supervise_level`,`supervise_time`,`supervise_by`,`supervise_content`,`deadline`,`status`,`create_time`,`update_time`,`create_by`,`update_by`,`deleted`) VALUES(107,117,'一般','2026-05-31 22:11:26',111,'督办内容7','2026-06-23 22:11:26','2','2026-06-04 22:11:26','2026-06-17 22:11:26',1,1,0);
INSERT INTO `t_complaint_supervise`(`id`,`work_id`,`supervise_level`,`supervise_time`,`supervise_by`,`supervise_content`,`deadline`,`status`,`create_time`,`update_time`,`create_by`,`update_by`,`deleted`) VALUES(108,119,'一般','2026-06-21 22:11:26',142,'督办内容8','2026-06-27 22:11:26','1','2026-06-06 22:11:26','2026-06-16 22:11:26',1,1,0);
INSERT INTO `t_complaint_supervise`(`id`,`work_id`,`supervise_level`,`supervise_time`,`supervise_by`,`supervise_content`,`deadline`,`status`,`create_time`,`update_time`,`create_by`,`update_by`,`deleted`) VALUES(109,147,'紧急','2026-05-11 22:11:26',149,'督办内容9','2026-06-18 22:11:26','0','2026-06-12 22:11:26','2026-06-07 22:11:26',1,1,0);
INSERT INTO `t_complaint_supervise`(`id`,`work_id`,`supervise_level`,`supervise_time`,`supervise_by`,`supervise_content`,`deadline`,`status`,`create_time`,`update_time`,`create_by`,`update_by`,`deleted`) VALUES(110,117,'重要','2026-05-21 22:11:26',124,'督办内容10','2026-06-26 22:11:26','1','2026-06-19 22:11:26','2026-06-07 22:11:26',1,1,0);
INSERT INTO `t_complaint_supervise`(`id`,`work_id`,`supervise_level`,`supervise_time`,`supervise_by`,`supervise_content`,`deadline`,`status`,`create_time`,`update_time`,`create_by`,`update_by`,`deleted`) VALUES(111,147,'一般','2026-06-25 22:11:26',137,'督办内容11','2026-06-13 22:11:26','1','2026-06-15 22:11:26','2026-06-05 22:11:26',1,1,0);
INSERT INTO `t_complaint_supervise`(`id`,`work_id`,`supervise_level`,`supervise_time`,`supervise_by`,`supervise_content`,`deadline`,`status`,`create_time`,`update_time`,`create_by`,`update_by`,`deleted`) VALUES(112,128,'一般','2026-06-23 22:11:26',134,'督办内容12','2026-06-18 22:11:26','0','2026-06-08 22:11:26','2026-06-04 22:11:26',1,1,0);
INSERT INTO `t_complaint_supervise`(`id`,`work_id`,`supervise_level`,`supervise_time`,`supervise_by`,`supervise_content`,`deadline`,`status`,`create_time`,`update_time`,`create_by`,`update_by`,`deleted`) VALUES(113,130,'重要','2026-05-24 22:11:26',146,'督办内容13','2026-06-25 22:11:26','1','2026-06-19 22:11:26','2026-06-21 22:11:26',1,1,0);
INSERT INTO `t_complaint_supervise`(`id`,`work_id`,`supervise_level`,`supervise_time`,`supervise_by`,`supervise_content`,`deadline`,`status`,`create_time`,`update_time`,`create_by`,`update_by`,`deleted`) VALUES(114,126,'紧急','2026-05-01 22:11:26',148,'督办内容14','2026-06-14 22:11:26','0','2026-05-01 22:11:26','2026-06-16 22:11:26',1,1,0);

USE `gov_complaint`;
DELETE FROM `t_suggestion` WHERE id >= 100;
INSERT INTO `t_suggestion`(`id`,`suggestion_no`,`user_id`,`user_name`,`title`,`content`,`suggestion_type`,`status`,`reply_content`,`reply_time`,`reply_by`,`create_time`,`update_time`,`create_by`,`update_by`,`deleted`) VALUES(100,'SG-2024001',128,'用户140','建议标题0','建议内容0','政府服务','2',NULL,NULL,132,'2026-05-08 22:11:26','2026-06-27 22:11:26',1,1,0);
INSERT INTO `t_suggestion`(`id`,`suggestion_no`,`user_id`,`user_name`,`title`,`content`,`suggestion_type`,`status`,`reply_content`,`reply_time`,`reply_by`,`create_time`,`update_time`,`create_by`,`update_by`,`deleted`) VALUES(101,'SG-2024002',110,'用户138','建议标题1','建议内容1','环境保护','1',NULL,'2026-06-26 22:11:26',144,'2026-06-15 22:11:26','2026-06-04 22:11:26',1,1,0);
INSERT INTO `t_suggestion`(`id`,`suggestion_no`,`user_id`,`user_name`,`title`,`content`,`suggestion_type`,`status`,`reply_content`,`reply_time`,`reply_by`,`create_time`,`update_time`,`create_by`,`update_by`,`deleted`) VALUES(102,'SG-2024003',125,'用户131','建议标题2','建议内容2','交通出行','3','回复内容2',NULL,124,'2026-05-23 22:11:26','2026-06-03 22:11:26',1,1,0);
INSERT INTO `t_suggestion`(`id`,`suggestion_no`,`user_id`,`user_name`,`title`,`content`,`suggestion_type`,`status`,`reply_content`,`reply_time`,`reply_by`,`create_time`,`update_time`,`create_by`,`update_by`,`deleted`) VALUES(103,'SG-2024004',124,'用户125','建议标题3','建议内容3','交通出行','0',NULL,NULL,137,'2026-05-14 22:11:26','2026-06-27 22:11:26',1,1,0);
INSERT INTO `t_suggestion`(`id`,`suggestion_no`,`user_id`,`user_name`,`title`,`content`,`suggestion_type`,`status`,`reply_content`,`reply_time`,`reply_by`,`create_time`,`update_time`,`create_by`,`update_by`,`deleted`) VALUES(104,'SG-2024005',132,'用户129','建议标题4','建议内容4','交通出行','3',NULL,'2026-06-18 22:11:26',135,'2026-06-20 22:11:26','2026-06-22 22:11:26',1,1,0);
INSERT INTO `t_suggestion`(`id`,`suggestion_no`,`user_id`,`user_name`,`title`,`content`,`suggestion_type`,`status`,`reply_content`,`reply_time`,`reply_by`,`create_time`,`update_time`,`create_by`,`update_by`,`deleted`) VALUES(105,'SG-2024006',114,'用户102','建议标题5','建议内容5','交通出行','1',NULL,'2026-05-30 22:11:26',NULL,'2026-06-19 22:11:26','2026-06-19 22:11:26',1,1,0);
INSERT INTO `t_suggestion`(`id`,`suggestion_no`,`user_id`,`user_name`,`title`,`content`,`suggestion_type`,`status`,`reply_content`,`reply_time`,`reply_by`,`create_time`,`update_time`,`create_by`,`update_by`,`deleted`) VALUES(106,'SG-2024007',103,'用户141','建议标题6','建议内容6','城市管理','1','回复内容6',NULL,NULL,'2026-05-20 22:11:26','2026-06-16 22:11:26',1,1,0);
INSERT INTO `t_suggestion`(`id`,`suggestion_no`,`user_id`,`user_name`,`title`,`content`,`suggestion_type`,`status`,`reply_content`,`reply_time`,`reply_by`,`create_time`,`update_time`,`create_by`,`update_by`,`deleted`) VALUES(107,'SG-2024008',120,'用户105','建议标题7','建议内容7','交通出行','0','回复内容7',NULL,120,'2026-06-24 22:11:26','2026-06-07 22:11:26',1,1,0);
INSERT INTO `t_suggestion`(`id`,`suggestion_no`,`user_id`,`user_name`,`title`,`content`,`suggestion_type`,`status`,`reply_content`,`reply_time`,`reply_by`,`create_time`,`update_time`,`create_by`,`update_by`,`deleted`) VALUES(108,'SG-2024009',100,'用户122','建议标题8','建议内容8','城市管理','0',NULL,'2026-06-10 22:11:26',149,'2026-05-09 22:11:26','2026-06-09 22:11:26',1,1,0);
INSERT INTO `t_suggestion`(`id`,`suggestion_no`,`user_id`,`user_name`,`title`,`content`,`suggestion_type`,`status`,`reply_content`,`reply_time`,`reply_by`,`create_time`,`update_time`,`create_by`,`update_by`,`deleted`) VALUES(109,'SG-2024010',106,'用户146','建议标题9','建议内容9','教育医疗','0','回复内容9','2026-06-10 22:11:26',NULL,'2026-05-30 22:11:26','2026-06-20 22:11:26',1,1,0);
INSERT INTO `t_suggestion`(`id`,`suggestion_no`,`user_id`,`user_name`,`title`,`content`,`suggestion_type`,`status`,`reply_content`,`reply_time`,`reply_by`,`create_time`,`update_time`,`create_by`,`update_by`,`deleted`) VALUES(110,'SG-2024011',120,'用户117','建议标题10','建议内容10','城市管理','3','回复内容10','2026-06-15 22:11:26',NULL,'2026-06-13 22:11:26','2026-06-04 22:11:26',1,1,0);
INSERT INTO `t_suggestion`(`id`,`suggestion_no`,`user_id`,`user_name`,`title`,`content`,`suggestion_type`,`status`,`reply_content`,`reply_time`,`reply_by`,`create_time`,`update_time`,`create_by`,`update_by`,`deleted`) VALUES(111,'SG-2024012',146,'用户127','建议标题11','建议内容11','环境保护','1','回复内容11',NULL,NULL,'2026-06-16 22:11:26','2026-06-01 22:11:26',1,1,0);
INSERT INTO `t_suggestion`(`id`,`suggestion_no`,`user_id`,`user_name`,`title`,`content`,`suggestion_type`,`status`,`reply_content`,`reply_time`,`reply_by`,`create_time`,`update_time`,`create_by`,`update_by`,`deleted`) VALUES(112,'SG-2024013',111,'用户112','建议标题12','建议内容12','交通出行','2','回复内容12',NULL,NULL,'2026-06-08 22:11:26','2026-06-22 22:11:26',1,1,0);
INSERT INTO `t_suggestion`(`id`,`suggestion_no`,`user_id`,`user_name`,`title`,`content`,`suggestion_type`,`status`,`reply_content`,`reply_time`,`reply_by`,`create_time`,`update_time`,`create_by`,`update_by`,`deleted`) VALUES(113,'SG-2024014',111,'用户125','建议标题13','建议内容13','交通出行','1',NULL,NULL,NULL,'2026-04-30 22:11:26','2026-06-07 22:11:26',1,1,0);
INSERT INTO `t_suggestion`(`id`,`suggestion_no`,`user_id`,`user_name`,`title`,`content`,`suggestion_type`,`status`,`reply_content`,`reply_time`,`reply_by`,`create_time`,`update_time`,`create_by`,`update_by`,`deleted`) VALUES(114,'SG-2024015',125,'用户106','建议标题14','建议内容14','交通出行','1','回复内容14','2026-06-08 22:11:26',NULL,'2026-06-03 22:11:26','2026-06-27 22:11:26',1,1,0);
INSERT INTO `t_suggestion`(`id`,`suggestion_no`,`user_id`,`user_name`,`title`,`content`,`suggestion_type`,`status`,`reply_content`,`reply_time`,`reply_by`,`create_time`,`update_time`,`create_by`,`update_by`,`deleted`) VALUES(115,'SG-2024016',107,'用户100','建议标题15','建议内容15','政府服务','1',NULL,NULL,NULL,'2026-05-18 22:11:26','2026-06-08 22:11:26',1,1,0);
INSERT INTO `t_suggestion`(`id`,`suggestion_no`,`user_id`,`user_name`,`title`,`content`,`suggestion_type`,`status`,`reply_content`,`reply_time`,`reply_by`,`create_time`,`update_time`,`create_by`,`update_by`,`deleted`) VALUES(116,'SG-2024017',100,'用户100','建议标题16','建议内容16','政府服务','3','回复内容16',NULL,112,'2026-06-19 22:11:26','2026-06-12 22:11:26',1,1,0);
INSERT INTO `t_suggestion`(`id`,`suggestion_no`,`user_id`,`user_name`,`title`,`content`,`suggestion_type`,`status`,`reply_content`,`reply_time`,`reply_by`,`create_time`,`update_time`,`create_by`,`update_by`,`deleted`) VALUES(117,'SG-2024018',148,'用户136','建议标题17','建议内容17','教育医疗','1',NULL,NULL,NULL,'2026-05-24 22:11:26','2026-06-05 22:11:26',1,1,0);
INSERT INTO `t_suggestion`(`id`,`suggestion_no`,`user_id`,`user_name`,`title`,`content`,`suggestion_type`,`status`,`reply_content`,`reply_time`,`reply_by`,`create_time`,`update_time`,`create_by`,`update_by`,`deleted`) VALUES(118,'SG-2024019',117,'用户140','建议标题18','建议内容18','交通出行','1',NULL,NULL,106,'2026-05-26 22:11:26','2026-05-30 22:11:26',1,1,0);
INSERT INTO `t_suggestion`(`id`,`suggestion_no`,`user_id`,`user_name`,`title`,`content`,`suggestion_type`,`status`,`reply_content`,`reply_time`,`reply_by`,`create_time`,`update_time`,`create_by`,`update_by`,`deleted`) VALUES(119,'SG-2024020',126,'用户109','建议标题19','建议内容19','政府服务','1',NULL,NULL,NULL,'2026-05-17 22:11:26','2026-06-18 22:11:26',1,1,0);
INSERT INTO `t_suggestion`(`id`,`suggestion_no`,`user_id`,`user_name`,`title`,`content`,`suggestion_type`,`status`,`reply_content`,`reply_time`,`reply_by`,`create_time`,`update_time`,`create_by`,`update_by`,`deleted`) VALUES(120,'SG-2024021',114,'用户143','建议标题20','建议内容20','教育医疗','1',NULL,'2026-06-20 22:11:26',NULL,'2026-06-09 22:11:26','2026-06-16 22:11:26',1,1,0);
INSERT INTO `t_suggestion`(`id`,`suggestion_no`,`user_id`,`user_name`,`title`,`content`,`suggestion_type`,`status`,`reply_content`,`reply_time`,`reply_by`,`create_time`,`update_time`,`create_by`,`update_by`,`deleted`) VALUES(121,'SG-2024022',104,'用户139','建议标题21','建议内容21','环境保护','1',NULL,'2026-06-25 22:11:26',138,'2026-06-18 22:11:26','2026-06-22 22:11:26',1,1,0);
INSERT INTO `t_suggestion`(`id`,`suggestion_no`,`user_id`,`user_name`,`title`,`content`,`suggestion_type`,`status`,`reply_content`,`reply_time`,`reply_by`,`create_time`,`update_time`,`create_by`,`update_by`,`deleted`) VALUES(122,'SG-2024023',127,'用户133','建议标题22','建议内容22','环境保护','3',NULL,NULL,143,'2026-06-08 22:11:26','2026-06-08 22:11:26',1,1,0);
INSERT INTO `t_suggestion`(`id`,`suggestion_no`,`user_id`,`user_name`,`title`,`content`,`suggestion_type`,`status`,`reply_content`,`reply_time`,`reply_by`,`create_time`,`update_time`,`create_by`,`update_by`,`deleted`) VALUES(123,'SG-2024024',118,'用户122','建议标题23','建议内容23','政府服务','0','回复内容23','2026-05-29 22:11:26',NULL,'2026-04-30 22:11:26','2026-06-05 22:11:26',1,1,0);
INSERT INTO `t_suggestion`(`id`,`suggestion_no`,`user_id`,`user_name`,`title`,`content`,`suggestion_type`,`status`,`reply_content`,`reply_time`,`reply_by`,`create_time`,`update_time`,`create_by`,`update_by`,`deleted`) VALUES(124,'SG-2024025',104,'用户100','建议标题24','建议内容24','城市管理','1',NULL,NULL,130,'2026-05-06 22:11:26','2026-06-25 22:11:26',1,1,0);

USE `gov_open`;
DELETE FROM `t_open_notice` WHERE id >= 100;
INSERT INTO `t_open_notice`(`id`,`notice_code`,`title`,`content`,`notice_type`,`publish_dept_id`,`publish_dept_name`,`publish_user_id`,`publish_user_name`,`publish_time`,`expire_time`,`top_flag`,`view_count`,`status`,`create_time`,`update_time`,`create_by`,`update_by`,`deleted`) VALUES(100,'N-2024001','通知标题0','通知内容0...','通知',101,'部门109',127,'发布人0','2026-05-23 22:11:26',NULL,0,1054,'1','2026-06-04 22:11:26','2026-05-09 22:11:26',1,1,0);
INSERT INTO `t_open_notice`(`id`,`notice_code`,`title`,`content`,`notice_type`,`publish_dept_id`,`publish_dept_name`,`publish_user_id`,`publish_user_name`,`publish_time`,`expire_time`,`top_flag`,`view_count`,`status`,`create_time`,`update_time`,`create_by`,`update_by`,`deleted`) VALUES(101,'N-2024002','通知标题1','通知内容1...','公告',105,'部门105',131,'发布人1','2026-05-04 22:11:26','2026-05-14 22:11:26',1,2741,'1','2026-06-10 22:11:26','2026-04-05 22:11:26',1,1,0);
INSERT INTO `t_open_notice`(`id`,`notice_code`,`title`,`content`,`notice_type`,`publish_dept_id`,`publish_dept_name`,`publish_user_id`,`publish_user_name`,`publish_time`,`expire_time`,`top_flag`,`view_count`,`status`,`create_time`,`update_time`,`create_by`,`update_by`,`deleted`) VALUES(102,'N-2024003','通知标题2','通知内容2...','公示',103,'部门106',126,'发布人2','2026-04-18 22:11:26','2026-04-13 22:11:26',0,4372,'1','2026-04-20 22:11:26','2026-05-29 22:11:26',1,1,0);
INSERT INTO `t_open_notice`(`id`,`notice_code`,`title`,`content`,`notice_type`,`publish_dept_id`,`publish_dept_name`,`publish_user_id`,`publish_user_name`,`publish_time`,`expire_time`,`top_flag`,`view_count`,`status`,`create_time`,`update_time`,`create_by`,`update_by`,`deleted`) VALUES(103,'N-2024004','通知标题3','通知内容3...','通知',106,'部门101',137,'发布人3','2026-05-05 22:11:26','2026-02-10 22:11:26',0,724,'1','2026-05-28 22:11:26','2026-05-12 22:11:26',1,1,0);
INSERT INTO `t_open_notice`(`id`,`notice_code`,`title`,`content`,`notice_type`,`publish_dept_id`,`publish_dept_name`,`publish_user_id`,`publish_user_name`,`publish_time`,`expire_time`,`top_flag`,`view_count`,`status`,`create_time`,`update_time`,`create_by`,`update_by`,`deleted`) VALUES(104,'N-2024005','通知标题4','通知内容4...','公告',100,'部门103',101,'发布人4','2026-05-12 22:11:26','2026-07-24 22:11:26',0,498,'0','2026-05-14 22:11:26','2026-05-12 22:11:26',1,1,0);
INSERT INTO `t_open_notice`(`id`,`notice_code`,`title`,`content`,`notice_type`,`publish_dept_id`,`publish_dept_name`,`publish_user_id`,`publish_user_name`,`publish_time`,`expire_time`,`top_flag`,`view_count`,`status`,`create_time`,`update_time`,`create_by`,`update_by`,`deleted`) VALUES(105,'N-2024006','通知标题5','通知内容5...','公示',102,'部门104',129,'发布人5','2026-06-09 22:11:26','2026-04-08 22:11:26',0,1996,'2','2026-06-01 22:11:26','2026-05-30 22:11:26',1,1,0);
INSERT INTO `t_open_notice`(`id`,`notice_code`,`title`,`content`,`notice_type`,`publish_dept_id`,`publish_dept_name`,`publish_user_id`,`publish_user_name`,`publish_time`,`expire_time`,`top_flag`,`view_count`,`status`,`create_time`,`update_time`,`create_by`,`update_by`,`deleted`) VALUES(106,'N-2024007','通知标题6','通知内容6...','通知',100,'部门102',107,'发布人6','2026-03-30 22:11:26','2026-05-23 22:11:26',0,3489,'1','2026-05-11 22:11:26','2026-06-21 22:11:26',1,1,0);
INSERT INTO `t_open_notice`(`id`,`notice_code`,`title`,`content`,`notice_type`,`publish_dept_id`,`publish_dept_name`,`publish_user_id`,`publish_user_name`,`publish_time`,`expire_time`,`top_flag`,`view_count`,`status`,`create_time`,`update_time`,`create_by`,`update_by`,`deleted`) VALUES(107,'N-2024008','通知标题7','通知内容7...','公告',101,'部门109',104,'发布人7','2026-04-27 22:11:26','2026-01-17 22:11:26',0,257,'1','2026-06-09 22:11:26','2026-05-12 22:11:26',1,1,0);
INSERT INTO `t_open_notice`(`id`,`notice_code`,`title`,`content`,`notice_type`,`publish_dept_id`,`publish_dept_name`,`publish_user_id`,`publish_user_name`,`publish_time`,`expire_time`,`top_flag`,`view_count`,`status`,`create_time`,`update_time`,`create_by`,`update_by`,`deleted`) VALUES(108,'N-2024009','通知标题8','通知内容8...','公示',102,'部门101',115,'发布人8','2026-06-18 22:11:26',NULL,0,1236,'1','2026-06-04 22:11:26','2026-04-28 22:11:26',1,1,0);
INSERT INTO `t_open_notice`(`id`,`notice_code`,`title`,`content`,`notice_type`,`publish_dept_id`,`publish_dept_name`,`publish_user_id`,`publish_user_name`,`publish_time`,`expire_time`,`top_flag`,`view_count`,`status`,`create_time`,`update_time`,`create_by`,`update_by`,`deleted`) VALUES(109,'N-2024010','通知标题9','通知内容9...','通知',102,'部门108',144,'发布人9','2026-05-20 22:11:26','2026-02-24 22:11:26',0,3647,'1','2026-04-06 22:11:26','2026-03-31 22:11:26',1,1,0);
INSERT INTO `t_open_notice`(`id`,`notice_code`,`title`,`content`,`notice_type`,`publish_dept_id`,`publish_dept_name`,`publish_user_id`,`publish_user_name`,`publish_time`,`expire_time`,`top_flag`,`view_count`,`status`,`create_time`,`update_time`,`create_by`,`update_by`,`deleted`) VALUES(110,'N-2024011','通知标题10','通知内容10...','公告',100,'部门104',107,'发布人10','2026-06-08 22:11:26',NULL,0,4959,'0','2026-06-05 22:11:26','2026-04-24 22:11:26',1,1,0);
INSERT INTO `t_open_notice`(`id`,`notice_code`,`title`,`content`,`notice_type`,`publish_dept_id`,`publish_dept_name`,`publish_user_id`,`publish_user_name`,`publish_time`,`expire_time`,`top_flag`,`view_count`,`status`,`create_time`,`update_time`,`create_by`,`update_by`,`deleted`) VALUES(111,'N-2024012','通知标题11','通知内容11...','公示',102,'部门100',125,'发布人11','2026-05-04 22:11:26','2026-01-15 22:11:26',0,4549,'2','2026-05-25 22:11:26','2026-04-15 22:11:26',1,1,0);
INSERT INTO `t_open_notice`(`id`,`notice_code`,`title`,`content`,`notice_type`,`publish_dept_id`,`publish_dept_name`,`publish_user_id`,`publish_user_name`,`publish_time`,`expire_time`,`top_flag`,`view_count`,`status`,`create_time`,`update_time`,`create_by`,`update_by`,`deleted`) VALUES(112,'N-2024013','通知标题12','通知内容12...','通知',108,'部门104',145,'发布人12','2026-05-29 22:11:26','2026-07-18 22:11:26',0,763,'1','2026-04-22 22:11:26','2026-05-10 22:11:26',1,1,0);
INSERT INTO `t_open_notice`(`id`,`notice_code`,`title`,`content`,`notice_type`,`publish_dept_id`,`publish_dept_name`,`publish_user_id`,`publish_user_name`,`publish_time`,`expire_time`,`top_flag`,`view_count`,`status`,`create_time`,`update_time`,`create_by`,`update_by`,`deleted`) VALUES(113,'N-2024014','通知标题13','通知内容13...','公告',102,'部门103',125,'发布人13','2026-04-09 22:11:26',NULL,0,1514,'1','2026-04-17 22:11:26','2026-04-11 22:11:26',1,1,0);
INSERT INTO `t_open_notice`(`id`,`notice_code`,`title`,`content`,`notice_type`,`publish_dept_id`,`publish_dept_name`,`publish_user_id`,`publish_user_name`,`publish_time`,`expire_time`,`top_flag`,`view_count`,`status`,`create_time`,`update_time`,`create_by`,`update_by`,`deleted`) VALUES(114,'N-2024015','通知标题14','通知内容14...','公示',101,'部门107',130,'发布人14','2026-05-18 22:11:26','2026-05-16 22:11:26',0,1360,'1','2026-06-21 22:11:26','2026-05-11 22:11:26',1,1,0);
INSERT INTO `t_open_notice`(`id`,`notice_code`,`title`,`content`,`notice_type`,`publish_dept_id`,`publish_dept_name`,`publish_user_id`,`publish_user_name`,`publish_time`,`expire_time`,`top_flag`,`view_count`,`status`,`create_time`,`update_time`,`create_by`,`update_by`,`deleted`) VALUES(115,'N-2024016','通知标题15','通知内容15...','通知',106,'部门103',117,'发布人15','2026-06-14 22:11:26',NULL,0,4951,'1','2026-05-16 22:11:26','2026-06-24 22:11:26',1,1,0);
INSERT INTO `t_open_notice`(`id`,`notice_code`,`title`,`content`,`notice_type`,`publish_dept_id`,`publish_dept_name`,`publish_user_id`,`publish_user_name`,`publish_time`,`expire_time`,`top_flag`,`view_count`,`status`,`create_time`,`update_time`,`create_by`,`update_by`,`deleted`) VALUES(116,'N-2024017','通知标题16','通知内容16...','公告',103,'部门104',110,'发布人16','2026-04-19 22:11:26',NULL,0,4901,'0','2026-06-26 22:11:26','2026-05-19 22:11:26',1,1,0);
INSERT INTO `t_open_notice`(`id`,`notice_code`,`title`,`content`,`notice_type`,`publish_dept_id`,`publish_dept_name`,`publish_user_id`,`publish_user_name`,`publish_time`,`expire_time`,`top_flag`,`view_count`,`status`,`create_time`,`update_time`,`create_by`,`update_by`,`deleted`) VALUES(117,'N-2024018','通知标题17','通知内容17...','公示',103,'部门108',112,'发布人17','2026-04-07 22:11:26','2026-06-27 22:11:26',0,706,'2','2026-04-16 22:11:26','2026-04-16 22:11:26',1,1,0);
INSERT INTO `t_open_notice`(`id`,`notice_code`,`title`,`content`,`notice_type`,`publish_dept_id`,`publish_dept_name`,`publish_user_id`,`publish_user_name`,`publish_time`,`expire_time`,`top_flag`,`view_count`,`status`,`create_time`,`update_time`,`create_by`,`update_by`,`deleted`) VALUES(118,'N-2024019','通知标题18','通知内容18...','通知',100,'部门109',130,'发布人18','2026-06-22 22:11:26',NULL,0,2538,'1','2026-06-26 22:11:26','2026-05-13 22:11:26',1,1,0);
INSERT INTO `t_open_notice`(`id`,`notice_code`,`title`,`content`,`notice_type`,`publish_dept_id`,`publish_dept_name`,`publish_user_id`,`publish_user_name`,`publish_time`,`expire_time`,`top_flag`,`view_count`,`status`,`create_time`,`update_time`,`create_by`,`update_by`,`deleted`) VALUES(119,'N-2024020','通知标题19','通知内容19...','公告',104,'部门106',132,'发布人19','2026-06-03 22:11:26','2026-05-19 22:11:26',0,1071,'1','2026-03-30 22:11:26','2026-04-02 22:11:26',1,1,0);
INSERT INTO `t_open_notice`(`id`,`notice_code`,`title`,`content`,`notice_type`,`publish_dept_id`,`publish_dept_name`,`publish_user_id`,`publish_user_name`,`publish_time`,`expire_time`,`top_flag`,`view_count`,`status`,`create_time`,`update_time`,`create_by`,`update_by`,`deleted`) VALUES(120,'N-2024021','通知标题20','通知内容20...','公示',101,'部门105',126,'发布人20','2026-04-24 22:11:26',NULL,0,204,'1','2026-04-13 22:11:26','2026-05-10 22:11:26',1,1,0);
INSERT INTO `t_open_notice`(`id`,`notice_code`,`title`,`content`,`notice_type`,`publish_dept_id`,`publish_dept_name`,`publish_user_id`,`publish_user_name`,`publish_time`,`expire_time`,`top_flag`,`view_count`,`status`,`create_time`,`update_time`,`create_by`,`update_by`,`deleted`) VALUES(121,'N-2024022','通知标题21','通知内容21...','通知',107,'部门109',102,'发布人21','2026-05-21 22:11:26',NULL,0,655,'1','2026-04-08 22:11:26','2026-06-16 22:11:26',1,1,0);
INSERT INTO `t_open_notice`(`id`,`notice_code`,`title`,`content`,`notice_type`,`publish_dept_id`,`publish_dept_name`,`publish_user_id`,`publish_user_name`,`publish_time`,`expire_time`,`top_flag`,`view_count`,`status`,`create_time`,`update_time`,`create_by`,`update_by`,`deleted`) VALUES(122,'N-2024023','通知标题22','通知内容22...','公告',103,'部门103',143,'发布人22','2026-04-05 22:11:26',NULL,0,4119,'0','2026-04-22 22:11:26','2026-04-11 22:11:26',1,1,0);
INSERT INTO `t_open_notice`(`id`,`notice_code`,`title`,`content`,`notice_type`,`publish_dept_id`,`publish_dept_name`,`publish_user_id`,`publish_user_name`,`publish_time`,`expire_time`,`top_flag`,`view_count`,`status`,`create_time`,`update_time`,`create_by`,`update_by`,`deleted`) VALUES(123,'N-2024024','通知标题23','通知内容23...','公示',108,'部门105',128,'发布人23','2026-06-11 22:11:26','2026-05-27 22:11:26',1,3539,'2','2026-06-22 22:11:26','2026-04-01 22:11:26',1,1,0);
INSERT INTO `t_open_notice`(`id`,`notice_code`,`title`,`content`,`notice_type`,`publish_dept_id`,`publish_dept_name`,`publish_user_id`,`publish_user_name`,`publish_time`,`expire_time`,`top_flag`,`view_count`,`status`,`create_time`,`update_time`,`create_by`,`update_by`,`deleted`) VALUES(124,'N-2024025','通知标题24','通知内容24...','通知',106,'部门103',113,'发布人24','2026-04-10 22:11:26','2026-07-19 22:11:26',1,4085,'1','2026-06-15 22:11:26','2026-06-26 22:11:26',1,1,0);
INSERT INTO `t_open_notice`(`id`,`notice_code`,`title`,`content`,`notice_type`,`publish_dept_id`,`publish_dept_name`,`publish_user_id`,`publish_user_name`,`publish_time`,`expire_time`,`top_flag`,`view_count`,`status`,`create_time`,`update_time`,`create_by`,`update_by`,`deleted`) VALUES(125,'N-2024026','通知标题25','通知内容25...','公告',102,'部门104',135,'发布人25','2026-06-16 22:11:26','2026-05-03 22:11:26',0,1400,'1','2026-05-21 22:11:26','2026-06-07 22:11:26',1,1,0);
INSERT INTO `t_open_notice`(`id`,`notice_code`,`title`,`content`,`notice_type`,`publish_dept_id`,`publish_dept_name`,`publish_user_id`,`publish_user_name`,`publish_time`,`expire_time`,`top_flag`,`view_count`,`status`,`create_time`,`update_time`,`create_by`,`update_by`,`deleted`) VALUES(126,'N-2024027','通知标题26','通知内容26...','公示',101,'部门104',136,'发布人26','2026-05-12 22:11:26','2026-08-09 22:11:26',0,3784,'1','2026-05-25 22:11:26','2026-04-28 22:11:26',1,1,0);
INSERT INTO `t_open_notice`(`id`,`notice_code`,`title`,`content`,`notice_type`,`publish_dept_id`,`publish_dept_name`,`publish_user_id`,`publish_user_name`,`publish_time`,`expire_time`,`top_flag`,`view_count`,`status`,`create_time`,`update_time`,`create_by`,`update_by`,`deleted`) VALUES(127,'N-2024028','通知标题27','通知内容27...','通知',104,'部门107',141,'发布人27','2026-06-10 22:11:26','2026-04-04 22:11:26',0,334,'1','2026-05-12 22:11:26','2026-05-22 22:11:26',1,1,0);
INSERT INTO `t_open_notice`(`id`,`notice_code`,`title`,`content`,`notice_type`,`publish_dept_id`,`publish_dept_name`,`publish_user_id`,`publish_user_name`,`publish_time`,`expire_time`,`top_flag`,`view_count`,`status`,`create_time`,`update_time`,`create_by`,`update_by`,`deleted`) VALUES(128,'N-2024029','通知标题28','通知内容28...','公告',106,'部门106',139,'发布人28','2026-04-01 22:11:26',NULL,0,4208,'0','2026-04-09 22:11:26','2026-05-18 22:11:26',1,1,0);
INSERT INTO `t_open_notice`(`id`,`notice_code`,`title`,`content`,`notice_type`,`publish_dept_id`,`publish_dept_name`,`publish_user_id`,`publish_user_name`,`publish_time`,`expire_time`,`top_flag`,`view_count`,`status`,`create_time`,`update_time`,`create_by`,`update_by`,`deleted`) VALUES(129,'N-2024030','通知标题29','通知内容29...','公示',105,'部门101',143,'发布人29','2026-05-06 22:11:26','2026-06-21 22:11:26',0,477,'2','2026-05-27 22:11:26','2026-03-30 22:11:26',1,1,0);

USE `gov_open`;
DELETE FROM `t_open_policy` WHERE id >= 100;
INSERT INTO `t_open_policy`(`id`,`policy_code`,`policy_name`,`policy_type`,`publish_dept_id`,`publish_dept_name`,`publish_date`,`implement_date`,`effective_status`,`content`,`file_url`,`keywords`,`view_count`,`status`,`create_time`,`update_time`,`create_by`,`update_by`,`deleted`) VALUES(100,'P-2024001','政策0','行政规范',100,'部门102','2026-06-01 22:11:26','2026-04-14 22:11:26','1','政策内容0','/files/p0.pdf','关键词0',1177,'1','2026-03-17 22:11:26','2026-06-09 22:11:26',1,1,0);
INSERT INTO `t_open_policy`(`id`,`policy_code`,`policy_name`,`policy_type`,`publish_dept_id`,`publish_dept_name`,`publish_date`,`implement_date`,`effective_status`,`content`,`file_url`,`keywords`,`view_count`,`status`,`create_time`,`update_time`,`create_by`,`update_by`,`deleted`) VALUES(101,'P-2024002','政策1','行政法规',106,'部门107','2026-01-07 22:11:26','2026-06-04 22:11:26','1','政策内容1','/files/p1.pdf','关键词1',969,'1','2026-01-14 22:11:26','2026-02-11 22:11:26',1,1,0);
INSERT INTO `t_open_policy`(`id`,`policy_code`,`policy_name`,`policy_type`,`publish_dept_id`,`publish_dept_name`,`publish_date`,`implement_date`,`effective_status`,`content`,`file_url`,`keywords`,`view_count`,`status`,`create_time`,`update_time`,`create_by`,`update_by`,`deleted`) VALUES(102,'P-2024003','政策2','部门规章',101,'部门101','2026-05-12 22:11:26',NULL,'1','政策内容2','/files/p2.pdf','关键词2',1888,'1','2026-03-18 22:11:26','2026-03-09 22:11:26',1,1,0);
INSERT INTO `t_open_policy`(`id`,`policy_code`,`policy_name`,`policy_type`,`publish_dept_id`,`publish_dept_name`,`publish_date`,`implement_date`,`effective_status`,`content`,`file_url`,`keywords`,`view_count`,`status`,`create_time`,`update_time`,`create_by`,`update_by`,`deleted`) VALUES(103,'P-2024004','政策3','行政法规',106,'部门105','2026-06-11 22:11:26','2026-04-07 22:11:26','2','政策内容3','/files/p3.pdf','关键词3',1247,'0','2026-02-23 22:11:26','2026-05-04 22:11:26',1,1,0);
INSERT INTO `t_open_policy`(`id`,`policy_code`,`policy_name`,`policy_type`,`publish_dept_id`,`publish_dept_name`,`publish_date`,`implement_date`,`effective_status`,`content`,`file_url`,`keywords`,`view_count`,`status`,`create_time`,`update_time`,`create_by`,`update_by`,`deleted`) VALUES(104,'P-2024005','政策4','行政规范',107,'部门101','2026-04-17 22:11:26','2026-03-03 22:11:26','3','政策内容4',NULL,'关键词4',328,'2','2026-02-27 22:11:26','2026-05-21 22:11:26',1,1,0);
INSERT INTO `t_open_policy`(`id`,`policy_code`,`policy_name`,`policy_type`,`publish_dept_id`,`publish_dept_name`,`publish_date`,`implement_date`,`effective_status`,`content`,`file_url`,`keywords`,`view_count`,`status`,`create_time`,`update_time`,`create_by`,`update_by`,`deleted`) VALUES(105,'P-2024006','政策5','行政规范',103,'部门105','2026-02-02 22:11:26','2026-06-19 22:11:26','1','政策内容5','/files/p5.pdf','关键词5',1595,'1','2026-03-22 22:11:26','2026-06-12 22:11:26',1,1,0);
INSERT INTO `t_open_policy`(`id`,`policy_code`,`policy_name`,`policy_type`,`publish_dept_id`,`publish_dept_name`,`publish_date`,`implement_date`,`effective_status`,`content`,`file_url`,`keywords`,`view_count`,`status`,`create_time`,`update_time`,`create_by`,`update_by`,`deleted`) VALUES(106,'P-2024007','政策6','部门规章',106,'部门107','2026-05-04 22:11:26','2026-06-14 22:11:26','1','政策内容6',NULL,'关键词6',56,'1','2026-01-03 22:11:26','2026-03-11 22:11:26',1,1,0);
INSERT INTO `t_open_policy`(`id`,`policy_code`,`policy_name`,`policy_type`,`publish_dept_id`,`publish_dept_name`,`publish_date`,`implement_date`,`effective_status`,`content`,`file_url`,`keywords`,`view_count`,`status`,`create_time`,`update_time`,`create_by`,`update_by`,`deleted`) VALUES(107,'P-2024008','政策7','部门规章',104,'部门102','2026-06-06 22:11:26',NULL,'1','政策内容7',NULL,'关键词7',570,'1','2026-03-16 22:11:26','2026-06-07 22:11:26',1,1,0);
INSERT INTO `t_open_policy`(`id`,`policy_code`,`policy_name`,`policy_type`,`publish_dept_id`,`publish_dept_name`,`publish_date`,`implement_date`,`effective_status`,`content`,`file_url`,`keywords`,`view_count`,`status`,`create_time`,`update_time`,`create_by`,`update_by`,`deleted`) VALUES(108,'P-2024009','政策8','部门规章',107,'部门106','2026-02-13 22:11:26','2026-05-04 22:11:26','2','政策内容8','/files/p8.pdf','关键词8',541,'0','2026-05-11 22:11:26','2026-06-14 22:11:26',1,1,0);
INSERT INTO `t_open_policy`(`id`,`policy_code`,`policy_name`,`policy_type`,`publish_dept_id`,`publish_dept_name`,`publish_date`,`implement_date`,`effective_status`,`content`,`file_url`,`keywords`,`view_count`,`status`,`create_time`,`update_time`,`create_by`,`update_by`,`deleted`) VALUES(109,'P-2024010','政策9','行政法规',106,'部门105','2026-04-12 22:11:26','2026-05-16 22:11:26','3','政策内容9',NULL,'关键词9',1939,'2','2026-03-12 22:11:26','2026-02-24 22:11:26',1,1,0);
INSERT INTO `t_open_policy`(`id`,`policy_code`,`policy_name`,`policy_type`,`publish_dept_id`,`publish_dept_name`,`publish_date`,`implement_date`,`effective_status`,`content`,`file_url`,`keywords`,`view_count`,`status`,`create_time`,`update_time`,`create_by`,`update_by`,`deleted`) VALUES(110,'P-2024011','政策10','部门规章',108,'部门102','2025-12-31 22:11:26','2026-03-08 22:11:26','1','政策内容10','/files/p10.pdf','关键词10',1429,'1','2026-02-01 22:11:26','2026-03-20 22:11:26',1,1,0);
INSERT INTO `t_open_policy`(`id`,`policy_code`,`policy_name`,`policy_type`,`publish_dept_id`,`publish_dept_name`,`publish_date`,`implement_date`,`effective_status`,`content`,`file_url`,`keywords`,`view_count`,`status`,`create_time`,`update_time`,`create_by`,`update_by`,`deleted`) VALUES(111,'P-2024012','政策11','行政法规',108,'部门109','2026-05-08 22:11:26','2026-06-08 22:11:26','1','政策内容11','/files/p11.pdf','关键词11',1194,'1','2026-01-21 22:11:26','2026-05-21 22:11:26',1,1,0);
INSERT INTO `t_open_policy`(`id`,`policy_code`,`policy_name`,`policy_type`,`publish_dept_id`,`publish_dept_name`,`publish_date`,`implement_date`,`effective_status`,`content`,`file_url`,`keywords`,`view_count`,`status`,`create_time`,`update_time`,`create_by`,`update_by`,`deleted`) VALUES(112,'P-2024013','政策12','部门规章',105,'部门100','2026-05-20 22:11:26',NULL,'1','政策内容12','/files/p12.pdf','关键词12',1922,'1','2026-05-21 22:11:26','2026-02-20 22:11:26',1,1,0);
INSERT INTO `t_open_policy`(`id`,`policy_code`,`policy_name`,`policy_type`,`publish_dept_id`,`publish_dept_name`,`publish_date`,`implement_date`,`effective_status`,`content`,`file_url`,`keywords`,`view_count`,`status`,`create_time`,`update_time`,`create_by`,`update_by`,`deleted`) VALUES(113,'P-2024014','政策13','部门规章',101,'部门106','2026-04-21 22:11:26','2026-02-14 22:11:26','2','政策内容13','/files/p13.pdf','关键词13',932,'0','2026-05-26 22:11:26','2026-01-16 22:11:26',1,1,0);
INSERT INTO `t_open_policy`(`id`,`policy_code`,`policy_name`,`policy_type`,`publish_dept_id`,`publish_dept_name`,`publish_date`,`implement_date`,`effective_status`,`content`,`file_url`,`keywords`,`view_count`,`status`,`create_time`,`update_time`,`create_by`,`update_by`,`deleted`) VALUES(114,'P-2024015','政策14','部门规章',109,'部门101','2026-06-18 22:11:26','2026-05-03 22:11:26','3','政策内容14','/files/p14.pdf','关键词14',394,'2','2026-03-12 22:11:26','2025-12-31 22:11:26',1,1,0);
INSERT INTO `t_open_policy`(`id`,`policy_code`,`policy_name`,`policy_type`,`publish_dept_id`,`publish_dept_name`,`publish_date`,`implement_date`,`effective_status`,`content`,`file_url`,`keywords`,`view_count`,`status`,`create_time`,`update_time`,`create_by`,`update_by`,`deleted`) VALUES(115,'P-2024016','政策15','行政规范',102,'部门109','2026-03-23 22:11:26','2026-05-03 22:11:26','1','政策内容15','/files/p15.pdf','关键词15',1960,'1','2026-05-10 22:11:26','2026-01-05 22:11:26',1,1,0);
INSERT INTO `t_open_policy`(`id`,`policy_code`,`policy_name`,`policy_type`,`publish_dept_id`,`publish_dept_name`,`publish_date`,`implement_date`,`effective_status`,`content`,`file_url`,`keywords`,`view_count`,`status`,`create_time`,`update_time`,`create_by`,`update_by`,`deleted`) VALUES(116,'P-2024017','政策16','行政规范',100,'部门105','2026-03-26 22:11:26','2026-06-23 22:11:26','1','政策内容16','/files/p16.pdf','关键词16',638,'1','2026-02-19 22:11:26','2026-05-27 22:11:26',1,1,0);
INSERT INTO `t_open_policy`(`id`,`policy_code`,`policy_name`,`policy_type`,`publish_dept_id`,`publish_dept_name`,`publish_date`,`implement_date`,`effective_status`,`content`,`file_url`,`keywords`,`view_count`,`status`,`create_time`,`update_time`,`create_by`,`update_by`,`deleted`) VALUES(117,'P-2024018','政策17','行政规范',107,'部门107','2026-03-14 22:11:26',NULL,'1','政策内容17','/files/p17.pdf','关键词17',731,'1','2026-02-09 22:11:26','2026-03-10 22:11:26',1,1,0);
INSERT INTO `t_open_policy`(`id`,`policy_code`,`policy_name`,`policy_type`,`publish_dept_id`,`publish_dept_name`,`publish_date`,`implement_date`,`effective_status`,`content`,`file_url`,`keywords`,`view_count`,`status`,`create_time`,`update_time`,`create_by`,`update_by`,`deleted`) VALUES(118,'P-2024019','政策18','行政规范',105,'部门101','2026-05-13 22:11:26','2026-03-02 22:11:26','2','政策内容18','/files/p18.pdf','关键词18',372,'0','2026-02-06 22:11:26','2026-01-26 22:11:26',1,1,0);
INSERT INTO `t_open_policy`(`id`,`policy_code`,`policy_name`,`policy_type`,`publish_dept_id`,`publish_dept_name`,`publish_date`,`implement_date`,`effective_status`,`content`,`file_url`,`keywords`,`view_count`,`status`,`create_time`,`update_time`,`create_by`,`update_by`,`deleted`) VALUES(119,'P-2024020','政策19','行政法规',108,'部门106','2026-03-22 22:11:26','2026-04-16 22:11:26','3','政策内容19','/files/p19.pdf','关键词19',1420,'2','2026-01-04 22:11:26','2026-03-08 22:11:26',1,1,0);

USE `gov_open`;
DELETE FROM `t_open_apply` WHERE id >= 100;
INSERT INTO `t_open_apply`(`id`,`apply_no`,`user_id`,`user_name`,`user_phone`,`user_id_card`,`apply_content`,`apply_reason`,`apply_type`,`dept_id`,`handler_id`,`status`,`apply_time`,`accept_time`,`reply_time`,`reply_content`,`reply_type`,`fee_flag`,`fee_amount`,`create_time`,`update_time`,`create_by`,`update_by`,`deleted`) VALUES(100,'AP-2024001',140,'用户118','13800000144','110101199001010139','申请内容0','生产生活需要','1',100,126,'0','2026-05-27 22:11:26','2026-05-19 22:11:26','2026-06-24 22:11:26','回复内容0','全文公开',0,NULL,'2026-05-09 22:11:26','2026-06-13 22:11:26',1,1,0);
INSERT INTO `t_open_apply`(`id`,`apply_no`,`user_id`,`user_name`,`user_phone`,`user_id_card`,`apply_content`,`apply_reason`,`apply_type`,`dept_id`,`handler_id`,`status`,`apply_time`,`accept_time`,`reply_time`,`reply_content`,`reply_type`,`fee_flag`,`fee_amount`,`create_time`,`update_time`,`create_by`,`update_by`,`deleted`) VALUES(101,'AP-2024002',135,'用户124','13800000107','110101199001010112','申请内容1','其他','2',106,141,'4','2026-05-08 22:11:26','2026-06-27 22:11:26','2026-06-02 22:11:26',NULL,NULL,0,NULL,'2026-05-01 22:11:26','2026-06-02 22:11:26',1,1,0);
INSERT INTO `t_open_apply`(`id`,`apply_no`,`user_id`,`user_name`,`user_phone`,`user_id_card`,`apply_content`,`apply_reason`,`apply_type`,`dept_id`,`handler_id`,`status`,`apply_time`,`accept_time`,`reply_time`,`reply_content`,`reply_type`,`fee_flag`,`fee_amount`,`create_time`,`update_time`,`create_by`,`update_by`,`deleted`) VALUES(102,'AP-2024003',126,'用户143','13800000115','110101199001010100','申请内容2','其他','1',102,133,'4','2026-05-20 22:11:26',NULL,NULL,'回复内容2',NULL,0,NULL,'2026-05-17 22:11:26','2026-06-15 22:11:26',1,1,0);
INSERT INTO `t_open_apply`(`id`,`apply_no`,`user_id`,`user_name`,`user_phone`,`user_id_card`,`apply_content`,`apply_reason`,`apply_type`,`dept_id`,`handler_id`,`status`,`apply_time`,`accept_time`,`reply_time`,`reply_content`,`reply_type`,`fee_flag`,`fee_amount`,`create_time`,`update_time`,`create_by`,`update_by`,`deleted`) VALUES(103,'AP-2024004',103,'用户136','13800000127','110101199001010108','申请内容3','其他','2',105,127,'1','2026-06-21 22:11:26','2026-06-19 22:11:26','2026-06-07 22:11:26','回复内容3',NULL,0,10,'2026-06-07 22:11:26','2026-06-21 22:11:26',1,1,0);
INSERT INTO `t_open_apply`(`id`,`apply_no`,`user_id`,`user_name`,`user_phone`,`user_id_card`,`apply_content`,`apply_reason`,`apply_type`,`dept_id`,`handler_id`,`status`,`apply_time`,`accept_time`,`reply_time`,`reply_content`,`reply_type`,`fee_flag`,`fee_amount`,`create_time`,`update_time`,`create_by`,`update_by`,`deleted`) VALUES(104,'AP-2024005',105,'用户105','13800000101','110101199001010127','申请内容4','生产生活需要','3',102,NULL,'4','2026-05-24 22:11:26','2026-06-22 22:11:26','2026-06-27 22:11:26','回复内容4',NULL,0,20,'2026-06-16 22:11:26','2026-06-20 22:11:26',1,1,0);
INSERT INTO `t_open_apply`(`id`,`apply_no`,`user_id`,`user_name`,`user_phone`,`user_id_card`,`apply_content`,`apply_reason`,`apply_type`,`dept_id`,`handler_id`,`status`,`apply_time`,`accept_time`,`reply_time`,`reply_content`,`reply_type`,`fee_flag`,`fee_amount`,`create_time`,`update_time`,`create_by`,`update_by`,`deleted`) VALUES(105,'AP-2024006',141,'用户114','13800000119','110101199001010112','申请内容5','科研需要','2',100,NULL,'1','2026-05-18 22:11:26',NULL,'2026-05-31 22:11:26',NULL,NULL,0,NULL,'2026-06-11 22:11:26','2026-05-30 22:11:26',1,1,0);
INSERT INTO `t_open_apply`(`id`,`apply_no`,`user_id`,`user_name`,`user_phone`,`user_id_card`,`apply_content`,`apply_reason`,`apply_type`,`dept_id`,`handler_id`,`status`,`apply_time`,`accept_time`,`reply_time`,`reply_content`,`reply_type`,`fee_flag`,`fee_amount`,`create_time`,`update_time`,`create_by`,`update_by`,`deleted`) VALUES(106,'AP-2024007',111,'用户105','13800000104','110101199001010131','申请内容6','自身利益','2',101,NULL,'0','2026-06-01 22:11:26',NULL,'2026-06-25 22:11:26',NULL,NULL,1,10,'2026-06-16 22:11:26','2026-06-18 22:11:26',1,1,0);
INSERT INTO `t_open_apply`(`id`,`apply_no`,`user_id`,`user_name`,`user_phone`,`user_id_card`,`apply_content`,`apply_reason`,`apply_type`,`dept_id`,`handler_id`,`status`,`apply_time`,`accept_time`,`reply_time`,`reply_content`,`reply_type`,`fee_flag`,`fee_amount`,`create_time`,`update_time`,`create_by`,`update_by`,`deleted`) VALUES(107,'AP-2024008',100,'用户111','13800000142','110101199001010136','申请内容7','生产生活需要','2',105,NULL,'3','2026-05-20 22:11:26','2026-06-17 22:11:26','2026-06-19 22:11:26','回复内容7',NULL,0,NULL,'2026-05-26 22:11:26','2026-06-03 22:11:26',1,1,0);
INSERT INTO `t_open_apply`(`id`,`apply_no`,`user_id`,`user_name`,`user_phone`,`user_id_card`,`apply_content`,`apply_reason`,`apply_type`,`dept_id`,`handler_id`,`status`,`apply_time`,`accept_time`,`reply_time`,`reply_content`,`reply_type`,`fee_flag`,`fee_amount`,`create_time`,`update_time`,`create_by`,`update_by`,`deleted`) VALUES(108,'AP-2024009',109,'用户113','13800000123','110101199001010107','申请内容8','科研需要','1',103,NULL,'4','2026-06-19 22:11:26',NULL,NULL,'回复内容8',NULL,0,NULL,'2026-05-07 22:11:26','2026-06-12 22:11:26',1,1,0);
INSERT INTO `t_open_apply`(`id`,`apply_no`,`user_id`,`user_name`,`user_phone`,`user_id_card`,`apply_content`,`apply_reason`,`apply_type`,`dept_id`,`handler_id`,`status`,`apply_time`,`accept_time`,`reply_time`,`reply_content`,`reply_type`,`fee_flag`,`fee_amount`,`create_time`,`update_time`,`create_by`,`update_by`,`deleted`) VALUES(109,'AP-2024010',127,'用户132','13800000125','110101199001010112','申请内容9','自身利益','3',104,106,'3','2026-05-08 22:11:26','2026-06-08 22:11:26',NULL,NULL,'部分公开',0,20,'2026-05-06 22:11:26','2026-06-17 22:11:26',1,1,0);
INSERT INTO `t_open_apply`(`id`,`apply_no`,`user_id`,`user_name`,`user_phone`,`user_id_card`,`apply_content`,`apply_reason`,`apply_type`,`dept_id`,`handler_id`,`status`,`apply_time`,`accept_time`,`reply_time`,`reply_content`,`reply_type`,`fee_flag`,`fee_amount`,`create_time`,`update_time`,`create_by`,`update_by`,`deleted`) VALUES(110,'AP-2024011',139,'用户106','13800000138','110101199001010124','申请内容10','其他','2',105,104,'2','2026-06-17 22:11:26','2026-05-26 22:11:26',NULL,NULL,'不予公开',1,NULL,'2026-06-26 22:11:26','2026-06-24 22:11:26',1,1,0);
INSERT INTO `t_open_apply`(`id`,`apply_no`,`user_id`,`user_name`,`user_phone`,`user_id_card`,`apply_content`,`apply_reason`,`apply_type`,`dept_id`,`handler_id`,`status`,`apply_time`,`accept_time`,`reply_time`,`reply_content`,`reply_type`,`fee_flag`,`fee_amount`,`create_time`,`update_time`,`create_by`,`update_by`,`deleted`) VALUES(111,'AP-2024012',111,'用户120','13800000127','110101199001010111','申请内容11','自身利益','1',105,NULL,'1','2026-06-20 22:11:26',NULL,'2026-06-05 22:11:26',NULL,NULL,0,50,'2026-06-09 22:11:26','2026-06-08 22:11:26',1,1,0);
INSERT INTO `t_open_apply`(`id`,`apply_no`,`user_id`,`user_name`,`user_phone`,`user_id_card`,`apply_content`,`apply_reason`,`apply_type`,`dept_id`,`handler_id`,`status`,`apply_time`,`accept_time`,`reply_time`,`reply_content`,`reply_type`,`fee_flag`,`fee_amount`,`create_time`,`update_time`,`create_by`,`update_by`,`deleted`) VALUES(112,'AP-2024013',113,'用户133','13800000113','110101199001010106','申请内容12','自身利益','3',106,127,'1','2026-05-06 22:11:26',NULL,NULL,'回复内容12',NULL,0,NULL,'2026-05-30 22:11:26','2026-06-22 22:11:26',1,1,0);
INSERT INTO `t_open_apply`(`id`,`apply_no`,`user_id`,`user_name`,`user_phone`,`user_id_card`,`apply_content`,`apply_reason`,`apply_type`,`dept_id`,`handler_id`,`status`,`apply_time`,`accept_time`,`reply_time`,`reply_content`,`reply_type`,`fee_flag`,`fee_amount`,`create_time`,`update_time`,`create_by`,`update_by`,`deleted`) VALUES(113,'AP-2024014',138,'用户120','13800000137','110101199001010124','申请内容13','科研需要','2',100,136,'0','2026-04-30 22:11:26',NULL,NULL,'回复内容13',NULL,1,NULL,'2026-05-17 22:11:26','2026-06-27 22:11:26',1,1,0);
INSERT INTO `t_open_apply`(`id`,`apply_no`,`user_id`,`user_name`,`user_phone`,`user_id_card`,`apply_content`,`apply_reason`,`apply_type`,`dept_id`,`handler_id`,`status`,`apply_time`,`accept_time`,`reply_time`,`reply_content`,`reply_type`,`fee_flag`,`fee_amount`,`create_time`,`update_time`,`create_by`,`update_by`,`deleted`) VALUES(114,'AP-2024015',104,'用户130','13800000106','110101199001010126','申请内容14','自身利益','2',106,NULL,'1','2026-05-27 22:11:26','2026-06-02 22:11:26',NULL,'回复内容14',NULL,0,0,'2026-06-26 22:11:26','2026-06-20 22:11:26',1,1,0);
INSERT INTO `t_open_apply`(`id`,`apply_no`,`user_id`,`user_name`,`user_phone`,`user_id_card`,`apply_content`,`apply_reason`,`apply_type`,`dept_id`,`handler_id`,`status`,`apply_time`,`accept_time`,`reply_time`,`reply_content`,`reply_type`,`fee_flag`,`fee_amount`,`create_time`,`update_time`,`create_by`,`update_by`,`deleted`) VALUES(115,'AP-2024016',103,'用户100','13800000108','110101199001010106','申请内容15','自身利益','1',102,NULL,'4','2026-05-01 22:11:26','2026-05-24 22:11:26','2026-05-29 22:11:26','回复内容15',NULL,0,NULL,'2026-06-08 22:11:26','2026-06-25 22:11:26',1,1,0);
INSERT INTO `t_open_apply`(`id`,`apply_no`,`user_id`,`user_name`,`user_phone`,`user_id_card`,`apply_content`,`apply_reason`,`apply_type`,`dept_id`,`handler_id`,`status`,`apply_time`,`accept_time`,`reply_time`,`reply_content`,`reply_type`,`fee_flag`,`fee_amount`,`create_time`,`update_time`,`create_by`,`update_by`,`deleted`) VALUES(116,'AP-2024017',116,'用户121','13800000144','110101199001010139','申请内容16','其他','1',102,107,'1','2026-06-07 22:11:26','2026-05-10 22:11:26','2026-05-31 22:11:26','回复内容16',NULL,0,NULL,'2026-05-25 22:11:26','2026-06-20 22:11:26',1,1,0);
INSERT INTO `t_open_apply`(`id`,`apply_no`,`user_id`,`user_name`,`user_phone`,`user_id_card`,`apply_content`,`apply_reason`,`apply_type`,`dept_id`,`handler_id`,`status`,`apply_time`,`accept_time`,`reply_time`,`reply_content`,`reply_type`,`fee_flag`,`fee_amount`,`create_time`,`update_time`,`create_by`,`update_by`,`deleted`) VALUES(117,'AP-2024018',136,'用户130','13800000142','110101199001010131','申请内容17','自身利益','3',107,NULL,'1','2026-05-09 22:11:26',NULL,NULL,'回复内容17','不予公开',0,0,'2026-05-27 22:11:26','2026-06-26 22:11:26',1,1,0);
INSERT INTO `t_open_apply`(`id`,`apply_no`,`user_id`,`user_name`,`user_phone`,`user_id_card`,`apply_content`,`apply_reason`,`apply_type`,`dept_id`,`handler_id`,`status`,`apply_time`,`accept_time`,`reply_time`,`reply_content`,`reply_type`,`fee_flag`,`fee_amount`,`create_time`,`update_time`,`create_by`,`update_by`,`deleted`) VALUES(118,'AP-2024019',113,'用户100','13800000142','110101199001010113','申请内容18','其他','2',101,NULL,'3','2026-05-10 22:11:26','2026-06-07 22:11:26','2026-06-18 22:11:26','回复内容18','不予公开',0,NULL,'2026-04-30 22:11:26','2026-06-16 22:11:26',1,1,0);
INSERT INTO `t_open_apply`(`id`,`apply_no`,`user_id`,`user_name`,`user_phone`,`user_id_card`,`apply_content`,`apply_reason`,`apply_type`,`dept_id`,`handler_id`,`status`,`apply_time`,`accept_time`,`reply_time`,`reply_content`,`reply_type`,`fee_flag`,`fee_amount`,`create_time`,`update_time`,`create_by`,`update_by`,`deleted`) VALUES(119,'AP-2024020',124,'用户128','13800000139','110101199001010132','申请内容19','科研需要','1',104,NULL,'4','2026-06-08 22:11:26','2026-05-22 22:11:26','2026-06-23 22:11:26',NULL,NULL,0,NULL,'2026-05-29 22:11:26','2026-06-22 22:11:26',1,1,0);
INSERT INTO `t_open_apply`(`id`,`apply_no`,`user_id`,`user_name`,`user_phone`,`user_id_card`,`apply_content`,`apply_reason`,`apply_type`,`dept_id`,`handler_id`,`status`,`apply_time`,`accept_time`,`reply_time`,`reply_content`,`reply_type`,`fee_flag`,`fee_amount`,`create_time`,`update_time`,`create_by`,`update_by`,`deleted`) VALUES(120,'AP-2024021',117,'用户101','13800000130','110101199001010142','申请内容20','其他','1',108,NULL,'2','2026-06-14 22:11:26',NULL,'2026-06-11 22:11:26',NULL,NULL,0,NULL,'2026-06-03 22:11:26','2026-06-04 22:11:26',1,1,0);
INSERT INTO `t_open_apply`(`id`,`apply_no`,`user_id`,`user_name`,`user_phone`,`user_id_card`,`apply_content`,`apply_reason`,`apply_type`,`dept_id`,`handler_id`,`status`,`apply_time`,`accept_time`,`reply_time`,`reply_content`,`reply_type`,`fee_flag`,`fee_amount`,`create_time`,`update_time`,`create_by`,`update_by`,`deleted`) VALUES(121,'AP-2024022',127,'用户112','13800000118','110101199001010112','申请内容21','其他','2',108,133,'2','2026-06-21 22:11:26','2026-05-17 22:11:26',NULL,NULL,NULL,1,NULL,'2026-06-23 22:11:26','2026-06-10 22:11:26',1,1,0);
INSERT INTO `t_open_apply`(`id`,`apply_no`,`user_id`,`user_name`,`user_phone`,`user_id_card`,`apply_content`,`apply_reason`,`apply_type`,`dept_id`,`handler_id`,`status`,`apply_time`,`accept_time`,`reply_time`,`reply_content`,`reply_type`,`fee_flag`,`fee_amount`,`create_time`,`update_time`,`create_by`,`update_by`,`deleted`) VALUES(122,'AP-2024023',106,'用户117','13800000114','110101199001010139','申请内容22','其他','1',103,144,'1','2026-05-27 22:11:26',NULL,'2026-06-16 22:11:26','回复内容22','部分公开',0,NULL,'2026-04-30 22:11:26','2026-06-05 22:11:26',1,1,0);
INSERT INTO `t_open_apply`(`id`,`apply_no`,`user_id`,`user_name`,`user_phone`,`user_id_card`,`apply_content`,`apply_reason`,`apply_type`,`dept_id`,`handler_id`,`status`,`apply_time`,`accept_time`,`reply_time`,`reply_content`,`reply_type`,`fee_flag`,`fee_amount`,`create_time`,`update_time`,`create_by`,`update_by`,`deleted`) VALUES(123,'AP-2024024',139,'用户130','13800000147','110101199001010119','申请内容23','科研需要','3',101,NULL,'1','2026-05-01 22:11:26',NULL,'2026-06-06 22:11:26',NULL,NULL,0,NULL,'2026-06-23 22:11:26','2026-06-22 22:11:26',1,1,0);
INSERT INTO `t_open_apply`(`id`,`apply_no`,`user_id`,`user_name`,`user_phone`,`user_id_card`,`apply_content`,`apply_reason`,`apply_type`,`dept_id`,`handler_id`,`status`,`apply_time`,`accept_time`,`reply_time`,`reply_content`,`reply_type`,`fee_flag`,`fee_amount`,`create_time`,`update_time`,`create_by`,`update_by`,`deleted`) VALUES(124,'AP-2024025',143,'用户148','13800000100','110101199001010138','申请内容24','自身利益','2',103,NULL,'0','2026-05-06 22:11:26',NULL,'2026-06-18 22:11:26','回复内容24','全文公开',0,NULL,'2026-05-07 22:11:26','2026-06-04 22:11:26',1,1,0);
INSERT INTO `t_open_apply`(`id`,`apply_no`,`user_id`,`user_name`,`user_phone`,`user_id_card`,`apply_content`,`apply_reason`,`apply_type`,`dept_id`,`handler_id`,`status`,`apply_time`,`accept_time`,`reply_time`,`reply_content`,`reply_type`,`fee_flag`,`fee_amount`,`create_time`,`update_time`,`create_by`,`update_by`,`deleted`) VALUES(125,'AP-2024026',121,'用户128','13800000131','110101199001010147','申请内容25','自身利益','3',107,NULL,'2','2026-06-27 22:11:26','2026-06-08 22:11:26','2026-05-30 22:11:26','回复内容25','不予公开',0,NULL,'2026-05-25 22:11:26','2026-06-04 22:11:26',1,1,0);
INSERT INTO `t_open_apply`(`id`,`apply_no`,`user_id`,`user_name`,`user_phone`,`user_id_card`,`apply_content`,`apply_reason`,`apply_type`,`dept_id`,`handler_id`,`status`,`apply_time`,`accept_time`,`reply_time`,`reply_content`,`reply_type`,`fee_flag`,`fee_amount`,`create_time`,`update_time`,`create_by`,`update_by`,`deleted`) VALUES(126,'AP-2024027',140,'用户101','13800000109','110101199001010126','申请内容26','科研需要','1',105,NULL,'1','2026-05-22 22:11:26','2026-05-31 22:11:26',NULL,'回复内容26',NULL,1,NULL,'2026-06-10 22:11:26','2026-05-30 22:11:26',1,1,0);
INSERT INTO `t_open_apply`(`id`,`apply_no`,`user_id`,`user_name`,`user_phone`,`user_id_card`,`apply_content`,`apply_reason`,`apply_type`,`dept_id`,`handler_id`,`status`,`apply_time`,`accept_time`,`reply_time`,`reply_content`,`reply_type`,`fee_flag`,`fee_amount`,`create_time`,`update_time`,`create_by`,`update_by`,`deleted`) VALUES(127,'AP-2024028',140,'用户143','13800000134','110101199001010128','申请内容27','科研需要','3',105,125,'3','2026-06-01 22:11:26','2026-06-10 22:11:26',NULL,NULL,'部分公开',0,NULL,'2026-05-29 22:11:26','2026-06-09 22:11:26',1,1,0);
INSERT INTO `t_open_apply`(`id`,`apply_no`,`user_id`,`user_name`,`user_phone`,`user_id_card`,`apply_content`,`apply_reason`,`apply_type`,`dept_id`,`handler_id`,`status`,`apply_time`,`accept_time`,`reply_time`,`reply_content`,`reply_type`,`fee_flag`,`fee_amount`,`create_time`,`update_time`,`create_by`,`update_by`,`deleted`) VALUES(128,'AP-2024029',122,'用户118','13800000107','110101199001010100','申请内容28','其他','2',102,118,'3','2026-05-23 22:11:26','2026-06-08 22:11:26',NULL,NULL,NULL,0,NULL,'2026-05-06 22:11:26','2026-06-09 22:11:26',1,1,0);
INSERT INTO `t_open_apply`(`id`,`apply_no`,`user_id`,`user_name`,`user_phone`,`user_id_card`,`apply_content`,`apply_reason`,`apply_type`,`dept_id`,`handler_id`,`status`,`apply_time`,`accept_time`,`reply_time`,`reply_content`,`reply_type`,`fee_flag`,`fee_amount`,`create_time`,`update_time`,`create_by`,`update_by`,`deleted`) VALUES(129,'AP-2024030',107,'用户103','13800000131','110101199001010119','申请内容29','生产生活需要','3',100,NULL,'1','2026-06-05 22:11:26','2026-05-26 22:11:26','2026-06-03 22:11:26','回复内容29','不予公开',0,10,'2026-05-31 22:11:26','2026-06-09 22:11:26',1,1,0);

USE `gov_open`;
DELETE FROM `t_open_content` WHERE id >= 100;
INSERT INTO `t_open_content`(`id`,`content_type`,`content_id`,`audit_status`,`audit_by`,`audit_time`,`audit_opinion`,`create_time`,`update_time`,`create_by`,`update_by`,`deleted`) VALUES(100,'notice',109,'1',NULL,'2026-06-20 22:11:26','审核意见0','2026-05-07 22:11:26','2026-06-06 22:11:26',1,1,0);
INSERT INTO `t_open_content`(`id`,`content_type`,`content_id`,`audit_status`,`audit_by`,`audit_time`,`audit_opinion`,`create_time`,`update_time`,`create_by`,`update_by`,`deleted`) VALUES(101,'policy',113,'0',106,'2026-05-29 22:11:26','审核意见1','2026-06-08 22:11:26','2026-06-08 22:11:26',1,1,0);
INSERT INTO `t_open_content`(`id`,`content_type`,`content_id`,`audit_status`,`audit_by`,`audit_time`,`audit_opinion`,`create_time`,`update_time`,`create_by`,`update_by`,`deleted`) VALUES(102,'policy',105,'2',NULL,'2026-06-02 22:11:26','审核意见2','2026-05-21 22:11:26','2026-06-23 22:11:26',1,1,0);
INSERT INTO `t_open_content`(`id`,`content_type`,`content_id`,`audit_status`,`audit_by`,`audit_time`,`audit_opinion`,`create_time`,`update_time`,`create_by`,`update_by`,`deleted`) VALUES(103,'notice',108,'1',NULL,NULL,'审核意见3','2026-06-08 22:11:26','2026-06-25 22:11:26',1,1,0);
INSERT INTO `t_open_content`(`id`,`content_type`,`content_id`,`audit_status`,`audit_by`,`audit_time`,`audit_opinion`,`create_time`,`update_time`,`create_by`,`update_by`,`deleted`) VALUES(104,'policy',118,'3',NULL,NULL,'审核意见4','2026-05-08 22:11:26','2026-05-30 22:11:26',1,1,0);
INSERT INTO `t_open_content`(`id`,`content_type`,`content_id`,`audit_status`,`audit_by`,`audit_time`,`audit_opinion`,`create_time`,`update_time`,`create_by`,`update_by`,`deleted`) VALUES(105,'policy',103,'1',144,NULL,'审核意见5','2026-04-29 22:11:26','2026-06-06 22:11:26',1,1,0);
INSERT INTO `t_open_content`(`id`,`content_type`,`content_id`,`audit_status`,`audit_by`,`audit_time`,`audit_opinion`,`create_time`,`update_time`,`create_by`,`update_by`,`deleted`) VALUES(106,'policy',114,'1',NULL,NULL,'审核意见6','2026-06-01 22:11:26','2026-06-13 22:11:26',1,1,0);
INSERT INTO `t_open_content`(`id`,`content_type`,`content_id`,`audit_status`,`audit_by`,`audit_time`,`audit_opinion`,`create_time`,`update_time`,`create_by`,`update_by`,`deleted`) VALUES(107,'notice',129,'2',NULL,'2026-06-25 22:11:26','审核意见7','2026-05-10 22:11:26','2026-06-23 22:11:26',1,1,0);
INSERT INTO `t_open_content`(`id`,`content_type`,`content_id`,`audit_status`,`audit_by`,`audit_time`,`audit_opinion`,`create_time`,`update_time`,`create_by`,`update_by`,`deleted`) VALUES(108,'policy',125,'1',123,NULL,'审核意见8','2026-05-24 22:11:26','2026-05-30 22:11:26',1,1,0);
INSERT INTO `t_open_content`(`id`,`content_type`,`content_id`,`audit_status`,`audit_by`,`audit_time`,`audit_opinion`,`create_time`,`update_time`,`create_by`,`update_by`,`deleted`) VALUES(109,'policy',101,'0',NULL,'2026-06-13 22:11:26','审核意见9','2026-05-07 22:11:26','2026-06-03 22:11:26',1,1,0);
INSERT INTO `t_open_content`(`id`,`content_type`,`content_id`,`audit_status`,`audit_by`,`audit_time`,`audit_opinion`,`create_time`,`update_time`,`create_by`,`update_by`,`deleted`) VALUES(110,'policy',126,'1',NULL,NULL,'审核意见10','2026-05-17 22:11:26','2026-06-24 22:11:26',1,1,0);
INSERT INTO `t_open_content`(`id`,`content_type`,`content_id`,`audit_status`,`audit_by`,`audit_time`,`audit_opinion`,`create_time`,`update_time`,`create_by`,`update_by`,`deleted`) VALUES(111,'policy',119,'1',136,NULL,'审核意见11','2026-06-06 22:11:26','2026-05-31 22:11:26',1,1,0);
INSERT INTO `t_open_content`(`id`,`content_type`,`content_id`,`audit_status`,`audit_by`,`audit_time`,`audit_opinion`,`create_time`,`update_time`,`create_by`,`update_by`,`deleted`) VALUES(112,'notice',103,'3',132,'2026-06-26 22:11:26','审核意见12','2026-05-14 22:11:26','2026-06-21 22:11:26',1,1,0);
INSERT INTO `t_open_content`(`id`,`content_type`,`content_id`,`audit_status`,`audit_by`,`audit_time`,`audit_opinion`,`create_time`,`update_time`,`create_by`,`update_by`,`deleted`) VALUES(113,'notice',117,'3',108,NULL,'审核意见13','2026-05-15 22:11:26','2026-06-07 22:11:26',1,1,0);
INSERT INTO `t_open_content`(`id`,`content_type`,`content_id`,`audit_status`,`audit_by`,`audit_time`,`audit_opinion`,`create_time`,`update_time`,`create_by`,`update_by`,`deleted`) VALUES(114,'notice',109,'3',NULL,'2026-06-27 22:11:26','审核意见14','2026-05-07 22:11:26','2026-06-12 22:11:26',1,1,0);
INSERT INTO `t_open_content`(`id`,`content_type`,`content_id`,`audit_status`,`audit_by`,`audit_time`,`audit_opinion`,`create_time`,`update_time`,`create_by`,`update_by`,`deleted`) VALUES(115,'notice',103,'1',NULL,'2026-06-24 22:11:26','审核意见15','2026-05-25 22:11:26','2026-06-24 22:11:26',1,1,0);
INSERT INTO `t_open_content`(`id`,`content_type`,`content_id`,`audit_status`,`audit_by`,`audit_time`,`audit_opinion`,`create_time`,`update_time`,`create_by`,`update_by`,`deleted`) VALUES(116,'notice',106,'1',NULL,'2026-06-13 22:11:26','审核意见16','2026-06-02 22:11:26','2026-06-26 22:11:26',1,1,0);
INSERT INTO `t_open_content`(`id`,`content_type`,`content_id`,`audit_status`,`audit_by`,`audit_time`,`audit_opinion`,`create_time`,`update_time`,`create_by`,`update_by`,`deleted`) VALUES(117,'notice',109,'0',NULL,NULL,'审核意见17','2026-06-12 22:11:26','2026-06-01 22:11:26',1,1,0);
INSERT INTO `t_open_content`(`id`,`content_type`,`content_id`,`audit_status`,`audit_by`,`audit_time`,`audit_opinion`,`create_time`,`update_time`,`create_by`,`update_by`,`deleted`) VALUES(118,'policy',126,'2',142,'2026-06-14 22:11:26','审核意见18','2026-06-18 22:11:26','2026-06-07 22:11:26',1,1,0);
INSERT INTO `t_open_content`(`id`,`content_type`,`content_id`,`audit_status`,`audit_by`,`audit_time`,`audit_opinion`,`create_time`,`update_time`,`create_by`,`update_by`,`deleted`) VALUES(119,'notice',105,'1',142,NULL,'审核意见19','2026-05-26 22:11:26','2026-06-04 22:11:26',1,1,0);
INSERT INTO `t_open_content`(`id`,`content_type`,`content_id`,`audit_status`,`audit_by`,`audit_time`,`audit_opinion`,`create_time`,`update_time`,`create_by`,`update_by`,`deleted`) VALUES(120,'notice',115,'0',NULL,'2026-06-09 22:11:26','审核意见20','2026-05-27 22:11:26','2026-06-16 22:11:26',1,1,0);
INSERT INTO `t_open_content`(`id`,`content_type`,`content_id`,`audit_status`,`audit_by`,`audit_time`,`audit_opinion`,`create_time`,`update_time`,`create_by`,`update_by`,`deleted`) VALUES(121,'policy',112,'0',106,NULL,'审核意见21','2026-05-06 22:11:26','2026-06-14 22:11:26',1,1,0);
INSERT INTO `t_open_content`(`id`,`content_type`,`content_id`,`audit_status`,`audit_by`,`audit_time`,`audit_opinion`,`create_time`,`update_time`,`create_by`,`update_by`,`deleted`) VALUES(122,'notice',100,'1',NULL,'2026-06-27 22:11:26','审核意见22','2026-05-21 22:11:26','2026-06-18 22:11:26',1,1,0);
INSERT INTO `t_open_content`(`id`,`content_type`,`content_id`,`audit_status`,`audit_by`,`audit_time`,`audit_opinion`,`create_time`,`update_time`,`create_by`,`update_by`,`deleted`) VALUES(123,'notice',119,'0',NULL,'2026-06-23 22:11:26','审核意见23','2026-05-29 22:11:26','2026-05-30 22:11:26',1,1,0);
INSERT INTO `t_open_content`(`id`,`content_type`,`content_id`,`audit_status`,`audit_by`,`audit_time`,`audit_opinion`,`create_time`,`update_time`,`create_by`,`update_by`,`deleted`) VALUES(124,'policy',108,'1',122,'2026-05-31 22:11:26','审核意见24','2026-05-26 22:11:26','2026-06-21 22:11:26',1,1,0);
INSERT INTO `t_open_content`(`id`,`content_type`,`content_id`,`audit_status`,`audit_by`,`audit_time`,`audit_opinion`,`create_time`,`update_time`,`create_by`,`update_by`,`deleted`) VALUES(125,'policy',116,'0',111,'2026-06-16 22:11:26','审核意见25','2026-05-17 22:11:26','2026-06-04 22:11:26',1,1,0);
INSERT INTO `t_open_content`(`id`,`content_type`,`content_id`,`audit_status`,`audit_by`,`audit_time`,`audit_opinion`,`create_time`,`update_time`,`create_by`,`update_by`,`deleted`) VALUES(126,'policy',114,'3',108,NULL,'审核意见26','2026-05-10 22:11:26','2026-06-06 22:11:26',1,1,0);
INSERT INTO `t_open_content`(`id`,`content_type`,`content_id`,`audit_status`,`audit_by`,`audit_time`,`audit_opinion`,`create_time`,`update_time`,`create_by`,`update_by`,`deleted`) VALUES(127,'policy',112,'1',141,NULL,'审核意见27','2026-05-28 22:11:26','2026-06-08 22:11:26',1,1,0);
INSERT INTO `t_open_content`(`id`,`content_type`,`content_id`,`audit_status`,`audit_by`,`audit_time`,`audit_opinion`,`create_time`,`update_time`,`create_by`,`update_by`,`deleted`) VALUES(128,'notice',118,'3',149,'2026-06-19 22:11:26','审核意见28','2026-06-19 22:11:26','2026-06-05 22:11:26',1,1,0);
INSERT INTO `t_open_content`(`id`,`content_type`,`content_id`,`audit_status`,`audit_by`,`audit_time`,`audit_opinion`,`create_time`,`update_time`,`create_by`,`update_by`,`deleted`) VALUES(129,'policy',118,'2',NULL,'2026-06-15 22:11:26','审核意见29','2026-06-23 22:11:26','2026-06-26 22:11:26',1,1,0);
INSERT INTO `t_open_content`(`id`,`content_type`,`content_id`,`audit_status`,`audit_by`,`audit_time`,`audit_opinion`,`create_time`,`update_time`,`create_by`,`update_by`,`deleted`) VALUES(130,'notice',105,'1',NULL,NULL,'审核意见30','2026-04-29 22:11:26','2026-06-06 22:11:26',1,1,0);
INSERT INTO `t_open_content`(`id`,`content_type`,`content_id`,`audit_status`,`audit_by`,`audit_time`,`audit_opinion`,`create_time`,`update_time`,`create_by`,`update_by`,`deleted`) VALUES(131,'policy',110,'1',146,'2026-06-24 22:11:26','审核意见31','2026-05-01 22:11:26','2026-05-30 22:11:26',1,1,0);
INSERT INTO `t_open_content`(`id`,`content_type`,`content_id`,`audit_status`,`audit_by`,`audit_time`,`audit_opinion`,`create_time`,`update_time`,`create_by`,`update_by`,`deleted`) VALUES(132,'notice',112,'0',103,'2026-06-24 22:11:26','审核意见32','2026-06-25 22:11:26','2026-05-31 22:11:26',1,1,0);
INSERT INTO `t_open_content`(`id`,`content_type`,`content_id`,`audit_status`,`audit_by`,`audit_time`,`audit_opinion`,`create_time`,`update_time`,`create_by`,`update_by`,`deleted`) VALUES(133,'notice',114,'1',101,'2026-06-17 22:11:26','审核意见33','2026-06-21 22:11:26','2026-06-05 22:11:26',1,1,0);
INSERT INTO `t_open_content`(`id`,`content_type`,`content_id`,`audit_status`,`audit_by`,`audit_time`,`audit_opinion`,`create_time`,`update_time`,`create_by`,`update_by`,`deleted`) VALUES(134,'policy',112,'1',136,'2026-06-21 22:11:26','审核意见34','2026-06-11 22:11:26','2026-06-12 22:11:26',1,1,0);
INSERT INTO `t_open_content`(`id`,`content_type`,`content_id`,`audit_status`,`audit_by`,`audit_time`,`audit_opinion`,`create_time`,`update_time`,`create_by`,`update_by`,`deleted`) VALUES(135,'policy',109,'1',NULL,NULL,'审核意见35','2026-05-06 22:11:26','2026-06-11 22:11:26',1,1,0);
INSERT INTO `t_open_content`(`id`,`content_type`,`content_id`,`audit_status`,`audit_by`,`audit_time`,`audit_opinion`,`create_time`,`update_time`,`create_by`,`update_by`,`deleted`) VALUES(136,'notice',102,'2',NULL,'2026-06-24 22:11:26','审核意见36','2026-06-14 22:11:26','2026-06-26 22:11:26',1,1,0);
INSERT INTO `t_open_content`(`id`,`content_type`,`content_id`,`audit_status`,`audit_by`,`audit_time`,`audit_opinion`,`create_time`,`update_time`,`create_by`,`update_by`,`deleted`) VALUES(137,'notice',100,'1',136,'2026-06-25 22:11:26','审核意见37','2026-06-06 22:11:26','2026-06-22 22:11:26',1,1,0);
INSERT INTO `t_open_content`(`id`,`content_type`,`content_id`,`audit_status`,`audit_by`,`audit_time`,`audit_opinion`,`create_time`,`update_time`,`create_by`,`update_by`,`deleted`) VALUES(138,'policy',106,'1',130,'2026-06-16 22:11:26','审核意见38','2026-05-19 22:11:26','2026-05-30 22:11:26',1,1,0);
INSERT INTO `t_open_content`(`id`,`content_type`,`content_id`,`audit_status`,`audit_by`,`audit_time`,`audit_opinion`,`create_time`,`update_time`,`create_by`,`update_by`,`deleted`) VALUES(139,'notice',102,'0',NULL,NULL,'审核意见39','2026-06-23 22:11:26','2026-06-09 22:11:26',1,1,0);

USE `gov_open`;
DELETE FROM `t_open_feedback` WHERE id >= 100;
INSERT INTO `t_open_feedback`(`id`,`content_type`,`content_id`,`user_id`,`user_name`,`feedback_type`,`feedback_content`,`status`,`handle_time`,`handle_result`,`create_time`,`update_time`,`create_by`,`update_by`,`deleted`) VALUES(100,'notice',104,133,'用户119','好评','反馈内容0','1',NULL,NULL,'2026-05-24 22:11:26','2026-06-17 22:11:26',1,1,0);
INSERT INTO `t_open_feedback`(`id`,`content_type`,`content_id`,`user_id`,`user_name`,`feedback_type`,`feedback_content`,`status`,`handle_time`,`handle_result`,`create_time`,`update_time`,`create_by`,`update_by`,`deleted`) VALUES(101,'notice',107,118,'用户116','纠错','反馈内容1','0',NULL,'处理结果1','2026-06-09 22:11:26','2026-06-25 22:11:26',1,1,0);
INSERT INTO `t_open_feedback`(`id`,`content_type`,`content_id`,`user_id`,`user_name`,`feedback_type`,`feedback_content`,`status`,`handle_time`,`handle_result`,`create_time`,`update_time`,`create_by`,`update_by`,`deleted`) VALUES(102,'notice',127,133,'用户139','咨询','反馈内容2','0',NULL,NULL,'2026-05-14 22:11:26','2026-05-30 22:11:26',1,1,0);
INSERT INTO `t_open_feedback`(`id`,`content_type`,`content_id`,`user_id`,`user_name`,`feedback_type`,`feedback_content`,`status`,`handle_time`,`handle_result`,`create_time`,`update_time`,`create_by`,`update_by`,`deleted`) VALUES(103,'notice',118,130,'用户116','好评','反馈内容3','1',NULL,NULL,'2026-06-06 22:11:26','2026-05-30 22:11:26',1,1,0);
INSERT INTO `t_open_feedback`(`id`,`content_type`,`content_id`,`user_id`,`user_name`,`feedback_type`,`feedback_content`,`status`,`handle_time`,`handle_result`,`create_time`,`update_time`,`create_by`,`update_by`,`deleted`) VALUES(104,'notice',104,113,'用户135','建议','反馈内容4','1',NULL,NULL,'2026-05-22 22:11:26','2026-05-30 22:11:26',1,1,0);
INSERT INTO `t_open_feedback`(`id`,`content_type`,`content_id`,`user_id`,`user_name`,`feedback_type`,`feedback_content`,`status`,`handle_time`,`handle_result`,`create_time`,`update_time`,`create_by`,`update_by`,`deleted`) VALUES(105,'notice',111,104,'用户126','咨询','反馈内容5','3','2026-06-13 22:11:26','处理结果5','2026-06-19 22:11:26','2026-06-19 22:11:26',1,1,0);
INSERT INTO `t_open_feedback`(`id`,`content_type`,`content_id`,`user_id`,`user_name`,`feedback_type`,`feedback_content`,`status`,`handle_time`,`handle_result`,`create_time`,`update_time`,`create_by`,`update_by`,`deleted`) VALUES(106,'notice',103,102,'用户131','咨询','反馈内容6','1','2026-06-21 22:11:26',NULL,'2026-05-08 22:11:26','2026-05-31 22:11:26',1,1,0);
INSERT INTO `t_open_feedback`(`id`,`content_type`,`content_id`,`user_id`,`user_name`,`feedback_type`,`feedback_content`,`status`,`handle_time`,`handle_result`,`create_time`,`update_time`,`create_by`,`update_by`,`deleted`) VALUES(107,'notice',100,103,'用户101','差评','反馈内容7','3','2026-06-21 22:11:26','处理结果7','2026-05-11 22:11:26','2026-06-27 22:11:26',1,1,0);
INSERT INTO `t_open_feedback`(`id`,`content_type`,`content_id`,`user_id`,`user_name`,`feedback_type`,`feedback_content`,`status`,`handle_time`,`handle_result`,`create_time`,`update_time`,`create_by`,`update_by`,`deleted`) VALUES(108,'policy',101,124,'用户149','纠错','反馈内容8','1',NULL,NULL,'2026-06-19 22:11:26','2026-06-24 22:11:26',1,1,0);
INSERT INTO `t_open_feedback`(`id`,`content_type`,`content_id`,`user_id`,`user_name`,`feedback_type`,`feedback_content`,`status`,`handle_time`,`handle_result`,`create_time`,`update_time`,`create_by`,`update_by`,`deleted`) VALUES(109,'policy',103,139,'用户123','建议','反馈内容9','1',NULL,'处理结果9','2026-06-12 22:11:26','2026-06-20 22:11:26',1,1,0);
INSERT INTO `t_open_feedback`(`id`,`content_type`,`content_id`,`user_id`,`user_name`,`feedback_type`,`feedback_content`,`status`,`handle_time`,`handle_result`,`create_time`,`update_time`,`create_by`,`update_by`,`deleted`) VALUES(110,'notice',118,100,'用户114','纠错','反馈内容10','3','2026-06-15 22:11:26',NULL,'2026-05-12 22:11:26','2026-06-20 22:11:26',1,1,0);
INSERT INTO `t_open_feedback`(`id`,`content_type`,`content_id`,`user_id`,`user_name`,`feedback_type`,`feedback_content`,`status`,`handle_time`,`handle_result`,`create_time`,`update_time`,`create_by`,`update_by`,`deleted`) VALUES(111,'notice',102,103,'用户108','纠错','反馈内容11','1',NULL,NULL,'2026-05-20 22:11:26','2026-06-07 22:11:26',1,1,0);
INSERT INTO `t_open_feedback`(`id`,`content_type`,`content_id`,`user_id`,`user_name`,`feedback_type`,`feedback_content`,`status`,`handle_time`,`handle_result`,`create_time`,`update_time`,`create_by`,`update_by`,`deleted`) VALUES(112,'notice',109,108,'用户138','纠错','反馈内容12','2','2026-06-17 22:11:26',NULL,'2026-06-11 22:11:26','2026-06-10 22:11:26',1,1,0);
INSERT INTO `t_open_feedback`(`id`,`content_type`,`content_id`,`user_id`,`user_name`,`feedback_type`,`feedback_content`,`status`,`handle_time`,`handle_result`,`create_time`,`update_time`,`create_by`,`update_by`,`deleted`) VALUES(113,'notice',115,145,'用户147','建议','反馈内容13','1',NULL,NULL,'2026-06-04 22:11:26','2026-06-03 22:11:26',1,1,0);
INSERT INTO `t_open_feedback`(`id`,`content_type`,`content_id`,`user_id`,`user_name`,`feedback_type`,`feedback_content`,`status`,`handle_time`,`handle_result`,`create_time`,`update_time`,`create_by`,`update_by`,`deleted`) VALUES(114,'policy',107,133,'用户117','建议','反馈内容14','3','2026-06-27 22:11:26',NULL,'2026-06-01 22:11:26','2026-06-05 22:11:26',1,1,0);
INSERT INTO `t_open_feedback`(`id`,`content_type`,`content_id`,`user_id`,`user_name`,`feedback_type`,`feedback_content`,`status`,`handle_time`,`handle_result`,`create_time`,`update_time`,`create_by`,`update_by`,`deleted`) VALUES(115,'policy',108,105,'用户113','差评','反馈内容15','3',NULL,'处理结果15','2026-06-14 22:11:26','2026-06-24 22:11:26',1,1,0);
INSERT INTO `t_open_feedback`(`id`,`content_type`,`content_id`,`user_id`,`user_name`,`feedback_type`,`feedback_content`,`status`,`handle_time`,`handle_result`,`create_time`,`update_time`,`create_by`,`update_by`,`deleted`) VALUES(116,'policy',104,102,'用户115','纠错','反馈内容16','2','2026-06-27 22:11:26',NULL,'2026-06-25 22:11:26','2026-06-19 22:11:26',1,1,0);
INSERT INTO `t_open_feedback`(`id`,`content_type`,`content_id`,`user_id`,`user_name`,`feedback_type`,`feedback_content`,`status`,`handle_time`,`handle_result`,`create_time`,`update_time`,`create_by`,`update_by`,`deleted`) VALUES(117,'policy',118,124,'用户119','好评','反馈内容17','1',NULL,'处理结果17','2026-05-27 22:11:26','2026-06-27 22:11:26',1,1,0);
INSERT INTO `t_open_feedback`(`id`,`content_type`,`content_id`,`user_id`,`user_name`,`feedback_type`,`feedback_content`,`status`,`handle_time`,`handle_result`,`create_time`,`update_time`,`create_by`,`update_by`,`deleted`) VALUES(118,'policy',112,128,'用户102','差评','反馈内容18','1',NULL,'处理结果18','2026-05-24 22:11:26','2026-06-26 22:11:26',1,1,0);
INSERT INTO `t_open_feedback`(`id`,`content_type`,`content_id`,`user_id`,`user_name`,`feedback_type`,`feedback_content`,`status`,`handle_time`,`handle_result`,`create_time`,`update_time`,`create_by`,`update_by`,`deleted`) VALUES(119,'policy',101,134,'用户148','建议','反馈内容19','1','2026-06-15 22:11:26','处理结果19','2026-04-29 22:11:26','2026-06-01 22:11:26',1,1,0);
INSERT INTO `t_open_feedback`(`id`,`content_type`,`content_id`,`user_id`,`user_name`,`feedback_type`,`feedback_content`,`status`,`handle_time`,`handle_result`,`create_time`,`update_time`,`create_by`,`update_by`,`deleted`) VALUES(120,'policy',118,113,'用户148','好评','反馈内容20','0','2026-06-18 22:11:26',NULL,'2026-05-31 22:11:26','2026-06-02 22:11:26',1,1,0);
INSERT INTO `t_open_feedback`(`id`,`content_type`,`content_id`,`user_id`,`user_name`,`feedback_type`,`feedback_content`,`status`,`handle_time`,`handle_result`,`create_time`,`update_time`,`create_by`,`update_by`,`deleted`) VALUES(121,'notice',103,135,'用户124','建议','反馈内容21','3',NULL,'处理结果21','2026-05-22 22:11:26','2026-06-03 22:11:26',1,1,0);
INSERT INTO `t_open_feedback`(`id`,`content_type`,`content_id`,`user_id`,`user_name`,`feedback_type`,`feedback_content`,`status`,`handle_time`,`handle_result`,`create_time`,`update_time`,`create_by`,`update_by`,`deleted`) VALUES(122,'policy',105,124,'用户129','差评','反馈内容22','1','2026-06-23 22:11:26','处理结果22','2026-06-10 22:11:26','2026-06-25 22:11:26',1,1,0);
INSERT INTO `t_open_feedback`(`id`,`content_type`,`content_id`,`user_id`,`user_name`,`feedback_type`,`feedback_content`,`status`,`handle_time`,`handle_result`,`create_time`,`update_time`,`create_by`,`update_by`,`deleted`) VALUES(123,'notice',117,118,'用户121','咨询','反馈内容23','2',NULL,NULL,'2026-06-10 22:11:26','2026-06-06 22:11:26',1,1,0);
INSERT INTO `t_open_feedback`(`id`,`content_type`,`content_id`,`user_id`,`user_name`,`feedback_type`,`feedback_content`,`status`,`handle_time`,`handle_result`,`create_time`,`update_time`,`create_by`,`update_by`,`deleted`) VALUES(124,'policy',119,100,'用户107','建议','反馈内容24','3','2026-06-14 22:11:26',NULL,'2026-06-16 22:11:26','2026-06-13 22:11:26',1,1,0);

USE `gov_datashare`;
DELETE FROM `t_share_api` WHERE id >= 100;
INSERT INTO `t_share_api`(`id`,`api_code`,`api_name`,`source_id`,`api_url`,`api_method`,`request_params`,`response_params`,`api_desc`,`auth_type`,`timeout`,`rate_limit`,`dept_id`,`dept_name`,`status`,`create_time`,`update_time`,`create_by`,`update_by`,`deleted`) VALUES(100,'API-001','数据接口1',8,'/api/share/query1','GET','{}','{}','描述0','NONE',3000,100,100,'部门105','0','2026-05-18 22:11:26','2026-05-04 22:11:26',1,1,0);
INSERT INTO `t_share_api`(`id`,`api_code`,`api_name`,`source_id`,`api_url`,`api_method`,`request_params`,`response_params`,`api_desc`,`auth_type`,`timeout`,`rate_limit`,`dept_id`,`dept_name`,`status`,`create_time`,`update_time`,`create_by`,`update_by`,`deleted`) VALUES(101,'API-002','数据接口2',4,'/api/share/query2','POST','{}','{}','描述1','TOKEN',10000,50,104,'部门109','1','2026-06-23 22:11:26','2026-05-30 22:11:26',1,1,0);
INSERT INTO `t_share_api`(`id`,`api_code`,`api_name`,`source_id`,`api_url`,`api_method`,`request_params`,`response_params`,`api_desc`,`auth_type`,`timeout`,`rate_limit`,`dept_id`,`dept_name`,`status`,`create_time`,`update_time`,`create_by`,`update_by`,`deleted`) VALUES(102,'API-003','数据接口3',3,'/api/share/query3','POST','{}','{}','描述2','NONE',5000,100,102,'部门103','1','2026-06-18 22:11:26','2026-05-03 22:11:26',1,1,0);
INSERT INTO `t_share_api`(`id`,`api_code`,`api_name`,`source_id`,`api_url`,`api_method`,`request_params`,`response_params`,`api_desc`,`auth_type`,`timeout`,`rate_limit`,`dept_id`,`dept_name`,`status`,`create_time`,`update_time`,`create_by`,`update_by`,`deleted`) VALUES(103,'API-004','数据接口4',1,'/api/share/query4','GET','{}','{}','描述3','TOKEN',10000,50,102,'部门108','0','2026-05-21 22:11:26','2026-06-07 22:11:26',1,1,0);
INSERT INTO `t_share_api`(`id`,`api_code`,`api_name`,`source_id`,`api_url`,`api_method`,`request_params`,`response_params`,`api_desc`,`auth_type`,`timeout`,`rate_limit`,`dept_id`,`dept_name`,`status`,`create_time`,`update_time`,`create_by`,`update_by`,`deleted`) VALUES(104,'API-005','数据接口5',1,'/api/share/query5','GET','{}','{}','描述4','TOKEN',10000,100,104,'部门100','1','2026-05-24 22:11:26','2026-05-13 22:11:26',1,1,0);
INSERT INTO `t_share_api`(`id`,`api_code`,`api_name`,`source_id`,`api_url`,`api_method`,`request_params`,`response_params`,`api_desc`,`auth_type`,`timeout`,`rate_limit`,`dept_id`,`dept_name`,`status`,`create_time`,`update_time`,`create_by`,`update_by`,`deleted`) VALUES(105,'API-006','数据接口6',1,'/api/share/query6','GET','{}','{}','描述5','NONE',3000,50,108,'部门107','1','2026-05-26 22:11:26','2026-06-23 22:11:26',1,1,0);
INSERT INTO `t_share_api`(`id`,`api_code`,`api_name`,`source_id`,`api_url`,`api_method`,`request_params`,`response_params`,`api_desc`,`auth_type`,`timeout`,`rate_limit`,`dept_id`,`dept_name`,`status`,`create_time`,`update_time`,`create_by`,`update_by`,`deleted`) VALUES(106,'API-007','数据接口7',4,'/api/share/query7','GET','{}','{}','描述6','NONE',10000,100,106,'部门101','0','2026-05-02 22:11:26','2026-06-09 22:11:26',1,1,0);
INSERT INTO `t_share_api`(`id`,`api_code`,`api_name`,`source_id`,`api_url`,`api_method`,`request_params`,`response_params`,`api_desc`,`auth_type`,`timeout`,`rate_limit`,`dept_id`,`dept_name`,`status`,`create_time`,`update_time`,`create_by`,`update_by`,`deleted`) VALUES(107,'API-008','数据接口8',3,'/api/share/query8','GET','{}','{}','描述7','NONE',10000,100,105,'部门106','1','2026-05-28 22:11:26','2026-06-09 22:11:26',1,1,0);
INSERT INTO `t_share_api`(`id`,`api_code`,`api_name`,`source_id`,`api_url`,`api_method`,`request_params`,`response_params`,`api_desc`,`auth_type`,`timeout`,`rate_limit`,`dept_id`,`dept_name`,`status`,`create_time`,`update_time`,`create_by`,`update_by`,`deleted`) VALUES(108,'API-009','数据接口9',1,'/api/share/query9','GET','{}','{}','描述8','NONE',3000,100,102,'部门109','1','2026-06-21 22:11:26','2026-05-20 22:11:26',1,1,0);
INSERT INTO `t_share_api`(`id`,`api_code`,`api_name`,`source_id`,`api_url`,`api_method`,`request_params`,`response_params`,`api_desc`,`auth_type`,`timeout`,`rate_limit`,`dept_id`,`dept_name`,`status`,`create_time`,`update_time`,`create_by`,`update_by`,`deleted`) VALUES(109,'API-010','数据接口10',4,'/api/share/query10','POST','{}','{}','描述9','NONE',3000,100,109,'部门100','1','2026-06-03 22:11:26','2026-05-10 22:11:26',1,1,0);
INSERT INTO `t_share_api`(`id`,`api_code`,`api_name`,`source_id`,`api_url`,`api_method`,`request_params`,`response_params`,`api_desc`,`auth_type`,`timeout`,`rate_limit`,`dept_id`,`dept_name`,`status`,`create_time`,`update_time`,`create_by`,`update_by`,`deleted`) VALUES(110,'API-011','数据接口11',2,'/api/share/query11','GET','{}','{}','描述10','TOKEN',10000,200,109,'部门108','0','2026-05-24 22:11:26','2026-05-12 22:11:26',1,1,0);
INSERT INTO `t_share_api`(`id`,`api_code`,`api_name`,`source_id`,`api_url`,`api_method`,`request_params`,`response_params`,`api_desc`,`auth_type`,`timeout`,`rate_limit`,`dept_id`,`dept_name`,`status`,`create_time`,`update_time`,`create_by`,`update_by`,`deleted`) VALUES(111,'API-012','数据接口12',2,'/api/share/query12','GET','{}','{}','描述11','NONE',10000,200,108,'部门107','1','2026-06-10 22:11:26','2026-06-15 22:11:26',1,1,0);
INSERT INTO `t_share_api`(`id`,`api_code`,`api_name`,`source_id`,`api_url`,`api_method`,`request_params`,`response_params`,`api_desc`,`auth_type`,`timeout`,`rate_limit`,`dept_id`,`dept_name`,`status`,`create_time`,`update_time`,`create_by`,`update_by`,`deleted`) VALUES(112,'API-013','数据接口13',5,'/api/share/query13','GET','{}','{}','描述12','NONE',3000,100,103,'部门107','1','2026-05-11 22:11:26','2026-06-20 22:11:26',1,1,0);
INSERT INTO `t_share_api`(`id`,`api_code`,`api_name`,`source_id`,`api_url`,`api_method`,`request_params`,`response_params`,`api_desc`,`auth_type`,`timeout`,`rate_limit`,`dept_id`,`dept_name`,`status`,`create_time`,`update_time`,`create_by`,`update_by`,`deleted`) VALUES(113,'API-014','数据接口14',4,'/api/share/query14','POST','{}','{}','描述13','NONE',5000,50,105,'部门108','1','2026-04-30 22:11:26','2026-06-04 22:11:26',1,1,0);
INSERT INTO `t_share_api`(`id`,`api_code`,`api_name`,`source_id`,`api_url`,`api_method`,`request_params`,`response_params`,`api_desc`,`auth_type`,`timeout`,`rate_limit`,`dept_id`,`dept_name`,`status`,`create_time`,`update_time`,`create_by`,`update_by`,`deleted`) VALUES(114,'API-015','数据接口15',8,'/api/share/query15','GET','{}','{}','描述14','NONE',5000,50,109,'部门102','1','2026-05-09 22:11:26','2026-04-30 22:11:26',1,1,0);

USE `gov_datashare`;
DELETE FROM `t_datasource` WHERE id >= 100;
INSERT INTO `t_datasource`(`id`,`source_code`,`source_name`,`source_type`,`db_host`,`db_port`,`db_name`,`db_username`,`db_password`,`api_url`,`api_method`,`api_key`,`dept_id`,`dept_name`,`status`,`create_time`,`update_time`,`create_by`,`update_by`,`deleted`) VALUES(100,'DS-001','数据源1','FILE','192.168.100.1',1521,'db_source_0','user_0','pass_0','http://api0.gov.cn/data','GET','key_0',109,'部门102','1','2026-05-22 22:11:26','2026-06-17 22:11:26',1,1,0);
INSERT INTO `t_datasource`(`id`,`source_code`,`source_name`,`source_type`,`db_host`,`db_port`,`db_name`,`db_username`,`db_password`,`api_url`,`api_method`,`api_key`,`dept_id`,`dept_name`,`status`,`create_time`,`update_time`,`create_by`,`update_by`,`deleted`) VALUES(101,'DS-002','数据源2','API','192.168.101.2',3306,'db_source_1','user_1','pass_1',NULL,NULL,NULL,101,'部门106','0','2026-04-24 22:11:26','2026-06-23 22:11:26',1,1,0);
INSERT INTO `t_datasource`(`id`,`source_code`,`source_name`,`source_type`,`db_host`,`db_port`,`db_name`,`db_username`,`db_password`,`api_url`,`api_method`,`api_key`,`dept_id`,`dept_name`,`status`,`create_time`,`update_time`,`create_by`,`update_by`,`deleted`) VALUES(102,'DS-003','数据源3','FILE','192.168.102.3',1521,'db_source_2','user_2','pass_2','http://api2.gov.cn/data','GET','key_2',103,'部门102','0','2026-06-26 22:11:26','2026-06-22 22:11:26',1,1,0);
INSERT INTO `t_datasource`(`id`,`source_code`,`source_name`,`source_type`,`db_host`,`db_port`,`db_name`,`db_username`,`db_password`,`api_url`,`api_method`,`api_key`,`dept_id`,`dept_name`,`status`,`create_time`,`update_time`,`create_by`,`update_by`,`deleted`) VALUES(103,'DS-004','数据源4','MySQL','192.168.103.4',3307,'db_source_3','user_3','pass_3',NULL,NULL,NULL,104,'部门108','0','2026-06-15 22:11:26','2026-06-23 22:11:26',1,1,0);
INSERT INTO `t_datasource`(`id`,`source_code`,`source_name`,`source_type`,`db_host`,`db_port`,`db_name`,`db_username`,`db_password`,`api_url`,`api_method`,`api_key`,`dept_id`,`dept_name`,`status`,`create_time`,`update_time`,`create_by`,`update_by`,`deleted`) VALUES(104,'DS-005','数据源5','MySQL','192.168.104.5',3307,'db_source_4','user_4','pass_4','http://api4.gov.cn/data','GET','key_4',100,'部门102','1','2026-06-11 22:11:26','2026-06-11 22:11:26',1,1,0);
INSERT INTO `t_datasource`(`id`,`source_code`,`source_name`,`source_type`,`db_host`,`db_port`,`db_name`,`db_username`,`db_password`,`api_url`,`api_method`,`api_key`,`dept_id`,`dept_name`,`status`,`create_time`,`update_time`,`create_by`,`update_by`,`deleted`) VALUES(105,'DS-006','数据源6','FILE','192.168.105.6',3307,'db_source_5','user_5','pass_5',NULL,NULL,NULL,105,'部门102','0','2026-03-30 22:11:26','2026-06-10 22:11:26',1,1,0);
INSERT INTO `t_datasource`(`id`,`source_code`,`source_name`,`source_type`,`db_host`,`db_port`,`db_name`,`db_username`,`db_password`,`api_url`,`api_method`,`api_key`,`dept_id`,`dept_name`,`status`,`create_time`,`update_time`,`create_by`,`update_by`,`deleted`) VALUES(106,'DS-007','数据源7','Oracle','192.168.106.7',1521,'db_source_6','user_6','pass_6','http://api6.gov.cn/data','GET','key_6',104,'部门101','1','2026-05-15 22:11:26','2026-06-09 22:11:26',1,1,0);
INSERT INTO `t_datasource`(`id`,`source_code`,`source_name`,`source_type`,`db_host`,`db_port`,`db_name`,`db_username`,`db_password`,`api_url`,`api_method`,`api_key`,`dept_id`,`dept_name`,`status`,`create_time`,`update_time`,`create_by`,`update_by`,`deleted`) VALUES(107,'DS-008','数据源8','MySQL','192.168.107.8',1521,'db_source_7','user_7','pass_7',NULL,NULL,NULL,100,'部门101','1','2026-05-01 22:11:26','2026-05-29 22:11:26',1,1,0);

USE `gov_datashare`;
DELETE FROM `t_share_log` WHERE id >= 100;
INSERT INTO `t_share_log`(`id`,`api_id`,`api_code`,`caller_dept_id`,`caller_dept_name`,`caller_user_id`,`call_time`,`call_params`,`call_result`,`call_msg`,`response_time`,`data_count`,`call_ip`,`create_time`,`update_time`,`create_by`,`update_by`,`deleted`) VALUES(100,106,'API-011',107,'部门106',118,'2026-06-03 22:11:26','{"page":1,"size":10}','2',NULL,771,93,'192.168.197.151','2026-05-29 22:11:26','2026-06-01 22:11:26',1,1,0);
INSERT INTO `t_share_log`(`id`,`api_id`,`api_code`,`caller_dept_id`,`caller_dept_name`,`caller_user_id`,`call_time`,`call_params`,`call_result`,`call_msg`,`response_time`,`data_count`,`call_ip`,`create_time`,`update_time`,`create_by`,`update_by`,`deleted`) VALUES(101,114,'API-009',101,'部门102',100,'2026-06-09 22:11:26','{"page":1,"size":10}','',NULL,2679,59,'192.168.98.83','2026-06-13 22:11:26','2026-06-22 22:11:26',1,1,0);
INSERT INTO `t_share_log`(`id`,`api_id`,`api_code`,`caller_dept_id`,`caller_dept_name`,`caller_user_id`,`call_time`,`call_params`,`call_result`,`call_msg`,`response_time`,`data_count`,`call_ip`,`create_time`,`update_time`,`create_by`,`update_by`,`deleted`) VALUES(102,108,'API-012',109,'部门104',149,'2026-06-24 22:11:26','{"page":1,"size":10}','1',NULL,1417,7,'192.168.145.133','2026-05-30 22:11:26','2026-06-11 22:11:26',1,1,0);
INSERT INTO `t_share_log`(`id`,`api_id`,`api_code`,`caller_dept_id`,`caller_dept_name`,`caller_user_id`,`call_time`,`call_params`,`call_result`,`call_msg`,`response_time`,`data_count`,`call_ip`,`create_time`,`update_time`,`create_by`,`update_by`,`deleted`) VALUES(103,109,'API-009',106,'部门104',120,'2026-06-15 22:11:26','{"page":1,"size":10}','1',NULL,606,6,'192.168.209.242','2026-06-04 22:11:26','2026-05-30 22:11:26',1,1,0);
INSERT INTO `t_share_log`(`id`,`api_id`,`api_code`,`caller_dept_id`,`caller_dept_name`,`caller_user_id`,`call_time`,`call_params`,`call_result`,`call_msg`,`response_time`,`data_count`,`call_ip`,`create_time`,`update_time`,`create_by`,`update_by`,`deleted`) VALUES(104,111,'API-004',106,'部门108',117,'2026-06-09 22:11:26','{"page":1,"size":10}','',NULL,1442,37,'192.168.43.31','2026-06-18 22:11:26','2026-06-19 22:11:26',1,1,0);
INSERT INTO `t_share_log`(`id`,`api_id`,`api_code`,`caller_dept_id`,`caller_dept_name`,`caller_user_id`,`call_time`,`call_params`,`call_result`,`call_msg`,`response_time`,`data_count`,`call_ip`,`create_time`,`update_time`,`create_by`,`update_by`,`deleted`) VALUES(105,107,'API-008',103,'部门102',118,'2026-05-29 22:11:26','{"page":1,"size":10}','1',NULL,454,30,'192.168.171.72','2026-06-23 22:11:26','2026-06-24 22:11:26',1,1,0);
INSERT INTO `t_share_log`(`id`,`api_id`,`api_code`,`caller_dept_id`,`caller_dept_name`,`caller_user_id`,`call_time`,`call_params`,`call_result`,`call_msg`,`response_time`,`data_count`,`call_ip`,`create_time`,`update_time`,`create_by`,`update_by`,`deleted`) VALUES(106,103,'API-009',108,'部门102',101,'2026-06-08 22:11:26','{"page":1,"size":10}','1',NULL,2231,69,'192.168.205.50','2026-06-27 22:11:26','2026-06-12 22:11:26',1,1,0);
INSERT INTO `t_share_log`(`id`,`api_id`,`api_code`,`caller_dept_id`,`caller_dept_name`,`caller_user_id`,`call_time`,`call_params`,`call_result`,`call_msg`,`response_time`,`data_count`,`call_ip`,`create_time`,`update_time`,`create_by`,`update_by`,`deleted`) VALUES(107,113,'API-014',100,'部门105',113,'2026-06-18 22:11:26','{"page":1,"size":10}','',NULL,1842,67,'192.168.33.213','2026-06-13 22:11:26','2026-06-18 22:11:26',1,1,0);
INSERT INTO `t_share_log`(`id`,`api_id`,`api_code`,`caller_dept_id`,`caller_dept_name`,`caller_user_id`,`call_time`,`call_params`,`call_result`,`call_msg`,`response_time`,`data_count`,`call_ip`,`create_time`,`update_time`,`create_by`,`update_by`,`deleted`) VALUES(108,114,'API-002',101,'部门107',127,'2026-06-12 22:11:26','{"page":1,"size":10}','1','调用失败',580,36,'192.168.188.172','2026-06-24 22:11:26','2026-06-16 22:11:26',1,1,0);
INSERT INTO `t_share_log`(`id`,`api_id`,`api_code`,`caller_dept_id`,`caller_dept_name`,`caller_user_id`,`call_time`,`call_params`,`call_result`,`call_msg`,`response_time`,`data_count`,`call_ip`,`create_time`,`update_time`,`create_by`,`update_by`,`deleted`) VALUES(109,112,'API-002',103,'部门101',120,'2026-06-22 22:11:26','{"page":1,"size":10}','',NULL,1877,81,'192.168.189.132','2026-06-06 22:11:26','2026-06-03 22:11:26',1,1,0);
INSERT INTO `t_share_log`(`id`,`api_id`,`api_code`,`caller_dept_id`,`caller_dept_name`,`caller_user_id`,`call_time`,`call_params`,`call_result`,`call_msg`,`response_time`,`data_count`,`call_ip`,`create_time`,`update_time`,`create_by`,`update_by`,`deleted`) VALUES(110,101,'API-012',105,'部门100',127,'2026-06-24 22:11:26','{"page":1,"size":10}','',NULL,2306,85,'192.168.215.225','2026-06-07 22:11:26','2026-06-26 22:11:26',1,1,0);
INSERT INTO `t_share_log`(`id`,`api_id`,`api_code`,`caller_dept_id`,`caller_dept_name`,`caller_user_id`,`call_time`,`call_params`,`call_result`,`call_msg`,`response_time`,`data_count`,`call_ip`,`create_time`,`update_time`,`create_by`,`update_by`,`deleted`) VALUES(111,110,'API-011',100,'部门103',108,'2026-06-09 22:11:26','{"page":1,"size":10}','2',NULL,921,87,'192.168.51.68','2026-06-12 22:11:26','2026-06-23 22:11:26',1,1,0);
INSERT INTO `t_share_log`(`id`,`api_id`,`api_code`,`caller_dept_id`,`caller_dept_name`,`caller_user_id`,`call_time`,`call_params`,`call_result`,`call_msg`,`response_time`,`data_count`,`call_ip`,`create_time`,`update_time`,`create_by`,`update_by`,`deleted`) VALUES(112,107,'API-014',102,'部门107',118,'2026-06-23 22:11:26','{"page":1,"size":10}','1',NULL,383,67,'192.168.220.186','2026-06-04 22:11:26','2026-06-21 22:11:26',1,1,0);
INSERT INTO `t_share_log`(`id`,`api_id`,`api_code`,`caller_dept_id`,`caller_dept_name`,`caller_user_id`,`call_time`,`call_params`,`call_result`,`call_msg`,`response_time`,`data_count`,`call_ip`,`create_time`,`update_time`,`create_by`,`update_by`,`deleted`) VALUES(113,100,'API-007',101,'部门107',135,'2026-06-08 22:11:26','{"page":1,"size":10}','1',NULL,178,54,'192.168.177.68','2026-06-08 22:11:26','2026-06-15 22:11:26',1,1,0);
INSERT INTO `t_share_log`(`id`,`api_id`,`api_code`,`caller_dept_id`,`caller_dept_name`,`caller_user_id`,`call_time`,`call_params`,`call_result`,`call_msg`,`response_time`,`data_count`,`call_ip`,`create_time`,`update_time`,`create_by`,`update_by`,`deleted`) VALUES(114,110,'API-010',103,'部门105',130,'2026-06-11 22:11:26','{"page":1,"size":10}','1',NULL,969,38,'192.168.172.125','2026-06-12 22:11:26','2026-06-02 22:11:26',1,1,0);
INSERT INTO `t_share_log`(`id`,`api_id`,`api_code`,`caller_dept_id`,`caller_dept_name`,`caller_user_id`,`call_time`,`call_params`,`call_result`,`call_msg`,`response_time`,`data_count`,`call_ip`,`create_time`,`update_time`,`create_by`,`update_by`,`deleted`) VALUES(115,110,'API-007',109,'部门105',134,'2026-06-12 22:11:26','{"page":1,"size":10}','1','调用失败',480,97,'192.168.196.74','2026-06-14 22:11:26','2026-06-13 22:11:26',1,1,0);
INSERT INTO `t_share_log`(`id`,`api_id`,`api_code`,`caller_dept_id`,`caller_dept_name`,`caller_user_id`,`call_time`,`call_params`,`call_result`,`call_msg`,`response_time`,`data_count`,`call_ip`,`create_time`,`update_time`,`create_by`,`update_by`,`deleted`) VALUES(116,105,'API-004',106,'部门101',111,'2026-06-13 22:11:26','{"page":1,"size":10}','1',NULL,1443,90,'192.168.102.181','2026-06-23 22:11:26','2026-06-03 22:11:26',1,1,0);
INSERT INTO `t_share_log`(`id`,`api_id`,`api_code`,`caller_dept_id`,`caller_dept_name`,`caller_user_id`,`call_time`,`call_params`,`call_result`,`call_msg`,`response_time`,`data_count`,`call_ip`,`create_time`,`update_time`,`create_by`,`update_by`,`deleted`) VALUES(117,114,'API-008',107,'部门109',126,'2026-06-06 22:11:26','{"page":1,"size":10}','1','调用失败',1117,65,'192.168.56.228','2026-05-31 22:11:26','2026-06-02 22:11:26',1,1,0);
INSERT INTO `t_share_log`(`id`,`api_id`,`api_code`,`caller_dept_id`,`caller_dept_name`,`caller_user_id`,`call_time`,`call_params`,`call_result`,`call_msg`,`response_time`,`data_count`,`call_ip`,`create_time`,`update_time`,`create_by`,`update_by`,`deleted`) VALUES(118,106,'API-001',108,'部门105',116,'2026-06-06 22:11:26','{"page":1,"size":10}','1',NULL,1830,55,'192.168.103.67','2026-05-29 22:11:26','2026-06-26 22:11:26',1,1,0);
INSERT INTO `t_share_log`(`id`,`api_id`,`api_code`,`caller_dept_id`,`caller_dept_name`,`caller_user_id`,`call_time`,`call_params`,`call_result`,`call_msg`,`response_time`,`data_count`,`call_ip`,`create_time`,`update_time`,`create_by`,`update_by`,`deleted`) VALUES(119,104,'API-008',103,'部门105',140,'2026-06-01 22:11:26','{"page":1,"size":10}','1',NULL,1698,29,'192.168.147.225','2026-06-22 22:11:26','2026-06-10 22:11:26',1,1,0);
INSERT INTO `t_share_log`(`id`,`api_id`,`api_code`,`caller_dept_id`,`caller_dept_name`,`caller_user_id`,`call_time`,`call_params`,`call_result`,`call_msg`,`response_time`,`data_count`,`call_ip`,`create_time`,`update_time`,`create_by`,`update_by`,`deleted`) VALUES(120,103,'API-013',101,'部门109',139,'2026-06-17 22:11:26','{"page":1,"size":10}','1',NULL,101,93,'192.168.6.206','2026-06-15 22:11:26','2026-06-25 22:11:26',1,1,0);
INSERT INTO `t_share_log`(`id`,`api_id`,`api_code`,`caller_dept_id`,`caller_dept_name`,`caller_user_id`,`call_time`,`call_params`,`call_result`,`call_msg`,`response_time`,`data_count`,`call_ip`,`create_time`,`update_time`,`create_by`,`update_by`,`deleted`) VALUES(121,112,'API-012',105,'部门105',149,'2026-06-03 22:11:26','{"page":1,"size":10}','','调用失败',221,67,'192.168.54.93','2026-06-10 22:11:26','2026-06-21 22:11:26',1,1,0);
INSERT INTO `t_share_log`(`id`,`api_id`,`api_code`,`caller_dept_id`,`caller_dept_name`,`caller_user_id`,`call_time`,`call_params`,`call_result`,`call_msg`,`response_time`,`data_count`,`call_ip`,`create_time`,`update_time`,`create_by`,`update_by`,`deleted`) VALUES(122,102,'API-014',108,'部门106',145,'2026-06-20 22:11:26','{"page":1,"size":10}','1',NULL,1551,43,'192.168.106.56','2026-06-10 22:11:26','2026-06-04 22:11:26',1,1,0);
INSERT INTO `t_share_log`(`id`,`api_id`,`api_code`,`caller_dept_id`,`caller_dept_name`,`caller_user_id`,`call_time`,`call_params`,`call_result`,`call_msg`,`response_time`,`data_count`,`call_ip`,`create_time`,`update_time`,`create_by`,`update_by`,`deleted`) VALUES(123,103,'API-001',100,'部门100',148,'2026-06-11 22:11:26','{"page":1,"size":10}','1',NULL,2006,6,'192.168.41.73','2026-06-18 22:11:26','2026-06-27 22:11:26',1,1,0);
INSERT INTO `t_share_log`(`id`,`api_id`,`api_code`,`caller_dept_id`,`caller_dept_name`,`caller_user_id`,`call_time`,`call_params`,`call_result`,`call_msg`,`response_time`,`data_count`,`call_ip`,`create_time`,`update_time`,`create_by`,`update_by`,`deleted`) VALUES(124,103,'API-011',103,'部门100',117,'2026-06-04 22:11:26','{"page":1,"size":10}','1',NULL,1567,84,'192.168.103.34','2026-06-01 22:11:26','2026-06-04 22:11:26',1,1,0);
INSERT INTO `t_share_log`(`id`,`api_id`,`api_code`,`caller_dept_id`,`caller_dept_name`,`caller_user_id`,`call_time`,`call_params`,`call_result`,`call_msg`,`response_time`,`data_count`,`call_ip`,`create_time`,`update_time`,`create_by`,`update_by`,`deleted`) VALUES(125,114,'API-005',101,'部门101',104,'2026-06-11 22:11:26','{"page":1,"size":10}','2','调用失败',2238,78,'192.168.236.39','2026-06-24 22:11:26','2026-06-04 22:11:26',1,1,0);
INSERT INTO `t_share_log`(`id`,`api_id`,`api_code`,`caller_dept_id`,`caller_dept_name`,`caller_user_id`,`call_time`,`call_params`,`call_result`,`call_msg`,`response_time`,`data_count`,`call_ip`,`create_time`,`update_time`,`create_by`,`update_by`,`deleted`) VALUES(126,109,'API-013',106,'部门103',138,'2026-05-31 22:11:26','{"page":1,"size":10}','1',NULL,1761,66,'192.168.191.6','2026-06-18 22:11:26','2026-06-19 22:11:26',1,1,0);
INSERT INTO `t_share_log`(`id`,`api_id`,`api_code`,`caller_dept_id`,`caller_dept_name`,`caller_user_id`,`call_time`,`call_params`,`call_result`,`call_msg`,`response_time`,`data_count`,`call_ip`,`create_time`,`update_time`,`create_by`,`update_by`,`deleted`) VALUES(127,107,'API-004',101,'部门104',141,'2026-06-09 22:11:26','{"page":1,"size":10}','2',NULL,1779,12,'192.168.57.248','2026-06-14 22:11:26','2026-06-10 22:11:26',1,1,0);
INSERT INTO `t_share_log`(`id`,`api_id`,`api_code`,`caller_dept_id`,`caller_dept_name`,`caller_user_id`,`call_time`,`call_params`,`call_result`,`call_msg`,`response_time`,`data_count`,`call_ip`,`create_time`,`update_time`,`create_by`,`update_by`,`deleted`) VALUES(128,104,'API-008',104,'部门108',132,'2026-06-20 22:11:26','{"page":1,"size":10}','2','调用失败',2055,94,'192.168.101.244','2026-06-16 22:11:26','2026-06-03 22:11:26',1,1,0);
INSERT INTO `t_share_log`(`id`,`api_id`,`api_code`,`caller_dept_id`,`caller_dept_name`,`caller_user_id`,`call_time`,`call_params`,`call_result`,`call_msg`,`response_time`,`data_count`,`call_ip`,`create_time`,`update_time`,`create_by`,`update_by`,`deleted`) VALUES(129,108,'API-012',101,'部门107',114,'2026-06-09 22:11:26','{"page":1,"size":10}','1',NULL,970,58,'192.168.95.123','2026-06-09 22:11:26','2026-06-24 22:11:26',1,1,0);
INSERT INTO `t_share_log`(`id`,`api_id`,`api_code`,`caller_dept_id`,`caller_dept_name`,`caller_user_id`,`call_time`,`call_params`,`call_result`,`call_msg`,`response_time`,`data_count`,`call_ip`,`create_time`,`update_time`,`create_by`,`update_by`,`deleted`) VALUES(130,110,'API-005',105,'部门102',140,'2026-06-25 22:11:26','{"page":1,"size":10}','1',NULL,870,63,'192.168.152.64','2026-06-25 22:11:26','2026-06-23 22:11:26',1,1,0);
INSERT INTO `t_share_log`(`id`,`api_id`,`api_code`,`caller_dept_id`,`caller_dept_name`,`caller_user_id`,`call_time`,`call_params`,`call_result`,`call_msg`,`response_time`,`data_count`,`call_ip`,`create_time`,`update_time`,`create_by`,`update_by`,`deleted`) VALUES(131,106,'API-010',107,'部门108',146,'2026-06-01 22:11:26','{"page":1,"size":10}','',NULL,261,99,'192.168.127.65','2026-06-14 22:11:26','2026-06-18 22:11:26',1,1,0);
INSERT INTO `t_share_log`(`id`,`api_id`,`api_code`,`caller_dept_id`,`caller_dept_name`,`caller_user_id`,`call_time`,`call_params`,`call_result`,`call_msg`,`response_time`,`data_count`,`call_ip`,`create_time`,`update_time`,`create_by`,`update_by`,`deleted`) VALUES(132,111,'API-006',102,'部门100',120,'2026-06-05 22:11:26','{"page":1,"size":10}','',NULL,42,35,'192.168.177.54','2026-06-03 22:11:26','2026-06-10 22:11:26',1,1,0);
INSERT INTO `t_share_log`(`id`,`api_id`,`api_code`,`caller_dept_id`,`caller_dept_name`,`caller_user_id`,`call_time`,`call_params`,`call_result`,`call_msg`,`response_time`,`data_count`,`call_ip`,`create_time`,`update_time`,`create_by`,`update_by`,`deleted`) VALUES(133,112,'API-008',108,'部门107',120,'2026-06-07 22:11:26','{"page":1,"size":10}','1',NULL,2923,62,'192.168.132.143','2026-05-31 22:11:26','2026-06-04 22:11:26',1,1,0);
INSERT INTO `t_share_log`(`id`,`api_id`,`api_code`,`caller_dept_id`,`caller_dept_name`,`caller_user_id`,`call_time`,`call_params`,`call_result`,`call_msg`,`response_time`,`data_count`,`call_ip`,`create_time`,`update_time`,`create_by`,`update_by`,`deleted`) VALUES(134,111,'API-002',101,'部门106',144,'2026-06-25 22:11:26','{"page":1,"size":10}','2',NULL,75,21,'192.168.134.192','2026-06-24 22:11:26','2026-06-22 22:11:26',1,1,0);
INSERT INTO `t_share_log`(`id`,`api_id`,`api_code`,`caller_dept_id`,`caller_dept_name`,`caller_user_id`,`call_time`,`call_params`,`call_result`,`call_msg`,`response_time`,`data_count`,`call_ip`,`create_time`,`update_time`,`create_by`,`update_by`,`deleted`) VALUES(135,103,'API-008',101,'部门100',127,'2026-06-12 22:11:26','{"page":1,"size":10}','1',NULL,2168,63,'192.168.36.192','2026-05-31 22:11:26','2026-06-10 22:11:26',1,1,0);
INSERT INTO `t_share_log`(`id`,`api_id`,`api_code`,`caller_dept_id`,`caller_dept_name`,`caller_user_id`,`call_time`,`call_params`,`call_result`,`call_msg`,`response_time`,`data_count`,`call_ip`,`create_time`,`update_time`,`create_by`,`update_by`,`deleted`) VALUES(136,106,'API-007',100,'部门104',107,'2026-06-14 22:11:26','{"page":1,"size":10}','1',NULL,2791,35,'192.168.134.83','2026-06-08 22:11:26','2026-05-30 22:11:26',1,1,0);
INSERT INTO `t_share_log`(`id`,`api_id`,`api_code`,`caller_dept_id`,`caller_dept_name`,`caller_user_id`,`call_time`,`call_params`,`call_result`,`call_msg`,`response_time`,`data_count`,`call_ip`,`create_time`,`update_time`,`create_by`,`update_by`,`deleted`) VALUES(137,105,'API-010',102,'部门102',118,'2026-06-11 22:11:26','{"page":1,"size":10}','1',NULL,2946,48,'192.168.133.155','2026-06-19 22:11:26','2026-06-12 22:11:26',1,1,0);
INSERT INTO `t_share_log`(`id`,`api_id`,`api_code`,`caller_dept_id`,`caller_dept_name`,`caller_user_id`,`call_time`,`call_params`,`call_result`,`call_msg`,`response_time`,`data_count`,`call_ip`,`create_time`,`update_time`,`create_by`,`update_by`,`deleted`) VALUES(138,107,'API-004',105,'部门102',110,'2026-06-11 22:11:26','{"page":1,"size":10}','2','调用失败',1725,23,'192.168.39.121','2026-06-25 22:11:26','2026-06-27 22:11:26',1,1,0);
INSERT INTO `t_share_log`(`id`,`api_id`,`api_code`,`caller_dept_id`,`caller_dept_name`,`caller_user_id`,`call_time`,`call_params`,`call_result`,`call_msg`,`response_time`,`data_count`,`call_ip`,`create_time`,`update_time`,`create_by`,`update_by`,`deleted`) VALUES(139,104,'API-012',103,'部门103',144,'2026-06-24 22:11:26','{"page":1,"size":10}','',NULL,407,8,'192.168.160.120','2026-06-08 22:11:26','2026-06-22 22:11:26',1,1,0);
INSERT INTO `t_share_log`(`id`,`api_id`,`api_code`,`caller_dept_id`,`caller_dept_name`,`caller_user_id`,`call_time`,`call_params`,`call_result`,`call_msg`,`response_time`,`data_count`,`call_ip`,`create_time`,`update_time`,`create_by`,`update_by`,`deleted`) VALUES(140,101,'API-006',108,'部门103',122,'2026-06-07 22:11:26','{"page":1,"size":10}','1',NULL,1144,37,'192.168.211.234','2026-05-31 22:11:26','2026-06-14 22:11:26',1,1,0);
INSERT INTO `t_share_log`(`id`,`api_id`,`api_code`,`caller_dept_id`,`caller_dept_name`,`caller_user_id`,`call_time`,`call_params`,`call_result`,`call_msg`,`response_time`,`data_count`,`call_ip`,`create_time`,`update_time`,`create_by`,`update_by`,`deleted`) VALUES(141,109,'API-012',104,'部门105',139,'2026-06-03 22:11:26','{"page":1,"size":10}','2',NULL,2318,70,'192.168.165.169','2026-06-21 22:11:26','2026-06-25 22:11:26',1,1,0);
INSERT INTO `t_share_log`(`id`,`api_id`,`api_code`,`caller_dept_id`,`caller_dept_name`,`caller_user_id`,`call_time`,`call_params`,`call_result`,`call_msg`,`response_time`,`data_count`,`call_ip`,`create_time`,`update_time`,`create_by`,`update_by`,`deleted`) VALUES(142,109,'API-003',101,'部门103',117,'2026-06-22 22:11:26','{"page":1,"size":10}','1',NULL,538,67,'192.168.151.166','2026-06-03 22:11:26','2026-06-15 22:11:26',1,1,0);
INSERT INTO `t_share_log`(`id`,`api_id`,`api_code`,`caller_dept_id`,`caller_dept_name`,`caller_user_id`,`call_time`,`call_params`,`call_result`,`call_msg`,`response_time`,`data_count`,`call_ip`,`create_time`,`update_time`,`create_by`,`update_by`,`deleted`) VALUES(143,105,'API-010',109,'部门109',117,'2026-06-02 22:11:26','{"page":1,"size":10}','',NULL,1959,27,'192.168.44.1','2026-06-02 22:11:26','2026-06-20 22:11:26',1,1,0);
INSERT INTO `t_share_log`(`id`,`api_id`,`api_code`,`caller_dept_id`,`caller_dept_name`,`caller_user_id`,`call_time`,`call_params`,`call_result`,`call_msg`,`response_time`,`data_count`,`call_ip`,`create_time`,`update_time`,`create_by`,`update_by`,`deleted`) VALUES(144,103,'API-002',109,'部门102',109,'2026-06-22 22:11:26','{"page":1,"size":10}','2',NULL,1344,10,'192.168.230.249','2026-06-26 22:11:26','2026-06-23 22:11:26',1,1,0);
INSERT INTO `t_share_log`(`id`,`api_id`,`api_code`,`caller_dept_id`,`caller_dept_name`,`caller_user_id`,`call_time`,`call_params`,`call_result`,`call_msg`,`response_time`,`data_count`,`call_ip`,`create_time`,`update_time`,`create_by`,`update_by`,`deleted`) VALUES(145,108,'API-013',107,'部门106',142,'2026-06-12 22:11:26','{"page":1,"size":10}','1',NULL,500,31,'192.168.144.101','2026-06-15 22:11:26','2026-06-03 22:11:26',1,1,0);
INSERT INTO `t_share_log`(`id`,`api_id`,`api_code`,`caller_dept_id`,`caller_dept_name`,`caller_user_id`,`call_time`,`call_params`,`call_result`,`call_msg`,`response_time`,`data_count`,`call_ip`,`create_time`,`update_time`,`create_by`,`update_by`,`deleted`) VALUES(146,106,'API-012',107,'部门105',119,'2026-06-01 22:11:26','{"page":1,"size":10}','',NULL,340,78,'192.168.216.55','2026-06-22 22:11:26','2026-06-07 22:11:26',1,1,0);
INSERT INTO `t_share_log`(`id`,`api_id`,`api_code`,`caller_dept_id`,`caller_dept_name`,`caller_user_id`,`call_time`,`call_params`,`call_result`,`call_msg`,`response_time`,`data_count`,`call_ip`,`create_time`,`update_time`,`create_by`,`update_by`,`deleted`) VALUES(147,113,'API-005',102,'部门106',135,'2026-06-13 22:11:26','{"page":1,"size":10}','2',NULL,1046,88,'192.168.31.143','2026-05-30 22:11:26','2026-06-14 22:11:26',1,1,0);
INSERT INTO `t_share_log`(`id`,`api_id`,`api_code`,`caller_dept_id`,`caller_dept_name`,`caller_user_id`,`call_time`,`call_params`,`call_result`,`call_msg`,`response_time`,`data_count`,`call_ip`,`create_time`,`update_time`,`create_by`,`update_by`,`deleted`) VALUES(148,110,'API-006',102,'部门100',123,'2026-05-31 22:11:26','{"page":1,"size":10}','2',NULL,1437,94,'192.168.109.55','2026-06-08 22:11:26','2026-06-10 22:11:26',1,1,0);
INSERT INTO `t_share_log`(`id`,`api_id`,`api_code`,`caller_dept_id`,`caller_dept_name`,`caller_user_id`,`call_time`,`call_params`,`call_result`,`call_msg`,`response_time`,`data_count`,`call_ip`,`create_time`,`update_time`,`create_by`,`update_by`,`deleted`) VALUES(149,114,'API-015',103,'部门106',123,'2026-06-22 22:11:26','{"page":1,"size":10}','1',NULL,1498,68,'192.168.50.2','2026-06-09 22:11:26','2026-06-18 22:11:26',1,1,0);

USE `gov_datashare`;
DELETE FROM `t_share_permission` WHERE id >= 100;
INSERT INTO `t_share_permission`(`id`,`api_id`,`dept_id`,`dept_name`,`permission_type`,`expire_time`,`call_limit`,`status`,`create_time`,`update_time`,`create_by`,`update_by`,`deleted`) VALUES(100,105,101,'部门105','只读','2026-08-03 00:00:00',10000,'1','2026-06-23 22:11:26','2026-06-07 22:11:26',1,1,0);
INSERT INTO `t_share_permission`(`id`,`api_id`,`dept_id`,`dept_name`,`permission_type`,`expire_time`,`call_limit`,`status`,`create_time`,`update_time`,`create_by`,`update_by`,`deleted`) VALUES(101,104,107,'部门106','读写','2026-12-04 00:00:00',1000,'1','2026-04-15 22:11:26','2026-06-01 22:11:26',1,1,0);
INSERT INTO `t_share_permission`(`id`,`api_id`,`dept_id`,`dept_name`,`permission_type`,`expire_time`,`call_limit`,`status`,`create_time`,`update_time`,`create_by`,`update_by`,`deleted`) VALUES(102,100,107,'部门109','完全','2026-10-24 00:00:00',5000,'2','2026-06-14 22:11:26','2026-06-26 22:11:26',1,1,0);
INSERT INTO `t_share_permission`(`id`,`api_id`,`dept_id`,`dept_name`,`permission_type`,`expire_time`,`call_limit`,`status`,`create_time`,`update_time`,`create_by`,`update_by`,`deleted`) VALUES(103,105,100,'部门109','完全',NULL,500,'1','2026-06-17 22:11:26','2026-06-14 22:11:26',1,1,0);
INSERT INTO `t_share_permission`(`id`,`api_id`,`dept_id`,`dept_name`,`permission_type`,`expire_time`,`call_limit`,`status`,`create_time`,`update_time`,`create_by`,`update_by`,`deleted`) VALUES(104,113,101,'部门100','只读','2026-08-28 00:00:00',1000,'1','2026-04-19 22:11:26','2026-06-19 22:11:26',1,1,0);
INSERT INTO `t_share_permission`(`id`,`api_id`,`dept_id`,`dept_name`,`permission_type`,`expire_time`,`call_limit`,`status`,`create_time`,`update_time`,`create_by`,`update_by`,`deleted`) VALUES(105,113,103,'部门109','完全',NULL,1000,'1','2026-04-13 22:11:26','2026-06-04 22:11:26',1,1,0);
INSERT INTO `t_share_permission`(`id`,`api_id`,`dept_id`,`dept_name`,`permission_type`,`expire_time`,`call_limit`,`status`,`create_time`,`update_time`,`create_by`,`update_by`,`deleted`) VALUES(106,105,108,'部门100','完全','2026-08-28 00:00:00',100,'1','2026-04-24 22:11:26','2026-06-23 22:11:26',1,1,0);
INSERT INTO `t_share_permission`(`id`,`api_id`,`dept_id`,`dept_name`,`permission_type`,`expire_time`,`call_limit`,`status`,`create_time`,`update_time`,`create_by`,`update_by`,`deleted`) VALUES(107,111,104,'部门101','读写','2026-12-16 00:00:00',10000,'1','2026-03-31 22:11:26','2026-06-11 22:11:26',1,1,0);
INSERT INTO `t_share_permission`(`id`,`api_id`,`dept_id`,`dept_name`,`permission_type`,`expire_time`,`call_limit`,`status`,`create_time`,`update_time`,`create_by`,`update_by`,`deleted`) VALUES(108,106,102,'部门100','只读',NULL,1000,'1','2026-05-15 22:11:26','2026-06-13 22:11:26',1,1,0);
INSERT INTO `t_share_permission`(`id`,`api_id`,`dept_id`,`dept_name`,`permission_type`,`expire_time`,`call_limit`,`status`,`create_time`,`update_time`,`create_by`,`update_by`,`deleted`) VALUES(109,109,101,'部门109','只读',NULL,100,'1','2026-06-16 22:11:26','2026-06-22 22:11:26',1,1,0);
INSERT INTO `t_share_permission`(`id`,`api_id`,`dept_id`,`dept_name`,`permission_type`,`expire_time`,`call_limit`,`status`,`create_time`,`update_time`,`create_by`,`update_by`,`deleted`) VALUES(110,105,109,'部门100','读写','2026-11-16 00:00:00',1000,'0','2026-06-17 22:11:26','2026-05-30 22:11:26',1,1,0);
INSERT INTO `t_share_permission`(`id`,`api_id`,`dept_id`,`dept_name`,`permission_type`,`expire_time`,`call_limit`,`status`,`create_time`,`update_time`,`create_by`,`update_by`,`deleted`) VALUES(111,111,103,'部门104','完全','2026-11-02 00:00:00',500,'1','2026-06-21 22:11:26','2026-06-15 22:11:26',1,1,0);
INSERT INTO `t_share_permission`(`id`,`api_id`,`dept_id`,`dept_name`,`permission_type`,`expire_time`,`call_limit`,`status`,`create_time`,`update_time`,`create_by`,`update_by`,`deleted`) VALUES(112,111,104,'部门102','只读',NULL,1000,'0','2026-05-30 22:11:26','2026-06-01 22:11:26',1,1,0);
INSERT INTO `t_share_permission`(`id`,`api_id`,`dept_id`,`dept_name`,`permission_type`,`expire_time`,`call_limit`,`status`,`create_time`,`update_time`,`create_by`,`update_by`,`deleted`) VALUES(113,103,104,'部门103','读写','2026-12-07 00:00:00',5000,'1','2026-06-16 22:11:26','2026-06-12 22:11:26',1,1,0);
INSERT INTO `t_share_permission`(`id`,`api_id`,`dept_id`,`dept_name`,`permission_type`,`expire_time`,`call_limit`,`status`,`create_time`,`update_time`,`create_by`,`update_by`,`deleted`) VALUES(114,105,109,'部门105','只读','2027-04-21 00:00:00',5000,'1','2026-06-23 22:11:26','2026-06-01 22:11:26',1,1,0);
INSERT INTO `t_share_permission`(`id`,`api_id`,`dept_id`,`dept_name`,`permission_type`,`expire_time`,`call_limit`,`status`,`create_time`,`update_time`,`create_by`,`update_by`,`deleted`) VALUES(115,109,106,'部门102','完全','2027-03-07 00:00:00',1000,'1','2026-06-01 22:11:26','2026-06-17 22:11:26',1,1,0);
INSERT INTO `t_share_permission`(`id`,`api_id`,`dept_id`,`dept_name`,`permission_type`,`expire_time`,`call_limit`,`status`,`create_time`,`update_time`,`create_by`,`update_by`,`deleted`) VALUES(116,111,108,'部门108','完全','2026-09-12 00:00:00',10000,'1','2026-05-25 22:11:26','2026-06-21 22:11:26',1,1,0);
INSERT INTO `t_share_permission`(`id`,`api_id`,`dept_id`,`dept_name`,`permission_type`,`expire_time`,`call_limit`,`status`,`create_time`,`update_time`,`create_by`,`update_by`,`deleted`) VALUES(117,107,104,'部门100','读写','2027-06-16 00:00:00',500,'0','2026-06-10 22:11:26','2026-06-13 22:11:26',1,1,0);
INSERT INTO `t_share_permission`(`id`,`api_id`,`dept_id`,`dept_name`,`permission_type`,`expire_time`,`call_limit`,`status`,`create_time`,`update_time`,`create_by`,`update_by`,`deleted`) VALUES(118,109,105,'部门105','完全','2027-05-25 00:00:00',100,'1','2026-03-30 22:11:26','2026-06-24 22:11:26',1,1,0);
INSERT INTO `t_share_permission`(`id`,`api_id`,`dept_id`,`dept_name`,`permission_type`,`expire_time`,`call_limit`,`status`,`create_time`,`update_time`,`create_by`,`update_by`,`deleted`) VALUES(119,110,105,'部门100','读写','2027-01-15 00:00:00',1000,'1','2026-06-04 22:11:26','2026-05-29 22:11:26',1,1,0);

USE `gov_datashare`;
DELETE FROM `t_share_subscribe` WHERE id >= 100;
INSERT INTO `t_share_subscribe`(`id`,`api_id`,`api_name`,`subscribe_dept_id`,`subscribe_dept_name`,`subscribe_user_id`,`subscribe_user_name`,`subscribe_time`,`subscribe_type`,`sync_interval`,`last_sync_time`,`status`,`create_time`,`update_time`,`create_by`,`update_by`,`deleted`) VALUES(100,105,'API-005',102,'部门107',134,'用户111','2026-05-10 22:11:26','实时',3600,'2026-06-20 22:11:26','2','2026-05-22 22:11:26','2026-06-05 22:11:26',1,1,0);
INSERT INTO `t_share_subscribe`(`id`,`api_id`,`api_name`,`subscribe_dept_id`,`subscribe_dept_name`,`subscribe_user_id`,`subscribe_user_name`,`subscribe_time`,`subscribe_type`,`sync_interval`,`last_sync_time`,`status`,`create_time`,`update_time`,`create_by`,`update_by`,`deleted`) VALUES(101,106,'API-012',106,'部门107',115,'用户116','2026-05-12 22:11:26','定时',86400,'2026-06-21 22:11:26','1','2026-06-25 22:11:26','2026-05-29 22:11:26',1,1,0);
INSERT INTO `t_share_subscribe`(`id`,`api_id`,`api_name`,`subscribe_dept_id`,`subscribe_dept_name`,`subscribe_user_id`,`subscribe_user_name`,`subscribe_time`,`subscribe_type`,`sync_interval`,`last_sync_time`,`status`,`create_time`,`update_time`,`create_by`,`update_by`,`deleted`) VALUES(102,114,'API-004',108,'部门101',126,'用户127','2026-05-09 22:11:26','定时',86400,'2026-06-27 22:11:26','1','2026-05-26 22:11:26','2026-06-22 22:11:26',1,1,0);
INSERT INTO `t_share_subscribe`(`id`,`api_id`,`api_name`,`subscribe_dept_id`,`subscribe_dept_name`,`subscribe_user_id`,`subscribe_user_name`,`subscribe_time`,`subscribe_type`,`sync_interval`,`last_sync_time`,`status`,`create_time`,`update_time`,`create_by`,`update_by`,`deleted`) VALUES(103,114,'API-005',109,'部门108',112,'用户136','2026-05-10 22:11:26','实时',600,'2026-06-27 22:11:26','1','2026-06-08 22:11:26','2026-06-02 22:11:26',1,1,0);
INSERT INTO `t_share_subscribe`(`id`,`api_id`,`api_name`,`subscribe_dept_id`,`subscribe_dept_name`,`subscribe_user_id`,`subscribe_user_name`,`subscribe_time`,`subscribe_type`,`sync_interval`,`last_sync_time`,`status`,`create_time`,`update_time`,`create_by`,`update_by`,`deleted`) VALUES(104,112,'API-003',105,'部门107',125,'用户110','2026-05-29 22:11:26','实时',600,NULL,'1','2026-06-08 22:11:26','2026-06-18 22:11:26',1,1,0);
INSERT INTO `t_share_subscribe`(`id`,`api_id`,`api_name`,`subscribe_dept_id`,`subscribe_dept_name`,`subscribe_user_id`,`subscribe_user_name`,`subscribe_time`,`subscribe_type`,`sync_interval`,`last_sync_time`,`status`,`create_time`,`update_time`,`create_by`,`update_by`,`deleted`) VALUES(105,101,'API-003',103,'部门103',127,'用户105','2026-05-12 22:11:26','实时',600,'2026-06-22 22:11:26','1','2026-05-28 22:11:26','2026-06-22 22:11:26',1,1,0);
INSERT INTO `t_share_subscribe`(`id`,`api_id`,`api_name`,`subscribe_dept_id`,`subscribe_dept_name`,`subscribe_user_id`,`subscribe_user_name`,`subscribe_time`,`subscribe_type`,`sync_interval`,`last_sync_time`,`status`,`create_time`,`update_time`,`create_by`,`update_by`,`deleted`) VALUES(106,105,'API-002',107,'部门108',143,'用户125','2026-05-14 22:11:26','实时',3600,'2026-06-20 22:11:26','1','2026-05-10 22:11:26','2026-05-29 22:11:26',1,1,0);
INSERT INTO `t_share_subscribe`(`id`,`api_id`,`api_name`,`subscribe_dept_id`,`subscribe_dept_name`,`subscribe_user_id`,`subscribe_user_name`,`subscribe_time`,`subscribe_type`,`sync_interval`,`last_sync_time`,`status`,`create_time`,`update_time`,`create_by`,`update_by`,`deleted`) VALUES(107,101,'API-007',102,'部门105',148,'用户108','2026-06-02 22:11:26','定时',1800,'2026-06-21 22:11:26','2','2026-06-02 22:11:26','2026-06-10 22:11:26',1,1,0);
INSERT INTO `t_share_subscribe`(`id`,`api_id`,`api_name`,`subscribe_dept_id`,`subscribe_dept_name`,`subscribe_user_id`,`subscribe_user_name`,`subscribe_time`,`subscribe_type`,`sync_interval`,`last_sync_time`,`status`,`create_time`,`update_time`,`create_by`,`update_by`,`deleted`) VALUES(108,101,'API-006',107,'部门109',101,'用户114','2026-05-02 22:11:26','手动',600,'2026-06-22 22:11:26','1','2026-06-06 22:11:26','2026-06-11 22:11:26',1,1,0);
INSERT INTO `t_share_subscribe`(`id`,`api_id`,`api_name`,`subscribe_dept_id`,`subscribe_dept_name`,`subscribe_user_id`,`subscribe_user_name`,`subscribe_time`,`subscribe_type`,`sync_interval`,`last_sync_time`,`status`,`create_time`,`update_time`,`create_by`,`update_by`,`deleted`) VALUES(109,113,'API-001',109,'部门109',148,'用户125','2026-04-30 22:11:26','实时',600,NULL,'1','2026-06-25 22:11:26','2026-06-21 22:11:26',1,1,0);
INSERT INTO `t_share_subscribe`(`id`,`api_id`,`api_name`,`subscribe_dept_id`,`subscribe_dept_name`,`subscribe_user_id`,`subscribe_user_name`,`subscribe_time`,`subscribe_type`,`sync_interval`,`last_sync_time`,`status`,`create_time`,`update_time`,`create_by`,`update_by`,`deleted`) VALUES(110,104,'API-007',101,'部门105',124,'用户141','2026-06-16 22:11:26','定时',600,NULL,'0','2026-05-15 22:11:26','2026-06-01 22:11:26',1,1,0);
INSERT INTO `t_share_subscribe`(`id`,`api_id`,`api_name`,`subscribe_dept_id`,`subscribe_dept_name`,`subscribe_user_id`,`subscribe_user_name`,`subscribe_time`,`subscribe_type`,`sync_interval`,`last_sync_time`,`status`,`create_time`,`update_time`,`create_by`,`update_by`,`deleted`) VALUES(111,107,'API-001',104,'部门106',111,'用户110','2026-06-02 22:11:26','手动',86400,'2026-06-20 22:11:26','1','2026-06-05 22:11:26','2026-06-06 22:11:26',1,1,0);
INSERT INTO `t_share_subscribe`(`id`,`api_id`,`api_name`,`subscribe_dept_id`,`subscribe_dept_name`,`subscribe_user_id`,`subscribe_user_name`,`subscribe_time`,`subscribe_type`,`sync_interval`,`last_sync_time`,`status`,`create_time`,`update_time`,`create_by`,`update_by`,`deleted`) VALUES(112,111,'API-002',106,'部门100',110,'用户120','2026-06-19 22:11:26','手动',86400,'2026-06-20 22:11:26','1','2026-05-27 22:11:26','2026-06-07 22:11:26',1,1,0);
INSERT INTO `t_share_subscribe`(`id`,`api_id`,`api_name`,`subscribe_dept_id`,`subscribe_dept_name`,`subscribe_user_id`,`subscribe_user_name`,`subscribe_time`,`subscribe_type`,`sync_interval`,`last_sync_time`,`status`,`create_time`,`update_time`,`create_by`,`update_by`,`deleted`) VALUES(113,110,'API-007',106,'部门100',119,'用户127','2026-06-11 22:11:26','手动',300,'2026-06-20 22:11:26','2','2026-06-04 22:11:26','2026-06-03 22:11:26',1,1,0);
INSERT INTO `t_share_subscribe`(`id`,`api_id`,`api_name`,`subscribe_dept_id`,`subscribe_dept_name`,`subscribe_user_id`,`subscribe_user_name`,`subscribe_time`,`subscribe_type`,`sync_interval`,`last_sync_time`,`status`,`create_time`,`update_time`,`create_by`,`update_by`,`deleted`) VALUES(114,107,'API-012',105,'部门108',123,'用户107','2026-05-08 22:11:26','实时',3600,'2026-06-21 22:11:26','1','2026-06-18 22:11:26','2026-06-27 22:11:26',1,1,0);
INSERT INTO `t_share_subscribe`(`id`,`api_id`,`api_name`,`subscribe_dept_id`,`subscribe_dept_name`,`subscribe_user_id`,`subscribe_user_name`,`subscribe_time`,`subscribe_type`,`sync_interval`,`last_sync_time`,`status`,`create_time`,`update_time`,`create_by`,`update_by`,`deleted`) VALUES(115,105,'API-015',109,'部门104',112,'用户132','2026-05-06 22:11:26','手动',3600,'2026-06-20 22:11:26','1','2026-06-25 22:11:26','2026-06-24 22:11:26',1,1,0);
INSERT INTO `t_share_subscribe`(`id`,`api_id`,`api_name`,`subscribe_dept_id`,`subscribe_dept_name`,`subscribe_user_id`,`subscribe_user_name`,`subscribe_time`,`subscribe_type`,`sync_interval`,`last_sync_time`,`status`,`create_time`,`update_time`,`create_by`,`update_by`,`deleted`) VALUES(116,113,'API-008',107,'部门105',103,'用户138','2026-05-15 22:11:26','定时',1800,'2026-06-23 22:11:26','1','2026-05-24 22:11:26','2026-06-19 22:11:26',1,1,0);
INSERT INTO `t_share_subscribe`(`id`,`api_id`,`api_name`,`subscribe_dept_id`,`subscribe_dept_name`,`subscribe_user_id`,`subscribe_user_name`,`subscribe_time`,`subscribe_type`,`sync_interval`,`last_sync_time`,`status`,`create_time`,`update_time`,`create_by`,`update_by`,`deleted`) VALUES(117,102,'API-005',105,'部门106',101,'用户128','2026-06-07 22:11:26','定时',300,'2026-06-22 22:11:26','1','2026-05-24 22:11:26','2026-06-04 22:11:26',1,1,0);
INSERT INTO `t_share_subscribe`(`id`,`api_id`,`api_name`,`subscribe_dept_id`,`subscribe_dept_name`,`subscribe_user_id`,`subscribe_user_name`,`subscribe_time`,`subscribe_type`,`sync_interval`,`last_sync_time`,`status`,`create_time`,`update_time`,`create_by`,`update_by`,`deleted`) VALUES(118,106,'API-004',102,'部门101',134,'用户106','2026-06-19 22:11:26','手动',600,'2026-06-21 22:11:26','1','2026-06-05 22:11:26','2026-06-13 22:11:26',1,1,0);
INSERT INTO `t_share_subscribe`(`id`,`api_id`,`api_name`,`subscribe_dept_id`,`subscribe_dept_name`,`subscribe_user_id`,`subscribe_user_name`,`subscribe_time`,`subscribe_type`,`sync_interval`,`last_sync_time`,`status`,`create_time`,`update_time`,`create_by`,`update_by`,`deleted`) VALUES(119,111,'API-010',103,'部门108',136,'用户129','2026-06-25 22:11:26','实时',1800,'2026-06-25 22:11:26','2','2026-05-12 22:11:26','2026-06-07 22:11:26',1,1,0);

USE `gov_message`;
DELETE FROM `t_message_template` WHERE id >= 100;
INSERT INTO `t_message_template`(`id`,`template_code`,`template_name`,`template_content`,`template_type`,`channel`,`variables`,`status`,`create_time`,`update_time`,`create_by`,`update_by`,`deleted`) VALUES(100,'TPL-001','待办通知','待办【${itemName}】','NOTIFY','SMS,EMAIL,SITE','["itemName"]',1,'2026-05-29 22:11:26','2026-05-29 22:11:26',1,1,0);
INSERT INTO `t_message_template`(`id`,`template_code`,`template_name`,`template_content`,`template_type`,`channel`,`variables`,`status`,`create_time`,`update_time`,`create_by`,`update_by`,`deleted`) VALUES(101,'TPL-002','办结通知','办件【${applyNo}】证照【${licenseNo}】','NOTIFY','SMS,SITE','["applyNo","licenseNo"]',1,'2026-05-29 22:11:26','2026-05-29 22:11:26',1,1,0);
INSERT INTO `t_message_template`(`id`,`template_code`,`template_name`,`template_content`,`template_type`,`channel`,`variables`,`status`,`create_time`,`update_time`,`create_by`,`update_by`,`deleted`) VALUES(102,'TPL-003','驳回通知','驳回【${reason}】','NOTIFY','SMS,SITE','["reason"]',1,'2026-05-29 22:11:26','2026-05-29 22:11:26',1,1,0);
INSERT INTO `t_message_template`(`id`,`template_code`,`template_name`,`template_content`,`template_type`,`channel`,`variables`,`status`,`create_time`,`update_time`,`create_by`,`update_by`,`deleted`) VALUES(103,'TPL-004','验证码','验证码【${code}】','VERIFY','SMS','["code"]',1,'2026-05-29 22:11:26','2026-05-29 22:11:26',1,1,0);
INSERT INTO `t_message_template`(`id`,`template_code`,`template_name`,`template_content`,`template_type`,`channel`,`variables`,`status`,`create_time`,`update_time`,`create_by`,`update_by`,`deleted`) VALUES(104,'TPL-005','系统公告','公告:${content}','BROADCAST','SITE','["content"]',1,'2026-05-29 22:11:26','2026-05-29 22:11:26',1,1,0);
INSERT INTO `t_message_template`(`id`,`template_code`,`template_name`,`template_content`,`template_type`,`channel`,`variables`,`status`,`create_time`,`update_time`,`create_by`,`update_by`,`deleted`) VALUES(105,'TPL-006','到期提醒','证照【${licenseNo}】即将到期','REMIND','SMS,EMAIL','["licenseNo"]',1,'2026-05-29 22:11:26','2026-05-29 22:11:26',1,1,0);
INSERT INTO `t_message_template`(`id`,`template_code`,`template_name`,`template_content`,`template_type`,`channel`,`variables`,`status`,`create_time`,`update_time`,`create_by`,`update_by`,`deleted`) VALUES(106,'TPL-007','审批提醒','审批【${itemName}】剩余${hours}时','REMIND','SMS,SITE','["itemName","hours"]',1,'2026-05-29 22:11:26','2026-05-29 22:11:26',1,1,0);

USE `gov_message`;
DELETE FROM `t_message_record` WHERE id >= 100;
INSERT INTO `t_message_record`(`id`,`template_id`,`template_code`,`receiver_id`,`receiver_name`,`receiver_phone`,`receiver_email`,`content`,`channel`,`business_type`,`business_id`,`send_time`,`send_status`,`send_msg`,`retry_count`,`create_time`,`update_time`,`create_by`,`update_by`,`deleted`) VALUES(100,100,'TPL-001',106,'用户124','13800000132','user146@test.com','消息内容0','SMS','TEST','BIZ-0','2026-06-23 22:11:26','2',NULL,0,'2026-06-28 22:11:26','2026-06-23 22:11:26',1,1,0);
INSERT INTO `t_message_record`(`id`,`template_id`,`template_code`,`receiver_id`,`receiver_name`,`receiver_phone`,`receiver_email`,`content`,`channel`,`business_type`,`business_id`,`send_time`,`send_status`,`send_msg`,`retry_count`,`create_time`,`update_time`,`create_by`,`update_by`,`deleted`) VALUES(101,101,'TPL-002',147,'用户116','13800000146','user141@test.com','消息内容1','SITE','TEST','BIZ-1','2026-06-27 22:11:26','1',NULL,0,'2026-06-10 22:11:26','2026-06-20 22:11:26',1,1,0);
INSERT INTO `t_message_record`(`id`,`template_id`,`template_code`,`receiver_id`,`receiver_name`,`receiver_phone`,`receiver_email`,`content`,`channel`,`business_type`,`business_id`,`send_time`,`send_status`,`send_msg`,`retry_count`,`create_time`,`update_time`,`create_by`,`update_by`,`deleted`) VALUES(102,102,'TPL-003',119,'用户139','13800000132','user134@test.com','消息内容2','SMS','TEST','BIZ-2','2026-06-28 22:11:26','1',NULL,0,'2026-05-30 22:11:26','2026-06-15 22:11:26',1,1,0);
INSERT INTO `t_message_record`(`id`,`template_id`,`template_code`,`receiver_id`,`receiver_name`,`receiver_phone`,`receiver_email`,`content`,`channel`,`business_type`,`business_id`,`send_time`,`send_status`,`send_msg`,`retry_count`,`create_time`,`update_time`,`create_by`,`update_by`,`deleted`) VALUES(103,103,'TPL-004',117,'用户147','13800000144','user149@test.com','消息内容3','SMS','TEST','BIZ-3','2026-06-24 22:11:26','0',NULL,0,'2026-05-30 22:11:26','2026-06-23 22:11:26',1,1,0);
INSERT INTO `t_message_record`(`id`,`template_id`,`template_code`,`receiver_id`,`receiver_name`,`receiver_phone`,`receiver_email`,`content`,`channel`,`business_type`,`business_id`,`send_time`,`send_status`,`send_msg`,`retry_count`,`create_time`,`update_time`,`create_by`,`update_by`,`deleted`) VALUES(104,104,'TPL-005',143,'用户118','13800000117','user100@test.com','消息内容4','EMAIL','TEST','BIZ-4','2026-06-25 22:11:26','1',NULL,0,'2026-06-20 22:11:26','2026-06-20 22:11:26',1,1,0);
INSERT INTO `t_message_record`(`id`,`template_id`,`template_code`,`receiver_id`,`receiver_name`,`receiver_phone`,`receiver_email`,`content`,`channel`,`business_type`,`business_id`,`send_time`,`send_status`,`send_msg`,`retry_count`,`create_time`,`update_time`,`create_by`,`update_by`,`deleted`) VALUES(105,105,'TPL-006',129,'用户138','13800000140','user120@test.com','消息内容5','SMS','TEST','BIZ-5','2026-06-25 22:11:26','1','发送失败',0,'2026-06-26 22:11:26','2026-06-09 22:11:26',1,1,0);
INSERT INTO `t_message_record`(`id`,`template_id`,`template_code`,`receiver_id`,`receiver_name`,`receiver_phone`,`receiver_email`,`content`,`channel`,`business_type`,`business_id`,`send_time`,`send_status`,`send_msg`,`retry_count`,`create_time`,`update_time`,`create_by`,`update_by`,`deleted`) VALUES(106,106,'TPL-007',118,'用户146','13800000145','user138@test.com','消息内容6','EMAIL','TEST','BIZ-6','2026-06-19 22:11:26','1',NULL,0,'2026-06-16 22:11:26','2026-06-13 22:11:26',1,1,0);
INSERT INTO `t_message_record`(`id`,`template_id`,`template_code`,`receiver_id`,`receiver_name`,`receiver_phone`,`receiver_email`,`content`,`channel`,`business_type`,`business_id`,`send_time`,`send_status`,`send_msg`,`retry_count`,`create_time`,`update_time`,`create_by`,`update_by`,`deleted`) VALUES(107,100,'TPL-001',135,'用户100','13800000121','user121@test.com','消息内容7','EMAIL','TEST','BIZ-7','2026-06-23 22:11:26','1',NULL,0,'2026-06-13 22:11:26','2026-06-22 22:11:26',1,1,0);
INSERT INTO `t_message_record`(`id`,`template_id`,`template_code`,`receiver_id`,`receiver_name`,`receiver_phone`,`receiver_email`,`content`,`channel`,`business_type`,`business_id`,`send_time`,`send_status`,`send_msg`,`retry_count`,`create_time`,`update_time`,`create_by`,`update_by`,`deleted`) VALUES(108,101,'TPL-002',134,'用户144','13800000110','user143@test.com','消息内容8','EMAIL','TEST','BIZ-8','2026-06-24 22:11:26','1','发送失败',0,'2026-05-29 22:11:26','2026-06-26 22:11:26',1,1,0);
INSERT INTO `t_message_record`(`id`,`template_id`,`template_code`,`receiver_id`,`receiver_name`,`receiver_phone`,`receiver_email`,`content`,`channel`,`business_type`,`business_id`,`send_time`,`send_status`,`send_msg`,`retry_count`,`create_time`,`update_time`,`create_by`,`update_by`,`deleted`) VALUES(109,102,'TPL-003',140,'用户131','13800000135','user122@test.com','消息内容9','SMS','TEST','BIZ-9','2026-06-25 22:11:26','2',NULL,0,'2026-06-19 22:11:26','2026-06-04 22:11:26',1,1,0);
INSERT INTO `t_message_record`(`id`,`template_id`,`template_code`,`receiver_id`,`receiver_name`,`receiver_phone`,`receiver_email`,`content`,`channel`,`business_type`,`business_id`,`send_time`,`send_status`,`send_msg`,`retry_count`,`create_time`,`update_time`,`create_by`,`update_by`,`deleted`) VALUES(110,103,'TPL-004',120,'用户128','13800000143','user129@test.com','消息内容10','SMS','TEST','BIZ-10','2026-06-26 22:11:26','0',NULL,0,'2026-06-10 22:11:26','2026-06-15 22:11:26',1,1,0);
INSERT INTO `t_message_record`(`id`,`template_id`,`template_code`,`receiver_id`,`receiver_name`,`receiver_phone`,`receiver_email`,`content`,`channel`,`business_type`,`business_id`,`send_time`,`send_status`,`send_msg`,`retry_count`,`create_time`,`update_time`,`create_by`,`update_by`,`deleted`) VALUES(111,104,'TPL-005',126,'用户148','13800000101','user148@test.com','消息内容11','EMAIL','TEST','BIZ-11','2026-06-20 22:11:26','2',NULL,0,'2026-05-30 22:11:26','2026-06-11 22:11:26',1,1,0);
INSERT INTO `t_message_record`(`id`,`template_id`,`template_code`,`receiver_id`,`receiver_name`,`receiver_phone`,`receiver_email`,`content`,`channel`,`business_type`,`business_id`,`send_time`,`send_status`,`send_msg`,`retry_count`,`create_time`,`update_time`,`create_by`,`update_by`,`deleted`) VALUES(112,105,'TPL-006',108,'用户124','13800000138','user107@test.com','消息内容12','SMS','TEST','BIZ-12','2026-06-22 22:11:26','1',NULL,0,'2026-06-19 22:11:26','2026-06-23 22:11:26',1,1,0);
INSERT INTO `t_message_record`(`id`,`template_id`,`template_code`,`receiver_id`,`receiver_name`,`receiver_phone`,`receiver_email`,`content`,`channel`,`business_type`,`business_id`,`send_time`,`send_status`,`send_msg`,`retry_count`,`create_time`,`update_time`,`create_by`,`update_by`,`deleted`) VALUES(113,106,'TPL-007',110,'用户149','13800000149','user147@test.com','消息内容13','EMAIL','TEST','BIZ-13','2026-06-20 22:11:26','1',NULL,0,'2026-05-31 22:11:26','2026-06-09 22:11:26',1,1,0);
INSERT INTO `t_message_record`(`id`,`template_id`,`template_code`,`receiver_id`,`receiver_name`,`receiver_phone`,`receiver_email`,`content`,`channel`,`business_type`,`business_id`,`send_time`,`send_status`,`send_msg`,`retry_count`,`create_time`,`update_time`,`create_by`,`update_by`,`deleted`) VALUES(114,100,'TPL-001',117,'用户120','13800000149','user123@test.com','消息内容14','SITE','TEST','BIZ-14','2026-06-27 22:11:26','2',NULL,0,'2026-06-04 22:11:26','2026-06-08 22:11:26',1,1,0);
INSERT INTO `t_message_record`(`id`,`template_id`,`template_code`,`receiver_id`,`receiver_name`,`receiver_phone`,`receiver_email`,`content`,`channel`,`business_type`,`business_id`,`send_time`,`send_status`,`send_msg`,`retry_count`,`create_time`,`update_time`,`create_by`,`update_by`,`deleted`) VALUES(115,101,'TPL-002',120,'用户132','13800000134','user134@test.com','消息内容15','EMAIL','TEST','BIZ-15','2026-06-25 22:11:26','1',NULL,0,'2026-06-02 22:11:26','2026-05-30 22:11:26',1,1,0);
INSERT INTO `t_message_record`(`id`,`template_id`,`template_code`,`receiver_id`,`receiver_name`,`receiver_phone`,`receiver_email`,`content`,`channel`,`business_type`,`business_id`,`send_time`,`send_status`,`send_msg`,`retry_count`,`create_time`,`update_time`,`create_by`,`update_by`,`deleted`) VALUES(116,102,'TPL-003',128,'用户110','13800000111','user125@test.com','消息内容16','EMAIL','TEST','BIZ-16','2026-06-28 22:11:26','0',NULL,0,'2026-06-08 22:11:26','2026-06-23 22:11:26',1,1,0);
INSERT INTO `t_message_record`(`id`,`template_id`,`template_code`,`receiver_id`,`receiver_name`,`receiver_phone`,`receiver_email`,`content`,`channel`,`business_type`,`business_id`,`send_time`,`send_status`,`send_msg`,`retry_count`,`create_time`,`update_time`,`create_by`,`update_by`,`deleted`) VALUES(117,103,'TPL-004',143,'用户106','13800000124','user137@test.com','消息内容17','SITE','TEST','BIZ-17','2026-06-22 22:11:26','1',NULL,0,'2026-06-09 22:11:26','2026-06-21 22:11:26',1,1,0);
INSERT INTO `t_message_record`(`id`,`template_id`,`template_code`,`receiver_id`,`receiver_name`,`receiver_phone`,`receiver_email`,`content`,`channel`,`business_type`,`business_id`,`send_time`,`send_status`,`send_msg`,`retry_count`,`create_time`,`update_time`,`create_by`,`update_by`,`deleted`) VALUES(118,104,'TPL-005',108,'用户139','13800000139','user132@test.com','消息内容18','SMS','TEST','BIZ-18','2026-06-19 22:11:26','0',NULL,0,'2026-06-18 22:11:26','2026-06-09 22:11:26',1,1,0);
INSERT INTO `t_message_record`(`id`,`template_id`,`template_code`,`receiver_id`,`receiver_name`,`receiver_phone`,`receiver_email`,`content`,`channel`,`business_type`,`business_id`,`send_time`,`send_status`,`send_msg`,`retry_count`,`create_time`,`update_time`,`create_by`,`update_by`,`deleted`) VALUES(119,105,'TPL-006',115,'用户110','13800000136','user140@test.com','消息内容19','EMAIL','TEST','BIZ-19','2026-06-18 22:11:26','1',NULL,3,'2026-05-31 22:11:26','2026-06-03 22:11:26',1,1,0);
INSERT INTO `t_message_record`(`id`,`template_id`,`template_code`,`receiver_id`,`receiver_name`,`receiver_phone`,`receiver_email`,`content`,`channel`,`business_type`,`business_id`,`send_time`,`send_status`,`send_msg`,`retry_count`,`create_time`,`update_time`,`create_by`,`update_by`,`deleted`) VALUES(120,106,'TPL-007',141,'用户124','13800000135','user132@test.com','消息内容20','SMS','TEST','BIZ-20','2026-06-26 22:11:26','1',NULL,0,'2026-06-23 22:11:26','2026-06-13 22:11:26',1,1,0);
INSERT INTO `t_message_record`(`id`,`template_id`,`template_code`,`receiver_id`,`receiver_name`,`receiver_phone`,`receiver_email`,`content`,`channel`,`business_type`,`business_id`,`send_time`,`send_status`,`send_msg`,`retry_count`,`create_time`,`update_time`,`create_by`,`update_by`,`deleted`) VALUES(121,100,'TPL-001',145,'用户112','13800000120','user108@test.com','消息内容21','EMAIL','TEST','BIZ-21','2026-06-27 22:11:26','1',NULL,0,'2026-06-21 22:11:26','2026-06-07 22:11:26',1,1,0);
INSERT INTO `t_message_record`(`id`,`template_id`,`template_code`,`receiver_id`,`receiver_name`,`receiver_phone`,`receiver_email`,`content`,`channel`,`business_type`,`business_id`,`send_time`,`send_status`,`send_msg`,`retry_count`,`create_time`,`update_time`,`create_by`,`update_by`,`deleted`) VALUES(122,101,'TPL-002',138,'用户128','13800000115','user111@test.com','消息内容22','EMAIL','TEST','BIZ-22','2026-06-20 22:11:26','2',NULL,0,'2026-06-18 22:11:26','2026-06-01 22:11:26',1,1,0);
INSERT INTO `t_message_record`(`id`,`template_id`,`template_code`,`receiver_id`,`receiver_name`,`receiver_phone`,`receiver_email`,`content`,`channel`,`business_type`,`business_id`,`send_time`,`send_status`,`send_msg`,`retry_count`,`create_time`,`update_time`,`create_by`,`update_by`,`deleted`) VALUES(123,102,'TPL-003',110,'用户115','13800000129','user146@test.com','消息内容23','SMS','TEST','BIZ-23','2026-06-28 22:11:26','2','发送失败',0,'2026-06-01 22:11:26','2026-06-12 22:11:26',1,1,0);
INSERT INTO `t_message_record`(`id`,`template_id`,`template_code`,`receiver_id`,`receiver_name`,`receiver_phone`,`receiver_email`,`content`,`channel`,`business_type`,`business_id`,`send_time`,`send_status`,`send_msg`,`retry_count`,`create_time`,`update_time`,`create_by`,`update_by`,`deleted`) VALUES(124,103,'TPL-004',130,'用户124','13800000104','user126@test.com','消息内容24','EMAIL','TEST','BIZ-24','2026-06-20 22:11:26','1',NULL,0,'2026-06-11 22:11:26','2026-06-06 22:11:26',1,1,0);
INSERT INTO `t_message_record`(`id`,`template_id`,`template_code`,`receiver_id`,`receiver_name`,`receiver_phone`,`receiver_email`,`content`,`channel`,`business_type`,`business_id`,`send_time`,`send_status`,`send_msg`,`retry_count`,`create_time`,`update_time`,`create_by`,`update_by`,`deleted`) VALUES(125,104,'TPL-005',101,'用户128','13800000130','user146@test.com','消息内容25','SMS','TEST','BIZ-25','2026-06-24 22:11:26','1',NULL,0,'2026-06-27 22:11:26','2026-06-17 22:11:26',1,1,0);
INSERT INTO `t_message_record`(`id`,`template_id`,`template_code`,`receiver_id`,`receiver_name`,`receiver_phone`,`receiver_email`,`content`,`channel`,`business_type`,`business_id`,`send_time`,`send_status`,`send_msg`,`retry_count`,`create_time`,`update_time`,`create_by`,`update_by`,`deleted`) VALUES(126,105,'TPL-006',125,'用户145','13800000132','user140@test.com','消息内容26','SITE','TEST','BIZ-26','2026-06-21 22:11:26','1',NULL,0,'2026-06-01 22:11:26','2026-06-20 22:11:26',1,1,0);
INSERT INTO `t_message_record`(`id`,`template_id`,`template_code`,`receiver_id`,`receiver_name`,`receiver_phone`,`receiver_email`,`content`,`channel`,`business_type`,`business_id`,`send_time`,`send_status`,`send_msg`,`retry_count`,`create_time`,`update_time`,`create_by`,`update_by`,`deleted`) VALUES(127,106,'TPL-007',148,'用户137','13800000148','user107@test.com','消息内容27','SITE','TEST','BIZ-27','2026-06-26 22:11:26','1',NULL,0,'2026-05-30 22:11:26','2026-06-21 22:11:26',1,1,0);
INSERT INTO `t_message_record`(`id`,`template_id`,`template_code`,`receiver_id`,`receiver_name`,`receiver_phone`,`receiver_email`,`content`,`channel`,`business_type`,`business_id`,`send_time`,`send_status`,`send_msg`,`retry_count`,`create_time`,`update_time`,`create_by`,`update_by`,`deleted`) VALUES(128,100,'TPL-001',130,'用户113','13800000116','user106@test.com','消息内容28','EMAIL','TEST','BIZ-28','2026-06-18 22:11:26','2','发送失败',0,'2026-06-13 22:11:26','2026-06-04 22:11:26',1,1,0);
INSERT INTO `t_message_record`(`id`,`template_id`,`template_code`,`receiver_id`,`receiver_name`,`receiver_phone`,`receiver_email`,`content`,`channel`,`business_type`,`business_id`,`send_time`,`send_status`,`send_msg`,`retry_count`,`create_time`,`update_time`,`create_by`,`update_by`,`deleted`) VALUES(129,101,'TPL-002',115,'用户148','13800000116','user121@test.com','消息内容29','EMAIL','TEST','BIZ-29','2026-06-21 22:11:26','1',NULL,0,'2026-06-10 22:11:26','2026-06-20 22:11:26',1,1,0);
INSERT INTO `t_message_record`(`id`,`template_id`,`template_code`,`receiver_id`,`receiver_name`,`receiver_phone`,`receiver_email`,`content`,`channel`,`business_type`,`business_id`,`send_time`,`send_status`,`send_msg`,`retry_count`,`create_time`,`update_time`,`create_by`,`update_by`,`deleted`) VALUES(130,102,'TPL-003',138,'用户102','13800000148','user108@test.com','消息内容30','SMS','TEST','BIZ-30','2026-06-20 22:11:26','1','发送失败',0,'2026-06-10 22:11:26','2026-06-17 22:11:26',1,1,0);
INSERT INTO `t_message_record`(`id`,`template_id`,`template_code`,`receiver_id`,`receiver_name`,`receiver_phone`,`receiver_email`,`content`,`channel`,`business_type`,`business_id`,`send_time`,`send_status`,`send_msg`,`retry_count`,`create_time`,`update_time`,`create_by`,`update_by`,`deleted`) VALUES(131,103,'TPL-004',145,'用户118','13800000119','user145@test.com','消息内容31','SMS','TEST','BIZ-31','2026-06-19 22:11:26','2',NULL,0,'2026-06-07 22:11:26','2026-06-19 22:11:26',1,1,0);
INSERT INTO `t_message_record`(`id`,`template_id`,`template_code`,`receiver_id`,`receiver_name`,`receiver_phone`,`receiver_email`,`content`,`channel`,`business_type`,`business_id`,`send_time`,`send_status`,`send_msg`,`retry_count`,`create_time`,`update_time`,`create_by`,`update_by`,`deleted`) VALUES(132,104,'TPL-005',109,'用户147','13800000144','user108@test.com','消息内容32','SMS','TEST','BIZ-32','2026-06-19 22:11:26','1',NULL,0,'2026-06-21 22:11:26','2026-06-28 22:11:26',1,1,0);
INSERT INTO `t_message_record`(`id`,`template_id`,`template_code`,`receiver_id`,`receiver_name`,`receiver_phone`,`receiver_email`,`content`,`channel`,`business_type`,`business_id`,`send_time`,`send_status`,`send_msg`,`retry_count`,`create_time`,`update_time`,`create_by`,`update_by`,`deleted`) VALUES(133,105,'TPL-006',113,'用户137','13800000119','user109@test.com','消息内容33','SITE','TEST','BIZ-33','2026-06-28 22:11:26','1',NULL,0,'2026-06-01 22:11:26','2026-06-12 22:11:26',1,1,0);
INSERT INTO `t_message_record`(`id`,`template_id`,`template_code`,`receiver_id`,`receiver_name`,`receiver_phone`,`receiver_email`,`content`,`channel`,`business_type`,`business_id`,`send_time`,`send_status`,`send_msg`,`retry_count`,`create_time`,`update_time`,`create_by`,`update_by`,`deleted`) VALUES(134,106,'TPL-007',125,'用户130','13800000139','user110@test.com','消息内容34','EMAIL','TEST','BIZ-34','2026-06-18 22:11:26','1',NULL,0,'2026-06-12 22:11:26','2026-06-17 22:11:26',1,1,0);
INSERT INTO `t_message_record`(`id`,`template_id`,`template_code`,`receiver_id`,`receiver_name`,`receiver_phone`,`receiver_email`,`content`,`channel`,`business_type`,`business_id`,`send_time`,`send_status`,`send_msg`,`retry_count`,`create_time`,`update_time`,`create_by`,`update_by`,`deleted`) VALUES(135,100,'TPL-001',124,'用户131','13800000141','user110@test.com','消息内容35','SITE','TEST','BIZ-35','2026-06-21 22:11:26','1',NULL,0,'2026-06-07 22:11:26','2026-05-29 22:11:26',1,1,0);
INSERT INTO `t_message_record`(`id`,`template_id`,`template_code`,`receiver_id`,`receiver_name`,`receiver_phone`,`receiver_email`,`content`,`channel`,`business_type`,`business_id`,`send_time`,`send_status`,`send_msg`,`retry_count`,`create_time`,`update_time`,`create_by`,`update_by`,`deleted`) VALUES(136,101,'TPL-002',104,'用户121','13800000114','user119@test.com','消息内容36','SMS','TEST','BIZ-36','2026-06-25 22:11:26','1',NULL,0,'2026-06-03 22:11:26','2026-06-25 22:11:26',1,1,0);
INSERT INTO `t_message_record`(`id`,`template_id`,`template_code`,`receiver_id`,`receiver_name`,`receiver_phone`,`receiver_email`,`content`,`channel`,`business_type`,`business_id`,`send_time`,`send_status`,`send_msg`,`retry_count`,`create_time`,`update_time`,`create_by`,`update_by`,`deleted`) VALUES(137,102,'TPL-003',141,'用户112','13800000122','user131@test.com','消息内容37','EMAIL','TEST','BIZ-37','2026-06-19 22:11:26','2',NULL,0,'2026-06-01 22:11:26','2026-06-02 22:11:26',1,1,0);
INSERT INTO `t_message_record`(`id`,`template_id`,`template_code`,`receiver_id`,`receiver_name`,`receiver_phone`,`receiver_email`,`content`,`channel`,`business_type`,`business_id`,`send_time`,`send_status`,`send_msg`,`retry_count`,`create_time`,`update_time`,`create_by`,`update_by`,`deleted`) VALUES(138,103,'TPL-004',133,'用户114','13800000147','user112@test.com','消息内容38','EMAIL','TEST','BIZ-38','2026-06-18 22:11:26','1',NULL,2,'2026-06-12 22:11:26','2026-06-26 22:11:26',1,1,0);
INSERT INTO `t_message_record`(`id`,`template_id`,`template_code`,`receiver_id`,`receiver_name`,`receiver_phone`,`receiver_email`,`content`,`channel`,`business_type`,`business_id`,`send_time`,`send_status`,`send_msg`,`retry_count`,`create_time`,`update_time`,`create_by`,`update_by`,`deleted`) VALUES(139,104,'TPL-005',117,'用户135','13800000134','user147@test.com','消息内容39','SITE','TEST','BIZ-39','2026-06-27 22:11:26','1',NULL,0,'2026-06-21 22:11:26','2026-06-20 22:11:26',1,1,0);
INSERT INTO `t_message_record`(`id`,`template_id`,`template_code`,`receiver_id`,`receiver_name`,`receiver_phone`,`receiver_email`,`content`,`channel`,`business_type`,`business_id`,`send_time`,`send_status`,`send_msg`,`retry_count`,`create_time`,`update_time`,`create_by`,`update_by`,`deleted`) VALUES(140,105,'TPL-006',147,'用户111','13800000144','user141@test.com','消息内容40','SMS','TEST','BIZ-40','2026-06-25 22:11:26','2',NULL,0,'2026-06-09 22:11:26','2026-06-20 22:11:26',1,1,0);
INSERT INTO `t_message_record`(`id`,`template_id`,`template_code`,`receiver_id`,`receiver_name`,`receiver_phone`,`receiver_email`,`content`,`channel`,`business_type`,`business_id`,`send_time`,`send_status`,`send_msg`,`retry_count`,`create_time`,`update_time`,`create_by`,`update_by`,`deleted`) VALUES(141,106,'TPL-007',135,'用户117','13800000105','user147@test.com','消息内容41','SMS','TEST','BIZ-41','2026-06-27 22:11:26','1',NULL,1,'2026-06-21 22:11:26','2026-06-10 22:11:26',1,1,0);
INSERT INTO `t_message_record`(`id`,`template_id`,`template_code`,`receiver_id`,`receiver_name`,`receiver_phone`,`receiver_email`,`content`,`channel`,`business_type`,`business_id`,`send_time`,`send_status`,`send_msg`,`retry_count`,`create_time`,`update_time`,`create_by`,`update_by`,`deleted`) VALUES(142,100,'TPL-001',148,'用户137','13800000130','user129@test.com','消息内容42','SMS','TEST','BIZ-42','2026-06-20 22:11:26','1',NULL,0,'2026-06-22 22:11:26','2026-06-13 22:11:26',1,1,0);
INSERT INTO `t_message_record`(`id`,`template_id`,`template_code`,`receiver_id`,`receiver_name`,`receiver_phone`,`receiver_email`,`content`,`channel`,`business_type`,`business_id`,`send_time`,`send_status`,`send_msg`,`retry_count`,`create_time`,`update_time`,`create_by`,`update_by`,`deleted`) VALUES(143,101,'TPL-002',107,'用户128','13800000105','user130@test.com','消息内容43','SMS','TEST','BIZ-43','2026-06-27 22:11:26','0',NULL,0,'2026-06-19 22:11:26','2026-06-10 22:11:26',1,1,0);
INSERT INTO `t_message_record`(`id`,`template_id`,`template_code`,`receiver_id`,`receiver_name`,`receiver_phone`,`receiver_email`,`content`,`channel`,`business_type`,`business_id`,`send_time`,`send_status`,`send_msg`,`retry_count`,`create_time`,`update_time`,`create_by`,`update_by`,`deleted`) VALUES(144,102,'TPL-003',100,'用户137','13800000127','user107@test.com','消息内容44','SITE','TEST','BIZ-44','2026-06-21 22:11:26','2',NULL,0,'2026-06-09 22:11:26','2026-06-04 22:11:26',1,1,0);
INSERT INTO `t_message_record`(`id`,`template_id`,`template_code`,`receiver_id`,`receiver_name`,`receiver_phone`,`receiver_email`,`content`,`channel`,`business_type`,`business_id`,`send_time`,`send_status`,`send_msg`,`retry_count`,`create_time`,`update_time`,`create_by`,`update_by`,`deleted`) VALUES(145,103,'TPL-004',129,'用户100','13800000116','user148@test.com','消息内容45','EMAIL','TEST','BIZ-45','2026-06-19 22:11:26','1',NULL,0,'2026-06-12 22:11:26','2026-06-13 22:11:26',1,1,0);
INSERT INTO `t_message_record`(`id`,`template_id`,`template_code`,`receiver_id`,`receiver_name`,`receiver_phone`,`receiver_email`,`content`,`channel`,`business_type`,`business_id`,`send_time`,`send_status`,`send_msg`,`retry_count`,`create_time`,`update_time`,`create_by`,`update_by`,`deleted`) VALUES(146,104,'TPL-005',132,'用户118','13800000141','user119@test.com','消息内容46','EMAIL','TEST','BIZ-46','2026-06-20 22:11:26','1',NULL,0,'2026-06-12 22:11:26','2026-06-19 22:11:26',1,1,0);
INSERT INTO `t_message_record`(`id`,`template_id`,`template_code`,`receiver_id`,`receiver_name`,`receiver_phone`,`receiver_email`,`content`,`channel`,`business_type`,`business_id`,`send_time`,`send_status`,`send_msg`,`retry_count`,`create_time`,`update_time`,`create_by`,`update_by`,`deleted`) VALUES(147,105,'TPL-006',140,'用户128','13800000107','user148@test.com','消息内容47','SMS','TEST','BIZ-47','2026-06-21 22:11:26','1',NULL,0,'2026-06-13 22:11:26','2026-06-13 22:11:26',1,1,0);
INSERT INTO `t_message_record`(`id`,`template_id`,`template_code`,`receiver_id`,`receiver_name`,`receiver_phone`,`receiver_email`,`content`,`channel`,`business_type`,`business_id`,`send_time`,`send_status`,`send_msg`,`retry_count`,`create_time`,`update_time`,`create_by`,`update_by`,`deleted`) VALUES(148,106,'TPL-007',110,'用户111','13800000104','user148@test.com','消息内容48','EMAIL','TEST','BIZ-48','2026-06-18 22:11:26','1','发送失败',0,'2026-06-18 22:11:26','2026-06-08 22:11:26',1,1,0);
INSERT INTO `t_message_record`(`id`,`template_id`,`template_code`,`receiver_id`,`receiver_name`,`receiver_phone`,`receiver_email`,`content`,`channel`,`business_type`,`business_id`,`send_time`,`send_status`,`send_msg`,`retry_count`,`create_time`,`update_time`,`create_by`,`update_by`,`deleted`) VALUES(149,100,'TPL-001',143,'用户134','13800000111','user112@test.com','消息内容49','SMS','TEST','BIZ-49','2026-06-25 22:11:26','1',NULL,0,'2026-06-04 22:11:26','2026-06-12 22:11:26',1,1,0);

USE `gov_message`;
DELETE FROM `t_message_inbox` WHERE id >= 100;
INSERT INTO `t_message_inbox`(`id`,`user_id`,`title`,`content`,`msg_type`,`business_type`,`business_id`,`is_read`,`read_time`,`send_time`,`expire_time`,`create_time`,`update_time`,`create_by`,`update_by`,`deleted`) VALUES(100,130,'站内信标题0','站内信内容0','NOTIFY','TEST','BIZ-0',0,'2026-06-08 22:11:26','2026-06-25 22:11:26','2027-04-23 00:00:00','2026-06-07 22:11:26','2026-05-29 22:11:26',1,1,0);
INSERT INTO `t_message_inbox`(`id`,`user_id`,`title`,`content`,`msg_type`,`business_type`,`business_id`,`is_read`,`read_time`,`send_time`,`expire_time`,`create_time`,`update_time`,`create_by`,`update_by`,`deleted`) VALUES(101,109,'站内信标题1','站内信内容1','NOTIFY','TEST','BIZ-1',1,NULL,'2026-06-22 22:11:26','2026-09-30 00:00:00','2026-06-01 22:11:26','2026-05-29 22:11:26',1,1,0);
INSERT INTO `t_message_inbox`(`id`,`user_id`,`title`,`content`,`msg_type`,`business_type`,`business_id`,`is_read`,`read_time`,`send_time`,`expire_time`,`create_time`,`update_time`,`create_by`,`update_by`,`deleted`) VALUES(102,110,'站内信标题2','站内信内容2','NOTIFY','TEST','BIZ-2',1,NULL,'2026-06-20 22:11:26','2027-03-04 00:00:00','2026-06-08 22:11:26','2026-05-29 22:11:26',1,1,0);
INSERT INTO `t_message_inbox`(`id`,`user_id`,`title`,`content`,`msg_type`,`business_type`,`business_id`,`is_read`,`read_time`,`send_time`,`expire_time`,`create_time`,`update_time`,`create_by`,`update_by`,`deleted`) VALUES(103,138,'站内信标题3','站内信内容3','NOTIFY','TEST','BIZ-3',1,'2026-06-19 22:11:26','2026-06-25 22:11:26','2026-11-16 00:00:00','2026-06-13 22:11:26','2026-05-29 22:11:26',1,1,0);
INSERT INTO `t_message_inbox`(`id`,`user_id`,`title`,`content`,`msg_type`,`business_type`,`business_id`,`is_read`,`read_time`,`send_time`,`expire_time`,`create_time`,`update_time`,`create_by`,`update_by`,`deleted`) VALUES(104,119,'站内信标题4','站内信内容4','NOTIFY','TEST','BIZ-4',1,'2026-06-04 22:11:26','2026-06-23 22:11:26','2026-12-13 00:00:00','2026-06-14 22:11:26','2026-05-29 22:11:26',1,1,0);
INSERT INTO `t_message_inbox`(`id`,`user_id`,`title`,`content`,`msg_type`,`business_type`,`business_id`,`is_read`,`read_time`,`send_time`,`expire_time`,`create_time`,`update_time`,`create_by`,`update_by`,`deleted`) VALUES(105,119,'站内信标题5','站内信内容5','NOTIFY','TEST','BIZ-5',1,'2026-06-14 22:11:26','2026-06-28 22:11:26','2027-01-27 00:00:00','2026-06-27 22:11:26','2026-05-29 22:11:26',1,1,0);
INSERT INTO `t_message_inbox`(`id`,`user_id`,`title`,`content`,`msg_type`,`business_type`,`business_id`,`is_read`,`read_time`,`send_time`,`expire_time`,`create_time`,`update_time`,`create_by`,`update_by`,`deleted`) VALUES(106,126,'站内信标题6','站内信内容6','NOTIFY','TEST','BIZ-6',1,'2026-06-13 22:11:26','2026-06-24 22:11:26','2026-07-14 00:00:00','2026-06-02 22:11:26','2026-05-29 22:11:26',1,1,0);
INSERT INTO `t_message_inbox`(`id`,`user_id`,`title`,`content`,`msg_type`,`business_type`,`business_id`,`is_read`,`read_time`,`send_time`,`expire_time`,`create_time`,`update_time`,`create_by`,`update_by`,`deleted`) VALUES(107,145,'站内信标题7','站内信内容7','NOTIFY','TEST','BIZ-7',0,'2026-06-19 22:11:26','2026-06-24 22:11:26','2027-01-12 00:00:00','2026-06-28 22:11:26','2026-05-29 22:11:26',1,1,0);
INSERT INTO `t_message_inbox`(`id`,`user_id`,`title`,`content`,`msg_type`,`business_type`,`business_id`,`is_read`,`read_time`,`send_time`,`expire_time`,`create_time`,`update_time`,`create_by`,`update_by`,`deleted`) VALUES(108,120,'站内信标题8','站内信内容8','NOTIFY','TEST','BIZ-8',1,'2026-06-10 22:11:26','2026-06-20 22:11:26','2026-10-15 00:00:00','2026-06-03 22:11:26','2026-05-29 22:11:26',1,1,0);
INSERT INTO `t_message_inbox`(`id`,`user_id`,`title`,`content`,`msg_type`,`business_type`,`business_id`,`is_read`,`read_time`,`send_time`,`expire_time`,`create_time`,`update_time`,`create_by`,`update_by`,`deleted`) VALUES(109,113,'站内信标题9','站内信内容9','NOTIFY','TEST','BIZ-9',1,'2026-06-19 22:11:26','2026-06-27 22:11:26','2026-08-12 00:00:00','2026-06-21 22:11:26','2026-05-29 22:11:26',1,1,0);
INSERT INTO `t_message_inbox`(`id`,`user_id`,`title`,`content`,`msg_type`,`business_type`,`business_id`,`is_read`,`read_time`,`send_time`,`expire_time`,`create_time`,`update_time`,`create_by`,`update_by`,`deleted`) VALUES(110,110,'站内信标题10','站内信内容10','NOTIFY','TEST','BIZ-10',1,'2026-06-04 22:11:26','2026-06-19 22:11:26','2027-03-02 00:00:00','2026-05-29 22:11:26','2026-05-29 22:11:26',1,1,0);
INSERT INTO `t_message_inbox`(`id`,`user_id`,`title`,`content`,`msg_type`,`business_type`,`business_id`,`is_read`,`read_time`,`send_time`,`expire_time`,`create_time`,`update_time`,`create_by`,`update_by`,`deleted`) VALUES(111,102,'站内信标题11','站内信内容11','NOTIFY','TEST','BIZ-11',1,'2026-05-29 22:11:26','2026-06-21 22:11:26','2026-11-09 00:00:00','2026-06-20 22:11:26','2026-05-29 22:11:26',1,1,0);
INSERT INTO `t_message_inbox`(`id`,`user_id`,`title`,`content`,`msg_type`,`business_type`,`business_id`,`is_read`,`read_time`,`send_time`,`expire_time`,`create_time`,`update_time`,`create_by`,`update_by`,`deleted`) VALUES(112,138,'站内信标题12','站内信内容12','NOTIFY','TEST','BIZ-12',1,NULL,'2026-06-28 22:11:26','2027-05-28 00:00:00','2026-06-18 22:11:26','2026-05-29 22:11:26',1,1,0);
INSERT INTO `t_message_inbox`(`id`,`user_id`,`title`,`content`,`msg_type`,`business_type`,`business_id`,`is_read`,`read_time`,`send_time`,`expire_time`,`create_time`,`update_time`,`create_by`,`update_by`,`deleted`) VALUES(113,117,'站内信标题13','站内信内容13','NOTIFY','TEST','BIZ-13',1,'2026-06-18 22:11:26','2026-06-27 22:11:26','2027-03-03 00:00:00','2026-06-24 22:11:26','2026-05-29 22:11:26',1,1,0);
INSERT INTO `t_message_inbox`(`id`,`user_id`,`title`,`content`,`msg_type`,`business_type`,`business_id`,`is_read`,`read_time`,`send_time`,`expire_time`,`create_time`,`update_time`,`create_by`,`update_by`,`deleted`) VALUES(114,147,'站内信标题14','站内信内容14','NOTIFY','TEST','BIZ-14',0,'2026-06-04 22:11:26','2026-06-22 22:11:26','2026-09-20 00:00:00','2026-06-01 22:11:26','2026-05-29 22:11:26',1,1,0);
INSERT INTO `t_message_inbox`(`id`,`user_id`,`title`,`content`,`msg_type`,`business_type`,`business_id`,`is_read`,`read_time`,`send_time`,`expire_time`,`create_time`,`update_time`,`create_by`,`update_by`,`deleted`) VALUES(115,109,'站内信标题15','站内信内容15','NOTIFY','TEST','BIZ-15',1,'2026-06-10 22:11:26','2026-06-27 22:11:26','2027-02-14 00:00:00','2026-06-21 22:11:26','2026-05-29 22:11:26',1,1,0);
INSERT INTO `t_message_inbox`(`id`,`user_id`,`title`,`content`,`msg_type`,`business_type`,`business_id`,`is_read`,`read_time`,`send_time`,`expire_time`,`create_time`,`update_time`,`create_by`,`update_by`,`deleted`) VALUES(116,120,'站内信标题16','站内信内容16','NOTIFY','TEST','BIZ-16',1,'2026-06-19 22:11:26','2026-06-20 22:11:26','2027-04-02 00:00:00','2026-06-02 22:11:26','2026-05-29 22:11:26',1,1,0);
INSERT INTO `t_message_inbox`(`id`,`user_id`,`title`,`content`,`msg_type`,`business_type`,`business_id`,`is_read`,`read_time`,`send_time`,`expire_time`,`create_time`,`update_time`,`create_by`,`update_by`,`deleted`) VALUES(117,118,'站内信标题17','站内信内容17','NOTIFY','TEST','BIZ-17',1,NULL,'2026-06-27 22:11:26','2027-06-28 00:00:00','2026-06-06 22:11:26','2026-05-29 22:11:26',1,1,0);
INSERT INTO `t_message_inbox`(`id`,`user_id`,`title`,`content`,`msg_type`,`business_type`,`business_id`,`is_read`,`read_time`,`send_time`,`expire_time`,`create_time`,`update_time`,`create_by`,`update_by`,`deleted`) VALUES(118,147,'站内信标题18','站内信内容18','NOTIFY','TEST','BIZ-18',1,'2026-05-30 22:11:26','2026-06-21 22:11:26','2026-10-22 00:00:00','2026-06-23 22:11:26','2026-05-29 22:11:26',1,1,0);
INSERT INTO `t_message_inbox`(`id`,`user_id`,`title`,`content`,`msg_type`,`business_type`,`business_id`,`is_read`,`read_time`,`send_time`,`expire_time`,`create_time`,`update_time`,`create_by`,`update_by`,`deleted`) VALUES(119,120,'站内信标题19','站内信内容19','NOTIFY','TEST','BIZ-19',1,'2026-06-17 22:11:26','2026-06-25 22:11:26','2027-06-16 00:00:00','2026-06-06 22:11:26','2026-05-29 22:11:26',1,1,0);
INSERT INTO `t_message_inbox`(`id`,`user_id`,`title`,`content`,`msg_type`,`business_type`,`business_id`,`is_read`,`read_time`,`send_time`,`expire_time`,`create_time`,`update_time`,`create_by`,`update_by`,`deleted`) VALUES(120,116,'站内信标题20','站内信内容20','NOTIFY','TEST','BIZ-20',0,'2026-06-27 22:11:26','2026-06-26 22:11:26','2026-09-04 00:00:00','2026-06-08 22:11:26','2026-05-29 22:11:26',1,1,0);
INSERT INTO `t_message_inbox`(`id`,`user_id`,`title`,`content`,`msg_type`,`business_type`,`business_id`,`is_read`,`read_time`,`send_time`,`expire_time`,`create_time`,`update_time`,`create_by`,`update_by`,`deleted`) VALUES(121,126,'站内信标题21','站内信内容21','NOTIFY','TEST','BIZ-21',1,'2026-06-02 22:11:26','2026-06-28 22:11:26','2027-04-01 00:00:00','2026-06-27 22:11:26','2026-05-29 22:11:26',1,1,0);
INSERT INTO `t_message_inbox`(`id`,`user_id`,`title`,`content`,`msg_type`,`business_type`,`business_id`,`is_read`,`read_time`,`send_time`,`expire_time`,`create_time`,`update_time`,`create_by`,`update_by`,`deleted`) VALUES(122,132,'站内信标题22','站内信内容22','NOTIFY','TEST','BIZ-22',1,'2026-06-26 22:11:26','2026-06-20 22:11:26','2026-12-19 00:00:00','2026-06-03 22:11:26','2026-05-29 22:11:26',1,1,0);
INSERT INTO `t_message_inbox`(`id`,`user_id`,`title`,`content`,`msg_type`,`business_type`,`business_id`,`is_read`,`read_time`,`send_time`,`expire_time`,`create_time`,`update_time`,`create_by`,`update_by`,`deleted`) VALUES(123,134,'站内信标题23','站内信内容23','NOTIFY','TEST','BIZ-23',1,'2026-06-07 22:11:26','2026-06-27 22:11:26','2026-08-12 00:00:00','2026-06-10 22:11:26','2026-05-29 22:11:26',1,1,0);
INSERT INTO `t_message_inbox`(`id`,`user_id`,`title`,`content`,`msg_type`,`business_type`,`business_id`,`is_read`,`read_time`,`send_time`,`expire_time`,`create_time`,`update_time`,`create_by`,`update_by`,`deleted`) VALUES(124,105,'站内信标题24','站内信内容24','NOTIFY','TEST','BIZ-24',1,'2026-06-10 22:11:26','2026-06-26 22:11:26','2027-03-24 00:00:00','2026-06-01 22:11:26','2026-05-29 22:11:26',1,1,0);
INSERT INTO `t_message_inbox`(`id`,`user_id`,`title`,`content`,`msg_type`,`business_type`,`business_id`,`is_read`,`read_time`,`send_time`,`expire_time`,`create_time`,`update_time`,`create_by`,`update_by`,`deleted`) VALUES(125,105,'站内信标题25','站内信内容25','NOTIFY','TEST','BIZ-25',1,'2026-06-07 22:11:26','2026-06-25 22:11:26','2026-08-11 00:00:00','2026-06-04 22:11:26','2026-05-29 22:11:26',1,1,0);
INSERT INTO `t_message_inbox`(`id`,`user_id`,`title`,`content`,`msg_type`,`business_type`,`business_id`,`is_read`,`read_time`,`send_time`,`expire_time`,`create_time`,`update_time`,`create_by`,`update_by`,`deleted`) VALUES(126,143,'站内信标题26','站内信内容26','NOTIFY','TEST','BIZ-26',1,NULL,'2026-06-21 22:11:26','2026-09-20 00:00:00','2026-06-08 22:11:26','2026-05-29 22:11:26',1,1,0);
INSERT INTO `t_message_inbox`(`id`,`user_id`,`title`,`content`,`msg_type`,`business_type`,`business_id`,`is_read`,`read_time`,`send_time`,`expire_time`,`create_time`,`update_time`,`create_by`,`update_by`,`deleted`) VALUES(127,121,'站内信标题27','站内信内容27','NOTIFY','TEST','BIZ-27',0,'2026-06-17 22:11:26','2026-06-21 22:11:26','2027-04-01 00:00:00','2026-06-04 22:11:26','2026-05-29 22:11:26',1,1,0);
INSERT INTO `t_message_inbox`(`id`,`user_id`,`title`,`content`,`msg_type`,`business_type`,`business_id`,`is_read`,`read_time`,`send_time`,`expire_time`,`create_time`,`update_time`,`create_by`,`update_by`,`deleted`) VALUES(128,144,'站内信标题28','站内信内容28','NOTIFY','TEST','BIZ-28',1,'2026-05-30 22:11:26','2026-06-28 22:11:26','2027-01-26 00:00:00','2026-06-10 22:11:26','2026-05-29 22:11:26',1,1,0);
INSERT INTO `t_message_inbox`(`id`,`user_id`,`title`,`content`,`msg_type`,`business_type`,`business_id`,`is_read`,`read_time`,`send_time`,`expire_time`,`create_time`,`update_time`,`create_by`,`update_by`,`deleted`) VALUES(129,118,'站内信标题29','站内信内容29','NOTIFY','TEST','BIZ-29',0,'2026-06-27 22:11:26','2026-06-28 22:11:26','2026-10-28 00:00:00','2026-06-18 22:11:26','2026-05-29 22:11:26',1,1,0);

USE `gov_message`;
DELETE FROM `t_message_config` WHERE id >= 100;
INSERT INTO `t_message_config`(`id`,`channel`,`channel_name`,`config_key`,`config_value`,`config_type`,`provider`,`status`,`create_time`,`update_time`,`create_by`,`update_by`,`deleted`) VALUES(100,'SMS','短信通道','accessKey','LTAI5tABCD1234','key','aliyun','1','2025-06-28 22:11:26','2025-06-28 22:11:26',1,1,0);
INSERT INTO `t_message_config`(`id`,`channel`,`channel_name`,`config_key`,`config_value`,`config_type`,`provider`,`status`,`create_time`,`update_time`,`create_by`,`update_by`,`deleted`) VALUES(101,'SMS','短信通道','signName','智慧政务','key','aliyun','1','2025-06-28 22:11:26','2025-06-28 22:11:26',1,1,0);
INSERT INTO `t_message_config`(`id`,`channel`,`channel_name`,`config_key`,`config_value`,`config_type`,`provider`,`status`,`create_time`,`update_time`,`create_by`,`update_by`,`deleted`) VALUES(102,'EMAIL','邮件通道','smtpHost','smtp.gov.cn','server','internal','1','2025-06-28 22:11:26','2025-06-28 22:11:26',1,1,0);
INSERT INTO `t_message_config`(`id`,`channel`,`channel_name`,`config_key`,`config_value`,`config_type`,`provider`,`status`,`create_time`,`update_time`,`create_by`,`update_by`,`deleted`) VALUES(103,'EMAIL','邮件通道','smtpPort','465','server','internal','1','2025-06-28 22:11:26','2025-06-28 22:11:26',1,1,0);
INSERT INTO `t_message_config`(`id`,`channel`,`channel_name`,`config_key`,`config_value`,`config_type`,`provider`,`status`,`create_time`,`update_time`,`create_by`,`update_by`,`deleted`) VALUES(104,'SITE','站内信通道','maxUnread','100','limit','internal','1','2025-06-28 22:11:26','2025-06-28 22:11:26',1,1,0);
INSERT INTO `t_message_config`(`id`,`channel`,`channel_name`,`config_key`,`config_value`,`config_type`,`provider`,`status`,`create_time`,`update_time`,`create_by`,`update_by`,`deleted`) VALUES(105,'SMS','短信通道','retryMax','3','policy','aliyun','1','2025-06-28 22:11:26','2025-06-28 22:11:26',1,1,0);
INSERT INTO `t_message_config`(`id`,`channel`,`channel_name`,`config_key`,`config_value`,`config_type`,`provider`,`status`,`create_time`,`update_time`,`create_by`,`update_by`,`deleted`) VALUES(106,'ALL','全局','defaultChannel','SITE','default','internal','1','2025-06-28 22:11:26','2025-06-28 22:11:26',1,1,0);

USE `gov_message`;
DELETE FROM `t_message_queue` WHERE id >= 100;
INSERT INTO `t_message_queue`(`id`,`record_id`,`queue_status`,`priority`,`scheduled_time`,`process_time`,`retry_count`,`max_retry`,`error_msg`,`create_time`,`update_time`,`create_by`,`update_by`,`deleted`) VALUES(100,127,'2',3,'2026-07-06 00:00:00','2026-06-17 22:11:26',0,3,NULL,'2026-06-21 22:11:26','2026-06-03 22:11:26',1,1,0);
INSERT INTO `t_message_queue`(`id`,`record_id`,`queue_status`,`priority`,`scheduled_time`,`process_time`,`retry_count`,`max_retry`,`error_msg`,`create_time`,`update_time`,`create_by`,`update_by`,`deleted`) VALUES(101,136,'1',5,NULL,'2026-06-21 22:11:26',0,3,NULL,'2026-06-10 22:11:26','2026-06-08 22:11:26',1,1,0);
INSERT INTO `t_message_queue`(`id`,`record_id`,`queue_status`,`priority`,`scheduled_time`,`process_time`,`retry_count`,`max_retry`,`error_msg`,`create_time`,`update_time`,`create_by`,`update_by`,`deleted`) VALUES(102,102,'5',2,'2026-06-28 00:00:00','2026-06-17 22:11:26',1,3,NULL,'2026-06-22 22:11:26','2026-06-14 22:11:26',1,1,0);
INSERT INTO `t_message_queue`(`id`,`record_id`,`queue_status`,`priority`,`scheduled_time`,`process_time`,`retry_count`,`max_retry`,`error_msg`,`create_time`,`update_time`,`create_by`,`update_by`,`deleted`) VALUES(103,117,'2',2,'2026-06-27 00:00:00',NULL,3,3,NULL,'2026-06-15 22:11:26','2026-06-27 22:11:26',1,1,0);
INSERT INTO `t_message_queue`(`id`,`record_id`,`queue_status`,`priority`,`scheduled_time`,`process_time`,`retry_count`,`max_retry`,`error_msg`,`create_time`,`update_time`,`create_by`,`update_by`,`deleted`) VALUES(104,128,'5',2,'2026-07-04 00:00:00','2026-06-21 22:11:26',0,3,NULL,'2026-06-01 22:11:26','2026-06-24 22:11:26',1,1,0);
INSERT INTO `t_message_queue`(`id`,`record_id`,`queue_status`,`priority`,`scheduled_time`,`process_time`,`retry_count`,`max_retry`,`error_msg`,`create_time`,`update_time`,`create_by`,`update_by`,`deleted`) VALUES(105,105,'2',5,'2026-07-08 00:00:00','2026-06-22 22:11:26',0,3,NULL,'2026-06-04 22:11:26','2026-06-08 22:11:26',1,1,0);
INSERT INTO `t_message_queue`(`id`,`record_id`,`queue_status`,`priority`,`scheduled_time`,`process_time`,`retry_count`,`max_retry`,`error_msg`,`create_time`,`update_time`,`create_by`,`update_by`,`deleted`) VALUES(106,122,'4',3,'2026-06-30 00:00:00','2026-06-02 22:11:26',0,3,NULL,'2026-06-11 22:11:26','2026-06-24 22:11:26',1,1,0);
INSERT INTO `t_message_queue`(`id`,`record_id`,`queue_status`,`priority`,`scheduled_time`,`process_time`,`retry_count`,`max_retry`,`error_msg`,`create_time`,`update_time`,`create_by`,`update_by`,`deleted`) VALUES(107,129,'1',1,'2026-07-03 00:00:00','2026-05-31 22:11:26',0,3,NULL,'2026-06-18 22:11:26','2026-06-01 22:11:26',1,1,0);
INSERT INTO `t_message_queue`(`id`,`record_id`,`queue_status`,`priority`,`scheduled_time`,`process_time`,`retry_count`,`max_retry`,`error_msg`,`create_time`,`update_time`,`create_by`,`update_by`,`deleted`) VALUES(108,104,'1',3,NULL,'2026-06-07 22:11:26',0,3,NULL,'2026-06-12 22:11:26','2026-06-27 22:11:26',1,1,0);
INSERT INTO `t_message_queue`(`id`,`record_id`,`queue_status`,`priority`,`scheduled_time`,`process_time`,`retry_count`,`max_retry`,`error_msg`,`create_time`,`update_time`,`create_by`,`update_by`,`deleted`) VALUES(109,117,'4',3,NULL,'2026-06-22 22:11:26',0,3,NULL,'2026-06-23 22:11:26','2026-06-23 22:11:26',1,1,0);
INSERT INTO `t_message_queue`(`id`,`record_id`,`queue_status`,`priority`,`scheduled_time`,`process_time`,`retry_count`,`max_retry`,`error_msg`,`create_time`,`update_time`,`create_by`,`update_by`,`deleted`) VALUES(110,144,'1',1,NULL,'2026-05-31 22:11:26',2,3,NULL,'2026-06-14 22:11:26','2026-06-01 22:11:26',1,1,0);
INSERT INTO `t_message_queue`(`id`,`record_id`,`queue_status`,`priority`,`scheduled_time`,`process_time`,`retry_count`,`max_retry`,`error_msg`,`create_time`,`update_time`,`create_by`,`update_by`,`deleted`) VALUES(111,110,'1',2,NULL,'2026-06-23 22:11:26',1,3,NULL,'2026-05-29 22:11:26','2026-06-24 22:11:26',1,1,0);
INSERT INTO `t_message_queue`(`id`,`record_id`,`queue_status`,`priority`,`scheduled_time`,`process_time`,`retry_count`,`max_retry`,`error_msg`,`create_time`,`update_time`,`create_by`,`update_by`,`deleted`) VALUES(112,110,'1',4,NULL,'2026-06-16 22:11:26',2,3,NULL,'2026-06-27 22:11:26','2026-06-02 22:11:26',1,1,0);
INSERT INTO `t_message_queue`(`id`,`record_id`,`queue_status`,`priority`,`scheduled_time`,`process_time`,`retry_count`,`max_retry`,`error_msg`,`create_time`,`update_time`,`create_by`,`update_by`,`deleted`) VALUES(113,101,'1',1,'2026-06-27 00:00:00','2026-06-23 22:11:26',0,3,NULL,'2026-06-03 22:11:26','2026-06-08 22:11:26',1,1,0);
INSERT INTO `t_message_queue`(`id`,`record_id`,`queue_status`,`priority`,`scheduled_time`,`process_time`,`retry_count`,`max_retry`,`error_msg`,`create_time`,`update_time`,`create_by`,`update_by`,`deleted`) VALUES(114,146,'3',2,NULL,NULL,0,3,NULL,'2026-06-25 22:11:26','2026-06-24 22:11:26',1,1,0);
INSERT INTO `t_message_queue`(`id`,`record_id`,`queue_status`,`priority`,`scheduled_time`,`process_time`,`retry_count`,`max_retry`,`error_msg`,`create_time`,`update_time`,`create_by`,`update_by`,`deleted`) VALUES(115,130,'1',4,'2026-07-05 00:00:00','2026-05-31 22:11:26',0,3,NULL,'2026-06-18 22:11:26','2026-06-12 22:11:26',1,1,0);
INSERT INTO `t_message_queue`(`id`,`record_id`,`queue_status`,`priority`,`scheduled_time`,`process_time`,`retry_count`,`max_retry`,`error_msg`,`create_time`,`update_time`,`create_by`,`update_by`,`deleted`) VALUES(116,130,'1',2,'2026-07-05 00:00:00','2026-06-08 22:11:26',0,3,'发送超时','2026-06-12 22:11:26','2026-06-04 22:11:26',1,1,0);
INSERT INTO `t_message_queue`(`id`,`record_id`,`queue_status`,`priority`,`scheduled_time`,`process_time`,`retry_count`,`max_retry`,`error_msg`,`create_time`,`update_time`,`create_by`,`update_by`,`deleted`) VALUES(117,136,'2',2,NULL,NULL,1,3,NULL,'2026-06-04 22:11:26','2026-06-24 22:11:26',1,1,0);
INSERT INTO `t_message_queue`(`id`,`record_id`,`queue_status`,`priority`,`scheduled_time`,`process_time`,`retry_count`,`max_retry`,`error_msg`,`create_time`,`update_time`,`create_by`,`update_by`,`deleted`) VALUES(118,145,'1',3,'2026-06-28 00:00:00',NULL,0,3,NULL,'2026-06-18 22:11:26','2026-06-17 22:11:26',1,1,0);
INSERT INTO `t_message_queue`(`id`,`record_id`,`queue_status`,`priority`,`scheduled_time`,`process_time`,`retry_count`,`max_retry`,`error_msg`,`create_time`,`update_time`,`create_by`,`update_by`,`deleted`) VALUES(119,145,'1',5,'2026-07-06 00:00:00','2026-06-19 22:11:26',1,3,NULL,'2026-06-16 22:11:26','2026-06-06 22:11:26',1,1,0);
INSERT INTO `t_message_queue`(`id`,`record_id`,`queue_status`,`priority`,`scheduled_time`,`process_time`,`retry_count`,`max_retry`,`error_msg`,`create_time`,`update_time`,`create_by`,`update_by`,`deleted`) VALUES(120,109,'3',1,'2026-07-03 00:00:00','2026-06-02 22:11:26',0,3,NULL,'2026-06-23 22:11:26','2026-06-07 22:11:26',1,1,0);
INSERT INTO `t_message_queue`(`id`,`record_id`,`queue_status`,`priority`,`scheduled_time`,`process_time`,`retry_count`,`max_retry`,`error_msg`,`create_time`,`update_time`,`create_by`,`update_by`,`deleted`) VALUES(121,102,'5',2,NULL,'2026-06-09 22:11:26',0,3,NULL,'2026-06-21 22:11:26','2026-06-07 22:11:26',1,1,0);
INSERT INTO `t_message_queue`(`id`,`record_id`,`queue_status`,`priority`,`scheduled_time`,`process_time`,`retry_count`,`max_retry`,`error_msg`,`create_time`,`update_time`,`create_by`,`update_by`,`deleted`) VALUES(122,136,'1',4,'2026-07-04 00:00:00','2026-06-10 22:11:26',0,3,NULL,'2026-06-07 22:11:26','2026-06-03 22:11:26',1,1,0);
INSERT INTO `t_message_queue`(`id`,`record_id`,`queue_status`,`priority`,`scheduled_time`,`process_time`,`retry_count`,`max_retry`,`error_msg`,`create_time`,`update_time`,`create_by`,`update_by`,`deleted`) VALUES(123,132,'1',3,'2026-06-29 00:00:00',NULL,3,3,NULL,'2026-06-13 22:11:26','2026-06-06 22:11:26',1,1,0);
INSERT INTO `t_message_queue`(`id`,`record_id`,`queue_status`,`priority`,`scheduled_time`,`process_time`,`retry_count`,`max_retry`,`error_msg`,`create_time`,`update_time`,`create_by`,`update_by`,`deleted`) VALUES(124,106,'4',3,'2026-07-01 00:00:00',NULL,0,3,NULL,'2026-06-10 22:11:26','2026-06-23 22:11:26',1,1,0);
INSERT INTO `t_message_queue`(`id`,`record_id`,`queue_status`,`priority`,`scheduled_time`,`process_time`,`retry_count`,`max_retry`,`error_msg`,`create_time`,`update_time`,`create_by`,`update_by`,`deleted`) VALUES(125,106,'2',4,'2026-06-28 00:00:00','2026-06-18 22:11:26',0,3,NULL,'2026-06-13 22:11:26','2026-06-14 22:11:26',1,1,0);
INSERT INTO `t_message_queue`(`id`,`record_id`,`queue_status`,`priority`,`scheduled_time`,`process_time`,`retry_count`,`max_retry`,`error_msg`,`create_time`,`update_time`,`create_by`,`update_by`,`deleted`) VALUES(126,135,'1',5,NULL,'2026-05-30 22:11:26',1,3,NULL,'2026-06-06 22:11:26','2026-06-20 22:11:26',1,1,0);
INSERT INTO `t_message_queue`(`id`,`record_id`,`queue_status`,`priority`,`scheduled_time`,`process_time`,`retry_count`,`max_retry`,`error_msg`,`create_time`,`update_time`,`create_by`,`update_by`,`deleted`) VALUES(127,149,'1',2,'2026-07-02 00:00:00','2026-06-03 22:11:26',0,3,NULL,'2026-06-11 22:11:26','2026-06-26 22:11:26',1,1,0);
INSERT INTO `t_message_queue`(`id`,`record_id`,`queue_status`,`priority`,`scheduled_time`,`process_time`,`retry_count`,`max_retry`,`error_msg`,`create_time`,`update_time`,`create_by`,`update_by`,`deleted`) VALUES(128,134,'1',5,NULL,'2026-06-11 22:11:26',0,3,NULL,'2026-06-06 22:11:26','2026-06-22 22:11:26',1,1,0);
INSERT INTO `t_message_queue`(`id`,`record_id`,`queue_status`,`priority`,`scheduled_time`,`process_time`,`retry_count`,`max_retry`,`error_msg`,`create_time`,`update_time`,`create_by`,`update_by`,`deleted`) VALUES(129,140,'4',5,NULL,'2026-06-05 22:11:26',0,3,NULL,'2026-06-08 22:11:26','2026-06-14 22:11:26',1,1,0);

USE `gov_monitor`;
DELETE FROM `t_operate_log` WHERE id >= 100;
INSERT INTO `t_operate_log`(`id`,`user_id`,`user_name`,`dept_id`,`dept_name`,`module`,`action`,`method`,`request_url`,`request_type`,`request_params`,`response_data`,`operate_time`,`operate_ip`,`operate_location`,`execute_time`,`status`,`error_msg`,`create_time`,`deleted`) VALUES(100,112,'用户117',100,'部门106','证照管理','审批','DELETE','/api/0/61','DELETE','{}','{}','2026-06-23 22:11:26','192.168.35.185','上海',10,'1',NULL,'2026-06-11 22:11:26',0);
INSERT INTO `t_operate_log`(`id`,`user_id`,`user_name`,`dept_id`,`dept_name`,`module`,`action`,`method`,`request_url`,`request_type`,`request_params`,`response_data`,`operate_time`,`operate_ip`,`operate_location`,`execute_time`,`status`,`error_msg`,`create_time`,`deleted`) VALUES(101,119,'用户113',109,'部门109','事项管理','新增','DELETE','/api/1/18','POST','{}','{}','2026-06-21 22:11:26','192.168.211.42','北京',210,'1',NULL,'2026-06-16 22:11:26',0);
INSERT INTO `t_operate_log`(`id`,`user_id`,`user_name`,`dept_id`,`dept_name`,`module`,`action`,`method`,`request_url`,`request_type`,`request_params`,`response_data`,`operate_time`,`operate_ip`,`operate_location`,`execute_time`,`status`,`error_msg`,`create_time`,`deleted`) VALUES(102,112,'用户115',105,'部门101','审批管理','发布','POST','/api/2/52','GET','{}','{}','2026-06-19 22:11:26','192.168.242.173','北京',115,'1',NULL,'2026-06-20 22:11:26',0);
INSERT INTO `t_operate_log`(`id`,`user_id`,`user_name`,`dept_id`,`dept_name`,`module`,`action`,`method`,`request_url`,`request_type`,`request_params`,`response_data`,`operate_time`,`operate_ip`,`operate_location`,`execute_time`,`status`,`error_msg`,`create_time`,`deleted`) VALUES(103,120,'用户100',101,'部门108','证照管理','导出','GET','/api/3/99','DELETE','{}','{}','2026-06-25 22:11:26','192.168.170.113','上海',430,'1',NULL,'2026-06-09 22:11:26',0);
INSERT INTO `t_operate_log`(`id`,`user_id`,`user_name`,`dept_id`,`dept_name`,`module`,`action`,`method`,`request_url`,`request_type`,`request_params`,`response_data`,`operate_time`,`operate_ip`,`operate_location`,`execute_time`,`status`,`error_msg`,`create_time`,`deleted`) VALUES(104,109,'用户104',105,'部门104','用户管理','审批','PUT','/api/4/15','DELETE','{}','{}','2026-06-22 22:11:26','192.168.150.44','广州',398,'1',NULL,'2026-06-25 22:11:26',0);
INSERT INTO `t_operate_log`(`id`,`user_id`,`user_name`,`dept_id`,`dept_name`,`module`,`action`,`method`,`request_url`,`request_type`,`request_params`,`response_data`,`operate_time`,`operate_ip`,`operate_location`,`execute_time`,`status`,`error_msg`,`create_time`,`deleted`) VALUES(105,146,'用户138',109,'部门105','审批管理','驳回','DELETE','/api/5/54','GET','{}','{}','2026-06-18 22:11:26','192.168.27.222','上海',441,'1',NULL,'2026-06-08 22:11:26',0);
INSERT INTO `t_operate_log`(`id`,`user_id`,`user_name`,`dept_id`,`dept_name`,`module`,`action`,`method`,`request_url`,`request_type`,`request_params`,`response_data`,`operate_time`,`operate_ip`,`operate_location`,`execute_time`,`status`,`error_msg`,`create_time`,`deleted`) VALUES(106,121,'用户126',104,'部门105','事项管理','新增','GET','/api/6/92','DELETE','{}','{}','2026-06-25 22:11:26','192.168.150.127','北京',312,'1',NULL,'2026-06-25 22:11:26',0);
INSERT INTO `t_operate_log`(`id`,`user_id`,`user_name`,`dept_id`,`dept_name`,`module`,`action`,`method`,`request_url`,`request_type`,`request_params`,`response_data`,`operate_time`,`operate_ip`,`operate_location`,`execute_time`,`status`,`error_msg`,`create_time`,`deleted`) VALUES(107,145,'用户131',108,'部门109','政务公开','审批','DELETE','/api/7/6','GET','{}','{}','2026-06-19 22:11:26','192.168.215.204','本地',304,'1',NULL,'2026-06-04 22:11:26',0);
INSERT INTO `t_operate_log`(`id`,`user_id`,`user_name`,`dept_id`,`dept_name`,`module`,`action`,`method`,`request_url`,`request_type`,`request_params`,`response_data`,`operate_time`,`operate_ip`,`operate_location`,`execute_time`,`status`,`error_msg`,`create_time`,`deleted`) VALUES(108,123,'用户137',109,'部门106','数据管理','新增','PUT','/api/8/83','DELETE','{}','{}','2026-06-21 22:11:26','192.168.147.222','本地',491,'1',NULL,'2026-06-08 22:11:26',0);
INSERT INTO `t_operate_log`(`id`,`user_id`,`user_name`,`dept_id`,`dept_name`,`module`,`action`,`method`,`request_url`,`request_type`,`request_params`,`response_data`,`operate_time`,`operate_ip`,`operate_location`,`execute_time`,`status`,`error_msg`,`create_time`,`deleted`) VALUES(109,149,'用户127',100,'部门103','政务公开','删除','GET','/api/9/81','PUT','{}','{}','2026-06-27 22:11:26','192.168.75.236','广州',420,'1',NULL,'2026-06-01 22:11:26',0);
INSERT INTO `t_operate_log`(`id`,`user_id`,`user_name`,`dept_id`,`dept_name`,`module`,`action`,`method`,`request_url`,`request_type`,`request_params`,`response_data`,`operate_time`,`operate_ip`,`operate_location`,`execute_time`,`status`,`error_msg`,`create_time`,`deleted`) VALUES(110,116,'用户122',105,'部门105','审批管理','发布','DELETE','/api/10/7','PUT','{}','{}','2026-06-21 22:11:26','192.168.179.254','上海',403,'1',NULL,'2026-06-04 22:11:26',0);
INSERT INTO `t_operate_log`(`id`,`user_id`,`user_name`,`dept_id`,`dept_name`,`module`,`action`,`method`,`request_url`,`request_type`,`request_params`,`response_data`,`operate_time`,`operate_ip`,`operate_location`,`execute_time`,`status`,`error_msg`,`create_time`,`deleted`) VALUES(111,135,'用户141',105,'部门106','系统管理','删除','DELETE','/api/11/12','PUT','{}','{}','2026-06-23 22:11:26','192.168.158.138','北京',172,'1',NULL,'2026-06-05 22:11:26',0);
INSERT INTO `t_operate_log`(`id`,`user_id`,`user_name`,`dept_id`,`dept_name`,`module`,`action`,`method`,`request_url`,`request_type`,`request_params`,`response_data`,`operate_time`,`operate_ip`,`operate_location`,`execute_time`,`status`,`error_msg`,`create_time`,`deleted`) VALUES(112,140,'用户125',105,'部门109','消息管理','删除','DELETE','/api/12/26','PUT','{}','{}','2026-06-21 22:11:26','192.168.90.87','广州',468,'1',NULL,'2026-05-29 22:11:26',0);
INSERT INTO `t_operate_log`(`id`,`user_id`,`user_name`,`dept_id`,`dept_name`,`module`,`action`,`method`,`request_url`,`request_type`,`request_params`,`response_data`,`operate_time`,`operate_ip`,`operate_location`,`execute_time`,`status`,`error_msg`,`create_time`,`deleted`) VALUES(113,120,'用户101',101,'部门103','政务公开','发布','PUT','/api/13/97','POST','{}','{}','2026-06-22 22:11:26','192.168.159.179','本地',111,'1',NULL,'2026-06-09 22:11:26',0);
INSERT INTO `t_operate_log`(`id`,`user_id`,`user_name`,`dept_id`,`dept_name`,`module`,`action`,`method`,`request_url`,`request_type`,`request_params`,`response_data`,`operate_time`,`operate_ip`,`operate_location`,`execute_time`,`status`,`error_msg`,`create_time`,`deleted`) VALUES(114,142,'用户125',104,'部门102','系统管理','导出','PUT','/api/14/51','POST','{}','{}','2026-06-22 22:11:26','192.168.27.217','上海',324,'0',NULL,'2026-06-18 22:11:26',0);
INSERT INTO `t_operate_log`(`id`,`user_id`,`user_name`,`dept_id`,`dept_name`,`module`,`action`,`method`,`request_url`,`request_type`,`request_params`,`response_data`,`operate_time`,`operate_ip`,`operate_location`,`execute_time`,`status`,`error_msg`,`create_time`,`deleted`) VALUES(115,128,'用户102',103,'部门108','窗口受理','发布','GET','/api/15/64','POST','{}','{}','2026-06-25 22:11:26','192.168.63.225','北京',235,'1',NULL,'2026-06-19 22:11:26',0);
INSERT INTO `t_operate_log`(`id`,`user_id`,`user_name`,`dept_id`,`dept_name`,`module`,`action`,`method`,`request_url`,`request_type`,`request_params`,`response_data`,`operate_time`,`operate_ip`,`operate_location`,`execute_time`,`status`,`error_msg`,`create_time`,`deleted`) VALUES(116,101,'用户139',107,'部门107','数据管理','导出','POST','/api/16/53','POST','{}','{}','2026-06-20 22:11:26','192.168.149.103','广州',392,'1',NULL,'2026-06-17 22:11:26',0);
INSERT INTO `t_operate_log`(`id`,`user_id`,`user_name`,`dept_id`,`dept_name`,`module`,`action`,`method`,`request_url`,`request_type`,`request_params`,`response_data`,`operate_time`,`operate_ip`,`operate_location`,`execute_time`,`status`,`error_msg`,`create_time`,`deleted`) VALUES(117,116,'用户127',105,'部门105','审批管理','下架','PUT','/api/17/10','POST','{}','{}','2026-06-23 22:11:26','192.168.221.212','北京',417,'0',NULL,'2026-06-25 22:11:26',0);
INSERT INTO `t_operate_log`(`id`,`user_id`,`user_name`,`dept_id`,`dept_name`,`module`,`action`,`method`,`request_url`,`request_type`,`request_params`,`response_data`,`operate_time`,`operate_ip`,`operate_location`,`execute_time`,`status`,`error_msg`,`create_time`,`deleted`) VALUES(118,132,'用户145',107,'部门108','系统管理','修改','POST','/api/18/93','PUT','{}','{}','2026-06-18 22:11:26','192.168.250.142','北京',248,'1',NULL,'2026-06-27 22:11:26',0);
INSERT INTO `t_operate_log`(`id`,`user_id`,`user_name`,`dept_id`,`dept_name`,`module`,`action`,`method`,`request_url`,`request_type`,`request_params`,`response_data`,`operate_time`,`operate_ip`,`operate_location`,`execute_time`,`status`,`error_msg`,`create_time`,`deleted`) VALUES(119,139,'用户128',107,'部门109','数据管理','修改','POST','/api/19/3','DELETE','{}','{}','2026-06-20 22:11:26','192.168.167.15','上海',254,'1',NULL,'2026-06-17 22:11:26',0);
INSERT INTO `t_operate_log`(`id`,`user_id`,`user_name`,`dept_id`,`dept_name`,`module`,`action`,`method`,`request_url`,`request_type`,`request_params`,`response_data`,`operate_time`,`operate_ip`,`operate_location`,`execute_time`,`status`,`error_msg`,`create_time`,`deleted`) VALUES(120,146,'用户117',109,'部门104','用户管理','导入','DELETE','/api/20/56','POST','{}','{}','2026-06-22 22:11:26','192.168.56.170','广州',168,'0',NULL,'2026-06-19 22:11:26',0);
INSERT INTO `t_operate_log`(`id`,`user_id`,`user_name`,`dept_id`,`dept_name`,`module`,`action`,`method`,`request_url`,`request_type`,`request_params`,`response_data`,`operate_time`,`operate_ip`,`operate_location`,`execute_time`,`status`,`error_msg`,`create_time`,`deleted`) VALUES(121,114,'用户136',108,'部门106','窗口受理','导出','PUT','/api/21/1','GET','{}','{}','2026-06-23 22:11:26','192.168.151.31','本地',324,'1',NULL,'2026-06-05 22:11:26',0);
INSERT INTO `t_operate_log`(`id`,`user_id`,`user_name`,`dept_id`,`dept_name`,`module`,`action`,`method`,`request_url`,`request_type`,`request_params`,`response_data`,`operate_time`,`operate_ip`,`operate_location`,`execute_time`,`status`,`error_msg`,`create_time`,`deleted`) VALUES(122,146,'用户112',103,'部门109','窗口受理','删除','GET','/api/22/84','DELETE','{}','{}','2026-06-27 22:11:26','192.168.85.23','本地',494,'1',NULL,'2026-05-29 22:11:26',0);
INSERT INTO `t_operate_log`(`id`,`user_id`,`user_name`,`dept_id`,`dept_name`,`module`,`action`,`method`,`request_url`,`request_type`,`request_params`,`response_data`,`operate_time`,`operate_ip`,`operate_location`,`execute_time`,`status`,`error_msg`,`create_time`,`deleted`) VALUES(123,124,'用户126',106,'部门107','窗口受理','下架','POST','/api/23/13','PUT','{}','{}','2026-06-23 22:11:26','192.168.46.182','广州',460,'1',NULL,'2026-06-23 22:11:26',0);
INSERT INTO `t_operate_log`(`id`,`user_id`,`user_name`,`dept_id`,`dept_name`,`module`,`action`,`method`,`request_url`,`request_type`,`request_params`,`response_data`,`operate_time`,`operate_ip`,`operate_location`,`execute_time`,`status`,`error_msg`,`create_time`,`deleted`) VALUES(124,125,'用户112',103,'部门105','事项管理','下架','DELETE','/api/24/97','GET','{}','{}','2026-06-20 22:11:26','192.168.66.6','本地',295,'1',NULL,'2026-06-25 22:11:26',0);
INSERT INTO `t_operate_log`(`id`,`user_id`,`user_name`,`dept_id`,`dept_name`,`module`,`action`,`method`,`request_url`,`request_type`,`request_params`,`response_data`,`operate_time`,`operate_ip`,`operate_location`,`execute_time`,`status`,`error_msg`,`create_time`,`deleted`) VALUES(125,100,'用户133',100,'部门100','系统管理','审批','PUT','/api/25/4','PUT','{}','{}','2026-06-27 22:11:26','192.168.245.45','北京',335,'0',NULL,'2026-06-11 22:11:26',0);
INSERT INTO `t_operate_log`(`id`,`user_id`,`user_name`,`dept_id`,`dept_name`,`module`,`action`,`method`,`request_url`,`request_type`,`request_params`,`response_data`,`operate_time`,`operate_ip`,`operate_location`,`execute_time`,`status`,`error_msg`,`create_time`,`deleted`) VALUES(126,122,'用户106',102,'部门109','系统管理','导入','POST','/api/26/57','POST','{}','{}','2026-06-20 22:11:26','192.168.39.209','广州',25,'0','异常','2026-06-11 22:11:26',0);
INSERT INTO `t_operate_log`(`id`,`user_id`,`user_name`,`dept_id`,`dept_name`,`module`,`action`,`method`,`request_url`,`request_type`,`request_params`,`response_data`,`operate_time`,`operate_ip`,`operate_location`,`execute_time`,`status`,`error_msg`,`create_time`,`deleted`) VALUES(127,107,'用户119',104,'部门101','系统管理','删除','POST','/api/27/13','DELETE','{}','{}','2026-06-25 22:11:26','192.168.155.40','上海',490,'1',NULL,'2026-06-11 22:11:26',0);
INSERT INTO `t_operate_log`(`id`,`user_id`,`user_name`,`dept_id`,`dept_name`,`module`,`action`,`method`,`request_url`,`request_type`,`request_params`,`response_data`,`operate_time`,`operate_ip`,`operate_location`,`execute_time`,`status`,`error_msg`,`create_time`,`deleted`) VALUES(128,124,'用户128',101,'部门108','事项管理','下架','POST','/api/28/47','POST','{}','{}','2026-06-25 22:11:26','192.168.246.210','广州',106,'1','异常','2026-06-27 22:11:26',0);
INSERT INTO `t_operate_log`(`id`,`user_id`,`user_name`,`dept_id`,`dept_name`,`module`,`action`,`method`,`request_url`,`request_type`,`request_params`,`response_data`,`operate_time`,`operate_ip`,`operate_location`,`execute_time`,`status`,`error_msg`,`create_time`,`deleted`) VALUES(129,130,'用户142',109,'部门101','投诉管理','修改','PUT','/api/29/68','DELETE','{}','{}','2026-06-20 22:11:26','192.168.165.52','上海',174,'1',NULL,'2026-06-22 22:11:26',0);
INSERT INTO `t_operate_log`(`id`,`user_id`,`user_name`,`dept_id`,`dept_name`,`module`,`action`,`method`,`request_url`,`request_type`,`request_params`,`response_data`,`operate_time`,`operate_ip`,`operate_location`,`execute_time`,`status`,`error_msg`,`create_time`,`deleted`) VALUES(130,140,'用户127',106,'部门106','数据管理','修改','DELETE','/api/30/4','DELETE','{}','{}','2026-06-27 22:11:26','192.168.83.144','广州',322,'1',NULL,'2026-06-03 22:11:26',0);
INSERT INTO `t_operate_log`(`id`,`user_id`,`user_name`,`dept_id`,`dept_name`,`module`,`action`,`method`,`request_url`,`request_type`,`request_params`,`response_data`,`operate_time`,`operate_ip`,`operate_location`,`execute_time`,`status`,`error_msg`,`create_time`,`deleted`) VALUES(131,118,'用户149',100,'部门108','用户管理','查询','GET','/api/31/40','POST','{}','{}','2026-06-18 22:11:26','192.168.81.190','本地',283,'1','异常','2026-06-19 22:11:26',0);
INSERT INTO `t_operate_log`(`id`,`user_id`,`user_name`,`dept_id`,`dept_name`,`module`,`action`,`method`,`request_url`,`request_type`,`request_params`,`response_data`,`operate_time`,`operate_ip`,`operate_location`,`execute_time`,`status`,`error_msg`,`create_time`,`deleted`) VALUES(132,112,'用户122',108,'部门100','数据管理','导出','POST','/api/32/66','PUT','{}','{}','2026-06-18 22:11:26','192.168.179.12','北京',60,'1',NULL,'2026-05-31 22:11:26',0);
INSERT INTO `t_operate_log`(`id`,`user_id`,`user_name`,`dept_id`,`dept_name`,`module`,`action`,`method`,`request_url`,`request_type`,`request_params`,`response_data`,`operate_time`,`operate_ip`,`operate_location`,`execute_time`,`status`,`error_msg`,`create_time`,`deleted`) VALUES(133,145,'用户120',101,'部门103','消息管理','查询','GET','/api/33/6','DELETE','{}','{}','2026-06-25 22:11:26','192.168.231.177','本地',483,'1','异常','2026-06-21 22:11:26',0);
INSERT INTO `t_operate_log`(`id`,`user_id`,`user_name`,`dept_id`,`dept_name`,`module`,`action`,`method`,`request_url`,`request_type`,`request_params`,`response_data`,`operate_time`,`operate_ip`,`operate_location`,`execute_time`,`status`,`error_msg`,`create_time`,`deleted`) VALUES(134,121,'用户111',106,'部门103','系统管理','审批','GET','/api/34/20','POST','{}','{}','2026-06-19 22:11:26','192.168.64.160','上海',461,'1',NULL,'2026-06-06 22:11:26',0);
INSERT INTO `t_operate_log`(`id`,`user_id`,`user_name`,`dept_id`,`dept_name`,`module`,`action`,`method`,`request_url`,`request_type`,`request_params`,`response_data`,`operate_time`,`operate_ip`,`operate_location`,`execute_time`,`status`,`error_msg`,`create_time`,`deleted`) VALUES(135,140,'用户119',103,'部门104','数据管理','新增','DELETE','/api/35/53','DELETE','{}','{}','2026-06-24 22:11:26','192.168.216.231','北京',428,'1',NULL,'2026-06-28 22:11:26',0);
INSERT INTO `t_operate_log`(`id`,`user_id`,`user_name`,`dept_id`,`dept_name`,`module`,`action`,`method`,`request_url`,`request_type`,`request_params`,`response_data`,`operate_time`,`operate_ip`,`operate_location`,`execute_time`,`status`,`error_msg`,`create_time`,`deleted`) VALUES(136,144,'用户125',100,'部门107','窗口受理','查询','GET','/api/36/82','GET','{}','{}','2026-06-27 22:11:26','192.168.41.231','广州',44,'1',NULL,'2026-06-23 22:11:26',0);
INSERT INTO `t_operate_log`(`id`,`user_id`,`user_name`,`dept_id`,`dept_name`,`module`,`action`,`method`,`request_url`,`request_type`,`request_params`,`response_data`,`operate_time`,`operate_ip`,`operate_location`,`execute_time`,`status`,`error_msg`,`create_time`,`deleted`) VALUES(137,147,'用户116',106,'部门104','投诉管理','发布','PUT','/api/37/73','PUT','{}','{}','2026-06-27 22:11:26','192.168.195.31','广州',431,'1',NULL,'2026-06-11 22:11:26',0);
INSERT INTO `t_operate_log`(`id`,`user_id`,`user_name`,`dept_id`,`dept_name`,`module`,`action`,`method`,`request_url`,`request_type`,`request_params`,`response_data`,`operate_time`,`operate_ip`,`operate_location`,`execute_time`,`status`,`error_msg`,`create_time`,`deleted`) VALUES(138,131,'用户112',102,'部门108','用户管理','驳回','DELETE','/api/38/14','GET','{}','{}','2026-06-25 22:11:26','192.168.10.214','广州',104,'1',NULL,'2026-06-03 22:11:26',0);
INSERT INTO `t_operate_log`(`id`,`user_id`,`user_name`,`dept_id`,`dept_name`,`module`,`action`,`method`,`request_url`,`request_type`,`request_params`,`response_data`,`operate_time`,`operate_ip`,`operate_location`,`execute_time`,`status`,`error_msg`,`create_time`,`deleted`) VALUES(139,115,'用户127',109,'部门105','消息管理','删除','DELETE','/api/39/77','GET','{}','{}','2026-06-18 22:11:26','192.168.240.129','北京',403,'1',NULL,'2026-06-27 22:11:26',0);
INSERT INTO `t_operate_log`(`id`,`user_id`,`user_name`,`dept_id`,`dept_name`,`module`,`action`,`method`,`request_url`,`request_type`,`request_params`,`response_data`,`operate_time`,`operate_ip`,`operate_location`,`execute_time`,`status`,`error_msg`,`create_time`,`deleted`) VALUES(140,100,'用户109',105,'部门104','窗口受理','下架','DELETE','/api/40/26','GET','{}','{}','2026-06-22 22:11:26','192.168.98.40','上海',268,'1',NULL,'2026-06-08 22:11:26',0);
INSERT INTO `t_operate_log`(`id`,`user_id`,`user_name`,`dept_id`,`dept_name`,`module`,`action`,`method`,`request_url`,`request_type`,`request_params`,`response_data`,`operate_time`,`operate_ip`,`operate_location`,`execute_time`,`status`,`error_msg`,`create_time`,`deleted`) VALUES(141,121,'用户142',107,'部门100','消息管理','修改','POST','/api/41/78','PUT','{}','{}','2026-06-20 22:11:26','192.168.42.37','上海',39,'1',NULL,'2026-06-15 22:11:26',0);
INSERT INTO `t_operate_log`(`id`,`user_id`,`user_name`,`dept_id`,`dept_name`,`module`,`action`,`method`,`request_url`,`request_type`,`request_params`,`response_data`,`operate_time`,`operate_ip`,`operate_location`,`execute_time`,`status`,`error_msg`,`create_time`,`deleted`) VALUES(142,134,'用户101',109,'部门102','系统管理','下架','GET','/api/42/19','GET','{}','{}','2026-06-18 22:11:26','192.168.60.2','广州',11,'0',NULL,'2026-06-16 22:11:26',0);
INSERT INTO `t_operate_log`(`id`,`user_id`,`user_name`,`dept_id`,`dept_name`,`module`,`action`,`method`,`request_url`,`request_type`,`request_params`,`response_data`,`operate_time`,`operate_ip`,`operate_location`,`execute_time`,`status`,`error_msg`,`create_time`,`deleted`) VALUES(143,136,'用户107',103,'部门100','政务公开','导出','GET','/api/43/3','DELETE','{}','{}','2026-06-19 22:11:26','192.168.166.99','上海',361,'0',NULL,'2026-05-30 22:11:26',0);
INSERT INTO `t_operate_log`(`id`,`user_id`,`user_name`,`dept_id`,`dept_name`,`module`,`action`,`method`,`request_url`,`request_type`,`request_params`,`response_data`,`operate_time`,`operate_ip`,`operate_location`,`execute_time`,`status`,`error_msg`,`create_time`,`deleted`) VALUES(144,115,'用户143',107,'部门109','证照管理','下架','DELETE','/api/44/62','POST','{}','{}','2026-06-21 22:11:26','192.168.138.226','上海',124,'1',NULL,'2026-06-05 22:11:26',0);
INSERT INTO `t_operate_log`(`id`,`user_id`,`user_name`,`dept_id`,`dept_name`,`module`,`action`,`method`,`request_url`,`request_type`,`request_params`,`response_data`,`operate_time`,`operate_ip`,`operate_location`,`execute_time`,`status`,`error_msg`,`create_time`,`deleted`) VALUES(145,124,'用户116',102,'部门105','用户管理','审批','PUT','/api/45/19','GET','{}','{}','2026-06-21 22:11:26','192.168.106.182','北京',215,'1',NULL,'2026-06-17 22:11:26',0);
INSERT INTO `t_operate_log`(`id`,`user_id`,`user_name`,`dept_id`,`dept_name`,`module`,`action`,`method`,`request_url`,`request_type`,`request_params`,`response_data`,`operate_time`,`operate_ip`,`operate_location`,`execute_time`,`status`,`error_msg`,`create_time`,`deleted`) VALUES(146,125,'用户126',106,'部门107','消息管理','驳回','DELETE','/api/46/60','PUT','{}','{}','2026-06-23 22:11:26','192.168.84.171','广州',78,'0',NULL,'2026-06-22 22:11:26',0);
INSERT INTO `t_operate_log`(`id`,`user_id`,`user_name`,`dept_id`,`dept_name`,`module`,`action`,`method`,`request_url`,`request_type`,`request_params`,`response_data`,`operate_time`,`operate_ip`,`operate_location`,`execute_time`,`status`,`error_msg`,`create_time`,`deleted`) VALUES(147,112,'用户136',103,'部门109','系统管理','驳回','DELETE','/api/47/48','PUT','{}','{}','2026-06-25 22:11:26','192.168.101.37','广州',65,'0',NULL,'2026-06-19 22:11:26',0);
INSERT INTO `t_operate_log`(`id`,`user_id`,`user_name`,`dept_id`,`dept_name`,`module`,`action`,`method`,`request_url`,`request_type`,`request_params`,`response_data`,`operate_time`,`operate_ip`,`operate_location`,`execute_time`,`status`,`error_msg`,`create_time`,`deleted`) VALUES(148,149,'用户139',106,'部门100','审批管理','查询','PUT','/api/48/71','POST','{}','{}','2026-06-18 22:11:26','192.168.99.240','广州',102,'1','异常','2026-06-22 22:11:26',0);
INSERT INTO `t_operate_log`(`id`,`user_id`,`user_name`,`dept_id`,`dept_name`,`module`,`action`,`method`,`request_url`,`request_type`,`request_params`,`response_data`,`operate_time`,`operate_ip`,`operate_location`,`execute_time`,`status`,`error_msg`,`create_time`,`deleted`) VALUES(149,136,'用户142',102,'部门104','政务公开','删除','DELETE','/api/49/74','POST','{}','{}','2026-06-26 22:11:26','192.168.106.82','广州',135,'1',NULL,'2026-06-13 22:11:26',0);
INSERT INTO `t_operate_log`(`id`,`user_id`,`user_name`,`dept_id`,`dept_name`,`module`,`action`,`method`,`request_url`,`request_type`,`request_params`,`response_data`,`operate_time`,`operate_ip`,`operate_location`,`execute_time`,`status`,`error_msg`,`create_time`,`deleted`) VALUES(150,139,'用户148',109,'部门108','用户管理','修改','GET','/api/50/11','GET','{}','{}','2026-06-28 22:11:26','192.168.236.221','本地',179,'1',NULL,'2026-05-31 22:11:26',0);
INSERT INTO `t_operate_log`(`id`,`user_id`,`user_name`,`dept_id`,`dept_name`,`module`,`action`,`method`,`request_url`,`request_type`,`request_params`,`response_data`,`operate_time`,`operate_ip`,`operate_location`,`execute_time`,`status`,`error_msg`,`create_time`,`deleted`) VALUES(151,112,'用户147',102,'部门103','证照管理','修改','PUT','/api/51/80','PUT','{}','{}','2026-06-19 22:11:26','192.168.232.213','广州',253,'1',NULL,'2026-06-19 22:11:26',0);
INSERT INTO `t_operate_log`(`id`,`user_id`,`user_name`,`dept_id`,`dept_name`,`module`,`action`,`method`,`request_url`,`request_type`,`request_params`,`response_data`,`operate_time`,`operate_ip`,`operate_location`,`execute_time`,`status`,`error_msg`,`create_time`,`deleted`) VALUES(152,106,'用户135',102,'部门102','窗口受理','审批','GET','/api/52/69','DELETE','{}','{}','2026-06-26 22:11:26','192.168.144.142','广州',368,'1',NULL,'2026-05-31 22:11:26',0);
INSERT INTO `t_operate_log`(`id`,`user_id`,`user_name`,`dept_id`,`dept_name`,`module`,`action`,`method`,`request_url`,`request_type`,`request_params`,`response_data`,`operate_time`,`operate_ip`,`operate_location`,`execute_time`,`status`,`error_msg`,`create_time`,`deleted`) VALUES(153,107,'用户142',102,'部门107','事项管理','新增','POST','/api/53/49','DELETE','{}','{}','2026-06-22 22:11:26','192.168.123.44','本地',310,'1',NULL,'2026-06-10 22:11:26',0);
INSERT INTO `t_operate_log`(`id`,`user_id`,`user_name`,`dept_id`,`dept_name`,`module`,`action`,`method`,`request_url`,`request_type`,`request_params`,`response_data`,`operate_time`,`operate_ip`,`operate_location`,`execute_time`,`status`,`error_msg`,`create_time`,`deleted`) VALUES(154,111,'用户128',100,'部门107','政务公开','下架','PUT','/api/54/11','PUT','{}','{}','2026-06-27 22:11:26','192.168.46.35','上海',356,'1',NULL,'2026-06-25 22:11:26',0);
INSERT INTO `t_operate_log`(`id`,`user_id`,`user_name`,`dept_id`,`dept_name`,`module`,`action`,`method`,`request_url`,`request_type`,`request_params`,`response_data`,`operate_time`,`operate_ip`,`operate_location`,`execute_time`,`status`,`error_msg`,`create_time`,`deleted`) VALUES(155,142,'用户112',105,'部门104','事项管理','下架','DELETE','/api/55/3','DELETE','{}','{}','2026-06-26 22:11:26','192.168.94.218','上海',108,'0',NULL,'2026-06-12 22:11:26',0);
INSERT INTO `t_operate_log`(`id`,`user_id`,`user_name`,`dept_id`,`dept_name`,`module`,`action`,`method`,`request_url`,`request_type`,`request_params`,`response_data`,`operate_time`,`operate_ip`,`operate_location`,`execute_time`,`status`,`error_msg`,`create_time`,`deleted`) VALUES(156,101,'用户131',105,'部门102','用户管理','查询','PUT','/api/56/34','DELETE','{}','{}','2026-06-22 22:11:26','192.168.87.11','上海',393,'1',NULL,'2026-06-18 22:11:26',0);
INSERT INTO `t_operate_log`(`id`,`user_id`,`user_name`,`dept_id`,`dept_name`,`module`,`action`,`method`,`request_url`,`request_type`,`request_params`,`response_data`,`operate_time`,`operate_ip`,`operate_location`,`execute_time`,`status`,`error_msg`,`create_time`,`deleted`) VALUES(157,102,'用户108',109,'部门100','政务公开','新增','PUT','/api/57/49','POST','{}','{}','2026-06-21 22:11:26','192.168.98.100','本地',365,'1',NULL,'2026-06-18 22:11:26',0);
INSERT INTO `t_operate_log`(`id`,`user_id`,`user_name`,`dept_id`,`dept_name`,`module`,`action`,`method`,`request_url`,`request_type`,`request_params`,`response_data`,`operate_time`,`operate_ip`,`operate_location`,`execute_time`,`status`,`error_msg`,`create_time`,`deleted`) VALUES(158,132,'用户127',106,'部门105','窗口受理','下架','PUT','/api/58/71','POST','{}','{}','2026-06-21 22:11:26','192.168.73.69','本地',477,'1',NULL,'2026-06-26 22:11:26',0);
INSERT INTO `t_operate_log`(`id`,`user_id`,`user_name`,`dept_id`,`dept_name`,`module`,`action`,`method`,`request_url`,`request_type`,`request_params`,`response_data`,`operate_time`,`operate_ip`,`operate_location`,`execute_time`,`status`,`error_msg`,`create_time`,`deleted`) VALUES(159,142,'用户120',108,'部门101','用户管理','删除','GET','/api/59/32','GET','{}','{}','2026-06-26 22:11:26','192.168.96.17','北京',302,'1',NULL,'2026-06-01 22:11:26',0);
INSERT INTO `t_operate_log`(`id`,`user_id`,`user_name`,`dept_id`,`dept_name`,`module`,`action`,`method`,`request_url`,`request_type`,`request_params`,`response_data`,`operate_time`,`operate_ip`,`operate_location`,`execute_time`,`status`,`error_msg`,`create_time`,`deleted`) VALUES(160,100,'用户146',100,'部门105','政务公开','修改','POST','/api/60/75','DELETE','{}','{}','2026-06-18 22:11:26','192.168.224.85','本地',323,'1',NULL,'2026-06-24 22:11:26',0);
INSERT INTO `t_operate_log`(`id`,`user_id`,`user_name`,`dept_id`,`dept_name`,`module`,`action`,`method`,`request_url`,`request_type`,`request_params`,`response_data`,`operate_time`,`operate_ip`,`operate_location`,`execute_time`,`status`,`error_msg`,`create_time`,`deleted`) VALUES(161,147,'用户105',102,'部门101','事项管理','新增','DELETE','/api/61/88','POST','{}','{}','2026-06-25 22:11:26','192.168.13.184','本地',208,'1',NULL,'2026-06-22 22:11:26',0);
INSERT INTO `t_operate_log`(`id`,`user_id`,`user_name`,`dept_id`,`dept_name`,`module`,`action`,`method`,`request_url`,`request_type`,`request_params`,`response_data`,`operate_time`,`operate_ip`,`operate_location`,`execute_time`,`status`,`error_msg`,`create_time`,`deleted`) VALUES(162,112,'用户145',107,'部门109','窗口受理','驳回','PUT','/api/62/94','GET','{}','{}','2026-06-21 22:11:26','192.168.48.130','本地',50,'1',NULL,'2026-06-20 22:11:26',0);
INSERT INTO `t_operate_log`(`id`,`user_id`,`user_name`,`dept_id`,`dept_name`,`module`,`action`,`method`,`request_url`,`request_type`,`request_params`,`response_data`,`operate_time`,`operate_ip`,`operate_location`,`execute_time`,`status`,`error_msg`,`create_time`,`deleted`) VALUES(163,134,'用户136',103,'部门101','事项管理','查询','POST','/api/63/42','POST','{}','{}','2026-06-26 22:11:26','192.168.102.163','上海',317,'1',NULL,'2026-06-19 22:11:26',0);
INSERT INTO `t_operate_log`(`id`,`user_id`,`user_name`,`dept_id`,`dept_name`,`module`,`action`,`method`,`request_url`,`request_type`,`request_params`,`response_data`,`operate_time`,`operate_ip`,`operate_location`,`execute_time`,`status`,`error_msg`,`create_time`,`deleted`) VALUES(164,127,'用户116',105,'部门103','投诉管理','新增','PUT','/api/64/37','POST','{}','{}','2026-06-27 22:11:26','192.168.16.17','广州',186,'1',NULL,'2026-06-02 22:11:26',0);
INSERT INTO `t_operate_log`(`id`,`user_id`,`user_name`,`dept_id`,`dept_name`,`module`,`action`,`method`,`request_url`,`request_type`,`request_params`,`response_data`,`operate_time`,`operate_ip`,`operate_location`,`execute_time`,`status`,`error_msg`,`create_time`,`deleted`) VALUES(165,105,'用户143',107,'部门100','事项管理','下架','PUT','/api/65/90','GET','{}','{}','2026-06-19 22:11:26','192.168.68.187','上海',240,'1',NULL,'2026-06-13 22:11:26',0);
INSERT INTO `t_operate_log`(`id`,`user_id`,`user_name`,`dept_id`,`dept_name`,`module`,`action`,`method`,`request_url`,`request_type`,`request_params`,`response_data`,`operate_time`,`operate_ip`,`operate_location`,`execute_time`,`status`,`error_msg`,`create_time`,`deleted`) VALUES(166,131,'用户119',107,'部门105','投诉管理','查询','POST','/api/66/76','POST','{}','{}','2026-06-28 22:11:26','192.168.177.91','广州',248,'1',NULL,'2026-06-03 22:11:26',0);
INSERT INTO `t_operate_log`(`id`,`user_id`,`user_name`,`dept_id`,`dept_name`,`module`,`action`,`method`,`request_url`,`request_type`,`request_params`,`response_data`,`operate_time`,`operate_ip`,`operate_location`,`execute_time`,`status`,`error_msg`,`create_time`,`deleted`) VALUES(167,125,'用户129',107,'部门107','窗口受理','删除','DELETE','/api/67/54','GET','{}','{}','2026-06-26 22:11:26','192.168.202.82','广州',455,'1',NULL,'2026-06-28 22:11:26',0);
INSERT INTO `t_operate_log`(`id`,`user_id`,`user_name`,`dept_id`,`dept_name`,`module`,`action`,`method`,`request_url`,`request_type`,`request_params`,`response_data`,`operate_time`,`operate_ip`,`operate_location`,`execute_time`,`status`,`error_msg`,`create_time`,`deleted`) VALUES(168,142,'用户111',102,'部门109','窗口受理','查询','GET','/api/68/3','DELETE','{}','{}','2026-06-21 22:11:26','192.168.39.70','上海',111,'1',NULL,'2026-06-23 22:11:26',0);
INSERT INTO `t_operate_log`(`id`,`user_id`,`user_name`,`dept_id`,`dept_name`,`module`,`action`,`method`,`request_url`,`request_type`,`request_params`,`response_data`,`operate_time`,`operate_ip`,`operate_location`,`execute_time`,`status`,`error_msg`,`create_time`,`deleted`) VALUES(169,135,'用户117',103,'部门103','消息管理','导入','DELETE','/api/69/56','DELETE','{}','{}','2026-06-26 22:11:26','192.168.125.249','本地',190,'1',NULL,'2026-06-18 22:11:26',0);
INSERT INTO `t_operate_log`(`id`,`user_id`,`user_name`,`dept_id`,`dept_name`,`module`,`action`,`method`,`request_url`,`request_type`,`request_params`,`response_data`,`operate_time`,`operate_ip`,`operate_location`,`execute_time`,`status`,`error_msg`,`create_time`,`deleted`) VALUES(170,130,'用户138',104,'部门102','审批管理','导出','DELETE','/api/70/28','DELETE','{}','{}','2026-06-21 22:11:26','192.168.4.245','上海',333,'1',NULL,'2026-06-19 22:11:26',0);
INSERT INTO `t_operate_log`(`id`,`user_id`,`user_name`,`dept_id`,`dept_name`,`module`,`action`,`method`,`request_url`,`request_type`,`request_params`,`response_data`,`operate_time`,`operate_ip`,`operate_location`,`execute_time`,`status`,`error_msg`,`create_time`,`deleted`) VALUES(171,139,'用户127',109,'部门101','政务公开','删除','PUT','/api/71/44','PUT','{}','{}','2026-06-26 22:11:26','192.168.95.145','广州',42,'1',NULL,'2026-06-15 22:11:26',0);
INSERT INTO `t_operate_log`(`id`,`user_id`,`user_name`,`dept_id`,`dept_name`,`module`,`action`,`method`,`request_url`,`request_type`,`request_params`,`response_data`,`operate_time`,`operate_ip`,`operate_location`,`execute_time`,`status`,`error_msg`,`create_time`,`deleted`) VALUES(172,113,'用户120',103,'部门105','消息管理','发布','PUT','/api/72/74','PUT','{}','{}','2026-06-25 22:11:26','192.168.231.33','上海',410,'0',NULL,'2026-06-21 22:11:26',0);
INSERT INTO `t_operate_log`(`id`,`user_id`,`user_name`,`dept_id`,`dept_name`,`module`,`action`,`method`,`request_url`,`request_type`,`request_params`,`response_data`,`operate_time`,`operate_ip`,`operate_location`,`execute_time`,`status`,`error_msg`,`create_time`,`deleted`) VALUES(173,137,'用户139',103,'部门103','消息管理','导入','DELETE','/api/73/3','PUT','{}','{}','2026-06-20 22:11:26','192.168.226.25','广州',394,'1',NULL,'2026-06-26 22:11:26',0);
INSERT INTO `t_operate_log`(`id`,`user_id`,`user_name`,`dept_id`,`dept_name`,`module`,`action`,`method`,`request_url`,`request_type`,`request_params`,`response_data`,`operate_time`,`operate_ip`,`operate_location`,`execute_time`,`status`,`error_msg`,`create_time`,`deleted`) VALUES(174,131,'用户129',109,'部门104','事项管理','驳回','DELETE','/api/74/100','POST','{}','{}','2026-06-24 22:11:26','192.168.183.37','上海',444,'1',NULL,'2026-06-21 22:11:26',0);
INSERT INTO `t_operate_log`(`id`,`user_id`,`user_name`,`dept_id`,`dept_name`,`module`,`action`,`method`,`request_url`,`request_type`,`request_params`,`response_data`,`operate_time`,`operate_ip`,`operate_location`,`execute_time`,`status`,`error_msg`,`create_time`,`deleted`) VALUES(175,100,'用户120',105,'部门109','消息管理','导出','POST','/api/75/35','PUT','{}','{}','2026-06-21 22:11:26','192.168.253.81','北京',431,'1',NULL,'2026-06-09 22:11:26',0);
INSERT INTO `t_operate_log`(`id`,`user_id`,`user_name`,`dept_id`,`dept_name`,`module`,`action`,`method`,`request_url`,`request_type`,`request_params`,`response_data`,`operate_time`,`operate_ip`,`operate_location`,`execute_time`,`status`,`error_msg`,`create_time`,`deleted`) VALUES(176,107,'用户118',100,'部门103','投诉管理','导出','PUT','/api/76/32','DELETE','{}','{}','2026-06-22 22:11:26','192.168.180.210','本地',162,'1',NULL,'2026-06-19 22:11:26',0);
INSERT INTO `t_operate_log`(`id`,`user_id`,`user_name`,`dept_id`,`dept_name`,`module`,`action`,`method`,`request_url`,`request_type`,`request_params`,`response_data`,`operate_time`,`operate_ip`,`operate_location`,`execute_time`,`status`,`error_msg`,`create_time`,`deleted`) VALUES(177,101,'用户141',106,'部门101','系统管理','驳回','POST','/api/77/58','DELETE','{}','{}','2026-06-20 22:11:26','192.168.41.153','广州',398,'1',NULL,'2026-06-20 22:11:26',0);
INSERT INTO `t_operate_log`(`id`,`user_id`,`user_name`,`dept_id`,`dept_name`,`module`,`action`,`method`,`request_url`,`request_type`,`request_params`,`response_data`,`operate_time`,`operate_ip`,`operate_location`,`execute_time`,`status`,`error_msg`,`create_time`,`deleted`) VALUES(178,117,'用户112',109,'部门107','证照管理','删除','POST','/api/78/42','GET','{}','{}','2026-06-27 22:11:26','192.168.14.223','上海',292,'1',NULL,'2026-06-18 22:11:26',0);
INSERT INTO `t_operate_log`(`id`,`user_id`,`user_name`,`dept_id`,`dept_name`,`module`,`action`,`method`,`request_url`,`request_type`,`request_params`,`response_data`,`operate_time`,`operate_ip`,`operate_location`,`execute_time`,`status`,`error_msg`,`create_time`,`deleted`) VALUES(179,146,'用户124',108,'部门100','数据管理','下架','DELETE','/api/79/23','PUT','{}','{}','2026-06-19 22:11:26','192.168.215.195','本地',339,'1',NULL,'2026-06-04 22:11:26',0);

USE `gov_monitor`;
DELETE FROM `t_dashboard_stat` WHERE id >= 100;
INSERT INTO `t_dashboard_stat`(`id`,`stat_type`,`stat_value`,`stat_date`,`stat_hour`,`dept_id`,`create_time`,`deleted`) VALUES(100,'TOTAL_ITEM','149','2026-06-28','23',0,'2026-06-28 22:11:26',0);
INSERT INTO `t_dashboard_stat`(`id`,`stat_type`,`stat_value`,`stat_date`,`stat_hour`,`dept_id`,`create_time`,`deleted`) VALUES(101,'TOTAL_USER','149','2026-06-28','23',0,'2026-06-28 22:11:26',0);
INSERT INTO `t_dashboard_stat`(`id`,`stat_type`,`stat_value`,`stat_date`,`stat_hour`,`dept_id`,`create_time`,`deleted`) VALUES(102,'TOTAL_RECORD','500','2026-06-28','23',0,'2026-06-28 22:11:26',0);
INSERT INTO `t_dashboard_stat`(`id`,`stat_type`,`stat_value`,`stat_date`,`stat_hour`,`dept_id`,`create_time`,`deleted`) VALUES(103,'TOTAL_LICENSE','130','2026-06-28','23',0,'2026-06-28 22:11:26',0);
INSERT INTO `t_dashboard_stat`(`id`,`stat_type`,`stat_value`,`stat_date`,`stat_hour`,`dept_id`,`create_time`,`deleted`) VALUES(104,'TOTAL_COMPLAINT','150','2026-06-28','23',0,'2026-06-28 22:11:26',0);
INSERT INTO `t_dashboard_stat`(`id`,`stat_type`,`stat_value`,`stat_date`,`stat_hour`,`dept_id`,`create_time`,`deleted`) VALUES(105,'TODAY_RECORD','23','2026-06-28','23',0,'2026-06-28 22:11:26',0);
INSERT INTO `t_dashboard_stat`(`id`,`stat_type`,`stat_value`,`stat_date`,`stat_hour`,`dept_id`,`create_time`,`deleted`) VALUES(106,'TODAY_COMPLAINT','5','2026-06-28','23',0,'2026-06-28 22:11:26',0);
INSERT INTO `t_dashboard_stat`(`id`,`stat_type`,`stat_value`,`stat_date`,`stat_hour`,`dept_id`,`create_time`,`deleted`) VALUES(107,'PENDING_TASK','45','2026-06-28','23',0,'2026-06-28 22:11:26',0);
INSERT INTO `t_dashboard_stat`(`id`,`stat_type`,`stat_value`,`stat_date`,`stat_hour`,`dept_id`,`create_time`,`deleted`) VALUES(108,'FINISH_RATE','87.5','2026-06-28','23',0,'2026-06-28 22:11:26',0);
INSERT INTO `t_dashboard_stat`(`id`,`stat_type`,`stat_value`,`stat_date`,`stat_hour`,`dept_id`,`create_time`,`deleted`) VALUES(109,'SATISFACTION_RATE','92.3','2026-06-28','23',0,'2026-06-28 22:11:26',0);
INSERT INTO `t_dashboard_stat`(`id`,`stat_type`,`stat_value`,`stat_date`,`stat_hour`,`dept_id`,`create_time`,`deleted`) VALUES(110,'TIMEOUT_RATE','3.2','2026-06-28','23',0,'2026-06-28 22:11:26',0);

USE `gov_monitor`;
DELETE FROM `t_audit_report` WHERE id >= 100;
INSERT INTO `t_audit_report`(`id`,`report_no`,`report_name`,`report_type`,`report_date`,`report_content`,`file_url`,`generate_time`,`generate_by`,`status`,`create_time`,`deleted`) VALUES(100,'AR-2024001','审计报告1',1,'2026-04-23','审计内容0','/files/audit_0.pdf','2026-06-20 22:11:26',146,0,'2026-06-11 22:11:26',0);
INSERT INTO `t_audit_report`(`id`,`report_no`,`report_name`,`report_type`,`report_date`,`report_content`,`file_url`,`generate_time`,`generate_by`,`status`,`create_time`,`deleted`) VALUES(101,'AR-2024002','审计报告2',2,'2026-06-19','审计内容1','/files/audit_1.pdf','2026-06-19 22:11:26',108,1,'2026-06-14 22:11:26',0);
INSERT INTO `t_audit_report`(`id`,`report_no`,`report_name`,`report_type`,`report_date`,`report_content`,`file_url`,`generate_time`,`generate_by`,`status`,`create_time`,`deleted`) VALUES(102,'AR-2024003','审计报告3',3,'2026-06-07','审计内容2','/files/audit_2.pdf','2026-05-28 22:11:26',105,1,'2026-05-13 22:11:26',0);
INSERT INTO `t_audit_report`(`id`,`report_no`,`report_name`,`report_type`,`report_date`,`report_content`,`file_url`,`generate_time`,`generate_by`,`status`,`create_time`,`deleted`) VALUES(103,'AR-2024004','审计报告4',2,'2026-06-17','审计内容3','/files/audit_3.pdf','2026-05-06 22:11:26',121,1,'2026-04-25 22:11:26',0);
INSERT INTO `t_audit_report`(`id`,`report_no`,`report_name`,`report_type`,`report_date`,`report_content`,`file_url`,`generate_time`,`generate_by`,`status`,`create_time`,`deleted`) VALUES(104,'AR-2024005','审计报告5',2,'2026-04-19','审计内容4','/files/audit_4.pdf','2026-06-20 22:11:26',133,1,'2026-04-06 22:11:26',0);
INSERT INTO `t_audit_report`(`id`,`report_no`,`report_name`,`report_type`,`report_date`,`report_content`,`file_url`,`generate_time`,`generate_by`,`status`,`create_time`,`deleted`) VALUES(105,'AR-2024006','审计报告6',2,'2026-03-31','审计内容5','/files/audit_5.pdf','2026-06-08 22:11:26',135,1,'2026-06-01 22:11:26',0);
INSERT INTO `t_audit_report`(`id`,`report_no`,`report_name`,`report_type`,`report_date`,`report_content`,`file_url`,`generate_time`,`generate_by`,`status`,`create_time`,`deleted`) VALUES(106,'AR-2024007','审计报告7',2,'2026-06-07','审计内容6','/files/audit_6.pdf','2026-06-13 22:11:26',148,1,'2026-05-29 22:11:26',0);
INSERT INTO `t_audit_report`(`id`,`report_no`,`report_name`,`report_type`,`report_date`,`report_content`,`file_url`,`generate_time`,`generate_by`,`status`,`create_time`,`deleted`) VALUES(107,'AR-2024008','审计报告8',1,'2026-06-20','审计内容7','/files/audit_7.pdf','2026-04-06 22:11:26',143,0,'2026-06-24 22:11:26',0);
INSERT INTO `t_audit_report`(`id`,`report_no`,`report_name`,`report_type`,`report_date`,`report_content`,`file_url`,`generate_time`,`generate_by`,`status`,`create_time`,`deleted`) VALUES(108,'AR-2024009','审计报告9',1,'2026-04-06','审计内容8','/files/audit_8.pdf','2026-03-30 22:11:26',114,1,'2026-06-22 22:11:26',0);
INSERT INTO `t_audit_report`(`id`,`report_no`,`report_name`,`report_type`,`report_date`,`report_content`,`file_url`,`generate_time`,`generate_by`,`status`,`create_time`,`deleted`) VALUES(109,'AR-2024010','审计报告10',1,'2026-05-30','审计内容9','/files/audit_9.pdf','2026-05-29 22:11:26',109,1,'2026-04-24 22:11:26',0);
INSERT INTO `t_audit_report`(`id`,`report_no`,`report_name`,`report_type`,`report_date`,`report_content`,`file_url`,`generate_time`,`generate_by`,`status`,`create_time`,`deleted`) VALUES(110,'AR-2024011','审计报告11',2,'2026-05-17','审计内容10','/files/audit_10.pdf','2026-05-09 22:11:26',148,0,'2026-04-03 22:11:26',0);
INSERT INTO `t_audit_report`(`id`,`report_no`,`report_name`,`report_type`,`report_date`,`report_content`,`file_url`,`generate_time`,`generate_by`,`status`,`create_time`,`deleted`) VALUES(111,'AR-2024012','审计报告12',2,'2026-06-25','审计内容11','/files/audit_11.pdf','2026-04-23 22:11:26',148,1,'2026-04-25 22:11:26',0);
INSERT INTO `t_audit_report`(`id`,`report_no`,`report_name`,`report_type`,`report_date`,`report_content`,`file_url`,`generate_time`,`generate_by`,`status`,`create_time`,`deleted`) VALUES(112,'AR-2024013','审计报告13',1,'2026-04-03','审计内容12','/files/audit_12.pdf','2026-03-30 22:11:26',126,0,'2026-06-19 22:11:26',0);
INSERT INTO `t_audit_report`(`id`,`report_no`,`report_name`,`report_type`,`report_date`,`report_content`,`file_url`,`generate_time`,`generate_by`,`status`,`create_time`,`deleted`) VALUES(113,'AR-2024014','审计报告14',1,'2026-06-02','审计内容13','/files/audit_13.pdf','2026-04-13 22:11:26',102,1,'2026-05-29 22:11:26',0);
INSERT INTO `t_audit_report`(`id`,`report_no`,`report_name`,`report_type`,`report_date`,`report_content`,`file_url`,`generate_time`,`generate_by`,`status`,`create_time`,`deleted`) VALUES(114,'AR-2024015','审计报告15',3,'2026-04-26','审计内容14','/files/audit_14.pdf','2026-06-27 22:11:26',122,0,'2026-06-17 22:11:26',0);

USE `gov_monitor`;
DELETE FROM `t_efficiency_stat` WHERE id >= 100;
INSERT INTO `t_efficiency_stat`(`id`,`dept_id`,`dept_name`,`stat_date`,`total_count`,`finish_count`,`timeout_count`,`reject_count`,`avg_time`,`max_time`,`min_time`,`satisfaction_avg`,`yellow_count`,`red_count`,`create_time`,`deleted`) VALUES(100,100,'部门100','2026-06-09',104,135,2,3,28,88,18,3.51,5,2,'2026-06-08 22:11:26',0);
INSERT INTO `t_efficiency_stat`(`id`,`dept_id`,`dept_name`,`stat_date`,`total_count`,`finish_count`,`timeout_count`,`reject_count`,`avg_time`,`max_time`,`min_time`,`satisfaction_avg`,`yellow_count`,`red_count`,`create_time`,`deleted`) VALUES(101,101,'部门101','2026-06-18',78,147,5,4,50,90,7,4.63,2,1,'2026-06-21 22:11:26',0);
INSERT INTO `t_efficiency_stat`(`id`,`dept_id`,`dept_name`,`stat_date`,`total_count`,`finish_count`,`timeout_count`,`reject_count`,`avg_time`,`max_time`,`min_time`,`satisfaction_avg`,`yellow_count`,`red_count`,`create_time`,`deleted`) VALUES(102,102,'部门102','2026-06-17',76,105,1,5,37,165,1,4.17,5,2,'2026-06-11 22:11:26',0);
INSERT INTO `t_efficiency_stat`(`id`,`dept_id`,`dept_name`,`stat_date`,`total_count`,`finish_count`,`timeout_count`,`reject_count`,`avg_time`,`max_time`,`min_time`,`satisfaction_avg`,`yellow_count`,`red_count`,`create_time`,`deleted`) VALUES(103,103,'部门103','2026-06-03',113,57,2,0,6,149,4,4.61,1,0,'2026-06-03 22:11:26',0);
INSERT INTO `t_efficiency_stat`(`id`,`dept_id`,`dept_name`,`stat_date`,`total_count`,`finish_count`,`timeout_count`,`reject_count`,`avg_time`,`max_time`,`min_time`,`satisfaction_avg`,`yellow_count`,`red_count`,`create_time`,`deleted`) VALUES(104,104,'部门104','2026-06-09',198,81,10,1,39,142,15,3.58,5,0,'2026-06-09 22:11:26',0);
INSERT INTO `t_efficiency_stat`(`id`,`dept_id`,`dept_name`,`stat_date`,`total_count`,`finish_count`,`timeout_count`,`reject_count`,`avg_time`,`max_time`,`min_time`,`satisfaction_avg`,`yellow_count`,`red_count`,`create_time`,`deleted`) VALUES(105,105,'部门105','2026-05-30',74,60,8,0,40,53,7,4.74,2,0,'2026-06-12 22:11:26',0);
INSERT INTO `t_efficiency_stat`(`id`,`dept_id`,`dept_name`,`stat_date`,`total_count`,`finish_count`,`timeout_count`,`reject_count`,`avg_time`,`max_time`,`min_time`,`satisfaction_avg`,`yellow_count`,`red_count`,`create_time`,`deleted`) VALUES(106,106,'部门106','2026-06-04',109,88,7,3,22,175,16,4.34,2,2,'2026-05-31 22:11:26',0);
INSERT INTO `t_efficiency_stat`(`id`,`dept_id`,`dept_name`,`stat_date`,`total_count`,`finish_count`,`timeout_count`,`reject_count`,`avg_time`,`max_time`,`min_time`,`satisfaction_avg`,`yellow_count`,`red_count`,`create_time`,`deleted`) VALUES(107,107,'部门107','2026-06-20',29,32,0,0,7,52,9,4.9,2,1,'2026-06-15 22:11:26',0);
INSERT INTO `t_efficiency_stat`(`id`,`dept_id`,`dept_name`,`stat_date`,`total_count`,`finish_count`,`timeout_count`,`reject_count`,`avg_time`,`max_time`,`min_time`,`satisfaction_avg`,`yellow_count`,`red_count`,`create_time`,`deleted`) VALUES(108,108,'部门108','2026-06-04',155,45,1,0,48,105,7,4.96,5,1,'2026-06-25 22:11:26',0);
INSERT INTO `t_efficiency_stat`(`id`,`dept_id`,`dept_name`,`stat_date`,`total_count`,`finish_count`,`timeout_count`,`reject_count`,`avg_time`,`max_time`,`min_time`,`satisfaction_avg`,`yellow_count`,`red_count`,`create_time`,`deleted`) VALUES(109,109,'部门109','2026-06-19',116,10,4,0,16,127,5,3.89,1,0,'2026-05-29 22:11:26',0);
INSERT INTO `t_efficiency_stat`(`id`,`dept_id`,`dept_name`,`stat_date`,`total_count`,`finish_count`,`timeout_count`,`reject_count`,`avg_time`,`max_time`,`min_time`,`satisfaction_avg`,`yellow_count`,`red_count`,`create_time`,`deleted`) VALUES(110,100,'部门100','2026-06-07',200,12,7,1,2,78,3,4.59,3,2,'2026-06-05 22:11:26',0);
INSERT INTO `t_efficiency_stat`(`id`,`dept_id`,`dept_name`,`stat_date`,`total_count`,`finish_count`,`timeout_count`,`reject_count`,`avg_time`,`max_time`,`min_time`,`satisfaction_avg`,`yellow_count`,`red_count`,`create_time`,`deleted`) VALUES(111,101,'部门101','2026-06-10',79,74,0,5,62,66,5,3.82,3,2,'2026-06-15 22:11:26',0);
INSERT INTO `t_efficiency_stat`(`id`,`dept_id`,`dept_name`,`stat_date`,`total_count`,`finish_count`,`timeout_count`,`reject_count`,`avg_time`,`max_time`,`min_time`,`satisfaction_avg`,`yellow_count`,`red_count`,`create_time`,`deleted`) VALUES(112,102,'部门102','2026-06-27',19,132,6,3,53,94,1,4.37,0,2,'2026-06-25 22:11:26',0);
INSERT INTO `t_efficiency_stat`(`id`,`dept_id`,`dept_name`,`stat_date`,`total_count`,`finish_count`,`timeout_count`,`reject_count`,`avg_time`,`max_time`,`min_time`,`satisfaction_avg`,`yellow_count`,`red_count`,`create_time`,`deleted`) VALUES(113,103,'部门103','2026-06-03',81,77,7,1,35,56,9,4.94,1,0,'2026-06-05 22:11:26',0);
INSERT INTO `t_efficiency_stat`(`id`,`dept_id`,`dept_name`,`stat_date`,`total_count`,`finish_count`,`timeout_count`,`reject_count`,`avg_time`,`max_time`,`min_time`,`satisfaction_avg`,`yellow_count`,`red_count`,`create_time`,`deleted`) VALUES(114,104,'部门104','2026-06-13',10,16,9,3,72,229,16,4.69,5,2,'2026-06-26 22:11:26',0);
INSERT INTO `t_efficiency_stat`(`id`,`dept_id`,`dept_name`,`stat_date`,`total_count`,`finish_count`,`timeout_count`,`reject_count`,`avg_time`,`max_time`,`min_time`,`satisfaction_avg`,`yellow_count`,`red_count`,`create_time`,`deleted`) VALUES(115,105,'部门105','2026-06-18',103,27,9,2,59,170,18,3.75,5,1,'2026-06-04 22:11:26',0);
INSERT INTO `t_efficiency_stat`(`id`,`dept_id`,`dept_name`,`stat_date`,`total_count`,`finish_count`,`timeout_count`,`reject_count`,`avg_time`,`max_time`,`min_time`,`satisfaction_avg`,`yellow_count`,`red_count`,`create_time`,`deleted`) VALUES(116,106,'部门106','2026-06-10',148,42,5,5,45,154,6,4.37,2,1,'2026-06-16 22:11:26',0);
INSERT INTO `t_efficiency_stat`(`id`,`dept_id`,`dept_name`,`stat_date`,`total_count`,`finish_count`,`timeout_count`,`reject_count`,`avg_time`,`max_time`,`min_time`,`satisfaction_avg`,`yellow_count`,`red_count`,`create_time`,`deleted`) VALUES(117,107,'部门107','2026-06-03',84,42,10,3,70,154,12,4.94,0,2,'2026-06-19 22:11:26',0);
INSERT INTO `t_efficiency_stat`(`id`,`dept_id`,`dept_name`,`stat_date`,`total_count`,`finish_count`,`timeout_count`,`reject_count`,`avg_time`,`max_time`,`min_time`,`satisfaction_avg`,`yellow_count`,`red_count`,`create_time`,`deleted`) VALUES(118,108,'部门108','2026-05-30',45,90,5,5,60,165,18,4.79,1,0,'2026-06-17 22:11:26',0);
INSERT INTO `t_efficiency_stat`(`id`,`dept_id`,`dept_name`,`stat_date`,`total_count`,`finish_count`,`timeout_count`,`reject_count`,`avg_time`,`max_time`,`min_time`,`satisfaction_avg`,`yellow_count`,`red_count`,`create_time`,`deleted`) VALUES(119,109,'部门109','2026-06-11',170,42,9,2,70,211,6,4.78,4,0,'2026-06-01 22:11:26',0);
INSERT INTO `t_efficiency_stat`(`id`,`dept_id`,`dept_name`,`stat_date`,`total_count`,`finish_count`,`timeout_count`,`reject_count`,`avg_time`,`max_time`,`min_time`,`satisfaction_avg`,`yellow_count`,`red_count`,`create_time`,`deleted`) VALUES(120,100,'部门100','2026-06-02',62,106,1,3,15,178,18,3.56,0,2,'2026-06-27 22:11:26',0);
INSERT INTO `t_efficiency_stat`(`id`,`dept_id`,`dept_name`,`stat_date`,`total_count`,`finish_count`,`timeout_count`,`reject_count`,`avg_time`,`max_time`,`min_time`,`satisfaction_avg`,`yellow_count`,`red_count`,`create_time`,`deleted`) VALUES(121,101,'部门101','2026-06-19',150,47,3,5,43,175,4,3.99,2,2,'2026-05-29 22:11:26',0);
INSERT INTO `t_efficiency_stat`(`id`,`dept_id`,`dept_name`,`stat_date`,`total_count`,`finish_count`,`timeout_count`,`reject_count`,`avg_time`,`max_time`,`min_time`,`satisfaction_avg`,`yellow_count`,`red_count`,`create_time`,`deleted`) VALUES(122,102,'部门102','2026-06-15',143,105,3,4,45,154,4,3.84,5,1,'2026-06-23 22:11:26',0);
INSERT INTO `t_efficiency_stat`(`id`,`dept_id`,`dept_name`,`stat_date`,`total_count`,`finish_count`,`timeout_count`,`reject_count`,`avg_time`,`max_time`,`min_time`,`satisfaction_avg`,`yellow_count`,`red_count`,`create_time`,`deleted`) VALUES(123,103,'部门103','2026-06-01',187,53,0,4,14,176,5,4.87,5,1,'2026-06-20 22:11:26',0);
INSERT INTO `t_efficiency_stat`(`id`,`dept_id`,`dept_name`,`stat_date`,`total_count`,`finish_count`,`timeout_count`,`reject_count`,`avg_time`,`max_time`,`min_time`,`satisfaction_avg`,`yellow_count`,`red_count`,`create_time`,`deleted`) VALUES(124,104,'部门104','2026-06-03',113,82,3,4,13,98,1,3.52,2,0,'2026-06-21 22:11:26',0);
INSERT INTO `t_efficiency_stat`(`id`,`dept_id`,`dept_name`,`stat_date`,`total_count`,`finish_count`,`timeout_count`,`reject_count`,`avg_time`,`max_time`,`min_time`,`satisfaction_avg`,`yellow_count`,`red_count`,`create_time`,`deleted`) VALUES(125,105,'部门105','2026-06-22',184,23,1,2,58,80,14,4.92,5,1,'2026-06-27 22:11:26',0);
INSERT INTO `t_efficiency_stat`(`id`,`dept_id`,`dept_name`,`stat_date`,`total_count`,`finish_count`,`timeout_count`,`reject_count`,`avg_time`,`max_time`,`min_time`,`satisfaction_avg`,`yellow_count`,`red_count`,`create_time`,`deleted`) VALUES(126,106,'部门106','2026-06-05',162,81,5,3,48,103,10,4.14,4,1,'2026-06-07 22:11:26',0);
INSERT INTO `t_efficiency_stat`(`id`,`dept_id`,`dept_name`,`stat_date`,`total_count`,`finish_count`,`timeout_count`,`reject_count`,`avg_time`,`max_time`,`min_time`,`satisfaction_avg`,`yellow_count`,`red_count`,`create_time`,`deleted`) VALUES(127,107,'部门107','2026-06-08',161,15,10,3,5,177,11,4.03,2,2,'2026-06-12 22:11:26',0);
INSERT INTO `t_efficiency_stat`(`id`,`dept_id`,`dept_name`,`stat_date`,`total_count`,`finish_count`,`timeout_count`,`reject_count`,`avg_time`,`max_time`,`min_time`,`satisfaction_avg`,`yellow_count`,`red_count`,`create_time`,`deleted`) VALUES(128,108,'部门108','2026-05-31',108,142,1,3,45,225,16,4.99,3,0,'2026-06-12 22:11:26',0);
INSERT INTO `t_efficiency_stat`(`id`,`dept_id`,`dept_name`,`stat_date`,`total_count`,`finish_count`,`timeout_count`,`reject_count`,`avg_time`,`max_time`,`min_time`,`satisfaction_avg`,`yellow_count`,`red_count`,`create_time`,`deleted`) VALUES(129,109,'部门109','2026-06-03',32,126,4,4,12,71,8,4.59,5,2,'2026-05-29 22:11:26',0);

USE `gov_monitor`;
DELETE FROM `t_login_log_monitor` WHERE id >= 100;
INSERT INTO `t_login_log_monitor`(`id`,`user_id`,`username`,`login_ip`,`login_location`,`login_time`,`login_type`,`login_status`,`login_msg`,`browser`,`os`,`create_time`,`deleted`) VALUES(100,106,'user129','192.168.98.192','上海','2026-06-21 22:11:26',3,1,'密码错误','Edge','Android','2026-06-03 22:11:26',0);
INSERT INTO `t_login_log_monitor`(`id`,`user_id`,`username`,`login_ip`,`login_location`,`login_time`,`login_type`,`login_status`,`login_msg`,`browser`,`os`,`create_time`,`deleted`) VALUES(101,145,'user128','192.168.56.158','广州','2026-06-25 22:11:26',1,1,NULL,'Chrome','Android','2026-06-13 22:11:26',0);
INSERT INTO `t_login_log_monitor`(`id`,`user_id`,`username`,`login_ip`,`login_location`,`login_time`,`login_type`,`login_status`,`login_msg`,`browser`,`os`,`create_time`,`deleted`) VALUES(102,104,'user132','192.168.47.119','上海','2026-06-06 22:11:26',3,1,NULL,'Chrome','Linux','2026-06-09 22:11:26',0);
INSERT INTO `t_login_log_monitor`(`id`,`user_id`,`username`,`login_ip`,`login_location`,`login_time`,`login_type`,`login_status`,`login_msg`,`browser`,`os`,`create_time`,`deleted`) VALUES(103,107,'user144','192.168.133.126','北京','2026-05-31 22:11:26',2,1,NULL,'Chrome','Linux','2026-06-08 22:11:26',0);
INSERT INTO `t_login_log_monitor`(`id`,`user_id`,`username`,`login_ip`,`login_location`,`login_time`,`login_type`,`login_status`,`login_msg`,`browser`,`os`,`create_time`,`deleted`) VALUES(104,121,'user127','192.168.29.176','北京','2026-05-29 22:11:26',1,1,NULL,'Firefox','Windows','2026-06-15 22:11:26',0);
INSERT INTO `t_login_log_monitor`(`id`,`user_id`,`username`,`login_ip`,`login_location`,`login_time`,`login_type`,`login_status`,`login_msg`,`browser`,`os`,`create_time`,`deleted`) VALUES(105,149,'user147','192.168.207.168','北京','2026-06-04 22:11:26',2,1,NULL,'Firefox','Linux','2026-05-31 22:11:26',0);
INSERT INTO `t_login_log_monitor`(`id`,`user_id`,`username`,`login_ip`,`login_location`,`login_time`,`login_type`,`login_status`,`login_msg`,`browser`,`os`,`create_time`,`deleted`) VALUES(106,143,'user137','192.168.217.127','北京','2026-06-06 22:11:26',2,1,NULL,'Firefox','macOS','2026-06-04 22:11:26',0);
INSERT INTO `t_login_log_monitor`(`id`,`user_id`,`username`,`login_ip`,`login_location`,`login_time`,`login_type`,`login_status`,`login_msg`,`browser`,`os`,`create_time`,`deleted`) VALUES(107,138,'user136','192.168.7.113','广州','2026-06-17 22:11:26',3,1,'密码错误','Edge','Android','2026-06-24 22:11:26',0);
INSERT INTO `t_login_log_monitor`(`id`,`user_id`,`username`,`login_ip`,`login_location`,`login_time`,`login_type`,`login_status`,`login_msg`,`browser`,`os`,`create_time`,`deleted`) VALUES(108,126,'user130','192.168.9.72','广州','2026-06-11 22:11:26',3,1,'密码错误','Chrome','Linux','2026-05-30 22:11:26',0);
INSERT INTO `t_login_log_monitor`(`id`,`user_id`,`username`,`login_ip`,`login_location`,`login_time`,`login_type`,`login_status`,`login_msg`,`browser`,`os`,`create_time`,`deleted`) VALUES(109,142,'user122','192.168.122.103','深圳','2026-05-30 22:11:26',1,1,NULL,'Firefox','Windows','2026-06-09 22:11:26',0);
INSERT INTO `t_login_log_monitor`(`id`,`user_id`,`username`,`login_ip`,`login_location`,`login_time`,`login_type`,`login_status`,`login_msg`,`browser`,`os`,`create_time`,`deleted`) VALUES(110,111,'user142','192.168.51.115','深圳','2026-06-17 22:11:26',3,1,NULL,'Firefox','Android','2026-06-14 22:11:26',0);
INSERT INTO `t_login_log_monitor`(`id`,`user_id`,`username`,`login_ip`,`login_location`,`login_time`,`login_type`,`login_status`,`login_msg`,`browser`,`os`,`create_time`,`deleted`) VALUES(111,107,'user135','192.168.11.60','北京','2026-06-24 22:11:26',2,1,NULL,'Safari','Windows','2026-06-16 22:11:26',0);
INSERT INTO `t_login_log_monitor`(`id`,`user_id`,`username`,`login_ip`,`login_location`,`login_time`,`login_type`,`login_status`,`login_msg`,`browser`,`os`,`create_time`,`deleted`) VALUES(112,103,'user132','192.168.202.4','本地','2026-06-12 22:11:26',3,1,NULL,'Chrome','Linux','2026-05-30 22:11:26',0);
INSERT INTO `t_login_log_monitor`(`id`,`user_id`,`username`,`login_ip`,`login_location`,`login_time`,`login_type`,`login_status`,`login_msg`,`browser`,`os`,`create_time`,`deleted`) VALUES(113,108,'user120','192.168.236.63','广州','2026-06-03 22:11:26',1,1,NULL,'Safari','iOS','2026-06-21 22:11:26',0);
INSERT INTO `t_login_log_monitor`(`id`,`user_id`,`username`,`login_ip`,`login_location`,`login_time`,`login_type`,`login_status`,`login_msg`,`browser`,`os`,`create_time`,`deleted`) VALUES(114,106,'user111','192.168.100.142','深圳','2026-06-01 22:11:26',1,1,NULL,'Firefox','Windows','2026-06-12 22:11:26',0);
INSERT INTO `t_login_log_monitor`(`id`,`user_id`,`username`,`login_ip`,`login_location`,`login_time`,`login_type`,`login_status`,`login_msg`,`browser`,`os`,`create_time`,`deleted`) VALUES(115,132,'user104','192.168.145.43','北京','2026-06-08 22:11:26',2,1,NULL,'Edge','iOS','2026-06-26 22:11:26',0);
INSERT INTO `t_login_log_monitor`(`id`,`user_id`,`username`,`login_ip`,`login_location`,`login_time`,`login_type`,`login_status`,`login_msg`,`browser`,`os`,`create_time`,`deleted`) VALUES(116,148,'user127','192.168.11.223','上海','2026-06-04 22:11:26',2,1,NULL,'Edge','iOS','2026-06-13 22:11:26',0);
INSERT INTO `t_login_log_monitor`(`id`,`user_id`,`username`,`login_ip`,`login_location`,`login_time`,`login_type`,`login_status`,`login_msg`,`browser`,`os`,`create_time`,`deleted`) VALUES(117,138,'user114','192.168.192.233','北京','2026-06-13 22:11:26',3,0,NULL,'Firefox','macOS','2026-06-08 22:11:26',0);
INSERT INTO `t_login_log_monitor`(`id`,`user_id`,`username`,`login_ip`,`login_location`,`login_time`,`login_type`,`login_status`,`login_msg`,`browser`,`os`,`create_time`,`deleted`) VALUES(118,133,'user118','192.168.128.198','本地','2026-06-15 22:11:26',3,1,NULL,'Chrome','macOS','2026-06-03 22:11:26',0);
INSERT INTO `t_login_log_monitor`(`id`,`user_id`,`username`,`login_ip`,`login_location`,`login_time`,`login_type`,`login_status`,`login_msg`,`browser`,`os`,`create_time`,`deleted`) VALUES(119,141,'user102','192.168.95.72','广州','2026-06-20 22:11:26',2,1,NULL,'Edge','Linux','2026-05-31 22:11:26',0);
INSERT INTO `t_login_log_monitor`(`id`,`user_id`,`username`,`login_ip`,`login_location`,`login_time`,`login_type`,`login_status`,`login_msg`,`browser`,`os`,`create_time`,`deleted`) VALUES(120,130,'user132','192.168.125.99','深圳','2026-06-06 22:11:26',3,0,NULL,'Firefox','iOS','2026-06-17 22:11:26',0);
INSERT INTO `t_login_log_monitor`(`id`,`user_id`,`username`,`login_ip`,`login_location`,`login_time`,`login_type`,`login_status`,`login_msg`,`browser`,`os`,`create_time`,`deleted`) VALUES(121,105,'user144','192.168.126.250','上海','2026-06-11 22:11:26',3,0,NULL,'Edge','Linux','2026-05-29 22:11:26',0);
INSERT INTO `t_login_log_monitor`(`id`,`user_id`,`username`,`login_ip`,`login_location`,`login_time`,`login_type`,`login_status`,`login_msg`,`browser`,`os`,`create_time`,`deleted`) VALUES(122,117,'user118','192.168.153.132','北京','2026-06-18 22:11:26',2,1,NULL,'Edge','Linux','2026-06-21 22:11:26',0);
INSERT INTO `t_login_log_monitor`(`id`,`user_id`,`username`,`login_ip`,`login_location`,`login_time`,`login_type`,`login_status`,`login_msg`,`browser`,`os`,`create_time`,`deleted`) VALUES(123,121,'user133','192.168.174.106','上海','2026-06-20 22:11:26',3,1,NULL,'Firefox','Android','2026-05-30 22:11:26',0);
INSERT INTO `t_login_log_monitor`(`id`,`user_id`,`username`,`login_ip`,`login_location`,`login_time`,`login_type`,`login_status`,`login_msg`,`browser`,`os`,`create_time`,`deleted`) VALUES(124,108,'user149','192.168.177.76','北京','2026-06-07 22:11:26',3,1,NULL,'Edge','macOS','2026-06-02 22:11:26',0);
INSERT INTO `t_login_log_monitor`(`id`,`user_id`,`username`,`login_ip`,`login_location`,`login_time`,`login_type`,`login_status`,`login_msg`,`browser`,`os`,`create_time`,`deleted`) VALUES(125,129,'user137','192.168.134.45','本地','2026-06-05 22:11:26',3,1,NULL,'Firefox','Android','2026-06-02 22:11:26',0);
INSERT INTO `t_login_log_monitor`(`id`,`user_id`,`username`,`login_ip`,`login_location`,`login_time`,`login_type`,`login_status`,`login_msg`,`browser`,`os`,`create_time`,`deleted`) VALUES(126,140,'user121','192.168.47.228','广州','2026-06-17 22:11:26',1,1,NULL,'Edge','Android','2026-06-13 22:11:26',0);
INSERT INTO `t_login_log_monitor`(`id`,`user_id`,`username`,`login_ip`,`login_location`,`login_time`,`login_type`,`login_status`,`login_msg`,`browser`,`os`,`create_time`,`deleted`) VALUES(127,134,'user121','192.168.38.66','深圳','2026-06-26 22:11:26',2,1,NULL,'Safari','Windows','2026-06-25 22:11:26',0);
INSERT INTO `t_login_log_monitor`(`id`,`user_id`,`username`,`login_ip`,`login_location`,`login_time`,`login_type`,`login_status`,`login_msg`,`browser`,`os`,`create_time`,`deleted`) VALUES(128,112,'user116','192.168.238.127','广州','2026-05-30 22:11:26',3,0,NULL,'Safari','macOS','2026-06-19 22:11:26',0);
INSERT INTO `t_login_log_monitor`(`id`,`user_id`,`username`,`login_ip`,`login_location`,`login_time`,`login_type`,`login_status`,`login_msg`,`browser`,`os`,`create_time`,`deleted`) VALUES(129,103,'user127','192.168.161.252','广州','2026-06-09 22:11:26',1,1,NULL,'Edge','Windows','2026-06-23 22:11:26',0);
INSERT INTO `t_login_log_monitor`(`id`,`user_id`,`username`,`login_ip`,`login_location`,`login_time`,`login_type`,`login_status`,`login_msg`,`browser`,`os`,`create_time`,`deleted`) VALUES(130,111,'user107','192.168.93.195','本地','2026-06-27 22:11:26',1,1,NULL,'Edge','macOS','2026-06-02 22:11:26',0);
INSERT INTO `t_login_log_monitor`(`id`,`user_id`,`username`,`login_ip`,`login_location`,`login_time`,`login_type`,`login_status`,`login_msg`,`browser`,`os`,`create_time`,`deleted`) VALUES(131,106,'user147','192.168.176.109','北京','2026-06-27 22:11:26',3,0,'密码错误','Chrome','Linux','2026-06-08 22:11:26',0);
INSERT INTO `t_login_log_monitor`(`id`,`user_id`,`username`,`login_ip`,`login_location`,`login_time`,`login_type`,`login_status`,`login_msg`,`browser`,`os`,`create_time`,`deleted`) VALUES(132,146,'user117','192.168.73.111','北京','2026-06-21 22:11:26',1,0,NULL,'Edge','Android','2026-06-16 22:11:26',0);
INSERT INTO `t_login_log_monitor`(`id`,`user_id`,`username`,`login_ip`,`login_location`,`login_time`,`login_type`,`login_status`,`login_msg`,`browser`,`os`,`create_time`,`deleted`) VALUES(133,115,'user109','192.168.6.142','深圳','2026-06-18 22:11:26',1,1,NULL,'Safari','macOS','2026-06-10 22:11:26',0);
INSERT INTO `t_login_log_monitor`(`id`,`user_id`,`username`,`login_ip`,`login_location`,`login_time`,`login_type`,`login_status`,`login_msg`,`browser`,`os`,`create_time`,`deleted`) VALUES(134,139,'user101','192.168.245.42','本地','2026-06-10 22:11:26',3,0,NULL,'Edge','iOS','2026-06-24 22:11:26',0);
INSERT INTO `t_login_log_monitor`(`id`,`user_id`,`username`,`login_ip`,`login_location`,`login_time`,`login_type`,`login_status`,`login_msg`,`browser`,`os`,`create_time`,`deleted`) VALUES(135,106,'user115','192.168.217.105','北京','2026-06-21 22:11:26',2,0,NULL,'Firefox','macOS','2026-06-19 22:11:26',0);
INSERT INTO `t_login_log_monitor`(`id`,`user_id`,`username`,`login_ip`,`login_location`,`login_time`,`login_type`,`login_status`,`login_msg`,`browser`,`os`,`create_time`,`deleted`) VALUES(136,106,'user100','192.168.62.172','上海','2026-06-15 22:11:26',3,0,NULL,'Safari','macOS','2026-06-20 22:11:26',0);
INSERT INTO `t_login_log_monitor`(`id`,`user_id`,`username`,`login_ip`,`login_location`,`login_time`,`login_type`,`login_status`,`login_msg`,`browser`,`os`,`create_time`,`deleted`) VALUES(137,106,'user105','192.168.105.183','广州','2026-06-14 22:11:26',1,1,NULL,'Safari','Windows','2026-06-10 22:11:26',0);
INSERT INTO `t_login_log_monitor`(`id`,`user_id`,`username`,`login_ip`,`login_location`,`login_time`,`login_type`,`login_status`,`login_msg`,`browser`,`os`,`create_time`,`deleted`) VALUES(138,148,'user117','192.168.53.226','广州','2026-06-15 22:11:26',3,1,NULL,'Safari','Android','2026-06-08 22:11:26',0);
INSERT INTO `t_login_log_monitor`(`id`,`user_id`,`username`,`login_ip`,`login_location`,`login_time`,`login_type`,`login_status`,`login_msg`,`browser`,`os`,`create_time`,`deleted`) VALUES(139,124,'user128','192.168.156.53','上海','2026-06-24 22:11:26',3,1,NULL,'Safari','macOS','2026-06-02 22:11:26',0);
INSERT INTO `t_login_log_monitor`(`id`,`user_id`,`username`,`login_ip`,`login_location`,`login_time`,`login_type`,`login_status`,`login_msg`,`browser`,`os`,`create_time`,`deleted`) VALUES(140,125,'user113','192.168.56.81','上海','2026-06-16 22:11:26',2,1,NULL,'Firefox','iOS','2026-06-08 22:11:26',0);
INSERT INTO `t_login_log_monitor`(`id`,`user_id`,`username`,`login_ip`,`login_location`,`login_time`,`login_type`,`login_status`,`login_msg`,`browser`,`os`,`create_time`,`deleted`) VALUES(141,130,'user101','192.168.176.240','深圳','2026-06-21 22:11:26',3,1,NULL,'Chrome','iOS','2026-06-09 22:11:26',0);
INSERT INTO `t_login_log_monitor`(`id`,`user_id`,`username`,`login_ip`,`login_location`,`login_time`,`login_type`,`login_status`,`login_msg`,`browser`,`os`,`create_time`,`deleted`) VALUES(142,122,'user123','192.168.98.6','广州','2026-06-15 22:11:26',3,1,NULL,'Chrome','iOS','2026-06-19 22:11:26',0);
INSERT INTO `t_login_log_monitor`(`id`,`user_id`,`username`,`login_ip`,`login_location`,`login_time`,`login_type`,`login_status`,`login_msg`,`browser`,`os`,`create_time`,`deleted`) VALUES(143,122,'user114','192.168.69.94','上海','2026-06-13 22:11:26',1,1,NULL,'Firefox','Windows','2026-06-15 22:11:26',0);
INSERT INTO `t_login_log_monitor`(`id`,`user_id`,`username`,`login_ip`,`login_location`,`login_time`,`login_type`,`login_status`,`login_msg`,`browser`,`os`,`create_time`,`deleted`) VALUES(144,123,'user103','192.168.195.59','本地','2026-06-06 22:11:26',1,1,NULL,'Chrome','Linux','2026-06-25 22:11:26',0);
INSERT INTO `t_login_log_monitor`(`id`,`user_id`,`username`,`login_ip`,`login_location`,`login_time`,`login_type`,`login_status`,`login_msg`,`browser`,`os`,`create_time`,`deleted`) VALUES(145,133,'user116','192.168.116.39','上海','2026-06-24 22:11:26',2,1,NULL,'Firefox','macOS','2026-06-14 22:11:26',0);
INSERT INTO `t_login_log_monitor`(`id`,`user_id`,`username`,`login_ip`,`login_location`,`login_time`,`login_type`,`login_status`,`login_msg`,`browser`,`os`,`create_time`,`deleted`) VALUES(146,119,'user110','192.168.134.18','北京','2026-06-01 22:11:26',1,0,'密码错误','Firefox','Linux','2026-06-10 22:11:26',0);
INSERT INTO `t_login_log_monitor`(`id`,`user_id`,`username`,`login_ip`,`login_location`,`login_time`,`login_type`,`login_status`,`login_msg`,`browser`,`os`,`create_time`,`deleted`) VALUES(147,130,'user127','192.168.230.43','北京','2026-06-28 22:11:26',1,0,NULL,'Chrome','Windows','2026-06-19 22:11:26',0);
INSERT INTO `t_login_log_monitor`(`id`,`user_id`,`username`,`login_ip`,`login_location`,`login_time`,`login_type`,`login_status`,`login_msg`,`browser`,`os`,`create_time`,`deleted`) VALUES(148,111,'user134','192.168.32.200','广州','2026-06-11 22:11:26',2,1,NULL,'Firefox','macOS','2026-06-02 22:11:26',0);
INSERT INTO `t_login_log_monitor`(`id`,`user_id`,`username`,`login_ip`,`login_location`,`login_time`,`login_type`,`login_status`,`login_msg`,`browser`,`os`,`create_time`,`deleted`) VALUES(149,100,'user120','192.168.219.44','上海','2026-06-12 22:11:26',1,0,NULL,'Chrome','iOS','2026-06-23 22:11:26',0);

USE `gov_monitor`;
DELETE FROM `t_satisfaction_stat` WHERE id >= 100;
INSERT INTO `t_satisfaction_stat`(`id`,`dept_id`,`dept_name`,`stat_date`,`very_satisfied`,`satisfied`,`neutral`,`unsatisfied`,`total_count`,`satisfaction_rate`,`create_time`,`deleted`) VALUES(100,100,'部门100','2026-06-22',32,70,4,1,153,96.46,'2026-06-01 22:11:26',0);
INSERT INTO `t_satisfaction_stat`(`id`,`dept_id`,`dept_name`,`stat_date`,`very_satisfied`,`satisfied`,`neutral`,`unsatisfied`,`total_count`,`satisfaction_rate`,`create_time`,`deleted`) VALUES(101,101,'部门101','2026-06-16',166,45,14,1,262,79.36,'2026-06-24 22:11:26',0);
INSERT INTO `t_satisfaction_stat`(`id`,`dept_id`,`dept_name`,`stat_date`,`very_satisfied`,`satisfied`,`neutral`,`unsatisfied`,`total_count`,`satisfaction_rate`,`create_time`,`deleted`) VALUES(102,102,'部门102','2026-06-05',83,30,20,4,51,76.67,'2026-06-15 22:11:26',0);
INSERT INTO `t_satisfaction_stat`(`id`,`dept_id`,`dept_name`,`stat_date`,`very_satisfied`,`satisfied`,`neutral`,`unsatisfied`,`total_count`,`satisfaction_rate`,`create_time`,`deleted`) VALUES(103,103,'部门103','2026-06-23',20,46,14,4,280,91.87,'2026-06-15 22:11:26',0);
INSERT INTO `t_satisfaction_stat`(`id`,`dept_id`,`dept_name`,`stat_date`,`very_satisfied`,`satisfied`,`neutral`,`unsatisfied`,`total_count`,`satisfaction_rate`,`create_time`,`deleted`) VALUES(104,104,'部门104','2026-06-10',158,61,16,3,296,83.81,'2026-06-08 22:11:26',0);
INSERT INTO `t_satisfaction_stat`(`id`,`dept_id`,`dept_name`,`stat_date`,`very_satisfied`,`satisfied`,`neutral`,`unsatisfied`,`total_count`,`satisfaction_rate`,`create_time`,`deleted`) VALUES(105,105,'部门105','2026-06-09',123,42,16,3,115,87.53,'2026-06-12 22:11:26',0);
INSERT INTO `t_satisfaction_stat`(`id`,`dept_id`,`dept_name`,`stat_date`,`very_satisfied`,`satisfied`,`neutral`,`unsatisfied`,`total_count`,`satisfaction_rate`,`create_time`,`deleted`) VALUES(106,106,'部门106','2026-06-23',29,36,2,4,218,95.96,'2026-06-24 22:11:26',0);
INSERT INTO `t_satisfaction_stat`(`id`,`dept_id`,`dept_name`,`stat_date`,`very_satisfied`,`satisfied`,`neutral`,`unsatisfied`,`total_count`,`satisfaction_rate`,`create_time`,`deleted`) VALUES(107,107,'部门107','2026-06-08',125,58,12,2,221,75.59,'2026-06-12 22:11:26',0);
INSERT INTO `t_satisfaction_stat`(`id`,`dept_id`,`dept_name`,`stat_date`,`very_satisfied`,`satisfied`,`neutral`,`unsatisfied`,`total_count`,`satisfaction_rate`,`create_time`,`deleted`) VALUES(108,108,'部门108','2026-06-21',24,37,13,5,105,86.2,'2026-06-09 22:11:26',0);
INSERT INTO `t_satisfaction_stat`(`id`,`dept_id`,`dept_name`,`stat_date`,`very_satisfied`,`satisfied`,`neutral`,`unsatisfied`,`total_count`,`satisfaction_rate`,`create_time`,`deleted`) VALUES(109,109,'部门109','2026-06-02',55,93,9,3,155,78.54,'2026-05-30 22:11:26',0);
INSERT INTO `t_satisfaction_stat`(`id`,`dept_id`,`dept_name`,`stat_date`,`very_satisfied`,`satisfied`,`neutral`,`unsatisfied`,`total_count`,`satisfaction_rate`,`create_time`,`deleted`) VALUES(110,100,'部门100','2026-06-20',132,42,15,3,268,92.75,'2026-06-16 22:11:26',0);
INSERT INTO `t_satisfaction_stat`(`id`,`dept_id`,`dept_name`,`stat_date`,`very_satisfied`,`satisfied`,`neutral`,`unsatisfied`,`total_count`,`satisfaction_rate`,`create_time`,`deleted`) VALUES(111,101,'部门101','2026-05-30',72,69,4,3,56,81.11,'2026-06-23 22:11:26',0);
INSERT INTO `t_satisfaction_stat`(`id`,`dept_id`,`dept_name`,`stat_date`,`very_satisfied`,`satisfied`,`neutral`,`unsatisfied`,`total_count`,`satisfaction_rate`,`create_time`,`deleted`) VALUES(112,102,'部门102','2026-05-30',183,22,9,2,57,83.73,'2026-05-29 22:11:26',0);
INSERT INTO `t_satisfaction_stat`(`id`,`dept_id`,`dept_name`,`stat_date`,`very_satisfied`,`satisfied`,`neutral`,`unsatisfied`,`total_count`,`satisfaction_rate`,`create_time`,`deleted`) VALUES(113,103,'部门103','2026-06-15',187,65,2,4,180,83.83,'2026-06-11 22:11:26',0);
INSERT INTO `t_satisfaction_stat`(`id`,`dept_id`,`dept_name`,`stat_date`,`very_satisfied`,`satisfied`,`neutral`,`unsatisfied`,`total_count`,`satisfaction_rate`,`create_time`,`deleted`) VALUES(114,104,'部门104','2026-06-10',142,15,15,0,210,83.25,'2026-06-18 22:11:26',0);
INSERT INTO `t_satisfaction_stat`(`id`,`dept_id`,`dept_name`,`stat_date`,`very_satisfied`,`satisfied`,`neutral`,`unsatisfied`,`total_count`,`satisfaction_rate`,`create_time`,`deleted`) VALUES(115,105,'部门105','2026-05-29',149,31,0,0,104,93.53,'2026-06-10 22:11:26',0);
INSERT INTO `t_satisfaction_stat`(`id`,`dept_id`,`dept_name`,`stat_date`,`very_satisfied`,`satisfied`,`neutral`,`unsatisfied`,`total_count`,`satisfaction_rate`,`create_time`,`deleted`) VALUES(116,106,'部门106','2026-06-19',35,13,16,1,296,84.24,'2026-06-13 22:11:26',0);
INSERT INTO `t_satisfaction_stat`(`id`,`dept_id`,`dept_name`,`stat_date`,`very_satisfied`,`satisfied`,`neutral`,`unsatisfied`,`total_count`,`satisfaction_rate`,`create_time`,`deleted`) VALUES(117,107,'部门107','2026-06-15',105,88,14,2,197,82.09,'2026-06-26 22:11:26',0);
INSERT INTO `t_satisfaction_stat`(`id`,`dept_id`,`dept_name`,`stat_date`,`very_satisfied`,`satisfied`,`neutral`,`unsatisfied`,`total_count`,`satisfaction_rate`,`create_time`,`deleted`) VALUES(118,108,'部门108','2026-06-02',152,84,3,3,279,85.79,'2026-06-11 22:11:26',0);
INSERT INTO `t_satisfaction_stat`(`id`,`dept_id`,`dept_name`,`stat_date`,`very_satisfied`,`satisfied`,`neutral`,`unsatisfied`,`total_count`,`satisfaction_rate`,`create_time`,`deleted`) VALUES(119,109,'部门109','2026-06-26',190,80,18,4,64,99.87,'2026-06-23 22:11:26',0);
INSERT INTO `t_satisfaction_stat`(`id`,`dept_id`,`dept_name`,`stat_date`,`very_satisfied`,`satisfied`,`neutral`,`unsatisfied`,`total_count`,`satisfaction_rate`,`create_time`,`deleted`) VALUES(120,100,'部门100','2026-05-29',116,52,14,5,166,78.58,'2026-06-03 22:11:26',0);
INSERT INTO `t_satisfaction_stat`(`id`,`dept_id`,`dept_name`,`stat_date`,`very_satisfied`,`satisfied`,`neutral`,`unsatisfied`,`total_count`,`satisfaction_rate`,`create_time`,`deleted`) VALUES(121,101,'部门101','2026-05-29',70,21,19,3,171,84.82,'2026-06-26 22:11:26',0);
INSERT INTO `t_satisfaction_stat`(`id`,`dept_id`,`dept_name`,`stat_date`,`very_satisfied`,`satisfied`,`neutral`,`unsatisfied`,`total_count`,`satisfaction_rate`,`create_time`,`deleted`) VALUES(122,102,'部门102','2026-06-26',97,11,4,1,244,89.18,'2026-06-14 22:11:26',0);
INSERT INTO `t_satisfaction_stat`(`id`,`dept_id`,`dept_name`,`stat_date`,`very_satisfied`,`satisfied`,`neutral`,`unsatisfied`,`total_count`,`satisfaction_rate`,`create_time`,`deleted`) VALUES(123,103,'部门103','2026-06-02',58,64,17,4,160,99.66,'2026-06-21 22:11:26',0);
INSERT INTO `t_satisfaction_stat`(`id`,`dept_id`,`dept_name`,`stat_date`,`very_satisfied`,`satisfied`,`neutral`,`unsatisfied`,`total_count`,`satisfaction_rate`,`create_time`,`deleted`) VALUES(124,104,'部门104','2026-06-27',36,30,1,2,277,94.6,'2026-06-20 22:11:26',0);
INSERT INTO `t_satisfaction_stat`(`id`,`dept_id`,`dept_name`,`stat_date`,`very_satisfied`,`satisfied`,`neutral`,`unsatisfied`,`total_count`,`satisfaction_rate`,`create_time`,`deleted`) VALUES(125,105,'部门105','2026-06-13',62,96,15,0,70,91.67,'2026-06-02 22:11:26',0);
INSERT INTO `t_satisfaction_stat`(`id`,`dept_id`,`dept_name`,`stat_date`,`very_satisfied`,`satisfied`,`neutral`,`unsatisfied`,`total_count`,`satisfaction_rate`,`create_time`,`deleted`) VALUES(126,106,'部门106','2026-05-30',107,88,11,3,162,89.37,'2026-06-10 22:11:26',0);
INSERT INTO `t_satisfaction_stat`(`id`,`dept_id`,`dept_name`,`stat_date`,`very_satisfied`,`satisfied`,`neutral`,`unsatisfied`,`total_count`,`satisfaction_rate`,`create_time`,`deleted`) VALUES(127,107,'部门107','2026-05-30',104,90,10,4,109,91.63,'2026-06-01 22:11:26',0);
INSERT INTO `t_satisfaction_stat`(`id`,`dept_id`,`dept_name`,`stat_date`,`very_satisfied`,`satisfied`,`neutral`,`unsatisfied`,`total_count`,`satisfaction_rate`,`create_time`,`deleted`) VALUES(128,108,'部门108','2026-06-05',170,76,8,4,155,80.63,'2026-06-27 22:11:26',0);
INSERT INTO `t_satisfaction_stat`(`id`,`dept_id`,`dept_name`,`stat_date`,`very_satisfied`,`satisfied`,`neutral`,`unsatisfied`,`total_count`,`satisfaction_rate`,`create_time`,`deleted`) VALUES(129,109,'部门109','2026-06-14',143,44,10,4,183,87.42,'2026-06-04 22:11:26',0);

USE `gov_monitor`;
DELETE FROM `t_warning_record` WHERE id >= 100;
INSERT INTO `t_warning_record`(`id`,`apply_no`,`item_id`,`item_name`,`dept_id`,`dept_name`,`warning_type`,`warning_level`,`warning_time`,`warning_reason`,`remaining_time`,`handle_status`,`handle_time`,`handle_by`,`handle_remark`,`create_time`,`deleted`) VALUES(100,'BJ-2024001',125,'居民身份证办理',109,'部门104','质量',1,'2026-05-06 22:11:26','预警原因0',10,2,NULL,115,NULL,'2026-06-18 22:11:26',0);
INSERT INTO `t_warning_record`(`id`,`apply_no`,`item_id`,`item_name`,`dept_id`,`dept_name`,`warning_type`,`warning_level`,`warning_time`,`warning_reason`,`remaining_time`,`handle_status`,`handle_time`,`handle_by`,`handle_remark`,`create_time`,`deleted`) VALUES(101,'BJ-2024002',106,'老年人优待证',108,'部门108','质量',3,'2026-05-11 22:11:26','预警原因1',26,1,'2026-06-08 22:11:26',NULL,NULL,'2026-05-28 22:11:26',0);
INSERT INTO `t_warning_record`(`id`,`apply_no`,`item_id`,`item_name`,`dept_id`,`dept_name`,`warning_type`,`warning_level`,`warning_time`,`warning_reason`,`remaining_time`,`handle_status`,`handle_time`,`handle_by`,`handle_remark`,`create_time`,`deleted`) VALUES(102,'BJ-2024003',142,'不动产登记',105,'部门100','依法',3,'2026-05-06 22:11:26','预警原因2',28,0,NULL,121,'已处理2','2026-06-20 22:11:26',0);
INSERT INTO `t_warning_record`(`id`,`apply_no`,`item_id`,`item_name`,`dept_id`,`dept_name`,`warning_type`,`warning_level`,`warning_time`,`warning_reason`,`remaining_time`,`handle_status`,`handle_time`,`handle_by`,`handle_remark`,`create_time`,`deleted`) VALUES(103,'BJ-2024004',119,'林木采伐许可',107,'部门107','依法',2,'2026-06-14 22:11:26','预警原因3',26,1,'2026-06-09 22:11:26',NULL,'已处理3','2026-06-06 22:11:26',0);
INSERT INTO `t_warning_record`(`id`,`apply_no`,`item_id`,`item_name`,`dept_id`,`dept_name`,`warning_type`,`warning_level`,`warning_time`,`warning_reason`,`remaining_time`,`handle_status`,`handle_time`,`handle_by`,`handle_remark`,`create_time`,`deleted`) VALUES(104,'BJ-2024005',110,'燃气经营许可',105,'部门109','依法',1,'2026-06-21 22:11:26','预警原因4',6,0,'2026-06-27 22:11:26',NULL,NULL,'2026-05-01 22:11:26',0);
INSERT INTO `t_warning_record`(`id`,`apply_no`,`item_id`,`item_name`,`dept_id`,`dept_name`,`warning_type`,`warning_level`,`warning_time`,`warning_reason`,`remaining_time`,`handle_status`,`handle_time`,`handle_by`,`handle_remark`,`create_time`,`deleted`) VALUES(105,'BJ-2024006',105,'老年人优待证',102,'部门100','超时',3,'2026-06-16 22:11:26','预警原因5',3,0,NULL,143,'已处理5','2026-05-06 22:11:26',0);
INSERT INTO `t_warning_record`(`id`,`apply_no`,`item_id`,`item_name`,`dept_id`,`dept_name`,`warning_type`,`warning_level`,`warning_time`,`warning_reason`,`remaining_time`,`handle_status`,`handle_time`,`handle_by`,`handle_remark`,`create_time`,`deleted`) VALUES(106,'BJ-2024007',144,'驾校备案',109,'部门101','超时',2,'2026-05-01 22:11:26','预警原因6',20,0,NULL,105,'已处理6','2026-05-19 22:11:26',0);
INSERT INTO `t_warning_record`(`id`,`apply_no`,`item_id`,`item_name`,`dept_id`,`dept_name`,`warning_type`,`warning_level`,`warning_time`,`warning_reason`,`remaining_time`,`handle_status`,`handle_time`,`handle_by`,`handle_remark`,`create_time`,`deleted`) VALUES(107,'BJ-2024008',100,'排污许可',102,'部门106','依法',1,'2026-06-10 22:11:26','预警原因7',38,0,'2026-05-25 22:11:26',NULL,'已处理7','2026-06-19 22:11:26',0);
INSERT INTO `t_warning_record`(`id`,`apply_no`,`item_id`,`item_name`,`dept_id`,`dept_name`,`warning_type`,`warning_level`,`warning_time`,`warning_reason`,`remaining_time`,`handle_status`,`handle_time`,`handle_by`,`handle_remark`,`create_time`,`deleted`) VALUES(108,'BJ-2024009',104,'放射诊疗许可',109,'部门104','临期',1,'2026-05-09 22:11:26','预警原因8',45,2,NULL,144,NULL,'2026-06-02 22:11:26',0);
INSERT INTO `t_warning_record`(`id`,`apply_no`,`item_id`,`item_name`,`dept_id`,`dept_name`,`warning_type`,`warning_level`,`warning_time`,`warning_reason`,`remaining_time`,`handle_status`,`handle_time`,`handle_by`,`handle_remark`,`create_time`,`deleted`) VALUES(109,'BJ-2024010',121,'低保申请',102,'部门107','依法',3,'2026-05-26 22:11:26','预警原因9',20,0,'2026-06-02 22:11:26',NULL,'已处理9','2026-05-08 22:11:26',0);
INSERT INTO `t_warning_record`(`id`,`apply_no`,`item_id`,`item_name`,`dept_id`,`dept_name`,`warning_type`,`warning_level`,`warning_time`,`warning_reason`,`remaining_time`,`handle_status`,`handle_time`,`handle_by`,`handle_remark`,`create_time`,`deleted`) VALUES(110,'BJ-2024011',119,'低保申请',105,'部门103','临期',3,'2026-06-18 22:11:26','预警原因10',46,0,NULL,NULL,'已处理10','2026-06-18 22:11:26',0);
INSERT INTO `t_warning_record`(`id`,`apply_no`,`item_id`,`item_name`,`dept_id`,`dept_name`,`warning_type`,`warning_level`,`warning_time`,`warning_reason`,`remaining_time`,`handle_status`,`handle_time`,`handle_by`,`handle_remark`,`create_time`,`deleted`) VALUES(111,'BJ-2024012',106,'母婴保健许可',102,'部门102','超时',3,'2026-05-09 22:11:26','预警原因11',22,2,NULL,NULL,NULL,'2026-06-01 22:11:26',0);
INSERT INTO `t_warning_record`(`id`,`apply_no`,`item_id`,`item_name`,`dept_id`,`dept_name`,`warning_type`,`warning_level`,`warning_time`,`warning_reason`,`remaining_time`,`handle_status`,`handle_time`,`handle_by`,`handle_remark`,`create_time`,`deleted`) VALUES(112,'BJ-2024013',107,'医保定点',108,'部门109','质量',1,'2026-06-14 22:11:26','预警原因12',31,2,NULL,NULL,NULL,'2026-06-23 22:11:26',0);
INSERT INTO `t_warning_record`(`id`,`apply_no`,`item_id`,`item_name`,`dept_id`,`dept_name`,`warning_type`,`warning_level`,`warning_time`,`warning_reason`,`remaining_time`,`handle_status`,`handle_time`,`handle_by`,`handle_remark`,`create_time`,`deleted`) VALUES(113,'BJ-2024014',103,'公共场所卫生许可',104,'部门106','临期',3,'2026-05-29 22:11:26','预警原因13',43,1,'2026-06-07 22:11:26',NULL,'已处理13','2026-05-11 22:11:26',0);
INSERT INTO `t_warning_record`(`id`,`apply_no`,`item_id`,`item_name`,`dept_id`,`dept_name`,`warning_type`,`warning_level`,`warning_time`,`warning_reason`,`remaining_time`,`handle_status`,`handle_time`,`handle_by`,`handle_remark`,`create_time`,`deleted`) VALUES(114,'BJ-2024015',145,'医疗机构许可',105,'部门109','临期',1,'2026-05-03 22:11:26','预警原因14',11,0,NULL,NULL,'已处理14','2026-06-18 22:11:26',0);
INSERT INTO `t_warning_record`(`id`,`apply_no`,`item_id`,`item_name`,`dept_id`,`dept_name`,`warning_type`,`warning_level`,`warning_time`,`warning_reason`,`remaining_time`,`handle_status`,`handle_time`,`handle_by`,`handle_remark`,`create_time`,`deleted`) VALUES(115,'BJ-2024016',102,'企业名称预先核准',103,'部门108','依法',3,'2026-04-30 22:11:26','预警原因15',13,2,NULL,NULL,NULL,'2026-06-04 22:11:26',0);
INSERT INTO `t_warning_record`(`id`,`apply_no`,`item_id`,`item_name`,`dept_id`,`dept_name`,`warning_type`,`warning_level`,`warning_time`,`warning_reason`,`remaining_time`,`handle_status`,`handle_time`,`handle_by`,`handle_remark`,`create_time`,`deleted`) VALUES(116,'BJ-2024017',145,'客运班线许可',109,'部门105','质量',1,'2026-06-21 22:11:26','预警原因16',31,2,NULL,NULL,'已处理16','2026-05-04 22:11:26',0);
INSERT INTO `t_warning_record`(`id`,`apply_no`,`item_id`,`item_name`,`dept_id`,`dept_name`,`warning_type`,`warning_level`,`warning_time`,`warning_reason`,`remaining_time`,`handle_status`,`handle_time`,`handle_by`,`handle_remark`,`create_time`,`deleted`) VALUES(117,'BJ-2024018',147,'劳动争议',108,'部门104','依法',2,'2026-05-21 22:11:26','预警原因17',40,2,NULL,146,'已处理17','2026-05-29 22:11:26',0);
INSERT INTO `t_warning_record`(`id`,`apply_no`,`item_id`,`item_name`,`dept_id`,`dept_name`,`warning_type`,`warning_level`,`warning_time`,`warning_reason`,`remaining_time`,`handle_status`,`handle_time`,`handle_by`,`handle_remark`,`create_time`,`deleted`) VALUES(118,'BJ-2024019',146,'物业资质备案',108,'部门104','依法',1,'2026-06-09 22:11:26','预警原因18',22,0,NULL,104,NULL,'2026-05-02 22:11:26',0);
INSERT INTO `t_warning_record`(`id`,`apply_no`,`item_id`,`item_name`,`dept_id`,`dept_name`,`warning_type`,`warning_level`,`warning_time`,`warning_reason`,`remaining_time`,`handle_status`,`handle_time`,`handle_by`,`handle_remark`,`create_time`,`deleted`) VALUES(119,'BJ-2024020',126,'放射诊疗许可',109,'部门109','临期',3,'2026-05-05 22:11:26','预警原因19',38,0,NULL,NULL,'已处理19','2026-06-25 22:11:26',0);
INSERT INTO `t_warning_record`(`id`,`apply_no`,`item_id`,`item_name`,`dept_id`,`dept_name`,`warning_type`,`warning_level`,`warning_time`,`warning_reason`,`remaining_time`,`handle_status`,`handle_time`,`handle_by`,`handle_remark`,`create_time`,`deleted`) VALUES(120,'BJ-2024021',114,'低保申请',109,'部门104','依法',3,'2026-06-27 22:11:26','预警原因20',34,0,NULL,128,NULL,'2026-06-27 22:11:26',0);
INSERT INTO `t_warning_record`(`id`,`apply_no`,`item_id`,`item_name`,`dept_id`,`dept_name`,`warning_type`,`warning_level`,`warning_time`,`warning_reason`,`remaining_time`,`handle_status`,`handle_time`,`handle_by`,`handle_remark`,`create_time`,`deleted`) VALUES(121,'BJ-2024022',127,'居民身份证办理',101,'部门104','依法',1,'2026-05-26 22:11:26','预警原因21',47,2,'2026-05-09 22:11:26',103,NULL,'2026-05-21 22:11:26',0);
INSERT INTO `t_warning_record`(`id`,`apply_no`,`item_id`,`item_name`,`dept_id`,`dept_name`,`warning_type`,`warning_level`,`warning_time`,`warning_reason`,`remaining_time`,`handle_status`,`handle_time`,`handle_by`,`handle_remark`,`create_time`,`deleted`) VALUES(122,'BJ-2024023',113,'演出经纪许可',108,'部门104','超时',2,'2026-04-29 22:11:26','预警原因22',25,2,'2026-06-16 22:11:26',112,NULL,'2026-05-31 22:11:26',0);
INSERT INTO `t_warning_record`(`id`,`apply_no`,`item_id`,`item_name`,`dept_id`,`dept_name`,`warning_type`,`warning_level`,`warning_time`,`warning_reason`,`remaining_time`,`handle_status`,`handle_time`,`handle_by`,`handle_remark`,`create_time`,`deleted`) VALUES(123,'BJ-2024024',105,'客运班线许可',103,'部门107','超时',1,'2026-06-19 22:11:26','预警原因23',48,2,NULL,142,NULL,'2026-06-17 22:11:26',0);
INSERT INTO `t_warning_record`(`id`,`apply_no`,`item_id`,`item_name`,`dept_id`,`dept_name`,`warning_type`,`warning_level`,`warning_time`,`warning_reason`,`remaining_time`,`handle_status`,`handle_time`,`handle_by`,`handle_remark`,`create_time`,`deleted`) VALUES(124,'BJ-2024025',127,'取水许可',102,'部门105','超时',3,'2026-06-08 22:11:26','预警原因24',35,2,'2026-06-23 22:11:26',NULL,NULL,'2026-06-20 22:11:26',0);

SET FOREIGN_KEY_CHECKS = 1;